"_id",URL,title,year,month,day,date,content
66765f9ffb88ab4b048dd580,https://mp.weixin.qq.com/s/bDAgRyiw7Q4lDYDkpDtdpA,国台办深夜下通牒，不到24小时，福建海警出手了，台当局作茧自缚,2024,06,15,2024-06-15,在两岸关系的敏感背景下，金门海域渔船事故成为了一触即发的导火索。台方的行动不仅造成了人员伤亡的悲剧，更在政治层面上引发了一系列紧张对抗，台当局此举无疑加剧了两岸的紧张关系，自身也面临着前所未有的外交压力。【国台办立场】    国台办发言人朱凤莲指责台湾方面的粗暴行为导致两名大陆渔民遇难，激起了大陆各界的强烈愤慨。朱凤莲表示，大陆对台湾同胞始终怀有善意，但绝不会容忍台方漠视大陆渔民生命和财产安全的行为。国台办强烈要求台方立即释放扣押的渔船和渔民，彻查事故真相，严肃处理相关责任人，并对遇难渔民家属及两岸同胞作出妥善解释。国台办还明确表示保留采取更多措施的权利，并指出所有后果将由台方承担。【福建海警执法】    继国台办表达立场后，福建海警在厦门金门海域加强了执法巡查力度。福建海警此次增强执法行动的目的是为了维护该海域的正常作业秩序，并保护渔民的生命及财产安全。中国海警局新闻发言人甘羽强调，此举旨在维护相关海域的正常秩序。甘羽还提到，台当局长期以来派遣海巡部门对大陆渔船执行暴力执法，这一行为触发了福建海警的执法响应。【台当局立场】台当局对事件并无悔意，反而推动了“受害者有罪论”的论调。台湾陆委会声明，台方海巡单位在执法过程中并未有不当行为，并强调在维护渔民权益过程中需要采取严正的执法措施。岛内专家对陆委会的发言表示批评，认为其没有体现出应有的人道关怀，反倒是把遇难的渔民视为罪犯。【两岸渔业争端】两岸渔业争端中，台当局常以“越界”捕捞为由扣留大陆渔船。而大陆方面则为保障两岸渔民的正常作业提供诸多支持，包括设立台湾渔民接待设施等。台方的查扣行为与大陆方面提供的渔业支援形成了鲜明对比。国台办则要求台方要尊重两岸渔民在台湾海峡传统渔区作业的历史事实，并确保大陆渔民的人身安全。    本文通过分析金门海域翻船事件及其背后的两岸紧张关系，突显了台当局对该事件处理的不当态度及大陆方面的强烈反应。事件再次凸显了两岸之间的敏感与复杂性，以及对相关海域作业秩序与渔民安全的影响。台当局的行为激化了双方的紧张关系，而大陆方面的表态也明确了对保障渔民权益的决心和采取必要措施的意图。这一事件可能对未来的两岸互动产生长远影响。    
66765f9ffb88ab4b048dd581,https://mp.weixin.qq.com/s/OgbUHwc1krHE_cQi61inwA,台当局抓扣陆船话音刚落，我海警派出5艘船只，进入金马海域巡查,2024,06,14,2024-06-14,理解了，让我们扩展一下这篇文章，确保达到至少1200字以上的要求。大陆海警频繁执法金门等海域，台湾方面表示将驱逐大陆海警船近期，大陆海警在金门等海域频繁进行执法活动，引起了台湾方面的警惕和回应。据报道，大陆海警船进入金门周边海域，进行海上执法巡逻，包括检查渔船和加强对海域的管控。这一行动引发了台湾方面的强烈反应，表示将采取措施驱逐这些大陆海警船，以维护台湾的海域主权和安全。台湾行政机构负责人卓荣泰表态加强海上执法设备和人力资源面对大陆海警频繁执法的挑战，台湾行政机构负责人卓荣泰发表了相关讲话，表达了加强海上执法设备和人力资源的决心。他指出，台湾将加大对海巡部门的支持力度，更新海上执法设备，提升海巡人员的执法能力和水平，以确保台湾海域的安全和稳定。台湾方面的意图和措施卓荣泰明确表示，驱逐大陆海警船是为了维护台湾的海域主权和安全，防止外部势力对台湾海域的侵犯和挑衅。为了实现这一目标，台湾将加强海巡部门的人力资源，提供更先进的执法设备，并鼓励海巡人员坚守岗位，保卫台湾的海域安全。卓荣泰还强调，政府将全力支持海巡部门的工作，确保他们能够有效履行执法职责。实际操作与挑战然而，面对实际操作中的挑战，台湾方面也面临一些困难和障碍。一方面，大陆海警船的吨位差距导致了实际驱逐的困难，这增加了台湾方面履行承诺的难度。另一方面，大陆海警船的执法模式也在不断扩展，包括进入所谓的“禁限制水域”，使得台湾方面需要更加谨慎和灵活地应对这一挑战。舆论宣传与实际控制权在舆论宣传方面，台湾媒体对驱逐大陆海警船的行动进行了大量报道和宣传，强调了这一举措对台湾海域安全的重要意义。然而，实际上，大陆海警船仍在执行执法任务，并未完全远离台湾海域。这导致台湾方面的声称成功驱逐的情况有些水分，实际控制权并未得到有效巩固。解放军军演和战略意义在这一背景下，大陆解放军也进行了一系列海上执法演练，展示了其执法能力和决心。福建海警在关键海域进行执法演练，向外界展示了大陆对台海实际控制权不会动摇的决心，对台湾当局构成了一定的震慑和警示。这一系列的军演也体现了大陆在海上安全领域的自信和实力。结语综合来看，大陆海警频繁执法金门等海域，台湾方面表示将驱逐大陆海警船的事件，体现了台海关系的复杂性和敏感性。双方在海域安全和主权问题上存在分歧和争议，需要通过对话和合作寻求解决方案。同时，双方都应保持冷静和理性，避免局势进一步升级，维护台海地区的和平与稳定。
66765f9ffb88ab4b048dd582,https://mp.weixin.qq.com/s/3k1C4iwSJpC86qfXfoo38Q,姜老三专业打假反诈系列之七——中亚五国油气管道工程建设骗局解密,2024,06,14,2024-06-14,    2024年3月12日，算是开年打假反诈骗第二文。话说江苏陈五哥给我发来几个文件请我帮忙参谋一下，说别人找他工程来做，我一看又又又一眼假，苦劝其赶紧报警千万别上当，怎奈陈五哥觉得都是朋友“领导”介绍，贸然报警伤和气所以就算了，但是我觉得不能就这么又算了，无奈之下只好写文章发表广而告之以正视听提醒大家不要再上当受骗啊。     多年来我一直利用业余时间打假反诈骗，包括家人在内很多人不理解——尤其是记者朋友杨**恰巧在一年前的今天苦劝我何苦招惹社会上的骗子打击报复你呢？我还是那句话，既然遇到了我就不能做缩头乌龟，挺身而出仗义行侠的勇气我还是有的，毕竟名字叫勇不是白给的，名字是父母给予的最珍贵的礼物，且受之父母，行不更名坐不改姓（我妈说一开始给我取名叫姜庆，但是身边有人说跟江青同音不好，所以现在我这名是江苏油田徐永兰阿姨帮忙起的，冥冥之中还真跟蓝萍有缘，有次出差到江苏苏州，晚饭后趁着酒劲在苏州的老巷子里漫无目的的瞎溜达，忽因三急而隐入一片黑漆八乌的民宅合院……，完事四下张望有没有人偷窥我的时候——赫然看见墙上有块没落的铭牌——原文记不清了，大意是唐纳故居，蓝萍与其结婚时曾在此居住，这才发现时空交错的缘分，回来后查询史料：唐纳和蓝萍在杭州六和塔下结婚以后，蓝萍还特地来到苏州居住过很短的时间。就在苏州胡厢使巷的老宅中，蓝萍在此见了其婆婆和姑母等亲友。根据姑母马振英回忆，唐纳与蓝萍居住在老宅中路的大厅、楼厅以及毗连的西花厅，西书房等地。蓝萍口齿伶俐，给人以亲切、热情的印象，甚至还为这位姑母倒过洗脚水，以表小辈的孝敬之意，当时的举止博得了家人的好感。下图是两人结婚时候的合影照片，蓝萍即是少女时代的江青）。打架反诈骗辨识：    按照每篇文章的惯例还是先普法，这几个法条每次写文章都复制黏贴——公章问题“中哈乌塔土吉石油天然气管网联合指挥部”“中登哈土乌塔吉然气管道控股集团公司”“中哈吉土塔乌石油天然气管道局”“中国哈吉土乌吉天然气管网集团总公司”“中吉国际银监会融资投资集团总公司”这5给公章肯定是假的伪造的，中国工商注册/企查查根本查不到这5个单位！“至于“中国重庆华登建设工程管理有限公司”工商注册能查到的只有“重庆华登建设工程管理有限公司”文件中这个公司的前缀“中国”两个字工商注册上没有，这个公司工商注册16亿元人民币（认缴），成立日期是2023年5月23日，查询了一下找到了该公司发的关于此工程的声明大家可以点击链接看一下原文，这一声明就足以说明问题，别的我就不多解释了：重庆华登建设工程管理有限公司声明函_中亚_进行_天然气 (sohu.com) https://www.sohu.com/a/758793148_121683014    根据《治安管理处罚法》第52条和《刑法》第280条的规定，私刻公章的行为可能受到不同程度的法律处罚：·情节较轻的私刻公章行为，可能会受到5日以上10日以下的拘留，并可能被处以1000元以下的罚款。1·伪造、变造或者买卖国家机关、人民团体、企业、事业单位或其他组织的公文、证件、证明文件、印章的行为，根据《刑法》第280条的规定，可被处以3年以下有期徒刑、拘役、管制或者剥夺政治权利，并处罚金。12·情节严重的私刻公章行为，可被处以3年以上10年以下有期徒刑，并处罚金。众所周知，中石油已经将其主干线长输油气管道资产划拨给了国家石油天然气管网集团有限公司，国家管网集团成立于2019年12月9日，主要从事油气干线管网及储气调峰等基础设施的投资建设和运营，负责干线管网互联互通和与社会管道联通，以及全国油气管网的运行调度，定期向社会公开剩余管输和储存能力，实现基础设施向用户公平开放。由上可知，这种几千公里的大口径长输石油天然气管道的业主方建设发包方在2019年12月9日之前确实是中石油不假，但是在此之后尤其是930后，只能会是中国国家石油天然气管网集团有限公司而不是其他，所以结论是这个骗子还活在2019年之前，完全不知道有国家石油天然气管网集团有限公司这回事，换句话说这骗子完全是个外行，所以拜托你们想骗钱能不能专业点？1、行为人构成伪造国家机关印章罪既遂的，处三年以下有期徒刑、拘役、管制或者剥夺政治权利，并处罚金;情节严重的，处三年以上十年以下有期徒刑，并处罚金。本罪是行为犯，只要行为人实施了伪造印章的行为无论是否造成实际损失，原则上就构成犯罪，应当立案追究。《刑法》第二百八十条伪造、变造、买卖或者盗窃、抢夺、毁灭国家机关的公文、证件、印章的，处三年以下有期徒刑、拘役、管制或者剥夺政治权利并处罚金;情节严重的，处三年以上十以下有期徒刑并处罚金。伪造印章的犯罪要件是客体要件。本罪所侵犯的直接客体是公司、企业、事业单位、人民团体的正常活动的声誉;同时构成对社会公共秩序的侵犯。本罪的犯罪对象是公司、企业、事业单位、人民团体的印章。所谓印章，是指公司、企业、事业单位、人民团体刻制的以文字、图记表明主体同一性的公竟、专用章，它是公司、企业、事业单位、人民团体从事民事活动、行政活动的符号和标记。作为本罪犯罪对象的印章，须是公司、企业、事业单位、人民团体的印章，侵犯国家机关的印章不构成本罪。客观要件。本罪在客观方面表现为行为人实施了伪造公司、企业、事业单位、人民团体的印章的行为，所谓印章，是指上述单位依法刻制的以文字与图记表明主体同一性的公章或专用章，是上述单位行使管理本单位事务、对外承担法律规定的权利义务和法律后果的符号和标记。一般说来，公文要在加盖印章后始能生效。所谓伪造，是指无制作权的人，冒用名义，非法制作上述单位的印章的行为。    别的假我也就不说什么了，值得一说的是骗子们已经先于解放军在“纸上”收复台湾完成“统一”大业了！请看下图：早在2023年5月29日的这张管道路线图上都写修到金门台湾了！我的妈呀，请问您知道不知道您要去修天然气管道工程的金门上有台湾驻军？您是不等解放军就先带着工程队包工头民工架着大口径输气钢管就大规模两栖登陆金门进行管道工程施工？您打算指挥包工头带着工程队的民工拿着电焊枪铁锨逼降金门守军？等我给我台湾的亲戚挂个电话劝降先！话说今年春节我山东青岛的表哥孙健带着表嫂小采青和孩子一起来北京过年，我们在圆明园买卖街陈果那喝茶的时候聊起来，演包青天那个台湾著名演员寇世勋跟我姥姥家还沾亲带故，说寇世勋还专门到山东青岛市南区北京路51号祖宅去看过我姥爷孙春元，据我妈说早年姥爷也闯关东去的哈尔滨，结果没呆住又回山东了最后在青岛落脚，生了9个孩子，当过裁缝可惜做衣服的手艺失传了5个儿子4个女儿没有一个学会做衣服的。    最后总结，任何行业都需要认真学习刻苦学习，骗子们是外行能骗到钱么？你们撒谎都编不圆还好意思出来骗钱？你们这些骗局连基本常识都没有还漏洞百出，我看的都觉得是笑话，居然异想天开到把中亚五国的天然气通过上万公里输气管道送到金门台湾？您是打算给台湾人民供气？您是不是先问问民进党当局答应不答应啊？话说中国最大的液化天然气LNG接收站码头就在中国台湾省——2023年台湾省中油永安LNG接收站年接收量超过1200万吨，比中国大陆本土第一名的中海油大鹏LNG接收站800万吨多出整整400万吨，目前中国大陆最大的LNG接收站只是中国台湾省中油永安LNG接收站的60%的体量，我国台湾省进口天然气能够做到自给自足，在此科普一下，中国各省天然气消费量最大的就是台湾省，只要台湾省能够回归，需要的天然气不用你们再自己高价进口，祖国母亲真的可以从中亚修天然气管道跨海给你们供！当然前提是寄语管碧玲先把眼下的2·14金门海域渔船事件给我解决明白喽！    书归正转，各位老铁你们想做业务挣钱发这个财的话就不能外行，你不能盲目相信所谓“领导关系”和“特殊渠道”，你得踏踏实实的走正常途径去获取项目，同时你也得自己学习一下行业常识和专业知识，这样外行骗子骗不倒你，我还是那句话，假的真不了，是骗局就有漏洞与事实不符，请大家擦亮眼睛仔细研究分析认真学习吧！    最最后我要对骗子们递个话，你们之前为了打击报复我到我单位到处煽风点火诬告我插手招投标赚钱的事情虽然我们有的同事选择性的相信了，但是我心光明，对于没有人证物证书证的匿名诬告我不解释，真有证据的话纪委就把我抓了，你们只能污蔑我的名声，可惜这对我没用，反正我父亲去世后在北京给我留了两套房，足够我花了所以我也不求升官发财，不怕你们污蔑阻止我提拔，再说一遍升官发财诱惑不了我，你们的污蔑就算奏效单位相信了不提拔我我也不会沮丧悲伤，因为这不是我的追求!最后借高尔基在《海燕》一文中的名言：让暴风雨来的更猛烈些吧！欢迎乙方骗子们更猛烈的来污蔑举报我，谢谢！    最后再寄语一下那些选择性相信这些乙方骗子们没有证据的口头诬告我的同僚：都是同事，别人在我面前说你坏话我压根就不信，不听谣不传谣我能做到！在没有任何人证物证书证的情况下你既然有选择性的相信体系外的社会人乙方骗子们（好奇的问一句既然乙方骗子们能跟你说上话那你是怎么认识乙方骗子的？你们之前就认识你们是朋友所以你才相信？还是从来不认识就相信第一次见面的陌生人？）无论哪种情况我都只能引用电视剧《亮剑》里李云龙的那句名言：“你他娘的还真是个天才”！假如我真如乙方骗子们所说的一个小小的不管物资采购的无权无势小科员就能跨部门指挥好几个单位一大堆处长副处长科长都听我的“插手操纵”几千万上亿元的央企公开招投标，那我也真他娘的是个天才！
66765f9ffb88ab4b048dd583,https://mp.weixin.qq.com/s/8tEskLQJEEIgZ9yVV0kv0w,“大陆男子开快艇抵达台湾本岛”可以透露出哪些问题？,2024,06,13,2024-06-13,时政丨热点丨军事丨为农这里，是龙牙正在爬的一座山。据《联合早报》报道，台“海洋委员会主任委员”管碧玲表示，陆籍男子声称要“投奔自由”不足为信，初步调查，他曾在解放军海军担任过艇长。这个管某人的话一向信口雌黄、颠三倒四，上一次厦门渔民事件中大家都已经领教过了，个人认为可信度不高，可能是为了甩锅挽尊编的瞎话。另，台湾非法武装伪“国防部长”顾立雄表示不排除近日无人机闯入金门及这次快艇闯淡水河口事件，是大陆利用灰色地带测试台湾底线的作法，必须维持警觉。但他不认为快艇事件构成台军第一击要件。    总之，目前台非法武装及政权的调查处理结果如下：沙仑雷达操作员于淡水外海6浬即锁定该目标，将其误判为一般返港作业的台籍渔船，虽有通报淡水安全检查所人员，但未及时调派巡防艇前往拦截登检；八里安检所辨识该船为非台籍渔船后，也没在第一时间通报查缉，相关人员确有疏失，已依规定追究海巡署北部分署署长廖德圣，以及雷达操作员等10人的疏失责任，分别惩以申诫或记过。这个明显是在甩锅，强行找“责任人”顶包。雷达操作员误判很正常，渔船不一定安装应答机/敌我识别装置，他没有理由认为那就是“敌船”，通报完了他的责任就结束了，每一艘“疑似”船只都派人去检查吗？不可能嘛。八里安检所的责任更大一些，明明已经目视判定为非台籍船只，却迟迟没有派船去登临检查，确实该被追究责任。但是为什么不派船去呢？最大的可能是检查力量不足、船只不够。整个过程梳理下来：1、台当局对该男子前往台湾的目的并不清楚，所谓“投奔自由”的说法，他们自己都不信；2、该男子身份并不清楚，“海军艇长”说法明显存在问题，我海军艇长起码是正营职军官，军队自2000年开始实行“自主择业”政策，投敌、叛变、判刑（5年以上）自动失去资格。该男子是傻的么？该阮姓男子现年60岁左右，应该是生于1965年前后，如果真的是海军，18岁参军入伍、服役20年提升正营/副团起算，应该是2003年退役，符合自主择业条件，并于去年2023年转为退休待遇。这时候叛逃投敌，是嫌退休生活不够安逸？一个月退休工资两万多，啥都不愁，儿孙满堂的时候叛逃了？  3、对于淡水河口重大安全隐患的排查并不充分，或者不便于明说。   经查询实时传播位置，淡水河口航运相当繁忙，河道内部航道高达9条以上，河道宽度仅为1千米左右，船只密集度非常大。在没有安装自动应答机/敌我识别装置的情况下，想要通过雷达判别是不是自己的船、是什么船，无异于痴人说梦。据台“海巡署”副署长谢庆钦下午记者会通报并公布这艘快艇雷达航迹图，称该船9日上午9时44分，驶近淡水河口6海里处，就被沙仑雷达侦测到这艘快艇光点。但当时雷达上有57艘渔船光点，有关人员误以为台籍返航渔船；直至上午10时20分，八里守望哨通报称用目视望远镜看到，确定不是台籍渔船。实际上该船是在进入淡水河后并于淡水渡船码头与交通船发生擦撞，交通船业者随即拨电向海巡署通报。海巡署派员抵达现场，逮捕该名大陆籍男子并押返淡水渔港安检所，之后移送士林地检署侦办。可见目前台“官方”所有人的话都是在胡说八道，真实情况应该是如下：1、某脑壳比较轴的老年愤青，利用“子母船”的方式，由大船拖航小型船舶抵达台湾外海；2、启动子船的舷外挂机，混在渔船中抵近淡水河口；3、淡水河台“驻军”、“海巡署”等军方和民间组织均未能识别这艘不明船舶；4、这艘小型船舶就这么大摇大摆的、堂而皇之的进了淡水河谷，在靠岸的时候不小心撞到了淡水河内一艘交通船；5、交通船业主报警，大陆小型船舶被识破。   根据台岛内部闹出来的动静来看，目前台当局高层应该是十分震怒的，否则下面这些“海巡署”、“海委会”、“国防部”的人不会跟热锅上的蚂蚁似的，事情才发生不到24小时就拿出所谓的“处理意见”来，根本都来不及调查充分就颠三倒四发布驴头不对马嘴的信息。红点处为台伪“总统府”，蓝色线条为淡水河航道，其实只要进入了台北市区就已经很难很难定位抓捕渗透人员了，只需要通过淡水河口之后在市区选择位置登陆即可。   当然，区区一艘小艇承载的几个特种兵、特工，远不足以完成斩首任务，指望几个人就敲掉赖清德的脑袋是不现实的，他们的主要任务还是潜伏定位台非法政权领导人的确切位置、车辆行踪等关键信息；或者提供目标指引，发射激光标记其确切位置；或者潜伏在其预设逃跑线路上，为精确打击提供地面支持。到现在才“震怒”恐怕已经晚了。就目前暴露出来的淡水河布防漏洞，可以想见其实相关渗透人员早就已经就位很久很久了，一个60岁老头大摇大摆就这么都能进去，渗透人员进不去？开玩笑嫩您呐？点击查看推荐文章：感谢您的阅读，更多精彩文章请点击名片后台回复关键词，如“精彩推荐”、“中美关系”、“军事”、“毛泽东”等。
66765f9ffb88ab4b048dd584,https://mp.weixin.qq.com/s/UehF-Kgwc84FuV-GgYeqMQ,姜老三专业打假反诈系列之七——中亚五国油气管道工程建设骗局解密,2024,06,13,2024-06-13,    2024年3月12日，算是开年打假反诈骗第二文。话说江苏陈五哥给我发来几个文件请我帮忙参谋一下，说别人找他工程来做，我一看又又又一眼假，苦劝其赶紧报警千万别上当，怎奈陈五哥觉得都是朋友“领导”介绍，贸然报警伤和气所以就算了，但是我觉得不能就这么又算了，无奈之下只好写文章发表广而告之以正视听提醒大家不要再上当受骗啊。     多年来我一直利用业余时间打假反诈骗，包括家人在内很多人不理解——尤其是记者朋友杨**恰巧在一年前的今天苦劝我何苦招惹社会上的骗子打击报复你呢？我还是那句话，既然遇到了我就不能做缩头乌龟，挺身而出仗义行侠的勇气我还是有的，毕竟名字叫勇不是白给的，名字是父母给予的最珍贵的礼物，且受之父母，行不更名坐不改姓（我妈说一开始给我取名叫姜庆，但是身边有人说跟江青同音不好，所以现在我这名是江苏油田徐永兰阿姨帮忙起的，冥冥之中还真跟蓝萍有缘，有次出差到江苏苏州，晚饭后趁着酒劲在苏州的老巷子里漫无目的的瞎溜达，忽因三急而隐入一片黑漆八乌的民宅合院……，完事四下张望有没有人偷窥我的时候——赫然看见墙上有块没落的铭牌——原文记不清了，大意是唐纳故居，蓝萍与其结婚时曾在此居住，这才发现时空交错的缘分，回来后查询史料：唐纳和蓝萍在杭州六和塔下结婚以后，蓝萍还特地来到苏州居住过很短的时间。就在苏州胡厢使巷的老宅中，蓝萍在此见了其婆婆和姑母等亲友。根据姑母马振英回忆，唐纳与蓝萍居住在老宅中路的大厅、楼厅以及毗连的西花厅，西书房等地。蓝萍口齿伶俐，给人以亲切、热情的印象，甚至还为这位姑母倒过洗脚水，以表小辈的孝敬之意，当时的举止博得了家人的好感。下图是两人结婚时候的合影照片，蓝萍即是少女时代的江青）。打架反诈骗辨识：    按照每篇文章的惯例还是先普法，这几个法条每次写文章都复制黏贴——公章问题“中哈乌塔土吉石油天然气管网联合指挥部”“中登哈土乌塔吉然气管道控股集团公司”“中哈吉土塔乌石油天然气管道局”“中国哈吉土乌吉天然气管网集团总公司”“中吉国际银监会融资投资集团总公司”这5给公章肯定是假的伪造的，中国工商注册/企查查根本查不到这5个单位！“至于“中国重庆华登建设工程管理有限公司”工商注册能查到的只有“重庆华登建设工程管理有限公司”文件中这个公司的前缀“中国”两个字工商注册上没有，这个公司工商注册16亿元人民币（认缴），成立日期是2023年5月23日，查询了一下找到了该公司发的关于此工程的声明大家可以点击链接看一下原文，这一声明就足以说明问题，别的我就不多解释了：重庆华登建设工程管理有限公司声明函_中亚_进行_天然气 (sohu.com) https://www.sohu.com/a/758793148_121683014    根据《治安管理处罚法》第52条和《刑法》第280条的规定，私刻公章的行为可能受到不同程度的法律处罚：·情节较轻的私刻公章行为，可能会受到5日以上10日以下的拘留，并可能被处以1000元以下的罚款。1·伪造、变造或者买卖国家机关、人民团体、企业、事业单位或其他组织的公文、证件、证明文件、印章的行为，根据《刑法》第280条的规定，可被处以3年以下有期徒刑、拘役、管制或者剥夺政治权利，并处罚金。12·情节严重的私刻公章行为，可被处以3年以上10年以下有期徒刑，并处罚金。众所周知，中石油已经将其主干线长输油气管道资产划拨给了国家石油天然气管网集团有限公司，国家管网集团成立于2019年12月9日，主要从事油气干线管网及储气调峰等基础设施的投资建设和运营，负责干线管网互联互通和与社会管道联通，以及全国油气管网的运行调度，定期向社会公开剩余管输和储存能力，实现基础设施向用户公平开放。由上可知，这种几千公里的大口径长输石油天然气管道的业主方建设发包方在2019年12月9日之前确实是中石油不假，但是在此之后尤其是930后，只能会是中国国家石油天然气管网集团有限公司而不是其他，所以结论是这个骗子还活在2019年之前，完全不知道有国家石油天然气管网集团有限公司这回事，换句话说这骗子完全是个外行，所以拜托你们想骗钱能不能专业点？1、行为人构成伪造国家机关印章罪既遂的，处三年以下有期徒刑、拘役、管制或者剥夺政治权利，并处罚金;情节严重的，处三年以上十年以下有期徒刑，并处罚金。本罪是行为犯，只要行为人实施了伪造印章的行为无论是否造成实际损失，原则上就构成犯罪，应当立案追究。《刑法》第二百八十条伪造、变造、买卖或者盗窃、抢夺、毁灭国家机关的公文、证件、印章的，处三年以下有期徒刑、拘役、管制或者剥夺政治权利并处罚金;情节严重的，处三年以上十以下有期徒刑并处罚金。伪造印章的犯罪要件是客体要件。本罪所侵犯的直接客体是公司、企业、事业单位、人民团体的正常活动的声誉;同时构成对社会公共秩序的侵犯。本罪的犯罪对象是公司、企业、事业单位、人民团体的印章。所谓印章，是指公司、企业、事业单位、人民团体刻制的以文字、图记表明主体同一性的公竟、专用章，它是公司、企业、事业单位、人民团体从事民事活动、行政活动的符号和标记。作为本罪犯罪对象的印章，须是公司、企业、事业单位、人民团体的印章，侵犯国家机关的印章不构成本罪。客观要件。本罪在客观方面表现为行为人实施了伪造公司、企业、事业单位、人民团体的印章的行为，所谓印章，是指上述单位依法刻制的以文字与图记表明主体同一性的公章或专用章，是上述单位行使管理本单位事务、对外承担法律规定的权利义务和法律后果的符号和标记。一般说来，公文要在加盖印章后始能生效。所谓伪造，是指无制作权的人，冒用名义，非法制作上述单位的印章的行为。    别的假我也就不说什么了，值得一说的是骗子们已经先于解放军在“纸上”收复台湾完成“统一”大业了！请看下图：早在2023年5月29日的这张管道路线图上都写修到金门台湾了！我的妈呀，请问您知道不知道您要去修天然气管道工程的金门上有台湾驻军？您是不等解放军就先带着工程队包工头民工架着大口径输气钢管就大规模两栖登陆金门进行管道工程施工？您打算指挥包工头带着工程队的民工拿着电焊枪铁锨逼降金门守军？等我给我台湾的亲戚挂个电话劝降先！话说今年春节我山东青岛的表哥孙健带着表嫂小采青和孩子一起来北京过年，我们在圆明园买卖街陈果那喝茶的时候聊起来，演包青天那个台湾著名演员寇世勋跟我姥姥家还沾亲带故，说寇世勋还专门到山东青岛市南区北京路51号祖宅去看过我姥爷孙春元，据我妈说早年姥爷也闯关东去的哈尔滨，结果没呆住又回山东了最后在青岛落脚，生了9个孩子，当过裁缝可惜做衣服的手艺失传了5个儿子4个女儿没有一个学会做衣服的。    最后总结，任何行业都需要认真学习刻苦学习，骗子们是外行能骗到钱么？你们撒谎都编不圆还好意思出来骗钱？你们这些骗局连基本常识都没有还漏洞百出，我看的都觉得是笑话，居然异想天开到把中亚五国的天然气通过上万公里输气管道送到金门台湾？您是打算给台湾人民供气？您是不是先问问民进党当局答应不答应啊？话说中国最大的液化天然气LNG接收站码头就在中国台湾省——2023年台湾省中油永安LNG接收站年接收量超过1200万吨，比中国大陆本土第一名的中海油大鹏LNG接收站800万吨多出整整400万吨，目前中国大陆最大的LNG接收站只是中国台湾省中油永安LNG接收站的60%的体量，我国台湾省进口天然气能够做到自给自足，在此科普一下，中国各省天然气消费量最大的就是台湾省，只要台湾省能够回归，需要的天然气不用你们再自己高价进口，祖国母亲真的可以从中亚修天然气管道跨海给你们供！当然前提是寄语管碧玲先把眼下的2·14金门海域渔船事件给我解决明白喽！    书归正转，各位老铁你们想做业务挣钱发这个财的话就不能外行，你不能盲目相信所谓“领导关系”和“特殊渠道”，你得踏踏实实的走正常途径去获取项目，同时你也得自己学习一下行业常识和专业知识，这样外行骗子骗不倒你，我还是那句话，假的真不了，是骗局就有漏洞与事实不符，请大家擦亮眼睛仔细研究分析认真学习吧！    最最后我要对骗子们递个话，你们之前为了打击报复我到我单位到处煽风点火诬告我插手招投标赚钱的事情虽然我们有的同事选择性的相信了，但是我心光明，对于没有人证物证书证的匿名诬告我不解释，真有证据的话纪委就把我抓了，你们只能污蔑我的名声，可惜这对我没用，反正我父亲去世后在北京给我留了两套房，足够我花了所以我也不求升官发财，不怕你们污蔑阻止我提拔，再说一遍升官发财诱惑不了我，你们的污蔑就算奏效单位相信了不提拔我我也不会沮丧悲伤，因为这不是我的追求!最后借高尔基在《海燕》一文中的名言：让暴风雨来的更猛烈些吧！欢迎乙方骗子们更猛烈的来污蔑举报我，谢谢！    最后再寄语一下那些选择性相信这些乙方骗子们没有证据的口头诬告我的同僚：都是同事，别人在我面前说你坏话我压根就不信，不听谣不传谣我能做到！在没有任何人证物证书证的情况下你既然有选择性的相信体系外的社会人乙方骗子们（好奇的问一句既然乙方骗子们能跟你说上话那你是怎么认识乙方骗子的？你们之前就认识你们是朋友所以你才相信？还是从来不认识就相信第一次见面的陌生人？）无论哪种情况我都只能引用电视剧《亮剑》里李云龙的那句名言：“你他娘的还真是个天才”！假如我真如乙方骗子们所说的一个小小的不管物资采购的无权无势小科员就能跨部门指挥好几个单位一大堆处长副处长科长都听我的“插手操纵”几千万上亿元的央企公开招投标，那我也真他娘的是个天才！
66765f9ffb88ab4b048dd585,https://mp.weixin.qq.com/s/qbbSPzayMBGj8xfBFtd1Kw,一个老人，一条小船，杀到台北,2024,06,12,2024-06-12,"2024年6月12日，国务院台湾事务办公室举行例行新闻发布会，国台办发言人陈斌华主持本次新闻发布会。台湾TVBS记者：日前有大陆男子驾驶小艇进入淡水河口。“海委会主委”管碧玲称该男子曾经担任海军舰艇艇长。请问国台办对此有何评论？该男子此后返回大陆，是否会有相关单位向其了解情况？陈斌华：这纯属他的个人行为。民进党当局没有必要草木皆兵，煞有介事进行政治操弄。该名男子回到大陆后，我们会依照相关规定对其进行处罚。看到这里，我想起上午看到的一长段文字：这则消息发生了几天，终于到昨天有比较清楚的细节。这位阮姓的自称是退伍前解放军舰艇长官，是为什么要开船来台湾，我不想讨论，等未来更多细节再说。值得说的是，这艘9米的小快艇，不是由所谓的子母船载到台湾附近才放下水的。台湾官方昨天的说法是，这艘小船或是从福建宁德出海的，一个人驾驶朝东南驾驶了25小时，一直到新北市的淡水、万里外海。而台湾海巡署的雷达在9日早上9.44分距离6海浬发现/锁定这船，但误判是台湾渔船，在三浬处又因海上有30艘船而无法辨识，不过提醒了附近几个守望哨用望远镜观察，结果是，这条小艇都驶入了淡水河内，而且到了淡水渔人码头，八里守望哨才发现不是台湾渔船是大陆的船，但也没有立即做出处置，等同最后一关也没有守住。整个事件相当的离谱，当然，绿色媒体的阴谋论又出来洗版，但完全不可否认的是，台湾海巡的（就是金门渔船事件那个单位）各种执行问题绝对很大。即使昨天就对负责的几层海巡官员做出处分，海巡主委管女士则没有要辞职负责。大家都知道的""斩首行动""，一般的兵推就是守住淡水河口，因为从淡水河到总统府，不要一小时。然而，一艘小快艇一个人25小时，直接开入淡水码头，就实在匪夷所思了。以上这段文字一位IP在中国台湾的人发的，内容太过匪夷所思，我不敢相信是真的。——全文完——郑重声明：图片选自网络，如有侵权请联系删除；如需转载，敬请私信联系。"
66765f9ffb88ab4b048dd586,https://mp.weixin.qq.com/s/E2cuAMoICo-5BcEzwB0g7Q,古木船景观帆船古船复原制造发展历史,2024,06,12,2024-06-12,中国有许多著名的古船，以下是一些具有重要历史意义和文化价值的例子：1. 福船：福船是中国古代的一种尖底海船，以福建为主要产地。它具有吃水深、稳定性好、载货量大等特点，适合远洋航行。福船在历史上曾被广泛用于海上贸易和军事活动，如郑和下西洋的船队中就有大量的福船。江南木船2. 广船：广船是广东地区的一种传统木帆船，具有结构坚固、适航性强等特点。广船在中国古代的海上贸易中发挥了重要作用，也是中国古代水师的重要装备之一江南木船3. 沙船：沙船是中国古代的一种平底海船，主要分布在北方沿海地区。它的特点是吃水浅、载重量大，适合在近海和江河中航行。沙船在中国古代的漕运和海上贸易中都有广泛应用。江南木船4. 鸟船：鸟船也叫“浙船”，是中国古代浙江沿海一带的一种著名船型。它的船头形似鸟嘴，因此得名。鸟船具有速度快、灵活性好等特点，常用于海上贸易和渔业活动。江南木船5. 郑和宝船：郑和宝船是郑和下西洋时所使用的大型船只，是福船的一种。郑和宝船规模宏大，装备精良，展示了中国古代高超的造船技术和航海能力。江南木船6. 蓬莱古船：蓬莱古船是在山东蓬莱水城出土的一系列古代战船，包括元代和明代的船只。这些古船反映了中国古代战船的发展历程和技术水平，对于研究中国古代海军和海上丝绸之路具有重要意义。江南木船7. “南海一号”：“南海一号”是一艘南宋时期的沉船，于1987年在广东阳江海域被发现。这艘沉船是中国目前发现的年代最早、船体最大、保存最完整的远洋贸易商船，对于研究中国古代海上贸易和造船技术具有重要价值。江南木船这些古船只是中国众多著名古船中的一部分，它们代表了中国古代造船技术的辉煌成就，也是中国海洋文化的重要遗产。通过对这些古船的研究和保护，可以更好地了解中国古代的航海历史和文化。江南木船古船具有多方面重要的历史意义：1. 航海探索的见证：它们见证了人类探索海洋、拓展贸易路线、发现新大陆等伟大历程，是人类勇于冒险和开拓精神的体现。江南木船2. 经济交流的载体：在古代贸易中发挥了关键作用，促进了不同地区之间物资、文化的交流与融合，推动了经济的发展和繁荣。江南木船3. 科技发展的标志：反映了当时的造船技术、航海技术的水平，是科技进步的实物例证，展现了人类在工程和工艺方面的智慧结晶。江南木船4. 文化传承的符号：承载着特定时代和地域的文化特征，包括审美、习俗等，对于研究和传承历史文化有着不可替代的价值。5. 民族精神的象征：体现了一个民族在特定历史时期的奋斗与创造，是民族自豪感和认同感的重要来源。江南木船古木船制作技艺及材料因地域和船型的不同而有所差异，以下是一些常见的制作技艺和材料：1. 制作技艺：• 设计与放样：根据船型和用途，设计船体结构和形状，并制作放样图。江南木船• 选材与加工：选择适合的木材，如杉木、松木、橡木等，并进行加工和处理，如锯断、刨平、拼接等。• 船体组装：将加工好的木材按照放样图进行组装，使用榫卯、钉子、螺栓等连接方式。江南木船• 捻缝与密封：对船体的缝隙进行捻缝处理，使用麻丝、桐油、石灰等材料，以确保船体的水密性。江南木船• 涂装与保护：对船体进行涂装，如油漆、桐油等，以保护木材并增加美观。2. 材料：• 木材：是古木船制作的主要材料，要求材质坚韧、耐腐蚀、不易变形。常用的木材有杉木、松木、橡木、柚木等。• 麻丝：用于捻缝，增加船体的密封性。• 桐油：具有防水、防腐的作用，常用于涂装和捻缝。• 石灰：与桐油混合制成油灰，用于捻缝和密封。• 铁钉：用于连接木材。• 绳索：用于固定和操纵船帆。江南木船江南木船江南木船需要注意的是，古木船制作是一项复杂的技艺，需要经验丰富的工匠进行操作。同时，随着现代科技的发展，一些新型材料和技术也被应用于木船制作中，以提高船体的性能和耐久性。如果你对古木船制作感兴趣，可以进一步研究相关的资料 或向专业人士请教。古船有以下一些主要应用：1. 历史研究：作为珍贵的历史实物，帮助学者研究古代航海技术、造船工艺、贸易往来、社会文化等方面的发展历程。江南木船2. 文化展示：在博物馆、展览馆等场所展示，向人们直观地呈现古代航海文明，传播文化知识。江南木船3. 旅游观光：一些修复或仿制的古船可用于旅游景区，供游客参观体验，增加旅游的特色和吸引力。江南木江南木船4. 影视拍摄：为影视剧中展现古代航海场景提供真实的道具。江南木船江南木船江南木船5. 教育科普：作为生动的教育素材，用于学校教育和科普活动，让学生了解古代航海相关知识。江南木船6. 文化传承：是古代技艺和智慧的承载，有助于传承和弘扬传统造船文化。江南木船郑和宝船是郑和船队中最大的海船，是郑和率领的海上特混舰队的旗舰。• 名称来历：郑和宝船是郑和船队中最大的海船，是郑和船队中的主体，也是郑和率领的海上特混舰队的旗舰，它在郑和船队中的地位相当于现代海军中的旗舰、主力舰。郑和宝船供郑和船队的指挥人员、使团人员及外国使节乘坐。同时，用 它来装运宝物，有明朝皇帝赏赐给西洋各国的礼品、物品，也有西洋各国进贡明朝皇帝的贡品、珍品，还有郑和船队在海外通过贸易交换得来的物品。为此，称为“宝船”，意为“运宝之船”。江南木船江南木船• 历史沿革：郑和宝船是在明朝永乐三年（1405年）至宣德八年（1433年）间建造的，由龙江宝船厂负责建造。郑和七次下西洋所用的船只，很多都是在当年的龙江宝船厂建造的。• 船只规模：据史料记载，郑和宝船的长度为44丈，宽度为18丈。按照明尺计算，郑和宝船大约长140米、宽约60米，是当时世界上最大的木帆船。• 船的结构：郑和宝船采用的是底尖上阔、首昂艉高的船形，并内设有多道横舱壁；采用纵帆型布局、硬帆式结构；使用了硬帆结构，帆篷面带有撑条，在两舷和艉部，设有长橹；船用装置为开孔舵与巨锚。江南木船• 复原情况：2005年10月，南京鼓楼区政府和马来西亚金龙电子集团启动“郑和宝船复建工程”。2007年1月，首块龙骨木料开锯，宝船最重要的“龙骨”部分已开始打造，复建工程正式开工。2012年7月，“仿古郑和宝船船体落成仪式”举行 ，船体主体框架基本完成。但之后宝船复建工程停工至今。江南木船江南木船江南木船古木船在中国航运史上占有重要地位，曾随郑和下西洋远航。如今，古木船已成为一种文化遗产，反映了中国古代的航海技术和文化。在一些地方，还可以看到仿古木船的制作和展示。如果你对古木船感兴趣，可以前往相关的博物馆、文化遗 址或旅游景点，进一步了解它们的历史和文化价值。
66765f9ffb88ab4b048dd587,https://mp.weixin.qq.com/s/d1NufvqxA7F2_50cToTwGQ,赖清德当局为何如此豪横？ 誓师“威力扫荡”，疯狂向大陆叫板,2024,06,12,2024-06-12,赖清德在就职讲话中，公然宣称两岸“互不隶属”，大肆渲染大陆“军事威胁”，意图继续“倚外谋独”、“以武谋独”。“台独”是历史逆流，更是绝路，但赖清德却在讲话中大放厥词，疯狂挑战“一中原则”底线，其政治立场比蔡英文更加激进。外界普遍认为，赖清德就职后，两岸关系没有最凶险，只有更凶险。需要强调的是，台湾是中国的台湾，两岸同胞都是中国人，但民进党当局非但拒不承认体现“一中原则”的九二共识，反而勾连外部干涉势力谋“独”挑衅。按照常理，大陆早就应该对其执行“家法”，但基于两岸是血浓于水的骨头同胞，始终不愿看到两岸同室操戈，手足相残，更不愿意看到岛内战火纷飞，生灵涂炭，而是希望通过单方面的让利感化他们，推进和平统一进程。从客观效果来看，坚持和平统一与惠台政策，为稳定台海局势，以及国家的经济发展争取到了40多年的战略机遇期。但现在岛内政治生态已经发生了根本性变化，和平统一的可能性越来越小。一方面是因为民进党当局坚持顽固的“台独”立场，而国民党与民众党的“拒统”思维是根深蒂固的。国民党高层更是坦言，他们不是“亲中”政党，也不是支持统一的政党。事实证明，继续大幅对台单方面让利，已经不合时宜。中国有句古训说得好，惯子如杀人，继续对台让利，不仅无法感化他们，反而会令他们恃宠而骄。人性是亘古不变的，生米恩，斗米仇。以往我们对待岛内的那些“逆子”，总是习惯于把大棒高高举起，但又轻轻放下，不仅没有对岛内一些人起到威慑作用，反而令其产生一种侥幸心理，认为大陆考虑两岸关系大局不会动真格的，甚至还养成“会哭的孩子有奶吃”的坏习惯。于是为了获得更多的惠台政策，他们不仅不反对“台独”，反而持默许和默认的态度。大陆为了顾及台湾同胞的感受，有些话不好说的太重太硬，但民进党当局却不计后果，刻意误导舆论，鼓动和利用民粹。据台媒消息称，赖清德当局组织“海巡署”誓师“威力扫荡”大会，目的是强化在台海所谓的“管辖权权”。他们还疯狂向大陆叫板称，“遇到不法行为”，台“海巡署”该抓就抓，该扣就扣，该罚就罚，该驱逐就驱逐。大家还记得，今年大年初五，台“海巡署”舰船在金门附近海域粗暴撞击大陆渔船，并造成2死2伤的悲剧。时至今日，他们始终拒不认错改错，并扣押两名大陆遇难者的遗体。人们不禁要问的是，赖清德当局为何如此豪横？从内因来看，民进党当局上台后，为了迎合部分岛内民粹主义者，刻意制造两岸对立，以此巩固其执政地位。同时，他们非但拒不承认体现“一中原则”的九二共识，反而勾连外部干涉势力谋“独”挑衅，这种行为无疑加剧了两岸关系的紧张程度。从外因来看，美国等外部势力对台湾问题的干涉，也是导致赖清德当局豪横的重要因素。美国为了遏制中国的崛起，不断加强与台湾的政治和军事联系，试图通过台湾问题来牵制中国大陆。这种外部势力的干涉和支持无疑给了赖清德当局更多的底气和勇气。然而，台湾问题是中国内政问题，任何外部势力都无权干涉。数十年来，我们坚持通过和平方式解决台湾问题，不断推进两岸关系的和平发展与融合发展。但是，在民进党当局的刻意误导、外部干涉势力的鼓噪怂恿下，使得部分被蛊惑的岛内民众认为两岸“分治”的局面可以无限期维持下去，还有人认为“台独”会有侥幸成功的那一天。因此，即便台海局势已经如此兵凶战危，可岛内民众却还乐呵呵地把票投给“务实台独工作者”赖清德。但“台独”就意味着战争，分裂没有和平。对于我们来说，强硬一点，民进党当局就污蔑说是“打压台胞”；温和一点，他就说是“纸老虎”，只是“虚张声势”。赖清德当局更是自认为有美国撑腰，大陆不敢拿他们怎么样。因此，和平解决台湾问题的关键在于，打破民进党当局编织的“信息茧房”，打破其“倚美谋独”、“以武谋独”的侥幸心理。其实，赖清德当局搞所谓的“威力扫荡”就给了我们一个行使对台“管辖权”机会。如果其实施所谓的“扫荡”，我们完全可以扣押他们的“海巡船”，让其认清两岸实力对比。有道是，三句好话，不如一嘴巴，这句话放在赖当局身上再合适不过了。
66765f9ffb88ab4b048dd588,https://mp.weixin.qq.com/s/SCdn2nQ0kp8lD0WeaiENNg,唐桦副教授：民进党包下的不是粽子 是仇恨的种子,2024,06,11,2024-06-11,据台湾媒体报道，近日台湾行政机构负责人声称，遇到大陆渔船所谓不法行径，“该驱逐的就驱逐”。另一方面，民进党当局加紧打造新式海巡舰艇，驱逐大陆渔船，民进党当局底气何在？“以武拒统”、动作频频，是否加剧了台海局势的动荡不安？就这样的话题，厦门大学台湾研究院两岸关系研究所所长唐桦应邀参加央视《海峡两岸》节目录制，与来自两岸的学者嘉宾一同进行解析。节目主持人：春节期间“2·14”恶性撞船事件到现在还没有处理和善后，又对外宣称说在端午期间进行所谓的“威力扫荡”，民进党当局这是不想好好过节吗？有的评论认为说这就是体现了民进党当局极其蛮横的态度，我们应该如何来看待，唐所长？唐桦副教授：端午节是中华民族的传统节日，我们看大陆这边都是结合服务台胞，开展“两岸一家亲”的节日活动。而民进党当局这次包的不是粽子，而是包下了仇恨的种子。他们完全不顾两岸传统节日氛围，选择在端午节期间开展所谓的“威力扫荡”行动，这是赤裸裸的挑衅。民进党当局一系列蛮横的态度背后，核心还是“台独”思维在作祟，导致自己进退失据，具体表现在以下两个方面。一方面是民进党当局把大陆当敌对的一方，对大陆充满恶意，没有同胞情谊的人道关怀和善意。我们说，之前台海巡部门只是对大陆渔民船只驱离、扣留和处罚，但这次却拼命地暴力面对，大做文章，导致发生在春节期间的恶性撞船事件至今迟迟未得到解决，其症结就是民进党当局相关部门出尔反尔，推卸责任，给善后协商设置了障碍。那么很显然，粗暴和拖延都是有政治目的的。金门和厦门之间距离这么近，两岸渔民常年抬头不见低头见，以前在海上都是互帮互助的。只有当民进党当局需要渲染“大陆是敌人”的时候，事情才会变得如此恶劣。我们说，两岸议题被他们操作到扭曲人性，这种行为无疑是极其不负责任的，也严重损害了两岸同胞的情谊和利益。恶性撞船事件一直拖而不决，更是暴露了民进党当局的本质就是要利用议题，激化矛盾。因为只有没有得到解决的矛盾，才可以成为他们持续操纵的议题。民进党当局不仅无视大陆渔民的合法权益，更企图通过更多的挑衅来破坏两岸关系的和平和稳定。这种不思悔改的傲慢无疑是极其荒谬，也是需要为此付出代价的。民进党当局试图逃避责任是不会成功的，他们需要正视问题，采取正确的态度。 节目主持人：台湾当局的副领导人萧美琴对外扬言说到2027年要打造上百艘海巡舰艇，她能做到吗？我们知道在金门台湾的海巡部门又要加大部署海巡艇的数量，那么是针对大陆吗？唐桦副教授：民进党当局打的幌子是要维护渔民的权益，这完全是个假议题。那我们怎么来区分民进党的真实企图和假议题之间的区别呢？我们只要看民进党当局在同样处理渔民权益问题上，是不是用过差别对待的手段。他们对大陆渔民痛下狠手，对日本、菲律宾就唯唯诺诺、态度很怂，这种对内蛮横，对外软弱的方式让事情的真相变得一目了然。我们说，台海巡部门虽然不执行军事任务，但实际上是一个半军事性的机构，虽然它的主要业务范围不少，但近年来它的业务重点几乎都放在了与大陆渔民制造摩擦上。2023年5月2日，台湾地区立法机构通过了所谓修正的“海岸巡防机关器械使用条例”，授权台海巡部门急迫时可以向大陆船只开枪开炮，让两岸的紧张局势再次加码，为此后粗暴对待大陆渔民埋下了伏笔。那么，现在台湾当局增加舰艇部署在金门，显然就是看中了海巡部门这种半军事、半行政的性质。民进党当局在这里找到了一个可以纵容作恶的“灰色地带”，来增加与大陆的冲突和对抗。而且在这类问题上，大陆因为总是考虑到两岸人民的情谊和利益，就很容易被民进党拖进冲突的泥淖里。台海巡部门对大陆渔船这么凶狠，行政部门负责人卓荣泰近期又口出狂言说“该抓的就抓，该扣的就扣，该罚的就罚，该驱逐的就驱逐”。但其对于日本和菲律宾驱赶射击台湾渔船时却是恭顺有加，即使当年发生命案也都冷了下来，只是呼吁自己的渔民小心谨慎。所以说，台湾当局将PP-3520艇部署在金门，根本不是所谓的维护渔民权益，而是妄图通过与大陆渔民制造摩擦，挑起仇视、挑动对立，以达到巩固深绿基本盘的意图。其所维护的根本不是台湾民众的利益，而是“台独”分子的“台独”野心。 节目主持人：面对民进党当局恶意挑衅，岛内民众是怎么看的？对两岸关系和两岸局势来说，是不是会产生巨大的破坏作用，唐所长？唐桦副教授：岛内有46.4%的人不满意民进党当局针对“2·14”恶性撞船事件的处理方式和态度。很多台湾民众对这个事件表示同情，认为民进党当局的做法人神共愤。人命关天的时候还一心只想政治操作，不断操弄民粹、煽动“抗中情绪”，这种恶劣行径对于岛内民众来说不仅无效，而且会增加他们的反感。民进党当局的挑衅对两岸局势的影响是相当恶劣的，表现为以下四个方面。第一，这种恶意挑衅破坏了两岸之间的互信基础，使得双方的沟通和协商更加困难，加剧了两岸的对立和冲突，使得两岸关系日趋紧张。第二，这种恶意容易把大陆人民的善意消耗殆尽。大陆对台湾一直在释放善意，对台湾民众一直在增加福祉，却一再遭遇民进党当局的恶意歪曲。长此以往，善意早晚会被消耗殆尽，伤害了两岸同胞的感情。第三，给台湾民众带来了极大的不确定性和风险，不仅威胁到台湾社会的稳定，阻碍了台湾的经济和社会发展，也损害了台湾的长远利益。第四，恶意挑衅为两岸关系的改善施加更多的障碍。很明显，民进党当局是台海和平稳定和台湾民众利益的破坏者。文稿整理自央视《海峡两岸》节目略有删减调整编辑：谭馨复核：杨延钧责编：杨昆福编审：唐桦
66765f9ffb88ab4b048dd589,https://mp.weixin.qq.com/s/8vimTLymttBwqxzDYpP_5A,拒收慰问金，渔民家属离金，大陆挖泥船现身金门海域，邱国正表态,2024,06,11,2024-06-11,事件背景2月14日，一起严重的撞船事件在台海发生，牵涉到台湾海巡署和一艘大陆渔船。事件引发了两岸的强烈争议，特别是关于事故责任的争论。台湾海巡署被指掌握了直接证据，却始终不愿公开。台海巡及台当局处理态度事件发生后，台湾海巡署和台当局采取了强硬的态度。他们不但拒绝公开事故真相，还坚决不对事故负责，不向大陆道歉。这种态度让人质疑其诚意和透明度。谈判过程双方进行了15轮谈判，试图解决争端，但始终未能达成共识。在由高金素梅主持的质询会上，台湾海巡署代表承认有录音和雷达轨迹图，但拒绝向大陆提供这些证据。这进一步加深了两岸的对立和不信任。台当局态度台当局的立场一直很明确：不道歉、不公开、不追究。他们将责任推卸给大陆，指责大陆对渔船管理不力，且渔船不配合执法。这种推诿态度引发了广泛的不满，特别是受害者家属。受害者家属反应受害者家属在祭拜亡者后离开了金门，他们拒收海巡署提供的慰问金，表示内心的难过和失望。他们的举动反映了对台当局处理方式的极度不满和对事件真相的渴望。大陆回应面对台当局的强硬态度，大陆坚持继续谈判，认为解决此类事件有更长远的战略意义。3月4日，大陆工程船出现在金门附近海域，表明大陆将在该区域进行疏浚航道的工程，这是大陆进一步收回海域执法权的信号。未来展望台湾“防长”邱国正对此表示担忧，认为大陆逐步收回海域管辖权的计划，对台湾构成严重挑战。他认为台军不应介入撞船事件，但大陆显然有其战略考量。未来，大陆计划收回马祖、澎湖等海域的执法权，以实现两岸统一目标。结论2.14撞船事件凸显了两岸在处理海上争端中的复杂性和敏感性。台湾海巡署和台当局的态度显示了其在面对突发事件时的强硬和不透明。然而，这种处理方式不仅未能平息争议，反而加剧了两岸的不信任。从受害者家属的反应可以看出，透明和公正的处理方式才是解决问题的关键。他们的失望和悲痛，反映了公众对政府责任感的期望。大陆方面，通过不断的谈判和实际行动，展示了其在处理类似事件中的耐心和战略考量。大陆在金门附近海域进行的疏浚工程，表明其在海域管辖权上的坚定立场。总体来看，这起事件不仅是一次海上冲突，更是两岸关系的一个缩影。解决此类问题，需要双方在尊重事实和相互理解的基础上，进行更加有效的沟通和合作。作为一名评论者，我认为双方应当更多地关注事件背后的深层次原因，推动海上执法合作机制的建立，以避免类似事件的再次发生。透明、公正和合作，才是实现两岸和平共处的根本途径。在当前的国际形势下，台湾和大陆都需要冷静应对，共同维护海域的安全和稳定。只有这样，才能为两岸关系的健康发展创造良好的环境。希望未来两岸能够以更理性的态度，共同面对挑战，实现真正的和平与繁荣。
66765f9ffb88ab4b048dd58a,https://mp.weixin.qq.com/s/nUb22Iz06DAHoVXS5s8KDQ,若台海地区发生冲突，中国倒退30年，不会将国运用于“豪赌”？,2024,06,11,2024-06-11,台湾问题已经 70 多年了，过去中国实力不足，埋头发展经济。如今中国国力突飞猛进，成为可以和美国执棋对弈的存在。但中国仍没有解决台湾问题，因为台湾问题很复杂。中国一直尽最大的可能，可以和平统一台湾。但最近几年，民进党当局却在错误道路上越走越远，而美国也拼命炒作，2027 年中国将武统台湾，而且就此作出预测，如果大陆武统台湾战争爆发，那么大陆经济将倒退 30 年。难道真的会出现这种情况？1949 年蒋介石败退台湾后，在美国支持下一直敌对大陆，由此形成台湾问题。在过去的半个多世纪里，中国海空军不强大，在没有制海权、制空权，以及足以匹敌美国国力的时候，我们无法解决台湾问题，所以中国迟迟不能实现统一。但改革开放后 40 多年，中国经济和综合国力实现了跨越式发展，成为威胁美国霸权的存在。尽管中国一再声明中国是和平崛起，我们不争霸也不称霸，但向来信奉强权即是真理，深陷修昔底德陷阱的美国，却一直拼命打压中国，贸易战、科技封锁，都是遏制中国崛起的手段。但其中最常用的，也是打台湾牌，支持台当局插手中国内政。因为美国知道，一旦中国统一台湾意味着什么。意味着美国的岛链战略彻底失败，意味着日韩及东南亚国家都会倒向中国，意味着美国退出亚太，意味着美国霸权衰落走向快车道。所以美国不允许出现这种问题，而美国也知道，中国维护国家主权和领土完整的决心。无论如何，中国是一定会收回台湾的，无论手段。美国在不能亲自下场的情况下，只能加大对台援助力度，增加台湾 5 倍军售。如今，台湾有购买自美国的各型反舰导弹和反导导弹，至于台湾的雄风导弹，咱们还是当成笑话听吧。而目前台军对大陆有威胁的，大概就是空军。台湾多年来向美国购买了 66 架 F-16V 战斗机，升级了 140 架 F-16A/B 战斗机，这就使得台军战机主力升级到四代半水平。但是和解放军庞大的先进战机数量差距太大，而且台湾连配套的导弹都无法生产，需要进口。2023 年底蔡英文在下台前，疯狂采购 172 亿台币的 F-16V 战斗机的配套导弹，加强台军战备。看似是美国在为下场而准备，但实际上，更可以看作是为了退场做准备。按照美国智库估算的，大陆会在 2027 年武统台湾，那么类似的军售，可能在近几年非常频繁。除此之外，美军还手把手训练台军，甚至有媒体报道称，美军特种部队进驻金门训练台军。但台军是什么水平，看到台军军演的都知道，没有士气，没有战斗力。而且美国为了坚定民进党当局的信心，更是多次兵器推演显示美军会胜利。大概是美国忽悠的次数多了，台湾媒体集体自嗨了，某些媒体干脆就大放厥词，大陆敢武统，台湾就要承受经济倒退 30 年的代价，况且有美日支持，大陆不敢轻易武统。显然台湾部分人士为了阻止大陆统一，是什么话都敢说。先不说美日会不会为了台湾下场，单说大陆敢不敢武统台湾，那从来不是问题。大陆对台湾的实力是碾压的，我们不武统台湾，不是害怕，而是把台湾人当同胞。一旦武统，战争必然会损害台湾同胞利益，但以目前民进党当局的作为，只会在错误道路上越走越远。金门渔船事件，台当局不道歉、不认错、不公布真相，这严重损害了中国人民的民族感情。事实证明，解决台湾问题，已经到了刻不容缓的地步了。2023 年中国 GDP 高达 126 万亿人民币，台湾 GDP 只有 53273 亿人民币，在全国只排第九，经济上中国是台湾的 23 倍多。军事上那更不用说，中国的三个航母作战群、已经服役的 055 万吨大区、200 架以上的歼-20，还有强大的火箭军部队。试问这样的实力差距，台湾凭什么阻挡，靠美国吗？美国打仗就是为了利益，没有好处的仗美国不会打。纵观美国打仗，或是为了经济利益，或是为了战略利益，但打的对象，无疑都是和美国差距非常大的国家。但即便如此，美国也不一定能完胜，伊拉克、阿富汗、利比亚都被美国打败，但 20 年的反恐战争，美国失去了多少，只有他们自己知道。作为世界警察，美国只敢制裁伊朗，就连现在胡塞武装，美国都力不从心。这个世界上，美国没有绝对的实力，不可能随心所欲。而中国，恰恰是可以和美国掰腕子的国家。中国 2023 年 GDP 规模 17.7 万亿美元，美国的 GDP 为 26.94 万亿美元。明面上看相比于 2022 年度，中美差距更大了，但实际上，却是美国用了新的统计 GDP 的算法，这才看着美国比中国多了近 9 万亿美元。而这不过是美国维护世界第一经济体的尊严而已，实际上中美差距并不大。而且更可怕的是，美国高达 33 万亿美元的国债，这就像一颗炸弹一样，随时可能爆炸。美国 GDP 的 80%以上，是依赖服务业和金融相关行业，这就导致一旦发生金融危机，许多中产要么财富缩水，要么破产返贫。因为大部分中产的财富集中在金融理财上，而每次金融危机，破产者越多，财富则只会更加向上集中，这也就导致贫富差距只会更大。同时美国国内的种族歧视非常严重，加上暴力犯罪、两党制下的割裂，美国最重要的，还是高达 33 万亿美元的债务。高通胀下，美国民众的怨气早就积累很多，只差一个发泄的火星就能引爆。因此在这种情况下，美国绝对不会下场和中国开战，否则美国只会更快倒下。就美国目前的债务规模，全球可以收割的除了中国，就只有欧洲加日本了。但对中国，美国是无能为力，欧洲和日本则是刻意拿捏。也或许是这样子，给了台湾当局底气，认为美国会为了他们下场。美国问题一大堆，如果美国有能力的话，早就解决红海航道阻塞问题了。而且，美国如今制造业空心化问题非常严重，就连军工都开工不足，一旦发生冲突，美国凭什么战胜我们？相反，中国的制造业全球第一，是美国、德国和日本制造业之和还多。不夸张的说，只要开动马力，原料充足，战备物资我们是不缺的。而且中国是全球门类最齐全的国家，很多领域干脆就是全球第一。如今中国每年的新专利和科技创新，早就超越美国了。而且中国社会安定，政府深得民心，老百姓也都服从管理，内外团结一心，谁可以击败我们？当然也有人提出，可以联合西方国家对中国禁运和封锁，不让中国获得原材料和能源。说这话的完全就是忽略经济规律，中国制造业占全球 30%，这是个什么概念？一旦中国产品不出口了，那么欧美许多国家连用的都没有。这是个全球化的国度，使大国深入参与全球经贸的时代，这是两败俱伤的打法，智者不为也。而某些媒体专家，也因此得出了封锁中国，会导致经济严重下滑，倒退 30 年的依据。而以中国的综合国力，早就可以解决台湾了，但我们迟迟没有解决。固然，是中国政府希望可以和平统一台湾，也是因为台湾问题很复杂，主要是美国的干预。一旦中国武统台湾，虽然美国不会下场，但联合西方制裁中国，外资撤离是一定会有的，但这只是短期的不利影响，无法对我们形成根本伤害。要知道以目前中国的实力，尤其是在西太占据优势的海空军实力，什么时候解决台湾问题，完全使我们占据主动权。统一台湾很简单，可能不到 48 小时就能在台北升起红旗，但我们要考虑到付出和收益。如果统一台湾代价非常小，那么统一就是水到渠成的事情。我们也要考虑到外国势力的干涉，做好完全准备，以不变应万变。台湾是美国第一岛链核心，是封锁中国的核心。围绕中国周围，美国部署了 300 多个军事基地，更是把海军力量的七成转移到了亚太地区。可以说这些既是威慑我国的，也会成为掣肘美国的因素，因为中国目前的区域拒止能力很强，在亚太地区美国没有战胜的可能。客观来说，如果在我们家门口，我们占据优势，收复台湾很容易，那么到时候美国必然会被驱逐出亚太，美国的霸权就会结构性垮塌。到时候美国不甘心的情况下，铤而走险也未可知。我们没有解决台湾问题，有通盘考虑，但也是为了向台湾同胞释放最大的善意。我们希望可以和平统一台湾，这样对两岸都是最好的。但美国和民进党当局，也不能把中国的善意当软弱可欺，什么阻止大陆，更不应该以此故意挑战大陆底线。而自始至终我们都不会放弃使用武力，台湾是中国的核心利益，我们是一定要统一的。台湾当局或背后的势力，炒作的所谓发生武统，会让大陆经济倒退 30 年，更是无稽之谈。我们不会去赌国运，我们只会凭借强大的实力，一发动就是尽全力雷霆一击。我们相信在我们这一代，一定会看到祖国统一！
66765f9ffb88ab4b048dd58b,https://mp.weixin.qq.com/s/UGfPHj0q26TVV-uALU8YVg,蜂拥窜航台湾海峡的外国军舰,2024,06,11,2024-06-11,一台湾岛内很担忧：大陆正逐渐对台湾海峡行使执法权二土耳其、荷兰的军舰相继窜航台湾海峡三2025年，英国航母将部署到印太地区，届时窜航台湾海峡的可能性非常大往期 · 推荐美军台海作战的“新部队”牛刀小试的“联合利剑2024A”被忽视的潜在大变量：美国选民或将阻止华盛顿战时用兵台海
66765f9ffb88ab4b048dd58c,https://mp.weixin.qq.com/s/1lv56CW3c5LpvR8rQgk0qA,117天！“2·14恶性撞船事件”的两位遇难者渔民遗体还在金门,2024,06,10,2024-06-10,今天是端午节。晚上开车经过厦门环岛路的一国两制沙滩，鲜红的“一国两制，统一中国”在静谧的夜色下显得格外的醒目，而隔着一道浅浅的海峡，也不过就是数公里的距离，就是在台湾当局控制下的金门县了。这让我不由得想起目前还停留在金门的两位正月因台湾海巡部门“2·14恶性撞船事件”而遇难的渔民遗体。此时此刻，眼前的这道浅浅的海峡，却让他们的遗体变成了阻碍，至今不能入土为安。与台湾本岛不同的是，金门自古属福建泉州府同安县所辖，直到民国四年（公元1915年）才开始设县。在晋朝的时候，汉族人对金门就进行了开发。民国二十六年（1937年）抗日战争时期，日军占领金门，金门县政府迁至大嶝乡（今厦门市翔安区大嶝街道）上租借民房办公。1949年，新中国成立后，因为内战的缘故，金门至今归属台湾当局管辖，但也同样隶属于台当局设置的“福建省政府”辖下。这也就是说金门从来不曾属于台湾省，而属于福建还没有统一的县，还包括福州外海的所谓“连江县”。可就是这样一个连淡水都是由福建供应的地方，在今年正月的时候，正是中国人合家团圆的日子里，金门却发生了一件令国人极为愤慨的事情。2024年2月14日，台湾海巡部门在金门县北碇东0.5里海域发现1艘大陆籍快艇“越界”作业捕鱼。该大陆船只在海巡队追缉过程中翻覆，船上4人落海，后被全数救起，其中2人生还、另2人送医抢救后不治。台湾海巡部门宣称，大陆船只越界捕鱼且拒检，但“越界”捕捞一直是台湾当局扣押大陆船只的惯用说辞。事实上，金门地检署也确定两船不只一次碰撞，检方将朝过失致死罪侦办此案，也就是说台湾海巡部门是恶意的重装大陆的渔船，导致2人遇难。截至目前，台海巡部门与遇难者家属代表团展开第十五次闭门协商都无法达成一致。3月5日，两名在事件中遇难的渔民家属前往殡仪馆祭拜亲人后，在大陆代表、泉州晋江红十字会高级顾问李朝晖等人陪同下离开金门回家。到现在，又过去了三个多月，台湾方面竟然再无任何的表示。这中间经历了台湾地区领导人的换届，但作为台湾海巡部门的主管领导“海洋委员会主委”管碧玲因为撒谎、傲慢却依然得到了续任。可见台湾当局没有一点的诚意来解决这个问题。人命关天，事发至今，家属连一句道歉都等不到，连一个真相也得不到，台湾方面还在以所谓“调查程序”来拖延问题解决，简直就是无情、无义、无理。前几日，国民党“立委”徐巧芯在台湾立法机构对“行政院长”卓荣泰发起激烈质询，直指金门撞船事件至今未得到妥善处理，并问道：“赖清德执政四年，大陆渔民的遗体难道就要摆在金门四年吗?”管碧玲卓荣泰对此表示，他与管碧玲讨论过此事，但目前尚未取得结果。管碧玲则狡辩称，“以政治为前提很难往前走”，暗示双方政治关系中的敏感性导致事件处理陷入僵局。针对徐巧芯的进一步追问：“是否有信心能在任期内彻底解决这一人道问题?”卓荣泰回应道，他将在任期内尽心尽力推动事件解决，但由于涉及到双方政治考量，加之部分处理过程无法公开，对外说明存在难度。徐巧芯直言，她并不希望在赖清德的四年任期——这1000多天的日子里，死者遗体一直无法得到妥善安置。徐巧芯种种操作迹象可见，台湾当局一直希望藉由这个事情来做政治操作，逼迫大陆在没有前提条件的情况下重新开启对话，也就是不要求民进党承认“九二共识”的。台湾当局的操作实在是过去粗劣，而大陆方面显然看穿了这一伎俩，从事件发生以来，大陆多次派海警船进入金门所谓“限制水域”进行威慑。不仅如此，解放军登陆艇也首次进入金门“禁限制水域”。希望台湾当局早日认清现实，尽快停止政治操弄，以诚意和实际行动解决问题，让遇难的同胞早日入土为安，早日安息。回头是岸！否则，等待台湾当局，特别是赖清德之流的“台独”分子的必然是死路一条。
66765f9ffb88ab4b048dd58d,https://mp.weixin.qq.com/s/PftNIfDjCR-0dsD3YwynwA,3000吨巨舰冲向金门，054A型海警船半路拦截，台海巡署进退两难,2024,06,10,2024-06-10,事件背景近日，两岸关系再次因一起撞船事件而紧张。事件发生后，双方进行了多轮谈判，但始终未能达成一致。台湾方面态度强硬，拒绝道歉、赔偿、归还遇难者遗体和船只。为了在谈判中占据有利位置，台湾选择通过海上施压，希望借此获得更多利益。撞船事件及谈判进展撞船事件发生后，两岸展开了长达13轮的谈判，试图解决这一争端。然而，谈判未能取得任何实质性进展。台湾不仅不道歉、不赔偿，还拒绝归还遇难者的遗体和被撞沉的船只。这一强硬态度使得谈判陷入僵局。台湾方面强硬态度在谈判无果的情况下，台湾决定采取更为直接的措施，通过军事手段在海上施压。台湾派出了一艘3000吨级的宜兰舰，意图通过展示军事实力来迫使大陆做出让步。宜兰舰行动宜兰舰是一艘部署在台湾北部的巡逻舰，平时主要负责钓鱼岛的巡逻和护渔任务。然而，这艘舰船很少在钓鱼岛附近出现，更多时候是在北部海域活动。2月28日，宜兰舰离开台北，直接驶向金门，显示出台湾在当前紧张局势下的强硬姿态。宜兰舰的基本情况与任务宜兰舰隶属于台湾海军，是一艘具备相当战斗力的巡逻舰，主要任务是保护渔船和执行巡逻任务。此次行动显然是为了在谈判桌上获得更多筹码，彰显台湾不容退让的决心。宜兰舰出动的时间和路线2月28日，宜兰舰从台北港出发，目标直指金门。通过这次行动，台湾希望在谈判中占据上风，迫使大陆在撞船事件上做出让步。海警船集结大陆方面对此次事件也高度重视，在厦金海域部署了大量海警船。此次集结的海警船包括2103舰、2202舰、2203舰和14608舰，其中部分舰船是由海军护卫舰改装而来，装备较为先进，具备相当的战斗力。尽管吨位和武备相对较弱，但这些海警船的装备足以对宜兰舰形成威胁。大陆海警船在厦金海域的部署在厦金海域，大陆集结了大量海警船，其中一些改装自海军护卫舰。虽然这些舰船的吨位和武备较宜兰舰逊色，但其先进的装备和性能仍具备强大威慑力。大陆海警船的装备与性能此次参与集结的海警船装备先进，具备强大的海上执法和战斗能力。虽然吨位不大，但这些舰船配备了先进的导航、通信和武器系统，能够有效应对各种海上突发事件。对峙与结果在宜兰舰驶向金门的过程中，大陆迅速派出一艘以054A型护卫舰为基础改装的3306舰，意图阻止宜兰舰的行动。3306舰在吨位、航速和武器装备上均优于宜兰舰，形成压倒性优势。最终，宜兰舰在对峙中未敢轻举妄动，被堵在海峡中部，未能成功前往金门。宜兰舰和大陆海警船的对峙情况在对峙过程中，宜兰舰面对装备更为先进的3306舰，处于明显劣势。3306舰凭借其优越的吨位和武器装备，成功阻止了宜兰舰的前进，使其无法靠近金门。宜兰舰的困境与结局宜兰舰在对峙中陷入困境，面对强大的对手不敢轻举妄动。最终，宜兰舰被迫停留在海峡中部，未能实现其初衷。这次行动不仅未能迫使大陆做出让步，反而使得台湾在国际社会面前陷入了进退两难的尴尬局面。总结通过此次事件，我们可以看到台湾在面对两岸冲突时，试图通过军事手段施压以争取更多谈判筹码。然而，在实力明显对比悬殊的情况下，这一策略并未奏效。宜兰舰在与大陆海警船的对峙中，因装备和性能上的劣势，未能达到预期目的，反而陷入了进退两难的境地。最终，台湾不得不面对现实，寻求其他解决途径。文章作者的评价从这次事件中可以看出，两岸关系的复杂性和敏感性。台湾方面的强硬态度虽然显示了其不愿妥协的决心，但在实力对比悬殊的情况下，这种策略并不能奏效。反而导致了更大的对峙和紧张。解决两岸问题需要更多的智慧和耐心，单靠武力或强硬态度并不能解决根本问题。希望双方能够通过对话和谈判，找到和平解决问题的途径，避免类似事件再次发生。最终，和平与合作才是两岸人民共同的期望和利益所在。
66765f9ffb88ab4b048dd58e,https://mp.weixin.qq.com/s/iJhq-oJ60Q6zNwKAih8cRA,东部战区已经稳控台海，如果发生两种情况，台海局势就会变天,2024,06,10,2024-06-10,东部战区已经稳控台海，如果发生两种情况，台海局势就会变天赖清德最终还是没走出那一步，中国目前军力对台海以及周边海域已经是稳稳控下，台当局在美国的指使之下“上蹿下跳”的日子没几天了。对于我国而言，如果台海局势一旦发生两种情况，台海局势将有着巨大变化，到时候无论如何我军都将迅速出手。一两岸直接对峙自从今年2·14金门海域渔船事件再到5.20赖清德讲话，台当局一意孤行的态度已经是“司马昭之心”，而虽然赖清德嘴上说着“保留现状”的荒谬言论。但实际上却私下当中多次与美国及其小弟们碰头，计划以台岛为核心，实现美国“第一岛链”的最终一环。其“以武谋独、倚外谋独”的野心已经是昭然若揭。 不仅如此，台当局甘愿成为美国人的马前卒，鼓动岛内“台独”势力进一步与大陆对峙，鼓动多位台湾所谓“名嘴”向台湾民众输出大陆负面新闻，以图彻底改变民众愿望。而且，台当局还进一步加大对军事力量的投入，不断试探大陆的“战争红线”。不仅如此，赖清德近期还“访问”了印度，和印度总理莫迪谈了谈。 其意图就非常明显了，印度和中国本来就有边境问题矛盾，赖清德此番动作，很明显是在给自己拉支持，期望和印度联手对华发难。那中国就不能再给赖清德“发挥”空间了！如果台当局不顾统一大势，公然宣布所谓“独立”，并鼓动“军队”对中国发起攻击，中国必然不会给“台独”势力任何空间，只有重拳出击，彻底摧毁台岛“军队”。是战争还是和平，这个选择权大陆给了，至于选什么则在台当局手中，是顺应全国人民意愿还是逆历史潮流当“独行侠”，赖清德该好好想想了！二第七舰队向台延伸美国的第七舰队长期驻扎在日本的横须贺港，这是美国在亚太地区力量投射最显著的特征，对于中国本身就有着一定威胁。在美国人的计划之中，台湾并不在第七舰队的任务范围内，保护韩日已经对中形成威慑是其主要任务，中美之间是有言在先的。台岛不允许有美军驻扎，也不允许美军对台岛有任何动作，但是美国又换了个玩法，既然不能保留军事实力，那军事顾问总可以吧。美军事顾问献身于台岛街道的新闻，常常登上电视，这就是美国人留的小心眼。但总得来看，中美至少在明面上达成一致，台岛是中国的一部分，美国人也在国际上承认了，怎么都抵赖不了的。可是随着美国大选的临近，拜登政府急需挽救本就低迷的支持率，以开启他的第二个任期，在此之前由于巴以问题美国站位问题以及俄乌局势美国无底线援助乌克兰，拜登的支持率已经跌破40%大关，在国内一片骂声。而岛内的民进党赖清德的520讲话也是引得一片哗然，“台独”意图分裂国家的丑恶心态已经摆在台面上了。两者相结合，如果台独分子想最直接实现目标，仅凭岛内军力是没有任何可能的，驻韩日的美军也不过是中国火箭军的活靶子。二者唯一能指望的只有停泊在横须贺港的第七舰队，通过武装力量达成分裂，造成美军力量笼罩台岛的局面。那么在这种情况之下，美国以及民进党当局，面对的只有中国海军各式舰艇的猛烈打击，台岛本土各大军事基地也将被火箭军导弹覆盖。中国甚至不会给美台战机起飞的机会，从开战初期六小时内剿灭台岛海空力量，顺带连第七舰队一起收拾了。三大陆迟迟不“亮剑”，目的为何？“和平统一”是我们一直的主张与期望，台湾是中国不可分割的领土，归乡更是无数游子朝思暮想的愿望，我们始终不“亮剑”就是不想让岛内民众蒙受损失。台当局一意孤行，与岛内民众愿望完全背离，可以说所谓“台独”，根本就是台湾“政客”们的臆想罢了。自以为“依仗”美日韩就能实现所谓“独立”，到头来不过是美国的棋子、日本的经济附庸、韩国的文化市场罢了。可以说，如果任由民进党一意孤行，台岛就一天好日子也没有了，但我们也清楚，“战争没有感情，子弹没有眼睛”。一旦发起攻击，无数的岛内民众将被战火吞噬，成为民进党当局的“挡箭牌”，而岛内民众苦心孤诣建立起来的家园也将被付之一炬。“江山就是人民，人民就是江山”，台湾人民才是我们的真正要保护的，这就是我们迟迟没有“武统”的最根本因素。我们并非忍让，反而是一次又一次展现自己的实力，让美日韩知道我们不好惹、惹不起。让台岛民众知道祖国会成为他们坚强的后盾，让台当局知道，如若再逆历史潮流而行，只有覆灭这一条路可走！
66765f9ffb88ab4b048dd58f,https://mp.weixin.qq.com/s/Ce5TihTvrvejr0yPr9jVyQ,台媒关注金门撞船后续，批管碧玲政治操作冷血伪善,2024,06,10,2024-06-10,从春节到端午，每逢佳节倍思亲，管妈和台当局一再声称会用善意及人道解决纷争，但如此的司法制度，别说大陆，恐怕连台湾民众也难以相信吧！来源：综合两岸媒体报道，本文由“郭茂辰海峡传真”公众号编辑。
66765f9ffb88ab4b048dd590,https://mp.weixin.qq.com/s/2lMLbN08D9eCndFEQiv_nw,大陆渔船成功自卫，挫败台“海巡署”再次挑衅行为,2024,06,10,2024-06-10,台湾海岸警卫队再次试图扣留大陆渔船，但面临抵抗后作出了退让。这表明大陆渔民已经意识到保护自己权益的重要性，并采取了必要的自卫措施。据报道，3月18日，一名台湾渔民报告称有大陆渔船在澎湖附近的海域捕鱼。台湾海岸警卫队派出一艘巡逻船前往拦截和检查这些渔船。然而，他们发现这些大陆渔船两侧安装了三米长的铁护栏，构成了严重威胁。考虑到这一点，台湾海岸警卫队被迫称海况过于危险，暂时驱逐大陆渔船。台湾主要媒体评论指出，台湾海岸警卫队未能改善对大陆渔民的态度，并继续使用拘留等措施，表明他们并不将大陆渔民视为同胞。因此，大陆渔民需要学会保护自己的权益。大陆渔船上的隔离装置的安装显示了他们对2月14日恶意碰撞事件的积极应对策略。台湾方面不仅拒绝承认自己的错误，还把责任推给了大陆渔民。这使大陆渔民意识到他们需要有效地捍卫自己的合法权益。台海紧张局势将继续升级。之前的紧张主要源自美国和台独势力的挑衅，但当前的紧张局势是由人民之间的对抗引起的。这表明台湾和大陆社会存在根本性的对立和抵制，这将导致台湾发生军事冲突的可能性增加。台湾高级官员邱国正表示，美国不会介入保护台湾的问题。台湾当局只能依靠自身增强自卫能力，应对潜在威胁。因此，希望美国介入保护台湾是不现实和不切实际的。为了降低战争风险，台湾可能需要考虑解除澎湖和金门地区的海上限制，允许大陆渔民进行正常作业，并接受相应的救援和援助服务。尽管面临各种挑战，大陆和台湾有着同根同源的关系。我们希望台湾当局能深刻反思形势，并积极调整政策方向，缓和当前紧张局势。
66765f9ffb88ab4b048dd591,https://mp.weixin.qq.com/s/aYiyEGfT4k3S03oX5rjRBQ,恶性撞船大陆渔民遇难事件，死者遗体还要扣多4年-台当局最新回应,2024,06,10,2024-06-10,点击下方关注  第一时间收到最新内容台湾方面对于“金门撞船事件”再度发声，但满口承诺却如过眼云烟，至今杳无音信。一对大陆渔民的骨灰盒还在金门冷库里躺着，他们连回家的路都走不完。在今天的立法院询问中，国民党立委徐巧芯不客气地追问卓荣泰，这场悲剧的帷幕何时才能落下？赖清德在位四年，难道非要把渔民的遗体留在金门整整四年？卓荣泰声称自己上任后已着手解决，期望双方恢复沟通，真心实意地圆满此事，这是对逝者最基本的尊重。而管碧玲则火急火燎地添了一把火，坦言尽管3月和5月各联系了一次，但问题依旧，无解。她直言，政治前提下的谈判，步履维艰。徐巧芯接着追问，卓荣泰是否有信心在任内将这场人道危机彻底解决？卓回答说，他会竭尽全力，但政治因素不容忽视，而且不少处理细节无法公开，这些都是难题。徐巧芯则表明，她无法接受这样的回答，不能让死者在赖清德的任期内，一直留在金门。此次事件，台方与大陆家属、代表进行了15轮闭门谈判，却因台方的不诚意，谈判一次次破裂。大陆代表在离开前警告了一句“后果自负”，国台办发言人朱凤莲随后痛斥管碧玲“极端无情、令人鄙视”，强调台方应立即向遇难者家属和两岸同胞交代。台方不仅掩盖事实，拒不透露关键细节，还不断标榜自己的“大慈大悲”，以“司法调查”为借口，无视大陆的真相公开、道歉和赔偿要求，使得事件迟迟未能解决。国台办发言人陈斌华上月表示，民进党当局反复其词，推卸责任，阻碍善后谈判的进程。他敦促民进党当局停止政治操作，真诚解决问题。蔡英文卸任后，台湾政坛似乎面临着一场大洗牌，尽管赖清德摒弃了许多蔡英文的旧部，却意外保留了管碧玲，这似乎是对“金门撞船事件”一个不祥的预兆，恐怕此事难以善了。据了解，尽管事发已逾百日，台方的“司法调查”迟迟未能给出一个明确的结论，更没有任何实质性的处理措施，显示出民进党当局的顽固不化，死不认错的态度。这种行为不仅严重影响了金门的经济和社会发展，也极大阻碍了两岸的交流与合作。大陆方面对此表态明确，对于民进党当局无视大陆渔民的生命财产安全，伤害两岸同胞感情的粗暴行为绝不容忍，绝不姑息。民进党当局必须尽快向遇难者家属和两岸同胞交代清楚，否则所有的后果必须由民进党当局自己承担。在两岸关系的复杂背景下，大陆也已经做好了充分的准备，中国海警船已经在厦门金门海域进行常态化巡查和执法，海警、海事、渔业三方联动，随时准备全面接管该海域的管辖权和执法权。此外，解放军的舰艇和飞机也加强了对台湾的战备巡逻，这不仅是对国家主权的一种宣示，更是对岛内“台独”势力的一种强烈震慑。面对紧张的两岸局势，民进党当局应该作出明智的选择，停止一切政治操弄，尽快拿出解决问题的诚意和具体行动，给两岸人民一个令人满意的解释和妥善的处理。只有这样，两岸关系才可能重新回到和平发展的轨道上，为未来的合作与交流铺平道路，否则，任何不负责任的行为都将对台湾自身造成不可预测的严重后果。点下方头像【关注】，再点亮【赞】+【在看】一起讨论吧。
66765f9ffb88ab4b048dd592,https://mp.weixin.qq.com/s/vRqELhXGGoLHTqOoGqrfPA,时隔115天，金门撞船事件最新回应,2024,06,10,2024-06-10,6月7日，台行政部门负责人卓荣泰携“内阁”官员至立法机构进行施政报告。在此过程中，蓝营民代徐巧芯就“金门撞船事件”发起质询，指出自事件发生已逾115天，仍未得到妥善处理。她询问卓荣泰对此事件的立场，并质疑为何相关协调工作在三月底后便无进一步发展，同时关心遇难渔民的遗体何时能由家属领回。卓荣泰身旁的“海委会”主委管碧玲迅速补充，说明在三月底和五月初曾尝试重新联系两次，但均因关键问题未解而陷入僵局。她指出，由于大陆对台湾的制度不予承认，成为解决问题的关键障碍，她呼吁应以人道主义为先，但在政治因素主导下，问题的解决变得困难重重。面对徐巧芯的追问，卓荣泰表达了在任期内尽心尽力处理此事的决心。徐巧芯则表达了不希望在赖清德任期四年中，遇难者遗体长时间停留在金门的期望。质询过程中，蓝营民代表现出对人道问题的关注，而民进党当局则将谈判僵局归咎于政治因素。事实上，岛内对于渔船翻覆的原因已鲜有关注，对于台海巡部门的粗暴行为，也未见在野党民代发出强烈谴责，反而呈现出维护之势。自2月14日以来，台湾对于船只翻覆的真相始终保持沉默。台当局“陆委会”最初以“依法行政”为由，声称陆船拒绝检查，且无录影存证。直至海巡“吹哨人”揭露真相，当局才勉强承认发生碰撞，但对事故发生时间的说辞却屡屡改变。尽管台湾方面不愿承认海巡部门的责任，但事实是，台湾海巡船只在追击大陆渔船过程中发生碰撞，导致大陆渔船翻沉，两名渔民遇难。这一事实不容否认。在蓝绿阵营之间，争议焦点似乎仅围绕是否存在录影证据，以及是否发生了撞船事件。对于台海巡部门以“执法”名义对大陆渔民造成伤害的行为，朝野两党均未正面应对，他们在支持海巡“执法”的立场上并无二致。在野党民代所表达的人道关怀，与一些评论者所认为的为遇难者寻求正义或慰藉的说法，存在明显偏差。数月前，有关金门地检将以“过失致死”立案侦查的消息一度传出，但台海巡部门反应激烈。结合“海委会”当时的专案报告，民进党当局显然不愿承担任何责任。管碧玲后来的所谓“道歉”，仅是对遇难者家属情感的体谅，对于撞船的事实本身，并未表达真正的歉意。在台当局相关部门已得出“依法行政”的结论下，海巡部门负责人甚至断言是陆船自行翻沉。他们将责任推给检调部门，同时自行定调，导致金门地检至今未能查明真相。当福建省的渔船在本省海域被台海巡部门以“越界”为由驱离时，两岸对待渔民的态度形成鲜明对比，反映出双方对于“一个中国”原则认同的巨大差异。由于台湾方面否定了“一个中国”，岛内一些人不愿认同中国人身份，在大陆与台湾渔民情感深厚的厦金水域强硬“执法”，使得原本的和平前哨变成了对峙前线。这是追求“真相”的在野党民代不愿面对的现实，对于坚持“一个中国”原则的人来说，台湾已被视为“越界者”。2004年2月29日，国台办主任宋涛在上海与国民党副主席夏立言会面，对台海巡粗暴驱离大陆渔船导致渔民丧生表示强烈不满，强调民进党当局的行径是对大陆渔民生命安全的无视，对两岸同胞情感的伤害，我们对此绝不容忍、绝不姑息。
66765f9ffb88ab4b048dd593,https://mp.weixin.qq.com/s/wDWBQX-hcCKIi0rqdfD8XQ,重磅！赖清德好日子不多了，大陆当场给台当局狠狠上了一课,2024,06,10,2024-06-10,"据参考消息网近日报道，大陆4艘海警船近期再度进入金门水域，台湾“海巡署”金马澎分署侦获后立即调动4艘海巡艇“平行监控”，双方船艇最接近时甚至不足100米。之后大陆海警船在下午5时3分全数驶离该水域。台湾“海巡署”表示，5月以来大陆海警船已9次驶入所谓金马“限制水域”。报道称，28日金门周围海域海象恶劣，平均风力达6至7级，雷雨区阵风更高达10级，当地小型渔船筏多数未出海作业。尽管海象不佳，大陆海警船仍在下午3时分成3组编队航入所谓金门“限制水域”。台海巡部门对外宣称，大陆海警船在台快艇“喊话驱离之后离去”，但此时距离金门海巡发现大陆海警执法船，已经过去了足足两个小时。而这也已经是本月，大陆海警部队第九次进入金门海域展开执法活动。民进党正在极力向外界证明，台湾社会已经对大陆军演“脱敏”，无论外部环境多么紧张，岛内依旧可以做到“无事发生”。面对大陆不断地“反切香肠”，台当局也装作“一切尽在掌握中”。这一紧张局势最早源于今年2月14日在厦金海域发生的一起恶性撞船事件。当时，一艘台""执法""船在对峙过程中撞击大陆渔船，导致船上4名渔民落水，其中2人不幸遇难。之后两岸代表人员就这件恶性撞船事件举行了长达15轮的协商，但最终因民进党各种无理阻挠，导致协商陷入彻底僵局，迟迟没有开始第16轮的协商，就连遇难渔民遗体至今仍冰存在金门，无法返回故乡入土为安。为反制台湾当局的无理做法，从那之后大陆海警部门便在厦金海域组建舰艇编队，展开常态化执法巡查行动。这也是为何海警船与海巡艇4比4对峙后，在如此恶劣的条件下还2小时后，才离开厦金水域的原因。而这也是大陆海警进入5月以来，第9次进入厦金海域，这片台海巡署所谓的“禁止、限制水域”。没有想到，在解放军环台军演后，台当局还如此嚣张，派出海巡艇和海警对峙，好在台海巡艇安分守己，否则大陆海警就不是才9次进入所谓的“禁止、限制水域”，如有必要，每天都可以。刚刚结束了“围台军演”，中国大陆解放军在台海方向上的军事演习，让台湾方面即便是再内心有不甘，但也依旧是只能吞下这口气。所以在解放军刚刚撤退之后，台湾“海巡署”方面就立刻派出了这几艘海警船，说白了还是想要宣示自己的地区力量存在，可是这样的方式，根本起不到任何的效果，别的不说，单单是目前两岸已经剑拔弩张的局势，就让很多两岸的很多军政要员感到事情的棘手。这次是继解放军东部战区围岛军演过后，大陆海警船恢复了常态化巡警。据悉两方船舰对峙当天海象不佳，风力达到了7级左右，按理说不是进行巡警的好时机，但大陆海警船依然不畏强风，坚定执行对相关水域的执法权。尤其是在赖清德就职典礼上发表“独派”言论过后，大陆必将一步步推进在台海的常态化执法巡警，同时这次双方对峙给台当局透出一个消息，大陆绝不会在“2.14恶性撞船事件”中妥协。必须指出的是，台湾本就属于中国，根本没有什么台当局所谓的“禁止、限制水域”。近段时间大陆加强了相关海域的执法巡查活动，就是在告诉赖清德和民进党，大陆维护足够完整的坚定决心。从岛内的风声来看，当地民众似乎是接受了大陆海警常态化巡查的事实，正如当地民众所言，赖当局该好好想想怎么解决与大陆关系恶化后，台湾当下的经济问题。更何况这还是大陆的海警船正常在金门巡查，台当局直接派出来舰船的行为，很明显就好像是过激反应，压根就没有考虑到事情的严重性，想当然的就做出了这种行为。而对于台当局的所作所为，金门当地的民众们有很多怨言，毕竟金门这个地方和对岸的距离非常的近，不需要航行太长的时间就能够到达对岸，所以经常能够见到大陆的海警船。但是民众们压根就不关心这些东西，他们在意的实际上是金门当地的民生和经济，当地的民众也是直言：台当局就应该多听听大陆的声音。有分析认为，两岸舰船此次在金门水域对峙，既表明“恶性撞船”事件不会不了了之，也说明大陆方面正把“海警巡查常态化”这种“金门模式”进一步扩大，进一步压缩台当局所谓的“禁止、限制水域”。大陆海警、海军力量坚决维护台海和平稳定的决心，相信台方已经感受到了，希望以沟通协商而非军事手段给局势降温的声音，也在不断增多。据悉，对峙事件发生后不到24小时，国民党前主席洪秀柱就飞抵广州，参加了第四届“携手圆梦——两岸同胞交流研讨活动”。据报道，国民党前主席洪秀柱、新党主席吴成典日前赴陆参加两岸同胞交流研讨活动，与国台办主任宋涛举行了会谈。宋涛表示，台湾爱国统一力量要坚持一中原则，坚持统一信念，坚持反对台湾地区领导人谋“独”挑衅。洪秀柱也表示两岸应该反对“台独”分裂，维护台海和平稳定。国民党和新党都是岛内统派的代表，也是岛内的在野党。按照道理来说，应该由执政的民进党与大陆沟通，但民进党并不配合，民进党上台后，两岸无法正常开展交流。洪秀柱肯定了两岸同属一家人的事实，接着对赖清德的卖台祸国进行了抨击，她痛批“赖清德‘上台’之后，甘为美国棋子，他引战不避战，居危不思安，致使台海形势凶险。”众所周知，赖清德“5.20”就职仪式上，向外部反华势力摇尾乞求，整篇发言充斥着对大陆的挑衅，导致这几天两岸关系异常紧张，局势牵动人心。同时，她认为，面对“台独”势力分裂活动和外部势力干涉台湾事务的严重挑衅，眼下应当丢掉幻想，准备斗争。加之近期中美举行海上事务磋商，双方同意保持对话沟通，避免误解误判，管控海上风险。在这种局势下，台当局正在沦为美国的“弃子”。“统一”这碗“面”该怎么吃，大陆已经明牌。那就是“台独”势力每挑衅一次，解放军的演习就更深一层，大陆海警的执法区域就扩大一些，最终一直深入到台湾所谓的“海空域”之内，当台岛周边遍布大陆海警之后，台湾地区的进出口贸易、航空线路甚至水电能源都将被大陆掌控，不战而屈人之兵将成为现实。"
66765f9ffb88ab4b048dd594,https://mp.weixin.qq.com/s/I3pNC7DlMNXd6JyvQOauYw,大陆无人机直播飞金门撒传单祝端午安康,2024,06,09,2024-06-09,值此中华传统节日端午节来临之际，大陆无人机于7日、8日连续2天直播飞抵金门，送上传单，并祝端午安康。据报道，这次直播来自抖音博主“中利科技”，无人机从大嶝岛出发，先后飞抵马山观测站、金门大学、金门县警察局等地上空投粽子、传单，表示要给“湾湾部队送温暖”，并“祝贺端午安康”。马山观测站是台湾距离大陆最近的一个军事观测站，当年林毅夫就从这里游泳过来的，该站在台湾素有“天下第一哨”之称。空投的183个字的传单说：台湾，台湾，九出九归。同胞之情，怎可不念。同胞之血，如何不归。···台湾，台湾，归来兮。认祖归宗，天经地义。数典忘祖，不可为也···对此，台“金门防卫指挥部”回应称，大陆无人机是飞越马山播音站上空，并未飞越马山观测站上空。台“金门防卫指挥部”还表示，防区重要武器装备及设施伪装均已完好，国军对“敌情威胁”均保持绵密监控，不随大陆网民“轻狂”举动起舞，避免助长“窜飞恶行”，升高区域紧张情势。金门县政府8日说，连续2天在网络上出现直播遥控无人机在金门马山一带投掷传单、肉粽等“危险行为”，县政府对此表示谴责并要求县警察局着手调查。金门县刑警大队8日表示，7日下午确有1架不明无人机朝金门县警局方向飞去，当警方欲以干扰系统反制时，该飞行器盘旋一会就朝小西门、后湖方向离去。台湾退役少将、前小金门指挥官栗正杰8日在中天《张雅婷辣晚报》节目中表示，这一架无人机是一般民众在玩的无人机，还是解放军的军用无人机，要搞清楚，我们才会比较安心一点。如果是一般民众的无人机，就跟上次大胆岛、二胆岛一样的状况，还可以打打嘴砲，但如果是解放军的无人机，威胁性就很大。无人机在俄乌战争中，取代有人战机是最新发展的一种形式。栗正杰还表示，他对金门是很有感情，他曾在那边待了很久，当然不希望这种事情发生。他判断，就算是解放军的无人机来，大概不会对这个地方实施攻击。但是，对国军来讲，金门万一像仁爱礁那样被围住，金门老百姓或许可以自由进出，甚至到厦门去都没有问题，可是驻守金门的5000名台军官兵，可能会被人家当做“人质”，这是台湾要考虑的。最后，我想强调3点：1.统一是民心所向大陆民众的无人机飞越金门，已有数次，这背后蕴含着祖国大陆人民对统一的期盼。对于近在咫尺的同胞，大陆民众特别是厦门泉州漳州的民众，平日里隔水相望，念兹在兹，大家都是非常希望彼此交流，看看在金门的同胞生活得怎么样。两岸同胞血浓于水的情感，是抹不掉的。正如传单中所写“同胞之情，怎可不念。同胞之血，如何不归。”2.应该反思的是台湾当局这次，大陆无人机为什么只飞金门？为什么不飞马祖？是马祖那边飞不了吗？显然不是的。因为，马祖旅游开放了，福建的民众都可以赴马祖观光旅游。福建民众都可以登岛旅游了，那还有必要在大陆遥控无人机飞过去看吗？大陆的人那么多，无人机产业那么发达，那么多无人机，想要完全管控住是很难的，这一点希望台湾方面特别是金门同胞要理解。台湾想要杜绝大陆无人机飞金门，唯一的办法就是釜底抽薪。像马祖一样向大陆游客开放，让大陆民众可以畅游大金门、小金门等各岛屿。这样子，金门同胞生活的怎么样，大陆民众非常清楚，就没有动机再多此一举地用无人机飞去过看金门。金门县还可以凭旅游产业腾飞，金门同胞可以钱包鼓鼓。后期，建好金厦大桥，大家往来更方便。问题的症结在于“2·14”金门恶性撞船事件，民进党当局不负责、不道歉、不处理，寒了大陆同胞的心。不仅如此，日前，赖清德要求台湾海巡部门强硬应对大陆海警船和渔船！可见，祸根在民进党、在赖清德。3.设立“金马非军事区”是上策两岸军事力量差距十分悬殊，董军防长指出解放军对待“台独”武装就像瓮中捉鳖。金门马祖的这点兵力，完全不够解放军看的。一旦开战，就只能坐以待毙、全部歼灭。对于解放军攻台而言，金马这点兵力，有与没有一个样。台湾在远离本岛的金马维持驻军，只能空耗军饷。所以，既为了台军官兵的生命着想，也为了节省开支，台湾当局都应该将金门马祖的军队全部撤离。实际上，设立“金门非军事区”，也是金门县政府、县议会的倡议。2023年2月6日，金门县议会在县长陈福海的见证下，向金门县以及海峡两岸发出“四大宣言”：主张两岸和平发展，倡议金门成为“永久非军事区”，打造金厦特区一体生活圈，强力推动金厦跨海大桥建设。总之，希望台湾当局正视大陆无人机蓬勃发展的现实，早日认真负责处理“2·14”命案，开放金门旅游。否则，大陆无人机只会去的更多。
66765f9ffb88ab4b048dd595,https://mp.weixin.qq.com/s/X6i1vVkdlcauMzIJaI2JwA,如何处理金门撞船事件？卓荣泰、管碧玲最新回应,2024,06,09,2024-06-09,6月7日，台行政部门负责人卓荣泰率领“内阁”官员前往立法机构进行施政报告。蓝营民代徐巧芯质询时提到“金门撞船事件”已发生115天，至今还没有落幕，希望知道卓荣泰对此事的看法？并质疑为何双边的协调就停留在三月底没有后续？以及渔民大体要停放在金门多长时间才能让家属领回？在卓荣泰旁边的“海委会”主委管碧玲急忙补充说，后续其实在3月底以及5月初又有重新联系了两次，但这两次还是重复卡住在关键问题没有办法解决，所以仍然没有方式可解决。 管碧玲说，包括台湾的制度，大陆不予承认，这是问题关键，希望以人道优先来解决，但当以政治为前提来处理这件事的时候，真的就很难往前走。徐巧芯追问卓荣泰，有没有信心在任期内能把这事件、人道的问题处理完毕？卓回说，在任的每一天一定尽心尽力处理。徐巧芯则强调，他不希望在赖清德上任的4年之间，这1000多天，罹难者大体都只能放在金门。这场质询，看似是蓝营民代基于人道关怀希望此事尽早落幕，而民进党当局称是政治因素让双方谈判无法进行。事实上，对于渔船为何翻覆，岛内已经没有人在关注，对于台海巡部门粗暴驱离，在野党民代更不敢发出谴责，反而还要极力维护。抛开该如何处理人道问题，台湾是从2月14日开始，对于船翻真相始终不愿公诸于众。台当局“陆委会”开始定调是“依法行政”，说陆船蛇形拒检，称情况紧急没有录影存证，直到被海巡“吹哨人”揭露，才勉强承认有碰撞。但事故发生时间，海巡部门的说法一变再变。台湾不肯承认是海巡肇事，但台湾海巡船支追击大陆渔船，有了碰撞，大陆渔船才翻掉，两名渔民落水罹难，这些都是铁铮铮的事实。至于蓝绿之间此前看似激烈的攻防，围绕焦点也只是有没有录影存证，有没有撞船，对于台海巡部门以“执法”为名伤害大陆渔民的事实，朝野无人面对，他们在挺台海巡“执法”的立场没有任何区别。在野党民代在此前提下的人道关怀，更谈不上早前一些评论者此前认为的，是在替罹难者主持公道或告慰他们在天之灵，类似说法完全是对岛内政治生态的无知与误读。在野党民代在此前提下的人道关怀，更谈不上早前一些评论者此前认为的，是在替罹难者主持公道或告慰他们在天之灵，类似说法完全是对岛内政治生态的无知与误读。几个月前，曾一度传出金门地检是要以“过失致死”侦办，但台海巡部门炸锅，结合“海委会”当时的专案报告，民进党当局一点责任也不想负。管碧玲后来的所谓“道歉”，也只是强调体谅罹难家属的心情，对于撞船事实部分，他们没有丝毫歉意。尤其，当台当局相关部门都已下结论是“依法行政”，海巡部门负责人甚至铁口直断是陆船自己翻的。他们推给检调，又自行定调，在这样的政治氛围下，金门地检至今没有给出调查真相，背后原因再清楚不过。当福建省的渔船，在福建省的海域被台海巡部门以“越界”驱离，对比两岸对待彼此渔民的迥然态度，反应的更是双方对于“一个中国”认同的天渊之别。因为台湾否定了一中，岛内一些人不想作中国人，才要在大陆最体现同胞感情的厦金水域悍然“执法”，让和平前哨变成对峙前线。这是当初追查“真相”的在野党民代们，不愿面对的真相，对于“一个中国”而言，台湾早已是“越界者”。2024年2月29日，国台办主任宋涛在上海会见了国民党副主席夏立言，对于台海巡粗暴驱离大陆渔船致渔民丧命，宋涛表示，春节期间，“民进党当局粗暴对待大陆渔民，致两人遇难，草菅人命、冷漠无情”。对民进党当局无视大陆渔民生命财产安全、伤害两岸同胞感情的恶劣行径，我们决不容忍、决不姑息……胡佛：英九，你是一个中国人废监院放飞“台毒”？傅崐萁马失前蹄掉绿营陷阱钟明轩再访大陆，他认同一个中国吗？绿营步步进逼，蓝营不敢碰“反渗透法”？
66765f9ffb88ab4b048dd596,https://mp.weixin.qq.com/s/EtuAruHES1R2stAXuVZTPg,11轮谈判破裂后，解放军一分钟就能到台湾上空？台军恳求相互尊重,2024,06,07,2024-06-07,台海局势：11轮谈判破裂，大陆耐心渐失在经过11轮谈判后，两岸关系再度陷入僵局。台独势力依然顽固，大陆的耐心逐渐耗尽。台海中线形同虚设，解放军一分钟内便可抵达台湾上空，台军对此表现出明显的紧张与慌乱。台湾国防部长邱国正呼吁大陆“互相尊重”，但这并未能缓和紧张局势。谈判背景与过程2024年，台湾政治局势经历了剧变。赖清德以微弱优势赢得选举，这一结果为两岸关系增添了新的不确定性。随后发生的“2.14”金门撞船事件，更是让两岸紧张关系急剧升温。自二月底开始，双方展开了高密度的谈判，试图解决撞船事件，但经过11轮谈判，依旧未能达成任何协议。谈判中的双方立场在谈判中，大陆代表始终强调正义与公道，要求台湾为撞船事件道歉并缉凶。大陆方面提供了渔船倾覆是因台方撞击的证据，但台湾方面却试图淡化事件，希望先通过抚慰来解决，再进行司法处理。台湾的态度被认为是掩盖事实，不愿面对真相。台湾方面的态度台湾海巡署坚持认为撞船事件只是“单纯执法个案”，并无意向大陆进行书面道歉。大陆则从未承认金门海域的“禁、限制水域”，质疑台湾的执法权是否合法。双方在这一问题上的分歧，使得谈判变得更加复杂与艰难。解放军的军事回应面对台湾的态度，解放军进行了强硬回应。28日和29日，解放军进行了大规模军事活动，共出动19架次军机和7艘次军舰，越过了“海峡中线”。台空军前副司令张廷廷指出，解放军距离台湾本岛仅有23海里，一分钟即可抵达，这种态势对台湾构成了严重威胁。对“海峡中线”问题的争议解放军南北夹击的态势，令台军压力倍增。中国国防部声明“海峡中线”不存在，这一表态引发了台湾的广泛关注与担忧。邱国正认为，双方应维持现有的默契，但这一提议被质疑为对解放军的威胁。结论目前，台军对解放军的压力显得无力应对。邱国正呼吁“互相尊重”，但这一论调被批评为具有威胁性。两岸关系的紧张根源在于台湾方面的责任，大陆的耐心已经接近极限。邱国正即将卸任，其发言的有效性受到质疑。未来，赖清德的态度将成为决定两岸关系的关键因素。作者评价：当前的两岸关系处于非常紧张的状态，这主要源于台湾方面在金门撞船事件后的处理态度。尽管台湾强调执法的合法性，但在没有确凿证据的情况下，大陆的质疑并非毫无根据。解放军的军事行动更是表明了大陆在主权问题上的坚定立场。邱国正的呼吁虽然看似希望缓和局势，但从结果来看，效果并不理想，反而被认为是对大陆的威胁。未来，赖清德作为新当选的台湾领导人，其态度将对两岸关系产生重大影响。赖清德若能采取更加务实和灵活的态度，或许有助于缓和当前的紧张局势。毕竟，和平与稳定是两岸人民的共同愿望，也是国际社会的普遍期盼。总的来说，两岸关系的紧张局势需要双方共同努力来缓和。任何一方的过度强硬或僵化立场，都会使得问题进一步恶化。在国际局势复杂多变的今天，两岸关系的稳定不仅关系到区域安全，也影响到全球的和平与发展。因此，希望双方能够以大局为重，通过对话与合作，找到解决问题的有效途径，维护两岸的和平与稳定。
66765f9ffb88ab4b048dd597,https://mp.weixin.qq.com/s/rXwgCWEfTx6Dg66iMksovg,两岸最新消息：邱国正叫嚣“第一击”，放话解放军越线就打，大陆工程船出手,2024,06,07,2024-06-07,大家好，欢迎来到《乡村飞飞》，我们每天推送有趣实用的热点时事信息，今天要分享的文章：两岸最新消息：邱国正叫嚣“第一击”，放话解放军越线就打，大陆工程船出手最近，一场台海风波掀起了波澜。在涉及2.14渔船事件的背景下，台防务部门负责人邱国正的表态引发了广泛关注，他宣称台军对于“第一击”的定义发生了改变，将解放军航空器或海航实体越过“界线”视为第一击，台军可进行反制。这一表态无疑加剧了两岸关系的紧张，尤其在大陆采取实际行动回应的情况下，可能引发严重后果。............................首先，让我们回顾一下2.14渔船事件。这起事件的发生凸显了两岸关系的紧张氛围，使人们担忧局势可能进一步恶化。而在这样的背景下，台防务部门的表态更是添了一把火。邱国正的表态引发了广泛热议。他所谓的“第一击”定义的调整，意味着台军可以对解放军的越界行为进行反击。这标志着台湾方面对于现实情况的认知发生了转变，尤其是针对新型飞行器如无人机的适用，显示出台湾方面的警惕和决心。然而，邱国正声称的所谓反制措施却引起了质疑。他提到的通过警告、喊话、打信号弹等方式处理越界实体的做法，被认为难以在大陆面前产生实质影响。这也暴露出了台军在面对大陆的挑战时可能遇到的局限性。............................与此同时，民进党当局试图通过炒作“第一击”概念，制造紧张氛围，但可能适得其反。这种行为可能会使得台海局势更加紧张，进而引发严重后果。退役中将李贵发对定义的更改表示担忧，认为可能导致误判和冲突，这也是民众普遍关注的焦点。大陆方面的回应也令人瞩目。出动疏濬工程船，被解读为加强对金门地区影响力的举动。这一举动可能对台军构成压力，使得大陆在该水域的掌控力逐渐增强。这种行动不仅令岛内恐慌，还进一步加剧了金门局势的紧张。大陆疏通航道的举动可能削弱台湾“海巡署”在该水域的管辖权，使大陆舰船频繁出现，进一步加强了对金门地区的主导地位。这种情况下，台湾在面对大陆时更为被动，增加了局势的不确定性。............................综上所述，台海局势的紧张已经到了不容忽视的地步。邱国正的表态、大陆的回应以及两岸关系的动态变化，都需要引起全球的高度关注。我们期待双方能够通过对话与协商解决分歧，避免局势进一步恶化，维护地区的和平稳定。............................免责声明：本号对所有原创、转载文章陈述与观点均保持中立，内容仅供读者学习和交流。文章、图片等版权归原作者享有，如有侵权，请留言联系更正或删除（文中图片来自网络，侵删）   小编每日原创不易，若您还满意，可点左下角“分享”支持小编或点右下角“在看”，感激不尽！
66765f9ffb88ab4b048dd598,https://mp.weixin.qq.com/s/9K5DJKPzvAgT5nrlfaFyrA,又一渔船翻覆，2遇难2失踪，大陆出动6架直升机，到底什么情况,2024,06,07,2024-06-07,自“2.14恶劣翻船事件”发生以来，两岸民众无不为不幸遇难渔民感到惋惜。但谁曾想，2.14事件还没解决，又有一艘渔船翻身翻覆，造成2人遇难，2人失踪，大陆紧急出动了6架直升机前往救援，这到底是什么情况？又一渔船发生翻覆真是“一波未平一波又起”，距离2.14恶劣翻船事件“发生才一个月，渔船翻覆事件再度发生。根据3月14日观察者网报道消息讯，当日凌晨，福建龙海籍渔船“闽龙渔61222”轮在东碇岛附近海域沉没，船上6人遇险。由于事发地点位于金门外海附近，这无疑引发了人们的多番猜测，毕竟，2.14翻船事件也发生在金门海域附近，并且两岸因为2.14翻船事件，关系闹的非常紧张。可想而知，如果这次翻船的责任再次指向台“海巡署”的话，那结局可想而知，即使台当局在如何巧言令色，大陆也不敢保证会不会在愤怒之下对其动手。大陆出动6架直升机然而，对岸接下来的行动打破了人们对其的各种猜测。据悉，当“闽龙渔61222”号翻覆后，船员曾尝试通过无线电发送求助信号。大陆在接收到求救信号后，在第一时间立即调动了6架直升机展开救援行动。值得注意的是，与此同时，当地的金门海巡队也立即派出了4艘巡逻艇前往搜寻救援。截至15日，指挥船“海巡0802”在现场指挥下，协调搜救船艇扩大搜寻范围。同时，专业救援直升机已于0752时起飞前往事发海域展开空中搜索，而潜水员于0940时下水，已进行了两次探查。在此之后，金门县长陈福海发表谈话，表示金门县将全力协助处理相关事宜。他强调了人道主义立场，呼吁台当局保持同理心，共同协商以促进尽早解决事态。此次事件可能是意外但令人遗憾的是，尽管成功救出了2人，但其他4人中有2人不幸遇难，而另外2人的生死仍然未明。“闽龙渔61222”轮发生翻覆的原因仍在进一步调查中。那么这到底是什么情况呢？近日，也有媒体透露相关信息表示，在事发海域，并未发现台湾海巡署的相关船只，因此似乎与台湾海巡署并无直接关联。随后，金门海巡队也加入了搜救行动，这一事件很可能是一起意外事件。而且从台方处理态度来看，有观点认为，此前大陆的反制措施已经开始见到一些成效，两岸之间已经形成了救援的共识。面对大陆近期采取的一系列反制行动，包括派遣军机和军舰，以及在厦金海域进行常态化巡查并逐步升级的举措，台“海巡署”可能已经产生了一些顾虑，不敢再发生类似事故。但无论如何，从“闽龙渔61222”号翻覆事件发生后台湾方面的反应来看，两岸之间的默契机制仍然是有效的。毕竟在面对生死攸关、亟待救援的紧急情况下，金门海巡队能够迅速出动并进行救援，这一点是应当受到肯定的。
66765f9ffb88ab4b048dd599,https://mp.weixin.qq.com/s/dpHpCHEOtxjCmTnjZ8rNCQ,陆船事件9轮谈判未果，台方挟尸要挟对大陆放狠话，洪秀柱成被告,2024,06,07,2024-06-07,当我们回顾这个事件时，不禁让人感叹其中的复杂性和深远影响。就在2月27日，大陆渔船翻覆事件的第13天，我们看到了一系列的协商、法律问题、政治态势、民间舆论以及台湾内部反应，这些都给人们带来了许多思考。在这个事件中，角色和背景的介绍至关重要，因为他们的立场和态度直接影响了事件的发展。首先，让我们重新审视一下参与这个事件的各方。在台湾一方，海巡署代表扮演着至关重要的角色。他们负责维护台湾海域的安全，保护台湾渔民的利益。而在这次事件中，海巡署代表的态度和行动直接影响了事件的进展。另一方面，我们还有台湾的政治人物，比如陈建仁和邱国正，他们作为政府的代表，承担着重要的责任，需要在外交事务中保持稳定和冷静的态度。而民进党和国民党的态度也对事件的发展产生了影响，他们代表着不同的政治立场和利益诉求。在大陆一方，陆方代表团的态度和行动也备受关注。他们作为大陆政府的代表，需要维护大陆渔民的利益，同时也要考虑到两岸关系的稳定。另外，大陆舆论对这次事件的反应也是不容忽视的，他们的声音反映了大陆民众的情绪和态度，直接影响了政府的决策和行动。在这样一个复杂的背景下，这次事件的发展显得尤为关键和敏感。协商的过程中，双方都展现出了坚决的立场和不妥协的态度，导致了谈判的僵局。而法律问题的出现更是给事件增添了新的变数，台媒称发现了碰撞痕迹证据，金门地检署也认为存在过失致死罪嫌，这让事件的复杂程度进一步加深。政治人物们的表态也给事件增添了不少戏剧性，民进党高官的强硬态度和反对声音的不断上升，都给事件的解决带来了挑战。然而，正是在这样的困境中，我们看到了一些积极的信号。一方面，台湾政府加强了对金门海域的监控和取缔措施，表明了他们对事件的重视和决心。另一方面，大陆政府也表示愿意继续协商解决问题，这给了我们一线希望。在民间舆论方面，虽然存在分歧和争议，但也有一些声音呼吁双方保持理性和冷静，寻求共同解决方案，这为事件的解决提供了新的思路和可能性。回顾整个事件的发展，我们不禁想起了一句名人名言：&ldquo;困难只是暂时的，只要我们坚持努力，一定能够克服。&rdquo;正是在困难和挑战面前，我们才能够展现出自己的勇气和智慧，找到解决问题的最佳路径。相信通过双方的共同努力和协商，这次事件最终会有一个圆满的解决方案。最后，我想和各位读者一起思考：面对类似事件，我们应该如何更好地处理？我们是否应该更多地倾听对方的声音，寻求共识？
66765f9ffb88ab4b048dd59a,https://mp.weixin.qq.com/s/EaNkR5wciO40uN4rlejB_g,刚刚，台当局给“海巡署”下命令，对大陆渔船扣押驱逐，中方霸气态度让人害怕！,2024,06,06,2024-06-06,近段时间台海局势持续紧张，赖清德当局不断对大陆进行挑衅！现在更是下令“海巡署”对大陆渔船出手，扣押和驱逐大陆渔船，对大陆进行严重挑衅！但是让民进党台当局没想到的是，这一次解放军也出动了，面对突然出现的解放军，守岛台军惊慌失措！据悉，自从214金门恶性撞船事件以来，台当局的态度恶劣，大陆方面就采取措施，一直派海警船进入金门所谓的“禁止水域”进行常态化执法巡查。而台军在大胆岛、二胆岛也多次被大陆无人机抵近拍摄，但是却无可奈何！据台湾媒体报道，台防务部门称5月29日，解放军两艘补给船再次出现在金门所谓“禁限制”水域航行，虽然台“海巡署”出动了快艇对船只进行跟踪监视，但是并没有什么效果，解放军补给船在40多分钟之后才离开！其实在解放军军舰首次向台岛方向驶来的时候，台当局已经下令加强战备部队戒备了，但是毕竟双方之间的实力悬殊非常巨大，所以并没有起到什么效果！现在大陆海警船和解放军之间的配合越来越默契，在台海周围的行动越来越如鱼得水，这让台当局非常着急！6月3日台当局“行政机构”负责人前往“海巡署”举行所谓的“威力扫荡”典礼仪式，在此仪式上发表讲话，称现在“海巡署”的军事实力得到了很大的提升。其表示台军已经交付了大量的军事装备和人员，其中包括各种型号的无人机、军舰等等，实力雄厚，可以和解放军进行对抗，现在“海巡署”的配置已经可以实现“威力扫荡”！所以在面对解放军的时候不用害怕，尤其在对待大陆渔船的时候，“该扣就扣、该驱逐就驱逐”！不得不说，在放狠话方面，民进党台当局确实从美国的身上学到了一些！但问题是，有些事情并不是放狠话就可以解决的，比如和解放军的对抗上，双方的实力差距不只一点点，民进党台当局想要和大陆对抗，也要看看自己到底有几斤几两！就算是美国，在和中方防长的会晤上，也不敢和民进党台当局一样嚣张，在此次会晤上，我方已经就台湾问题再次明确立场态度，接下来如果民进党台当局和美国还是狼狈为奸，想要作死的话，“台独”分子的下场将会非常凄惨！
66765f9ffb88ab4b048dd59b,https://mp.weixin.qq.com/s/F5w5qKux9RkO7hmVS-0tgA,突发！马祖的南引岛被插上五星红旗，台军与台海巡“内讧”未处理！,2024,06,06,2024-06-06,戳上面的蓝字关注我们哦！致力于关注国际军事新闻，传播正能量，弘扬爱国精神！感谢您的观看，请关注并把我分享给更多的朋友！我会坚持为您服务！在台海局势日趋紧张的背景下，一面悬挂在马祖列岛南引岛上的五星红旗成为两岸紧张关系的新焦点。此事件不仅反映出台海地区的敏感性，而且揭示了台湾地区军事部门内部协调机制的脆弱。台军与台海巡在处理过程中的分歧显现了军事应对措施的迟缓和效率问题，成为了公众关注的议题。【南引岛五星红旗发现】台岛钓客于3月14日在南引岛上发现五星红旗，该事件引起了一定的关注。在处理这一事件上，台“国防部”与“海巡署”却互相推诿，没有立即采取措施。南引乡长林德建推测，五星红旗可能是大陆渔民在该岛上设置的。他指出南引岛是一个无人岛礁，并且处于三不管地带，这可能是渔民无意中留下的标志。【马祖列岛补给困难】马祖列岛由于地处偏远，距离台岛有114海里，导致补给面临一定的困难。民进党当局在处理岛上补给问题上显得力不从心，以至于驻军士兵有时只得以白米饭和罐头来解决温饱问题。马祖和金门驻军的数量逐年减少，对于台军和海巡而言，这些外岛逐渐成为了鸡肋，即存在但价值和意义不大。【台海巡与国防部互推】台“海巡署”与台“国防部”在南引岛上的五星红旗事件中相互扯皮，导致责任不明，处理不力。台海巡原本在大陆的形象良好，但在这次事件中因为畏于处理无人岛礁上的五星红旗，导致形象受损。同时，台海巡与台“国防部”面对外岛意外事件的态度显得消极，遭受外界批评，双方互相推诿的行为不利于问题的解决。【台海巡的慎重态度】台“海巡署”自从“214金门大陆渔船翻覆事件”之后，在处理类似事件上变得更加谨慎和小心。对于近期在无人岛礁发现的五星红旗事件，台海巡保持着高度的警惕，认为可能存在未知的风险。在未来，台海巡及台“国防部”可能会继续选择保持沉默，对南引岛等外岛的特殊事务采取观望的态度，避免直接介入风险可能较高的事件中。在探讨马祖列岛事件中，我们见证了台湾当局在维护外岛领土主权上的挑战，以及台军与台海巡在南引岛五星红旗事件的应对中表现出的互相推诿，反映了台湾在外岛防务管理上的被动和犹豫。这不仅揭示了台湾在强化边防立场时所面临的困境，也映射出两岸关系的敏感性和复杂性。[免责声明]：文章描述过程、图片都来源于网络，此文章旨在倡导社会正能量，无低俗等不良引导。如涉及版权或者人物侵权问题，请及时联系我们，我们将第一时间删除内容！如有事件存疑部分，联系后即刻删除或作出更改。素材来源官方媒体/网络新闻点个“分享”和“再看”的都是大大的好人！
66765f9ffb88ab4b048dd59c,https://mp.weixin.qq.com/s/nMLvbjLU2sSV68LB2vKV9Q,解放军围岛军演后，台当局严令对待大陆渔船：可扣可驱,2024,06,06,2024-06-06,自214金门撞船事件发生后，大陆方面采取了积极行动，频繁派遣海警船进入金门所谓的“禁入”水域进行巡逻，彰显了对该区域的实际控制力。不仅如此，解放军还亲自上阵，派遣补给船靠近金门岛屿，让台军守军惊愕不已。据台媒披露，5月29日，两艘解放军补给船公然驶入金门“禁入”海域，停留40分钟后方才撤离。这是解放军船只首次如此明目张胆地靠近台湾守岛，令台湾方面高度紧张，立即进入戒备状态。此后，大陆海警船更是多次闯入该水域巡航，展示了大陆方面的决心和实力。面对大陆方面的步步紧逼，台当局感到前所未有的压力。6月3日，民进党当局高层亲临“海巡署”，参加“威力扫荡”誓师典礼，宣布将增强海巡力量和装备，包括增加飞机、巡防舰、巡防艇等，意图提升海上执法能力。台“海委会”主委在典礼上明确表示，此次增援是为了强化海上执法，对违法行为将采取严厉措施，包括抓捕、扣押、罚款和驱逐等。这一强硬表态显示出台当局在面对大陆方面的压力时，意图通过展示海上执法力量来维护自身权益。然而，台当局的这一举动并未能掩盖其背后的虚弱和无奈。尽管台当局宣称要增强海巡力量，但实际上，除了两艘较大吨位的巡防舰外，其余装备均显得较为薄弱。这种所谓的“威力扫荡”更像是一种政治作秀，而非真正的实力提升。此外，台当局在214撞船事件后一直未能给大陆一个满意的解释，现在又发出如此强硬的命令，这无疑增加了擦枪走火的风险。更重要的是，台当局的挑衅行为已经从简单的外交抗争升级为有预谋的直接对抗，将“海巡署”推到了冲突的前线。那么，台当局为何突然如此大胆地挑衅大陆呢？这背后有多重因素在起作用。首先，大陆近期在台海周围的常态化执法对台当局构成了巨大压力，使其试图通过更激进的行动来显示其“能力”和“决心”。其次，台当局可能受到了外部势力的支持和煽动，尤其是美国的支持。在最近的新加坡香格里拉对话会上，美国国防部长的表态无疑是在鼓励甚至支持台湾采取更激进的措施。这给了台当局一种错觉，即美国会为其挑衅行为提供后盾。然而，这种想法是极其危险的。大陆方面对台当局的挑衅行为保持了高度警惕和克制。董军防长在香格里拉会议上的发言明确表明了大陆的立场和决心：面对强大的人民解放军，“台独”分子的抵抗是徒劳的。这种行为的后果只能是自取灭亡。董军的言论不仅展现了两岸在军事力量上的悬殊差距，同时也是对台湾当局的一个严正警告：解放军完全有能力和信心实现祖国的完全统一。大陆之所以未直接动用武力，是因为还在尽力通过和平手段解决台湾问题。但如果“台独”硬核分子继续坚持他们的立场和挑衅行为，那么解放军对“台独”分裂势力的打击将更加猛烈和迅速。若赖清德等“台独”顽固分子持续坚守其分裂立场，解放军针对“台独”势力的联合军事演习频率与强度必将进一步提升。这不仅彰显了我们捍卫国家统一的坚定决心，也预示着解决台湾问题、实现祖国完全统一的日子将日益临近。素材来源官方媒体/网络新闻
66765f9ffb88ab4b048dd59d,https://mp.weixin.qq.com/s/ogWTyeuwRovSbH_KwOcSEg,台当局给“海巡署”下命令，对大陆渔船，该扣就扣、该驱逐就驱逐,2024,06,05,2024-06-05,  戳上面的蓝字关注我哦！台海新动向：台当局对“海巡署”下令，严控大陆渔船活动自214金门撞船不幸事件后，大陆海警船频繁驶入金门所谓的“禁止水域”进行执法巡查，甚至连解放军也罕见地现身该区域。这一连串动作，让守岛的台军感到惊愕与无奈，只能眼睁睁看着解放军自由行动。据台湾媒体报道，台防务部门已证实，5月29日，有两艘解放军补给船在金门“禁限制”水域航行，期间台湾“海巡署”仅能出动一艘快艇进行监视。当天金门海域气象条件不佳，两艘补给船在短暂停留40分钟后便离开。这是首次有解放军舰艇朝向台军驻守的岛屿航行，台当局已下令战备部队提高戒备等级。另有台媒揭露，在5月的最后三天里，大陆海警船连续进入金门“禁限制”水域进行巡航。金门当地的博主还发布了视频，显示5月31日大陆海警船以两舰编队的形式，在金门“禁限制”水域内巡航，期间还展示了两组舰队交互、原地掉头等复杂操作。随着大陆海警与解放军的配合日益默契，台当局开始感到焦虑，并准备采取对抗措施。6月3日上午，民进党当局的“行政机构”负责人卓荣泰亲临“海巡署”，参加所谓的“威力扫荡”誓师典礼及装备接收仪式。在交接仪式上，台“海委会”主委管碧玲发表了讲话。她宣布，此次“行政机构”提供了大量经费，为“海巡署”增添了诸多设备与人员，包括1架航空器、2艘巡防舰、4艘巡防艇、30辆车辆以及201名人员。尽管这些数字听起来颇为壮观，但实际战斗力却值得商榷。除了两艘4000吨级的巡防舰外，其余装备大多为小型巡防艇和陆地车辆，这使得所谓的“威力扫荡”更像是一种虚张声势。管碧玲还大肆吹嘘“海巡署”在坚守海防前线方面的贡献，特别是在应对大陆对台军事演习时的严阵以待。她甚至厚颜无耻地炫耀自己的工作“成果”，声称在过去两年里成功“驱离”了1486艘次的大陆渔船，查扣了33艘，并拘留了196人。这番话无疑暴露了台当局的恶行与罪状，可以说是一种明目张胆的挑衅。紧接着，卓荣泰也发表了强硬讲话。他表示，未来将在海巡规模、人力资源方面投入更多资源和新装备。他强调，海巡人员必须坚定立场，而台当局将全力支持他们。在遇到不法行为时，该抓的就抓、该扣就扣、该罚就罚、该驱逐就驱逐。这是卓荣泰上任以来首次对海巡工作作出如此强硬的表态，虽然没有直接点名，但其针对性非常明显。鉴于“214恶性撞船事件”的教训，以及台当局和“海巡署”至今仍未给大陆一个合理的解释，如今又收到如此强硬的命令，这意味着未来“海巡署”的挑衅行为可能会更加激烈，甚至存在擦枪走火的风险。同时，这也意味着台当局对大陆的挑衅已经从外交层面升级为有意的直接对抗，并将“海巡署”推到了对抗的前沿。那么，台当局究竟何来的底气如此挑衅大陆呢？从内部形势来看，近期大陆在台海周边的常态化执法确实给台当局带来了巨大的压力。台当局希望通过采取更激进的行动来展示自己的能力和决心，以赢得更多的支持。然而，仅凭这一点还不足以解释台当局的勇气来源。因此，我们可以推断，台当局之所以敢于如此行事，背后必然有外部的干涉——那就是美国。在最近结束的新加坡香格里拉对话会上，美国防长奥斯汀公开表态，在与中国防长董军的会晤中表示，他会接听因紧急事件而打来的电话，并对此作出承诺。这一表态传递出一个明确的信息：美国不仅纵容“台独”势力的挑衅行为，还愿意承担在电话中听到“突然传来的某些消息”的潜在风险。这种态度无疑释放了一个极其危险的信号——美国在鼓励甚至支持台当局采取更为激进的行动。对于美国和台湾之间的这种暗中勾结，大陆方面也是心知肚明。董军防长在香会上明确表示，在强大的人民解放军面前，“台独”分子只是螳臂当车、自欺欺人，他们的行为只会加速自己的灭亡。董军的这番话不仅揭示了两岸在军事力量上的巨大差距，同时也向台当局发出了严厉的警告：解放军有能力、有信心实现祖国的完全统一。大陆之所以没有直接动用武力，是因为我们仍在尽最大努力通过和平方式实现两岸的统一。然而，如果赖清德等人继续坚持顽固的“台独”立场，那么解放军针对“台独”分裂势力的联合军事演习的密度、力度、强度和规模都将会持续加大。“我们距离实现祖国完全统一、彻底解决台湾问题的目标已经越来越近。”岛内有学者发出警告，这是大陆首次明确提出解放军可以单方面完全解决台湾问题，“台湾应该做好最坏的打算”。文章看到这里了，别忘了右下给小编点在看+点赞👍文章描述过程、图片都来源于网络，此文章旨在倡导社会正能量，无低俗等不良引导。如涉及版权或者人物侵权问题，请及时联系我，第一时间删除内容！
66765f9ffb88ab4b048dd59e,https://mp.weixin.qq.com/s/eOLgJmmw3Ezerrf8fwGs1w,解放军围岛后，台当局下令，对大陆“过界”渔船可抓、扣、罚、驱,2024,06,05,2024-06-05,点击下方关注  第一时间收到最新内容自214金门恶性撞船事件爆发后，大陆一直没闲着，把海警船差不多当家常便饭似的派进金门那些“不准入”的水域巡逻去了。大胆岛、二胆岛上的台军虽然经常能看到大陆无人机在他们头顶上嗡嗡作响，拍个不停，可谁能想到，解放军竟然亲自上阵，让那些岛上的守军吓得魂飞魄散，只能干瞪眼看着人家来去自如。台媒八卦出来，5月29日，解放军派了两艘补给船抵达金门这块“禁入”海域。台湾的“海巡署”只能派出一艘快艇跟在后面监视。那天海上风高浪急，但这两艘补给船还是逗留了40分钟后才高高兴兴地撤了。这还是头一遭解放军的船只这么敞亮地往台方的守岛靠拢，台湾那边自然是紧张得不得了，赶紧让部队严阵以待。还有台媒爆料，5月的最后几天里，大陆海警船三番五次地闯进金门的“禁入”水域巡航。一个当地的网红还放了个视频，展示了5月31日大陆海警船以两舰编队的方式在金门附近海域巡航，并且进行了几次队形交换和原地掉头的花样。看着大陆海警与解放军的合作越来越有默契，台当局心急如焚，终于按耐不住，开始准备反击。6月3日一大早，民进党当局的“行政机构”负责人卓荣泰还特地跑到“海巡署”，参加了一场所谓的“威力扫荡”誓师典礼和接装仪式。仪式一开场，台“海委会”的主委管碧玲就上来发表讲话，声称这次是行政机构掏钱，给“海巡署”添置了一大堆装备和人手，包括飞机一架、巡防舰两艘、巡防艇四艘、车辆三十辆、人员201人。听着数量惊人，实则战斗力还有待考验，毕竟除了两艘4000吨级的巡防舰，其它都是些小打小闹的装备。这样的配置，使得这次所谓的“威力扫荡”更像是在唬人。接下来，卓荣泰也站出来发言，宣布未来将在海巡规模和人力上加大投入，引进更多新装备。他强硬地表示，海巡人员要坚守岗位，台当局会全力支持，一旦发现违法行为，就是抓、就是扣、就是罚、就是驱逐，毫不手软。这是卓荣泰上任以来首次对海巡表态如此强硬，虽然没有点名，但针对性十足。对于214恶性撞船事件，台湾方面及“海巡署”至今未给大陆一个满意的解释，现在又发出如此强硬的命令，预示着“海巡署”未来的行动可能更为激烈，擦枪走火的风险不可小视。更重要的是，台湾当局的这种挑衅行为已经从简单的外交抗争升级为有预谋的直接对抗，把“海巡署”推到了冲突的前线。那么，台湾当局为何突然如此大胆地挑衅大陆呢？首先，近期大陆在台海周围的常态化执法无疑对台当局构成了巨大压力。台湾当局试图通过更激进的行动来显示其“能力”和“决心”，以此吸引更多的支持。但这还不足以解释台当局的突然胆大包天，背后必有外部势力的支持和煽动，那就是美国。在最近结束的新加坡香格里拉对话会上，美国国防部长奥斯汀明确表示，他愿意接听因紧急事件而来的电话，并发誓会这样做。这句话传递了一个非常明确的信息：美国不仅容忍“台独”势力的挑衅行为，甚至准备承担由此可能带来的风险。美国这种态度无疑是在鼓励甚至支持台湾采取更激进的措施。大陆方面显然也看在眼里。董军防长在香格里拉会议上已明确表示，面对强大的人民解放军，“台独”分子的抵抗无异于螳臂当车，不自量力。这种行为的后果，只能是自取灭亡。董军的言论不仅反映了两岸在军事力量上的绝对差距，同时也是对台湾当局的一个警告：解放军完全有能力和信心实现祖国的完全统一。大陆之所以未直接动用武力，是因为还在尽力通过和平手段解决台湾问题。但如果赖清德等“台独”硬核分子继续坚持他们的立场，解放军对“台独”分裂势力的联合军演的密度和强度只会增加，我们实现祖国完全统一、解决台湾问题的日子也将越来越近。点下方头像【关注】，再点亮【赞】+【在看】一起讨论吧。
66765f9ffb88ab4b048dd59f,https://mp.weixin.qq.com/s/xTuklY1bjRvX_KiPPfHOAA,解放军舰艇“串门”金门，台当局紧张下令：严防死守,2024,06,05,2024-06-05,自“214金门恶性撞船事件”之后，大陆海警船频繁进入金门所谓的“禁止水域”进行常态执法巡查，甚至解放军也罕见现身，令守岛台军措手不及。这一系列动态不仅彰显了大陆在维护海洋权益上的决心，也反映出台海局势的复杂性和敏感性。据台媒最新报道，5月29日，两艘解放军补给船在金门“禁限制”水域高调亮相，引发台方高度紧张。台“海巡署”迅速出动快艇进行监视，然而，面对解放军的庞然大物，他们也只能望船兴叹。此次事件被视为解放军对台当局的一次强烈示威，也标志着台海局势进入了一个新的阶段。与此同时，大陆海警船的巡航活动也日益频繁。在5月的最后几天里，海警船连续三天在金门“禁限制”水域内进行巡航，展示了其高度的战备状态和强大的海上执法能力。金门当地的博主发布的视频显示，海警船以编队形式进行巡航，期间还进行了精彩的舰队交互和原地调头等高难度操作，无疑是在向外界传递一个明确的信号：大陆对台海的掌控力已经今非昔比。台当局此次的“强硬”表态，除了受到大陆方面的压力外，更离不开美国的暗中支持。在刚结束的新加坡香格里拉对话会上，美国防长的表态无疑为台当局的挑衅行为提供了“底气”。这种外部干涉不仅无助于缓解台海紧张局势，反而可能引发更大的危机。值得一提的是，尽管台当局表面上强硬，但实际上却心有余悸。毕竟，解放军的军事实力摆在那里，任何轻举妄动都可能招致严重后果。因此，台当局在加强战备的同时，也不得不寻求与大陆的对话和沟通，以避免擦枪走火的风险。大陆方面对台当局的挑衅行为并未给予过多回应。董军防长在香会上的发言已经表明了大陆的立场和态度：解放军已经做好了应对一切挑战的准备，“台独”分子的任何挑衅都将是徒劳的。大陆之所以没有直接采取武力措施，更多的是希望通过和平方式解决两岸问题。这一立场体现了大陆方面的最大诚意和耐心，也符合两岸人民的共同利益。事实上，台海局势的紧张并非不可调和的矛盾所致，而是受到多种复杂因素的影响。其中，美国的干涉和台当局的“台独”倾向无疑是最大的不稳定因素。无论外部势力如何干涉，两岸关系的发展最终还是要靠两岸人民自己来决定。只有通过和平对话和协商解决分歧，才能实现两岸的和平统一和共同发展。综上所述，台海局势虽然紧张复杂，但大陆方面始终保持着冷静和克制，希望通过和平方式解决两岸问题。如果台当局继续坚持“台独”立场并勾结外部势力进行挑衅，那么解放军必将采取果断措施予以回击。维护国家主权和领土完整是大陆方面的坚定立场和神圣使命。在任何情况下，大陆都绝不会容忍任何分裂国家的行为发生。
66765f9ffb88ab4b048dd5a0,https://mp.weixin.qq.com/s/GT9UY8kHOooNPVWSG_cx-g,伪海巡署“永康”舰交付、“长滨”舰下水，一艇配属金门，无人艇首亮相,2024,06,04,2024-06-04,综合台湾省媒体消息：今天（6月2日），刚“上任”的台伪当局所谓副领导人、台独分子萧美琴前往台湾省高雄市旗津区的中信船厂高鼎厂区，出席伪海巡署举行的“安平”级600吨级巡逻舰8号舰“永康”舰（舷号CG610）和PP3520巡逻艇交船和“安平”级9号舰“长滨”舰（CG611）命名下水联合典礼。台伪海洋委员会主委管碧玲和中信造船有关负责人一同出席。▲6月2日，在高鼎厂区举行的“永康”舰交付和“长滨”舰命名下水联合仪式，台伪当局所谓副领导人萧女出席。据悉，“永康”舰于2022年6月27日开工建造，2023年1月3日铺设龙骨，2023年11月10日下水，该舰交付后，将列编伪海巡署舰队分署南部地区机动海巡队。而“长滨”舰于2022年11月4日开工建造，2023年8月4日铺设龙骨，2024年6月2日下水，预计建成后将列编伪海巡东部地区机动海巡队。两舰性能数据可参见本号早期文章《【台海观察】从伪海巡署“成功”舰参加“汉光38”军演看“安平”级部署进度》。▲“永康”舰在交付现场和试航时的照片，▲“长滨”舰下水时的照片，此外，本次交付的由中信造船建造的PP-3520巡逻艇是台伪海巡署新建的35吨级巡逻救助艇的第31艘，船长22.35米、船宽5.12米、船体材质为铝合金。动力为两台1324kW 柴油机，最高航速45节，最大排水量46.6吨，续航力600海里，配备有遥控水炮，最大射程超过60米，可由驾驶室遥控操作，除可执行海上救助外，还可用于驱离违法船舶。该艇将配属于金门的伪海巡队。▲PP-3520艇在交付现场和试航时的照片，▲在当天的典礼现场，中信造船还展示了该厂正在研发中的无人艇样机，据信可能受到俄乌冲突影响，为台伪当局“以武拒统”而研发的所谓“不对称战力”产品。
66765f9ffb88ab4b048dd5a1,https://mp.weixin.qq.com/s/B-2A79Ubwr9mglJD9DOBHw,三大消息：中日韩终于达成一致；解放军出手严惩！赖清德彻底完了,2024,06,03,2024-06-03,近期，国际社会传出三大消息：第一大消息：中日韩罕见达成一致，同意“讨论加快自贸协定谈判”据上观新闻报道，5月27日，中日韩领导人会议在韩国首尔落幕。三方发表《联合宣言》，明确写入“讨论加快三国自贸协定谈判，以期达成自由、公平、全面、高质量、互惠且具有自身价值的自贸协定”。外界认为，在中日韩合作机制建立25周年之际，三国领导人就加快推进自贸协定谈判达成共识，可以说是本次会议的重要成果之一。到目前为止，中日韩自贸协定谈判已启动11年，完成16轮。中日韩距离达成自贸协定究竟还有多远？ 设立中日韩自由贸易区的构想最早于2002年在中日韩领导人峰会上提出，2012年11月在柬埔寨金边召开的东亚领导人系列会议期间，正式启动谈判，但持续20余年、历经16轮谈判，中日韩自贸协定仍未落地。中国社会科学院亚太与全球战略研究院副研究员李天国对经济观察网表示，中日韩三国各自产业优势不同，在具体产业领域的贸易与投资自由化方面存在分歧。除此之外，政治地缘因素以及历史遗留等问题也影响着谈判进程。不仅如此，之前中日韩自贸协定无法继续谈判，还有一个原因就是美国的阻挠，如今日本和韩国己经颇有和美国说不断节奏，实际上对于中日韩重启在贸协定的谈判，不仅仅美国会不淡定，民进党当局的美梦也已经破碎。日本和韩国是美国的铁杆盟友，日韩在诸多问题上都是听命于美国，但是如今在经贸领域，日韩已经不愿意跟着美国捣乱，而是要恢复中日韩自贸协定的谈判，对于日韩态度的转变，日本媒体已经“一针见血”，宣称无论如何，日韩在经贸领域都是无法和中国进行切割的。然而，中日韩三国深化合作仍面临挑战。日本首相岸田文雄此前在美国国会的演讲中表达了对中国挑战的看法，且在会议前夕要求中国解除对日本水产品的进口限制，显示了还需克服的战略认知差异。面对分歧与挑战，三国坚持通过对话增进理解，逐步推进合作，符合历来的发展路径。本次领导人会议的重启，是重建互信的关键一步，对未来关系的积极发展具有深远意义。第二大消息：解放军举动罕见，在台岛周边开展“联合利剑—2024A”演习据中国台湾网报道，国务院台湾事务办公室近日举行例行新闻发布会，国台办发言人朱凤莲主持新闻发布会。朱凤莲表示，解放军在台岛周边开展“联合利剑—2024A”演习，是对台湾地区领导人“5·20”讲话谋“独”挑衅的坚决惩戒，是对外部势力纵容支持“分裂”、干涉中国内政的严厉警告，是捍卫国家主权和领土完整的正义行动。需要指出的是，我们的所有反制措施针对的是分裂活动和外部势力干涉，绝非针对广大台湾同胞。据《解放军报》报道，本次“联合利剑-2024”军事演习旨在检验和提升解放军在台海地区的联合作战能力和快速反应能力。演习中，解放军出动了航母编队、战略导弹部队、空中突击力量等多个精锐部队，通过模拟实战环境，对台岛周边多个重要目标进行了精确打击。演习展示了解放军在海上、空中、陆地等多维度作战的协同能力和快速反应能力，同时也向外界传递了维护国家主权和领土完整的坚定决心。可以说，演习形成一种新常态，大陆通过一系列军事行动形成了“反切香肠”的新常态。近年来，美国和台湾当局以“切香肠”的方式屡次冲击中国大陆的底线和红线。去年蔡英文窜美后，解放军进行了环台岛战备警巡和联合利剑演习。这一次赖清德“5·20”演说后，解放军再次进行联合利剑演习，可见只要分裂势力挑衅一次，解放军就进取一步，这就是“反切香肠”的新常态。总之，从金门渔船事件后，台当局所谓的8公里以内的“禁限制水域”不复存在，到现在赖清德就职演讲后，大陆海军和海警“围岛演习”就可以看出来，大陆的反制手段是层层递进。同时这次演习代号也颇为细节，后缀加了一个A，这意味着，以后可能还有B和C甚至更多，只要台当局有一颗“分裂”的心，大陆就会时刻准备“亮剑”。希望台当局能够认清事实，不要在错误的道路上越行越远。正所谓：“善恶到头终有报，只争来早与来迟。”走歪路不可怕，可怕的是明知是歪路，还要一直向前，不知悔改。第三大消息：赖清德连遭重挫，拜登对台表述生变，台前高官认为美方想“下车”据台海网报道，台媒5月28日刊登社论，题为《赖清德别误判拜登 带台湾走险路》。文章称，美国总统拜登日前在西点军校毕业典礼演说中，重申支持台海和平稳定。可今年台湾地区选举结果确定后，面对记者询问，拜登当场的反应是“不支持台湾独立”；拜登于4月24日签署一项紧急补充拨款法案时发表声明，强调援助乌克兰、以色列与印太地区的重要性，就是绝口不提对台湾的军事援助。这些都说明拜登对台湾议题谨言慎行，无意再造成任何困扰。原以为有着美国的撑腰，5 月 20 日，台当局赖清德上位的演讲上面，竟然敢公开支持“两国论”。相比之下，蔡英文只是使用“对岸”或“北京”这样的称呼，而赖清德却直接称呼“中国”，其胆量之大令人咋舌。赖清德上台并发表了公然搞“分裂”的讲话，实在无所畏惧，明目张胆。以前，不管是过去的哪一任领导……人在谈到敏感话题上，最多打一下“擦边球”，不敢说的那么明显，这个赖清德真的是什么话都敢说。不仅如此，赖清德在演讲中还特别提及“美国完成‘印太安全补充拨款法案’立法，将提供印太区域额外安全援助，支持台海的和平稳定”，用以彰显美国对台湾的所谓“支持”，借机向岛内民众信心喊话。然而事实却是，过去8年，美国对台军售24次，台湾总共吃下200多亿美元美式武器，其中不乏低配、落伍的装备。台湾经济发展停滞，老百姓的血汗钱却被大笔挥霍于喂肥美国军工产业，何其心酸！话说回来，社论中指出此次拜登的这番表态，却也可以看出相比之前的激进，此次变得更加和缓，而且不再提及出兵护台，似乎有意撇清关系。台“国安会”前副秘书长杨永明认为，拜登的说法与此前不一样，美国有一点想下车的感觉。拜登前后态度的变化，应该是体现了美国政府的真实意图，同时也说明解放军的震慑，起到了一定作用。据了解，拜登发表这番言论的时机，正值解放军在台海军演结束之后。
66765f9ffb88ab4b048dd5a2,https://mp.weixin.qq.com/s/ahy2pwKStRBNx44TR9rm1Q,动真格了？登陆舰入金门“禁限制”区，台湾无比紧张解放军新战术,2024,06,03,2024-06-03,"文 | 陈美秀5月29日上午9:13“金防部”发现两艘可疑目标，由厦门航向金门西南水道，通知“海巡署”警告“驱离”，事后根据“海巡署”录像分析，是中国大陆解放军“玉南级”坦克登陆艇，这是2023年以来，首度发现坦克登陆艇进出金门“限制性水域”。解放军派坦克登陆艇进出金门水道，军事意义为何？5月29日9:13由太武山的雷达站，这是“金防部”直接管辖发现了有两艘不明的舰艇，从厦门出来经刘五店航道然后直接到翟山水面，就是金门的西南航道，在金门的西南航道从旁通过，这个时候本来判明是海警船，但是派海巡过去一看不得了，原来是坦克登陆舰，这艘坦克登陆舰的编号是KD-161跟162是“玉南级”的所谓坦克登陆舰。它吨位大概在90吨，它的航速大概是12节，原先认为是一般或者是其他的舰艇，没想到是坦克登陆舰，坦克登陆舰从刘五店航道，一路到了西南水域之后才被发现，这个中间“金防部”就马上通知海巡单位，海巡单位就到现场直接“驱离”。刚刚好，海巡分队距离西南航道非常的近，很快他就到达然后就拍摄了录像，类似这种舰艇都是1980年代左右，总共生产了300多艘，在军中也陆陆续续地除役，除役了以后就当做离岛所谓的运补工具。这里面，就事涉了三个非常敏感的问题，第一从刘五店航道下来，难道金门的防区都没有发现，因为他必然要经过大二担，这两个重要的军事据点。你说它是坦克登陆舰，台湾地区过去在大二担，事实上也有部署所谓轻型战车，M-41猛犬式的轻战车，但是因为类似的轻战车非常的老旧，屡次发生事故以后就把它给换掉了，就从此以后大二担也没有战车。大二担撤除了坦克车编制以后，我们就可以发现，如果真要登陆，守军最怕的就是坦克车，登陆跟反登陆坦克车是一项利器，通过了这个水道，然后又到翟山，虽然中国大陆讲他们是离岛的运补。但是离岛的运补，因为这辆KD-161、162可以差不多容纳120个人，120个人相当于一个连的兵力，就造成了“金防部”大为紧张。第二幸好他是从刘五店出来，然后再转向漳州，可以说这条航道现在已经变成了厦门港最为重要的进出航道，就已经在金门的“禁限制水域”。从这点可以说明，金门的“禁限制水域”现在完完全全已经被中国大陆掌握，甚至于过去的默契也被打破了。第三就军事意义它来说的话，如果它真的登陆台湾应该怎么处理，所以我们看过去2023年也曾经有所谓的坦克登陆艇通过了马祖水域，也通过了金门水域，这仅此一次而已，以后就再也没有出现过。从这一点看得出来，很多人认为金门的防务压力是前所未见，过去在两岸对峙期间，台湾地区对于类似事件的处理就可以直接开炮，现在不敢开炮，而要海巡“驱离”。事实上这就证明了一件事，金门现在已经完全在中国大陆的控制之中，下一个可以说就是马祖跟东引，所以不要小看这两艘KD-161、162通过翟山水道，就是中国大陆真要封锁所谓的金烈水道或者是金厦航道的话台湾将永远失去区域的航行权，这个是值得观察的一个指标。以往按照金门战备规定开炮“驱离”，这次改为警告“驱离”，用意为何？如果去了解金门历史或者两岸对峙的历史，你就可以理解到，它有三个可以探讨的。过去我们在1970年代到80年代之间去金门，只要中国大陆有类似的作为，无论是渔政船、公务船还是运输艇，一律炮击“驱离”。当然两岸局势缓和了以后，战备规定也改变了，就是他虽然改变，但是一个叫做战备“驱离”的接战守则仍然存在。如果防区司令官不下令的话，他有失职的风险，这一次为什么派海巡，因为美国已经警告台湾，连金门火炮射击都能够取消掉，他敢火炮轰击所谓的坦克登陆艇吗？我们再来回过头来看，过去是公务船、渔政船、渔船现在是海警船，海警船几乎都是3,000多吨，台湾根本没有办法应付。因为海警船也好，还有包含渔政船、公务船，这些都是执法船只，执法船只通常来讲，它没有所谓的军事配备，但是KD-161跟KD-162是有军事装备的。所以我们就可以看得出来，现在“金防部”就非常尴尬，究竟要摧毁或者“驱离”，或者是击沉，还是用其他的方式，“金防部”必然是请示了上级，由海巡出面来解决这个难题，否则依照战备规定的话，就回到第一则，你就可以看得出来，我们可以开炮警告，但是他不打船，他是在船的周边打起水柱，就警告你不得在“禁限制水域”里面出没，这个是一个叫做警告“驱离”。现在是由广播“驱离”，你可以看得出来台湾地区的态度是非常的软化。未来这种事情会越来越多，在这种情况之下金门要不要变更规定，其中最重要的大二担的战车，或者是所谓的驱逐战车都陆陆续续撤掉了以后，未来中国大陆真要登陆大二担的话，台湾地区只能够使用战防武器，去针对所谓中国大陆坦克、登陆舰上岸。当然中国大陆不会这样子做，但是军事讲究一个风险，你不能预判你的敌手，你的对手会不会这样子做，真是如此的话，金门的战略地位值得“台湾当局”醒思，是不是要把它变成一个非军事区以避免类似事件的发生而妨碍到了两岸关系的发展。❖ 欢 迎 分 享 到 朋 友 圈 ❖"
66765f9ffb88ab4b048dd5a3,https://mp.weixin.qq.com/s/u0MNVg7KbyVBCExD9cy-Nw,【台海观察】伪海巡署“永康”舰交付、“长滨”舰下水，一艇配属金门，无人艇首亮相,2024,06,02,2024-06-02,【编写不易，看完请给小编“点赞”点亮“在看”，谢谢！】综合台湾省媒体消息：今天（6月2日），刚“上任”的台伪当局所谓副领导人、台独分子萧美琴前往台湾省高雄市旗津区的中信船厂高鼎厂区，出席伪海巡署举行的“安平”级600吨级巡逻舰8号舰“永康”舰（舷号CG610）和PP3520巡逻艇交船和“安平”级9号舰“长滨”舰（CG611）命名下水联合典礼。台伪海洋委员会主委管碧玲和中信造船有关负责人一同出席。▲6月2日，在高鼎厂区举行的“永康”舰交付和“长滨”舰命名下水联合仪式，台伪当局所谓副领导人萧女出席。据悉，“永康”舰于2022年6月27日开工建造，2023年1月3日铺设龙骨，2023年11月10日下水，该舰交付后，将列编伪海巡署舰队分署南部地区机动海巡队。而“长滨”舰于2022年11月4日开工建造，2023年8月4日铺设龙骨，2024年6月2日下水，预计建成后将列编伪海巡东部地区机动海巡队。两舰性能数据可参见本号早期文章《【台海观察】从伪海巡署“成功”舰参加“汉光38”军演看“安平”级部署进度》。▲“永康”舰在交付现场和试航时的照片，▲“长滨”舰下水时的照片，此外，本次交付的由中信造船建造的PP-3520巡逻艇是台伪海巡署新建的35吨级巡逻救助艇的第31艘，船长22.35米、船宽5.12米、船体材质为铝合金。动力为两台1324kW 柴油机，最高航速45节，最大排水量46.6吨，续航力600海里，配备有遥控水炮，最大射程超过60米，可由驾驶室遥控操作，除可执行海上救助外，还可用于驱离违法船舶。该艇将配属于金门的伪海巡队。▲PP-3520艇在交付现场和试航时的照片，▲在当天的典礼现场，中信造船还展示了该厂正在研发中的无人艇样机，据信可能受到俄乌冲突影响，为台伪当局“以武拒统”而研发的所谓“不对称战力”产品。【完】
66765f9ffb88ab4b048dd5a4,https://mp.weixin.qq.com/s/axGs3hT6bL0XrZMfbYCmOQ,台当局拒不认错，不到24小时，柯文哲说了两句话！岛内最新消息！大陆下达通牒后,2024,05,30,2024-05-30,近日，台海再次成为国际关注的焦点。一场看似普通的渔船“意外”事件，却牵动了整个两岸关系的敏感神经。这究竟是怎样一回事？为何会让两岸关系再生波澜？不久前，台湾“海巡部门”宣称，在金门附近海域发现一艘“越界”捕鱼的大陆快艇。在随后的“追捕”过程中，快艇发生倾覆，造成两人不幸遇难。这一事件迅速引发了两岸的广泛关注。国台办发言人朱凤莲对此表示深切哀悼，并对台当局的粗暴行为提出严厉谴责。她指出，与台湾当局对大陆渔船的敌视态度形成鲜明对比的是，大陆方面始终以平等和友善的态度对待台湾渔船。    当台湾渔船在海上遇险时，大陆方面总是毫不犹豫地伸出援手。台湾当局却屡屡对大陆渔船进行无理打压，甚至动用武力进行所谓的“执法”。朱凤莲强调，台湾当局必须立即澄清事实真相，给遇难者家属一个公正的交代。同时，她也正告台湾当局，必须确保大陆渔民的生命安全，防止类似悲剧再次发生。这无疑是对台湾当局的一次严厉通牒。台湾当局对此却显得漠然置之，甚至试图推卸责任。他们坚称自己的“执法”行为并无不当，反而指责大陆渔船“越界”捕鱼。这种颠倒黑白、混淆是非的做法，无疑进一步加剧了两岸的紧张局势。    与此同时，民众党主席柯文哲也对此事发表了看法。他认为，台湾当局在维护渔民权益的同时，应该采取更为和平、理性的方式。此外，他还提出了两岸应就渔权问题进行谈判的建议，以期建立一套完善的规则来避免类似事件的再次发生。柯文哲的这番言论无疑为紧张的两岸关系注入了一股理性与和平的暖流。他并未将焦点局限于事故本身，而是深入挖掘了背后的“渔权问题”。这一方面显示了其敏锐的政治眼光和务实的态度；另一方面也反映出他对两岸关系和平发展的深切期望。    无论台湾当局如何狡辩和推卸责任，一个不容置疑的事实是：台海地区的主权归属于中国。在这个大前提下，任何试图破坏两岸关系和平发展的行为都是徒劳的。大陆方面拥有最终定调的权威，而统一大业也是历史发展的必然趋势。台湾当局应该审时度势，放弃对抗和敌对思维，以和平、理性的态度来推动两岸关系的和平发展。此次渔船事件虽然引发了两岸的紧张局势，但也为双方提供了一个反思和调整的机会。只有通过真诚的对话和协商，才能找到解决问题的最佳途径。希望两岸能够以此为契机，共同努力推动两岸关系的和平与发展进程。               
66765f9ffb88ab4b048dd5a5,https://mp.weixin.qq.com/s/CgKFBVD1ufYVwfTVXV9N0g,国民党林郁方：当年我们杀了误入金门的大陆渔民，对岸也忍下来了,2024,05,28,2024-05-28,重新撰写的文章：两岸关系的历史伤痕与金门事件引言在两岸交往的历史长河中，1985年的金门事件成为一段令人痛心的一页。这一事件在两岸关系的历史背景中扮演着不可忽视的角色，带有深刻的悲剧性。本文将通过对金门事件的深入剖析，试图还原当时的情景，并反思历史上的伤痕。同时，我们将关注大陆解放军在1984年对台湾渔船的救援行动，以及台湾当局对待大陆渔民的冷漠态度。通过对这一事件的审视，我们旨在呼吁人们珍视生命、尊重历史，为两岸关系的和平与和解贡献力量。金门悲剧渔船误入金门海域的原因1985年，一艘渔船因机械故障和大雾天气的影响误入金门海域。这一意外事件的发生，成为金门悲剧的导火索。机械故障和天气恶劣的交织使得渔船无法顺利驶离金门，导致接下来的一系列不幸事件。守海哨兵的疏忽面对渔船误入，守海哨兵的疏忽无疑是导致悲剧发生的重要原因。事态的失控使得金门地区沉浸在一片悲伤之中，同时也引发了两岸关系的深刻反思。国民党士兵对渔船的开火在守海哨兵失控的情况下，国民党士兵对渔船进行了无情的开火，导致八名渔民，包括儿童在内的无辜生命遭受了极大的伤害，甚至不幸丧生。这场悲剧引起了国际社会的广泛关注，也使得两岸关系陷入了更加复杂的困境。台湾当局的处理态度面对金门悲剧，台湾当局的处理态度令人深感失望。国民党指示冷漠，谈判后不愿披露真相、道歉赔偿。政客们对渔民的轻视更是愈演愈烈，将其描述为“碰瓷”，使得对待悲剧的态度更加恶劣。历史的伤痕金门地区早期残酷统治金门地区早期的残酷统治成为历史的伤痕之一。在恐怖统治和军队残暴行为的笼罩下，金门地区沦为受害者们不堪回首的梦魇之地。对大陆人的无情对待不仅如此，对大陆人的无情对待也深深刺痛着历史的创伤。大陆渔民误入金门被杀害的罪行，在当时被掩埋直至一些老兵揭示真相。这种对大陆人的无情对待成为两岸关系中一个不可忽视的黑暗角落。大陆对待台湾同胞的态度在金门事件发生后，1984年大陆解放军对台湾渔船的救援行动成为一抹亮色。解放军的无私奉献挽救了无数生命，为两岸关系的发展注入了一丝温暖。然而，与此同时，台湾当局对待大陆渔民的冷漠也显露无疑，对大陆渔民的生命视若草芥，展现出极度的冷漠态度。正义的呼唤历史的车轮滚滚向前历史的车轮滚滚向前，但金门事件的伤痛却一直萦绕着两岸关系。我们深信，历史的伤痕终将被正义的力量洗净，为两岸关系的和平与和解创造更有希望的未来。台湾当局和国民党罪行将被历史书写清楚对于台湾当局和国民党在金门事件中的罪行，历史终将给予明确的评价。对大陆渔民的冷漠和无情将成为永远的污点，让人们永远铭记这段悲惨的历史。期盼历史的正义早日实现我们期盼历史的正义早日实现，为金门事件中无辜生命祈福，也为两岸关系的未来注入一缕光明。唯有正视历史、修补历史的创伤，两岸关系才能真正实现和平与和解。呼吁人类珍视生命、尊重历史，警醒未来最后，我们呼吁人类珍视生命、尊重历史，以金门事件为鉴，警醒未来。只有通过真诚的对话与合作，才能摒弃过去的矛盾，为两岸人民创造更加美好的未来。
66765f9ffb88ab4b048dd5a6,https://mp.weixin.qq.com/s/TR2JgwUmNlu5RZhzfp6vbQ,突发！导致2名大陆船员死亡，台当局海巡船出手，国台办明确回应,2024,05,28,2024-05-28,在西方情人节这个本应充满爱意与温馨的日子，台海却上演了一幕令人扼腕的悲剧。据台湾海巡署2月14日消息，金门海域的一艘台湾海巡船在春节期间执行巡逻任务时，与一艘未标明身份的大陆快艇发生了冲突。在这场不幸的遭遇中，四名大陆船员落水，尽管台海巡成功救起了他们，但其中两人却永远地闭上了眼睛。这起事件不仅令人痛心，更暴露出台海两岸在渔业管理上的深层次问题。大年初五，这个在传统中寓意着财富与吉祥的日子，却因为民进党政府的非法暴力执法行为而蒙上了阴影。民进党政府将大陆视为假想敌，以防范所谓的“灰色地带侵入”为借口，对大陆民用船只进行粗暴执法，这种行为已经多次导致了不必要的冲突和伤亡。台湾海巡部门对大陆的警告和呼吁视而不见，听而不闻，屡次非法追捕并扣押大陆渔船。更令人震惊的是，有大陆渔民因此被关押在台湾监狱中。历史上的闽平渔5540号事件和闽平渔5202号事件已经造成了数十名大陆渔民的丧生，这是血淋淋的教训。出于对台海整体局势的考虑，大陆方面一直保持着极大的忍耐和克制。对于这起最新的台海巡暴力执法事件，国台办发言人朱凤莲迅速而坚决地做出了回应。她向遇难同胞及其家属表示了深切的哀悼和诚挚的慰问，并强烈谴责了民进党政府在春节期间制造这起严重损害两岸同胞感情的事件。同时，她要求台湾当局立即调查事件真相，并协助处理遇难渔民家属的后事。朱凤莲还指出，大陆方面始终坚守“两岸一家亲”的理念，为保障两岸渔民的正常作业做出了巨大努力。这包括建立台湾渔民接待设施，提供避风、补给、抢险、救助等全方位服务。民进党政府却将大陆渔民和渔船视为敌人，以各种莫须有的理由强行查扣大陆渔船，并采取粗暴危险的方式对待大陆渔民。这种行径不仅严重侵犯了大陆渔民的人身安全和合法权益，也严重破坏了两岸关系的和谐与稳定。因此大陆方面强烈要求台湾政府尊重历史事实，即两岸渔民在传统渔区有着共同的作业习惯，并确保大陆渔民的人身安全不再受到威胁。众所周知，大陆海警的实力在全球都是顶尖的。面对台湾海巡的频繁挑衅和非法执法行为，大陆方面必须采取更为有效的措施来加强管控和保护自己的渔民。因此建议中国海警和海事部门应尽快行动起来，在台湾周边海域展开执法行动以剥夺民进党政府海巡部门的过度执法权力并维护两岸渔民的共同利益。当然解决台海问题并非一蹴而就的事情需要分步骤进行：首先我们要夺回台湾周边海域的海警执法权确保大陆渔民的安全和权益；其次出于国家安全的考虑我们需要不定期检查所有前往台湾港口以及离开岛内的可疑船只防止任何潜在的威胁。第三步是在军事层面上实施更为严格的“锁岛”策略切断向台湾输送的任何可能用于军事或敏感领域的物资；最后如果必要的话我们将不得不通过军事行动来压制或摧毁台军的战斗力和军事装备以确保国家的统一和领土完整。但这是我们最不愿看到的结果，和平统一始终是我们的首选方案。
66765f9ffb88ab4b048dd5a7,https://mp.weixin.qq.com/s/RLGQsbWRhVAwwVKSdYgPbQ,解放军围岛练兵，海警也参与其中，注意军演部署，在为统一做准备,2024,05,28,2024-05-28,图为“联合利剑-2024A”演习本期话题，联合利剑-2024A演习，主要装备都有哪些？这两天，东部战区在台岛周边展开了“联合利剑—2024A”演习，对“台独”分子和域外“挺台”势力进行了强势震慑。与以往不同，此次演习之前没有任何消息传出，属于是发布即开始，没有给“台独”势力任何反应时间，而且，此次演习是多军种联合，陆海空以及火箭军齐出动。根据东部战区发布的演习位置示意图来看，此次的联合演习，比2022年的那一次范围更广，而且距离台岛更近。演习中，东部战区接连发文，不仅实时更新演习动态，还搞起了现场直播，同时在东部战区发布的名为《越海杀器》的海报中，向我们公开了参与此次演习的一些主要装备。其中有5代机歼20、“炸弹卡车”歼16、东风导弹、052D驱逐舰还有071型登陆舰和远箱火等先进装备。图为歼20东部战区称这6款装备为“越海杀器”。歼20战机是夺取制空权的利器，可以凭借强大的隐身能力，展开攻防作战，对目标进行准确杀伤。歼16能够携带大量的各型导弹炸弹，不管是对地、还是对海，都拥有高强度的杀伤能力。还有海上的052D驱逐舰，依靠强大的火力，在夺取制海权，制空权中能起到重要作用。而071登陆舰，可以把大量武器装备和人员快速运抵陆地，展开登陆作战行动。除了这些近海作战的武器，远程武器“东风快递”，和远程火箭炮也参与到这次演习当中。像PCL191远火，他的射程几乎相当于短程战术导弹，再加上极快的发射速度，甚至比导弹还好用，并且成本还低。岛内的“爱国者”等防空导弹基本无法有效应对。其实，个人觉得在这些亮相的武器中，最值得关注的应该就是071登陆舰。它可以携带大量军事人员，武器装备，包括步兵战车，坦克等，并且还可以起降直升机，可以展开一系列登陆作战行动。图为075两栖攻击舰除了这些东部战区公开发布的武器之外，综合台媒和外媒的消息，此次“围岛演习”，还有几款大杀器，比如轰6K和075两栖攻击舰。轰6K在歼16护航下在台岛周边活动。实际上，在这次的演习中，台军也没有闲着，他们公开了用F16V锁定轰6K和歼16战机的画面，从视频上来看，追踪画面还是十分清晰的。图为台F16V机队不过，这并不能说明什么，F16V虽然也算的上先进，但是对上歼20就是小巫见大巫，在隐身战机面前，F16V的探测距离将直线下降，所面临的下场也只有一个，就是被歼20打下来。还有一款装备就是075两栖攻击舰艇。在演习中，一艘075现身于台岛以东200公里的位置。该舰艇主要搭载直升机，因此200公里也是适合直升机执行打击任务的一个距离，同时这个距离也刚好在其搭载的“野马”气垫登陆艇的作战范围之内。075能够出现在这个位置，显然是出于实际考虑，一方面可以从台岛东部登陆。另一方面也能堵住台当局逃跑的后路。在此次东部战区公布的画面中，对台岛几乎所有的重要城市都进行了标注和框选，但在台东南部，有一处被框选的区域，但是没有标明地点，考虑到075所在的位置，可能这一区域就是演习的“预定登陆点”。图为中国海警参与演习此外，除了中国人民解放军外，中国海警也参与到了此次演习的当中。海警船第一次进入了乌丘屿和东引岛附近海域，打破了台当局所谓“限制水域”的认知。通过这种“军警联合”的体系搭配，可以有效和全面的对“台独”势力进行震慑。在这次的“围岛演习”中，还发生了一些有趣的事，比如在东部战区公布的武器中明明有歼20，但是台“防务部门”始终没能发现，对此有岛内“乐观”人士认为，大陆此次根本就没有出动歼20，对于这一点，也有台“名嘴”称这才是最可怕的，不是因为歼20没有出动，而是他们没有能力发现。这次的军事演习，大陆先进武器装备接连亮相，多军种联合出动，为的就是震慑试图把台湾地区分裂出去的“台独”势力。在赖清德5月20日的演讲中，他卸下了所有伪装，公然流露出了自己的“分裂”之心。公开煽动两岸对立，甚至还说“两岸互不隶属”。这种做法完全违背了两岸人民的主流民意，是一种妄图使祖国分裂的恶劣行径。图为赖清德近几年来，美国等域外势力和台当局试图以“切香肠”的方式，频繁挑战大陆的底线。比如2022年佩洛西公然窜台，当时大陆就进行了规模庞大的围台军演，然而民进党依然不知收敛。今年214翻船事件，台当局态度恶劣，拒绝道歉并掩盖真相，对此大陆海警对金门海域展开了常态化巡查。此次赖清德“520”的演讲，无疑是再一次挑战了大陆的底线，这次的反制行动释放出鲜明信号，只要“台独”势力挑衅一次，大陆就会进取一步。从金门渔船事件后，台当局所谓的8公里以内的“禁限值水域”不复存在，到现在赖清德就职演讲后，大陆海军和海警“围岛演习”就可以看出来，大陆的反制手段是层层递进。同时这次演习代号也颇为细节，后缀加了一个A，这意味着，以后可能还有B和C甚至更多，只要台当局有一颗“台独”的心，大陆就会时刻准备“亮剑”。总的来说，大陆通过此次演习，就是在正告台当局，“台独”不可取，这是一条死路，到最后只会自食其果，希望台当局能够认清事实，不要在错误的道路上越来行越远。正所谓：“善恶到头终有报，只争来早与来迟。”走歪路不可怕，可怕的是明知是歪路，还要一直向前，不知悔改。
66765f9ffb88ab4b048dd5a8,https://mp.weixin.qq.com/s/UfTqC17ky5OMM-WiLKw_NQ,金门渔船事件有突破，台陆委会改口：520或交还遗体，追责并道歉,2024,05,28,2024-05-28,引言赖清德即将接替蔡英文成为台湾地区领导人，而近期发生的金门恶性渔船碰撞事件引发了广泛关注。台陆委会的新表态为两岸关系调整带来了一丝希望。事件回顾金门渔船碰撞事件的重要性不容忽视。这起事件导致一名大陆渔民死亡，引发了两岸激烈的讨论和关注。然而，台湾政府迄今为止并未对事件做出明确的解释和回应，导致事件的发展充满不确定性。陆委会的新动向台湾陆委会副主委詹志宏最近表示，台湾方面不排除对事件进行追责和道歉的可能性。这一表态与之前的态度有所不同，展现了一定的灵活性和合作意愿。然而，是否能得到大陆的认可和接受仍需进一步观察。赖清德上任的影响赖清德即将上任，这可能带来台湾政策的调整，特别是对金门渔船碰撞事件的处理将对两岸局势产生深远影响。处理好这一事件将是赖清德政府面临的重要挑战。追责与道歉的重要性追责和道歉是解决金门渔船碰撞事件的重要步骤。只有通过追责和严惩，才能传递公正和诚意，防止类似事件的再次发生。这不仅对受害者家属是一种正义的体现，也是对两岸关系的一种负责任的态度。两岸交流的重新审视金门渔船碰撞事件暴露了两岸交流中的深层次问题。未来需要加强合作，推动共赢。共同打击电信诈骗、开放旅游等将成为两岸重要的合作议题。大陆的态度大陆对金门渔船碰撞事件一直保持谨慎和理性的态度，期待双方找到解决问题的途径。对于赖清德上台，大陆既有期待也有警惕，期待双方能够以务实的态度推进两岸关系的改善。结语赖清德的领导对两岸关系的未来发展具有重要意义。期待他能够务实处理两岸关系，推动两岸合作共赢，促进和平统一的进程。要点引言赖清德即将接任台湾地区领导人，金门渔船碰撞事件引发了广泛关注。台陆委会的新表态为两岸关系带来了新的希望。事件回顾金门渔船碰撞事件导致一名大陆渔民死亡，引发两岸激烈讨论。台湾政府未能明确回应和解释，事件的发展充满不确定性。陆委会的新动向陆委会副主委詹志宏表示不排除追责和道歉的可能性，这一表态与之前有所不同。是否能得到大陆认可仍需观察。赖清德上任的影响赖清德上任可能带来政策调整，对金门事件的处理将产生深远影响。事件处理将成为赖清德政府的重要挑战。追责与道歉的重要性追责和道歉是解决金门事件的重要步骤，传递公正和诚意。必须追责和严惩才能防止类似事件再发生。两岸交流的重新审视事件暴露两岸交流中的深层次问题，未来需加强合作共赢。共同打击电信诈骗、开放旅游等将成为重要议题。大陆的态度大陆对事件一直保持警惕和理性，期待双方找到解决途径。对赖清德上台的期待与警惕并存。结语赖清德的政策将决定两岸关系的改善进程。期待其以务实态度推动两岸合作，促进统一。详细内容引言随着赖清德即将接替蔡英文成为台湾地区领导人，最近发生的金门恶性渔船碰撞事件在两岸引起了广泛关注。台湾陆委会最近的表态显示出对两岸关系调整的开放态度，带来了一些新的希望。事件回顾金门渔船碰撞事件的严重性不容忽视。这起事件导致一名大陆渔民死亡，不仅引发了大陆方面的强烈反应，也在台湾内部引起了广泛讨论。然而，台湾政府至今未能对此事件做出明确的解释和回应，使事件的发展充满了不确定性。陆委会的新动向在台湾陆委会副主委詹志宏最近的表态中，台湾方面不排除对金门渔船碰撞事件进行追责和道歉的可能性。这一表态与之前的态度有所不同，展现了一定的灵活性和合作意愿。詹志宏的言论显示，台湾方面可能愿意通过更加务实和负责任的方式处理此事，然而，这一态度是否能够得到大陆的认可和接受，仍需进一步观察。赖清德上任的影响赖清德即将上任，这可能带来台湾政策的重大调整，尤其是在处理金门渔船碰撞事件上，将对两岸局势产生深远的影响。作为新一任领导人，赖清德需要在应对这一事件时展现出足够的决心和智慧，处理好这一事件将是其政府面临的一项重要挑战。追责与道歉的重要性在金门渔船碰撞事件中，追责和道歉是解决问题的关键步骤。只有通过追责和严惩，才能传递公正和诚意，防止类似事件再次发生。这不仅对受害者家属是一种正义的体现，也是对两岸关系的一种负责任的态度。通过追责和道歉，台湾方面可以展示出解决问题的诚意和决心，有助于缓解两岸紧张关系。两岸交流的重新审视金门渔船碰撞事件暴露了两岸交流中的深层次问题。未来，两岸需要加强合作，推动共赢。共同打击电信诈骗、开放旅游等将成为两岸重要的合作议题。这些合作不仅有助于解决实际问题，也有助于增进两岸之间的互信和理解。大陆的态度在金门渔船碰撞事件中，大陆方面一直保持着谨慎和理性的态度，期待双方能够找到解决问题的途径。对于赖清德上台，大陆既有期待也有警惕。期待赖清德能够以务实的态度处理两岸关系，但也警惕可能出现的不稳定因素。大陆方面希望通过合作和对话，推动两岸关系的稳定发展。
66765f9ffb88ab4b048dd5a9,https://mp.weixin.qq.com/s/PsFvSv11kwCb95i80AeTcw,国家威慑再升级！收回金门执法权，统一进入倒计时,2024,05,27,2024-05-27,近日，由中国东部战区发起的代号为“联合利剑2024A”的军事行动震撼了国内外。这次演习不仅是对台湾岛内政治人物赖清德“520”演说的有力反击，也是对企图干涉中国内政的外部势力的明确警告。在众多参演部队中，大陆海警部队的加入尤其引人注目，这标志着中国在维护国家主权和领土完整方面的坚定立场。图片在本次军事演习中，中国海警局发言人宣布，海警2304舰艇编队已于同日前往台岛东部海域执行综合执法演练，这是海警部队首次公开在该区域进行演练。这一行动明确展现了中国维护国家主权和领土完整的决心。此前，“2·14”金门渔船被撞事件激发了国民的强烈情绪，更加坚定了加强金门及其周边水域执法力度的必要性。面对民进党当局的不理智行为，包括拒绝合理诉求，甚至不交换罹难渔民遗体，中国有关部门高涨的整顿和收回执法权的呼声是民意所向。随着军演的全面启动，福建海警加大了在金门周边水域的执法频率，显示出中国不会对侵犯国家海洋权益的行为视而不见。特别是，在海警部队参与的演练中，引入“登检”环节，表明一旦台方敢于挑衅，中国海警将采取更为强硬的措施。通过这次演习，大陆海警部队的能力和决心得到了充分展示，向外界明确传递我国保护海洋权益的强烈意志。在演习期间，中国海警部队的动作近距离展示了对台岛的重大威慑，特别是在演练内容发布的图片中可以清晰看到台湾本岛的中央山脉，象征着中国对维护国家统一决心的展示。然而，面对中国的坚定立场，赖清德等台湾岛内政治人物选择了“告洋状”的方式，希望借助外力来摆脱困境。但显然，美国等干涉中国内政的外部势力并没有实质性地介入台海局势，只是在远处发出了“呼吁克制”的空洞声音，这再次证明了任何试图分裂中国、干预中国内政的行为都是徒劳的。事实证明，赖清德和其背后的民进党当局以及与之勾结的外部势力，正是他们的行为阻碍了两岸的和平统一进程，妨碍了中华民族伟大复兴的步伐。但历史的车轮是滚滚向前的，任何试图阻挡中国统一的势力都是短视且无效的。站在中国的立场，我们有理由相信，在党和政府的领导下，凭借全国人民的共同努力，两岸关系和平发展、实现祖国完全统一是大势所趋。中国会持续加大执法力度、强化军事训练和国防能力，以确保国家主权和领土完整不受侵犯。同时，我们也期望广大台湾同胞能认清形势，顺应历史潮流，共同推动两岸关系和平发展，共同为实现中华民族伟大复兴的中国梦贡献力量。在统一的进程中，让我们携手前行，砥砺奋进，共同书写属于我们这个时代的辉煌篇章！
66765f9ffb88ab4b048dd5aa,https://mp.weixin.qq.com/s/0Ru-yn9FnMhhmBhWK13pwg,德纳：从赖清德《5·20台独宣言》看未来台海局势发展,2024,05,27,2024-05-27,【点击上方“昆仑策研究院”可关注本号；点击右上角“...”可选用朗读功能，配音为电脑自动合成，难免差错，仅作辅助阅览用。】一、台湾政坛统独光谱分析及和平统一的可能性二、赖清德发表《5·20台独宣言》的背后三、赖清德的梭哈：是否“武统”决定命运五、赖清德《台独宣言》后，大陆如何解决台湾问题？【本公众号所编发文章欢迎转载，为尊重和维护原创权利，请转载时务必注明原创作者、来源网站和公众号。阅读更多文章，请点击微信号最后左下角“阅读原文”】                【思想火炬】公众号   【万邦图治国别区域研究院】           【阅读更多文章，请点击左下角“阅读原文”】
66765f9ffb88ab4b048dd5ab,https://mp.weixin.qq.com/s/vS7WvuVLzvyog-Lrji_Ffg,民兵思想政治教育第二课：认清严峻形势 强化战备观念 提升国防动员胜战能力,2024,05,27,2024-05-27,"习主席强调，要树立安而不忘危、存而不忘亡、治而不忘乱的安全观。对军队而言，就是要做到“天下虽安、忘战必危”。抓好战备既是我军优良传统，也是战备工作条例的明文规定，更是军人的使命所在。当前，国际国内形势复杂严峻，既有机遇挑战，更有威胁危险考验。我们要牢记，仗可以一日不打，兵不可一日不练，国不可一日不防。天下并不太平，知战方能止战，国防动员单位要时刻保持见叶知秋的敏锐，以“时时放心不下”的责任感，全面加强练兵备战，不断提高胜战能力，坚决完成党和国家赋予我们的神圣使命。主要讲三个方面：一、认清严峻形势，切实增强居安思危意识居安而念危，则终不危;操治而虑乱，则终不乱,只有平时居安思危、未雨绸缪，时刻做好斗争准备，才能下好先手棋、打好主动仗，在关键时刻争取最好的结果。如果总幻想“仗打不起来”，一旦战争来临，在准备不足的情况下仓促上阵，就可能付出惨痛代价。当前正值外部环境不稳，内部稳控压力增大，需要我们认清形势，增强忧患意识。那么战争到底离我们有多远?让我们共同分析一下我国当前面临的战争威胁和严峻态势。(一)美盟国家对我极限施压肆意挑衅。去年是中美关系经历动荡的一年，2月的气球事件让中美关系陷入冰点，11月15日中美元首旧金山会晤，12月21日中央军委委员，军委联合参谋部参谋长刘振立应约与美军参联会主席布朗进行视频通话，中美关系似乎有所缓和。但美国依旧把中国视为主要竞争对手，未来一段时间的中美关系仍然令人担忧，其中有3个特点比较明显。一是对我进行全方位遏制打压。当前大国关系除俄乌冲突之外，2024可能造成颠覆性变化的因素，就是包括美国政府和部分政治精英，全然不顾中方推动探索中美两个大国正确相处之道的努力与诚意，蛮横与偏执地继续发动对华科技战、贸易战等打压挑衅，致使中美关系陷入严重困难。其中，最为代表的就是美国毫不掩饰其霸权霸道霸凌的面目，提出了对华全面战略竞争政策，继续制约中国的发展和竞争能力，在科技、供应链方面有选择地进行“脱钩”，特别是对华实施高端芯片和半导体产业相关技术、部件和制造设备的全面封锁，对中国实行更有针对性的限制、遏制措施，这给中美关系制造了很大的障碍。二是美国军事威胁剑指中国。美国针对中国的打压和遏制在军事领域不断升级。一是持续增加军费开支，不断拉拢盟友。去年12月22日，拜登签署《2024财年国防授权法》将拨款8860亿美元用于国防计划和军事建设，比去年增加280亿美元，继续保持全球国防经费开支第一的同时，也创下了美国历史新高。该法案还在强化美国“印太战略”和继续“武装台湾”方面表现出明显的对抗性。法案提出要邀请澳大利亚、日本、印度等印太盟友建立共同的“海域感知倡议”，妄图在印太遏制中国、打压中国、围堵中国。甚至提出要“全面武装台湾军队”以增强台湾地区“自我防卫能力”，实则是想把台军改造成美国“以台制华”“以台耗华”打“代理人战争”的军队，用心险恶。三是美军持续在我周边进行军演。演习的内容逐渐从控制海洋向控制他国周边水域，应对大国之间的全面冲突做准备。2023年8月9日至18日，美国海军和海军陆战队举行了横跨22个时区的“大规模演习2023”，涉及美军6个司令部，7支舰队，2.5万人，演习区域涵盖欧、亚、非多个海域，其中线下演练最重点区域就是亚太地区，瞄准的主要对手正是我们。今年美空军更是首次在年度“红旗”演习中与美海军航母编队配合演训，意在应对太平洋方向的新作战形势。目的就是为了在广阔的太平洋海域上，跟中国空军进行跨军兵种航空作战做准备。四是战争准备已临近实战。美国航母在南海演练“大规模战损”。按照美国官方说法，相关演习涉及全舰范围内的消防灭火和医疗救助等内容。通常而言，这样的科目都属于航母在遭到攻击受创时的紧急应对手段，至于说为什么这艘航母需要在南海演练“大规模战损演习”，嘴上不说的美国海军，应该是心知肚明的。(二)台海局势已处于兵危战凶的严峻态势。台湾问题历来是中国的内政问题，但美西方纵容和支持“台独”，是破坏台海现状，造成台海局势紧张的根本原因。一是美国干涉台湾问题无所不用其极。2022年8月，美国时任国会众议院议长佩洛希窜台余音未消，2023年4月初美国不顾中方严正交涉和反复警示，执意允许蔡英文“过境”窜美，国会众议长麦卡锡高调会见，不断抬高美台勾连层级，为“台独”分裂势力撑腰打气。美国还不断向台派兵，加强对台军售。就在2023年8月17日，美国国务院公开宣布美军向台湾部署200名军人，以帮助台湾训练部队，这是美国自1979年以来在台湾最大规模的军事部署。报道还指出，美国国防人力数据中心提供的数字可能无法描述有关在台美军人数的全部简况。同时美军即使在中东局势一片混乱的情况下也不忘穿越台湾海峡挑衅，2023年11月1日美军“佩拉尔塔”号驱逐舰、加拿大“渥太华”号护卫舰高调穿越台湾海峡并公开炒作，12月6日美一架P-8A反潜巡逻机过航台湾海峡并公开炒作。这都表明美国正把台湾当作遏制中国发展，阻挠中华民族复兴的棋子。二是台海形势严峻复杂风险加剧。2024年1月13日，台湾地区领导人选举，民进党赖清德以约40%得票率当选台湾地区领导人，国民党、民众党等在野力量“立法院”席次过半。选举结果对当前及今后一个时期岛内政局和两岸关系产生重大影响，主张“台独”的民进党继续执政，台海形势将更趋复杂严峻。此次选举，美前所未有深度介入，从政治、军事、法理、舆论等方面频繁做局出牌，动作不断，以此拉抬民进党选情。选举期间，美多次强调对台安全承诺，接连推出“挺台”法案和对台军售，展示美台“坚固关系”，成为民进党“保权”的最大助攻。1月中旬，在选举投标的关键时刻，美海军“卡尔文森”号航母打击群通过宫古海峡进入东海，美舰机位东海和南海策应牵制，在台岛周边保持高强度兵力存在；选举前一天，就在2024年1月12日，美国众议院审议通过“保护台湾法案”，对外发出对我威慑、对台支持的明显信号；选举刚刚结束，2024年1月14日，美前总统国家安全事务助理哈德利、前副国务卿斯坦伯格等人组成“跨党派资深代表团”即抵台窜访，蔡英文、赖清德分别与美方人员见面，性质极为恶劣。2024年2月14日，台海巡署在金门海域恶意冲撞一艘福建渔船，造成2名福建渔民遇难，两岸局势更加严峻。三是解放军的环台岛军演已成常态。近两年，台湾与美国勾连的一系列动作，也为解放军提供了抵近台岛和规模用兵的机会。2023年8月2日晚，佩洛西窜访降落台北松山机场后，东部战区部队迅即听令行动，连夜按计划在台岛周边展开一系列联合军事行动。为严厉反制蔡英文窜美，2023年4月8日至10日东部战区组织环台岛战备警巡和“联合利剑”演习。此次军演出现了很多“新”特点，如任务部队进入台岛24海里围岛、航母首次参演形成一二岛链内外夹击、联合作战指挥保障深度融合等特点，央视直接播出了解放军打击模拟图，反映了我军持续深化备战打仗的推进姿态。2023年8月19日东部战区在台岛周边组织了海空联合战备警巡，举行海空等兵力联合演训，对“台独”分裂势力与外部势力勾连挑衅的严重警告。可以看出从去年反制佩洛西后，所谓的‘海峡中线’已不复存在，“围岛”已渐成常态。军事斗争准备越充分，“台独”势力越不敢轻举妄动，两关系和平发展越有保障，台湾问题和平解决就越有可能。(三)维护南海和平稳定依然紧迫。近年来，中国与东盟国家为将南海打造成“和平、友谊、合作”之海付出了努力也取得了成果。但时至今日，南海仍然面临不少危机隐忧。这除了美国、日本等域外国家恣意搅局，个别周边国家也成了麻烦制造者。一方面，美国是“南海军事化”的始作俑者和操盘手。随着中美竞争态势不断加剧，美国持续加强在南海海域的军事部署。仅仅今年11月美军机悍然抵近南海侦察达54架次。美军在南海侦察什么?实际上，美军大型侦察机在南海的行动主要围绕四大任务。第一个是海上巡逻，主要用于侦察潜艇和水面舰艇，特别是他国潜艇的行动。第二个任务是进行电子侦察。包括通信信号情报侦察和雷达信号侦察，这种侦察对于破译对方通信，掌握对方雷达情报网的部署、特征具有重要意义，美军战时进行电子干扰，就要依赖于平时大量侦察的数据积累。第三个任务是对南海岛礁上的设施进行光学和雷达成像侦察。第四个任务是对南海上空军机活动进行侦察。特别是一些美国侦察机还更改国际民航组织注册的航空器识别码，伪装成别国客机对中国周边实施抵近侦察，给民航飞行带来严重安全隐患。另一方面，菲律宾甘当美国南海搅局“马前卒”。从美军在亚太地区军事态势的调整看，菲律宾由于邻近台海、南海，被美军当作重点经营地带。特别是，美妄图通过加强对菲军事合作，将其变成反华前哨，从而补上美煞费苦心经营的太平洋“岛链”的缺口。美国国防部长奥斯汀2月2日在与菲律宾国防部长加尔韦斯会面后宣布，菲律宾同意再开放4个军事基地供美军使用。至此，美国在菲律宾将有权限使用9个军事基地。菲律宾也借助美国的气焰在南海岛礁问题上大做文章。今年以来菲方依仗域外势力支持，屡次背弃承诺，不断派公务船、军舰强闯仁爱礁海域，企图运输大规模维修加固“坐滩”军舰的建筑物资，实现对仁爱礁的永久占领。就在最近，12月10日菲律宾一艘运补船一艘公务船和两艘海警船，未经中国政府允许，擅自闯入中国南沙群岛仁爱礁附近海域，企图向仁爱礁非法“坐滩”的军舰运输建筑物资。期间，菲方船只还故意“碰瓷”以危险方式冲击我方海警船造成刮蹭，一些军方人员还混上“坐滩”军舰并炒作，被我方海警依法采取必要措施规制。我方海警依据国内法和国际法对菲方船只采取的合理合法、专业克制的措施却被美国污蔑为“危险和破坏稳定的行动”，欧盟等国也纷纷附和指责我们动作“危险”，这显然是为菲律宾“撑腰”。美方多次怂恿，支持菲律宾加固“坐滩”军舰，多次在菲律宾挑衅行为被中方处置后对中方妄加指责，都是美西方妄图借助菲律宾之手将南海“搅浑”，破坏中国与地区国家关系，遏制中国地缘政治的表现。针对菲美勾连导致南海局势不断升级恶化，12月25日人民日报钟声写到“无视中方善意和克制的南海挑衅行径极其危险”我方外交部发言人在答记者问时严正声明“希望菲方悬崖勒马，不要在错误的道路上越走越远。”（四）世界其他地区硝烟不断。过去的2023年是全球地区冲突的高发之年，俄乌冲突僵持难解，巴以冲突骤然升级，伊朗、叙利亚、黎巴嫩、也门胡塞武装等多个国家卷入，中东局势急剧恶化，国际局势正进入一个复杂、多变、动荡的特殊时期。一是俄乌冲突陷入僵局，和平解决前景不明。2023年俄乌冲突依然僵持不下，交战双方以沉重的代价换取非常有限的进展。乌克兰6月开始实施“夏季攻势”进行反攻，但并未取得预期成果，被迫从10月下旬开始转向防御，再加上巴以冲突爆发，使得美国等西方国家出现了“乌克兰疲劳症”，支持和援助力度不断下降。这都使严重依赖美西方支持的乌克兰未来的作战效果下降。而俄罗斯虽然目前在俄乌冲突中略占优势，如近期在库皮扬斯克、红利曼、顿涅茨克等方向持续阻击乌军攻势，取得了良好的战场胜绩，但并未改变战争的根本形势。从俄方的角度看，希望乌“不加入北约，军事中立化”等战略目标还没有完成，因此俄罗斯海军继续加大国防投入。12月普京签署命令，将俄武装力量编制人数增加约17万人，达到220万，并大幅增加2024军费开支，增幅达68％，这些都使得俄乌冲突在短期内看不到和平解决的征兆。二是巴以冲突骤然升级，地区外溢效果明显。本次巴以冲突与以往小规模、分散式袭扰的战法不同，本次哈马斯采取了海陆空立体渗透打击，多次采用饱和式火箭弹发射，打乱了以色列“铁穹”防空系统作战方式，还通过滑翔伞渗透等方式突击以色列聚居区，给予了以色列不小的打击。作为回应，以色列对加沙地带进行了报复性空袭和地面行动，从多个方向突入加沙地带哈马斯控制区域。但以军的推进遭到了哈马斯的顽强抵抗，双方展开了激烈而残酷的巷战。巴以冲突造成了加沙地带极大的人道主义灾难。据联合国相关机构数据表明，此次冲突已导致两万人以上死亡，其中包括大量妇女儿童，数十万人流离失所。而随着巴以冲突的升级，其外溢效应也在不断发酵：黎巴嫩真主党武装与以色列在边境持续发生小规模冲突：也门胡赛武装则对以色列发动导弹和无人机袭击，并不断袭击红海的商船封锁红海航运；伊朗对美军多个基地进行打击，并造成人员伤亡。美国也宣布建立多国“护航联盟”应对袭击，对伊拉克多个目标进行打击。越来越多的国家正在卷入这场地区冲突。二、发扬斗争精神，随时做好应对战争准备习主席强调，要坚持从政治高度思考和处理军事问题，坚定灵活开展军事斗争，提高及时妥善应对复杂情况的能力，坚决捍卫我国领土主权和海洋权益，努力维护周边大局稳定。(一)保持战略清醒，对各种风险挑战做到胸中有数。当前，世界百年未有之大变局加速演进，面对新的战略机遇、新的战略环境，我国改革发展稳定面临不少深层次矛盾躲不开、绕不过，各种“黑天鹅”“灰犀牛”事件随时可能发生，需要应对的风险挑战、防范化解的矛盾问题比以往更加严峻复杂。2023年12月14日，北京地铁昌平县两辆列车发生追尾事故，造成30余人受伤，505人送医院检查。2023年12月19日甘肃临夏州积石山县发生6.2级地震，造成151人遇难，近千人受伤。黑龙江在2023年11月28日和12月20日连续发生两起重大煤矿安全事故，分别造成11人、12人遇难。2024年1月24日新余火灾造成39人死亡，9人受伤……近期，安全事故不断，极端天气频发，应对突发事件，需要发挥国防动员应急应战的功能。我们要始终保持时时放心不下的责任意识和箭在弦上的备战姿态，在面对各种矛盾问题和重大风险挑战时始终做到方向明确、头脑清醒、应对有方、行动有力。(二)保持战略自信，增强斗争的底气。大道之行，天下为公。我们坚定站在历史正确的一边、站在人类文明进步的一边，走人间正道，干正义事业，在坚定维护世界和平与发展中谋求自身发展，又以自身发展更好维护世界和平与发展。面向未来，时与势在我们一边，这是我们定力和底气所在，也是我们的决心和信心所在。(三)保持战略主动，增强斗争本领。当前，世界之变、时代之变、历史之变正以前所未有的方式展开，这是改革开放以来从未遇到过的，给我国的现代化建设提出了一系列新课题新挑战，直接考验我们的斗争勇气、战略能力、应对水平。领导干部要有草摇叶响知鹿过、松风一起知虎来、一叶易色而知天下秋的见微知著能力，保持强烈的忧患意识、风险意识，加强对各种风险隐患的研判，做足预案，下好先手棋，打好主动仗。三、奋力担当作为，扛起国防动员备战打仗使命邦境虽安，忘战必危。国防动员系统作为军事斗争准备的重要力量，我们民兵地位作用特殊、使命任务特殊、面临考验特殊，我们一定要进一步增强使命感、责任感和紧迫感，自觉以岗位为平台，以打赢为牵引，强化战斗精神，苦练军事技能，锻造过硬本领，真正做到忠诚使命、献身使命、不辱使命。(一)加强政治能力建设，确保军魂永远不变。坚持党对人民军队的绝对领导、确保枪杆子永远听党指挥，关系我军性质和宗旨、关系社会主义前途命运、关系党和国家长治久安，是我们永远不能丢的命根子。党的集中统一领导是建设打仗型国防动员的根本政治保证，是做好新时代国防动员工作的政治优势。面对强国强军时代要求，面对国家安全环境深刻变化，我军要如期实现建军一百年奋斗目标、加快把人民军队建成世界一流军队，必须毫不动摇地坚持党对人民军队的绝对领导，切实把党的政治优势和组织优势转化为制胜优势，使人民军队始终在党指引下阔步前进。特别是面对敌对势力千方百计对我军实施“政治转基因工程”，妄图对我军官兵拔根去魂，我们必须在确保枪杆子永远听党指挥这个根本政治原则问题上，头脑要特别清醒，态度要特别鲜明，行动要特别坚决，不能有丝毫含糊和动摇，确保人民军队军魂永固、铁心向党。(二)坚决破除和平积弊，立起实战鲜明导向。军人的职业，总是与战争、硝烟、牺牲、奉献相随。平时面对风险，战时面对危险;不是沙场砺兵，就是战场鏖战;不是整装待发，就是亮剑冲锋。2020年9月，阿塞拜疆在和土耳其开展联合军事演习时突发进攻，打了亚美尼亚一个措手不及。战后，阿塞拜疆不仅夺回了纳卡三镇和周边七镇的控制权，还得到了500亿美元赔款;而亚美尼亚阵亡数千人，军队损失惨重，签订协议，割地赔款。回顾历史，阿亚两族多次冲突，亚美尼亚胜多败少。随着时间的推移，高层和军方也染上了“和平病”：军事理念固步自封、部队建设停滞不前、备战思想逐步松懈，给了阿塞拜疆可乘之机。这启示我们，一方面战斗永远在意想不到的时候打响，必须保持箭在弦上的警惕;另一方面，因循守旧必然会落后挨打，主动求变才能赢得先机。作为国防动员单位，必须立足现有条件、现实环境、现代规律，带头深研动员理论，带头深剖现实问题，带头探索最快速、最有效的动员方法和手段，贴近实战练兵备战，才能在未来战场上掌握主动，制胜强敌。(三)坚决破除能力短板，锤炼过硬胜战本领。当前，国防动员正处于体制改革落地的“当口”、新质能力提升的“窗口”、建设模式转型的“路口”、随时准备打仗的“关口”。特别是俄乌冲突所体现的“联盟性群殴”“混合型制裁”“认知域较量”等新的战争样式，向世界昭示了国防动员工作的新特点、新规律、新趋势，对我推进战略决胜国防动员准备具有重要启示和借鉴意义。要坚持聚焦实战强能力，瞄准可能担负的支援保障、维稳处突、抢险救灾等任务加强针对性训练，做到熟练操作手中装备，熟悉驻地情报信息，熟知行动方法程序，锻造可信可用、精干高效的突击力量。要坚持融入体系强能力，把握民兵建设深入融入联合作战体系和应急管理体系的趋势，着眼统筹建设、优势互补、一体运用，加强对接协调、联演联训、共建共用，把装备、人才、技术等优势转化为战斗力。(四)坚决破除惯性思维，积极投身转型发展。作为民兵，战时应战、急时应急，不能只是一句口号，而要真正贯彻落实到行动中。要突出抓好战备，严格落实战备值班、战备计划、军情研究、议战议训、请示报告等制度，认真组织战备演练、应急分队训练等，结合遂行演习、抢险救灾、维稳处突等重大军事任务，有针对性地锤炼战斗意志、培育战斗作风、锻造战斗本领。(五)坚决破除血性不足，砥砺顽强战斗精神。毛主席曾经形象地说：“我们的部队钢少气多，而美国佬的部队钢多气少”。这里的气就是指的敢打必胜、不畏牺牲的血性胆气，它是任何一支部队打胜仗的根本保证。去年电视剧《跨国鸭绿江》在央视热播，其中的一个事例令我印象深刻，在第五次战役的最终阶段，面对美军“磁性战术”的进攻，彭德怀司令员命令第63军在铁原进行阻击，最为悲壮的是第189师死守种子山。该师9000余人在面对兵力数倍于己、拥有大量坦克、飞机掩护的美军时毫不畏惧，展现了志愿军的敢战血性，没有反坦克武器就用身体抱着炸药包去摧毁坦克，白天阵地失守，晚上就组成敢死队夺回阵地。反复拉锯，最终挡住了美军6天半，仅存200余名官兵返回，为志愿军主力转移赢得了宝贵时间。平时多流汗，战时少流血，把“两不怕”精神融入自己的血液，做到艰险再多吓不倒，条件再苦难不倒，任务再重压不倒，直面强敌，敢于亮剑，一击必胜。雄关漫道真如铁，而今迈步从头越。习主席在视察军委联合指挥中心时，引用了毛主席在新中国成立前期让全党全军“丢掉幻想，准备战斗”的告诫。我们要切实认清我国面临的严峻复杂形势，始终保持戒备，枕戈待旦，苦练打仗本领，熟练掌握工作所需的各项技能，一旦战争爆发，做到召之即来、来之能战，在改革强军征程中奉献我们的力量。"
66765f9ffb88ab4b048dd5ac,https://mp.weixin.qq.com/s/PVWD-Ja-saYlm59FrRqRLg,开国上将邓华，抗美援朝打得美国投降，为何回国后却被免职？,2024,05,25,2024-05-25,      新中国成立后，有这样一位中国人民解放军的高级将领，他参与指挥两场重大战役，为解放全中国和维护国家领土不受侵犯作出了不朽贡献，1955年被授予上将军衔，出身湖南的邓华将军，其革命历程是怎样的，在抗美援朝战争的一众副司令员中，又为何是邓华后续接替了彭老总的指挥职务，抗美援朝战争结束后邓华将军为何被免职，他随后又去了哪里?邓华1910年4月28日出生于湖南郴州永宁乡，原名邓多华，字实秋，邓华出生于当地的一个书香门第家庭，不同于许多农苦百姓出身的共和国将军，他年少便读私塾，先后在岳云中学和南华法政学校读书，是个不折不扣的知识分子，而学生时代的邓华怀揣着先进的思想和坚定的爱国主义信念，多次参加爱国学生运动，反抗当地封建反动军阀的压迫统治，1927年邓华加入中国共产党，1927年5月，反动军官许克祥在湖南长沙发动的反革命政变。因当天电报代日韵目为“马”字，故称马日事变。反动军阀收缴工人纠察队武装，并大肆捕杀共产党员和革命群众，长沙笼罩在白色恐怖之中。邓华也在马日事变后紧急返回湖南，主持当地的革命运动，当时形势危急，必须拿起枪杆子，进行武装斗争，次年1月朱德、陈毅发动湘南起义，邓华也随即加入革命的洪流之中，因为邓华文化水平较高，他在工农革命军第七师政治部任组织干事，开始从部队的政治工作开始干起。随后的4月份，跟随朱德、陈毅的部队抵达井冈山，并出席了我党、我军历史上重大意义的古田会议。井冈山革命根据地的建立，逐步扩大了革命和红军的范围，蒋介石反动派马上派遣兵力针对中央苏区开展“围剿”。邓华参与历次反“围剿”作战，甚至在第五次反“围剿”期间，率部协同红一团激战三个昼夜，打退国民党三个军的轮番进攻。但第五次反“围剿”终究是失败告终，红军部队也开始了两万五千里长征，邓华跟随部队在长征结束后抵达陕北。抗日战争爆发后，国共第二次合作，红军改编为八路军，开赴抗战前线，邓华则担任了八路军115师685团政治处主任，期间参加平型关战役，整个抗战期间邓华一直负责部队的政治工作，但也经常兼任指挥官，使得他达到了军政全才的优秀水平。抗战胜利前夕，1944年他被中央召回延安，11月加入中共中央党校学习，考虑到抗战胜利在即，随后的解放全中国更需要邓华这样的优秀指战员，党中央对其非常看重。而在随后的解放战争中，随着林彪率领的东北民主联军入驻东北，邓华的职务也得到了较大的提升，他于1947年担任东北民主联军辽吉纵队司令员，这支部队就是后来东北野战军的7纵，邓华开始成长为军以上部队的指挥官，这充分体现了他个人能力非常出众，深受东野司令员林彪的信任。“三大战役”期间，邓华在战略指挥上也有过两次建议之功。一次是1948年的辽沈决战攻打锦州时，开始东北野战军高层的作战计划，是用4个纵队攻城，其余纵队打东、西增援之敌。当时任七纵队司令员的邓华认为，应集中6个纵队，在敌东、西援兵没有赶到之前攻克锦州，以避免兵力不够久攻不下，再有援敌到达，陷我军于非常不利之境地。这一建议，促使野战军首长作出了兵力调整，确保了锦州迅速克复。再一次是1949年1月，第四野战军入关与华北野战军共同进行平津战役，第四野战军首长令邓华统一指挥第二、第七、第九纵队，另第十纵队的1个师，首先攻击塘沽、大沽之敌，截断平津之敌海上的退路。而邓华受领任务后，经过周密侦查和缜密分析，提出了先打天津的建议，最终经四野首长上报中央军委和毛主席。这一建议被采纳，战绩载入了史册。随着“三大战役”的胜利结束，邓华正式开始担任大兵团的作战任务，他被任命为解放军第十五兵团司令员，辖第43军、44军、48军。1949年渡江战役结束后，四野的部队开始南下进一步追击国民党反动派，收复领土，解放全中国，他的部队从东北一直达到江西、广东，10月1日新中国成立，随后毛主席决定发起广东战役，邓华率则第15兵团为中路军，攻进广州，占领国民党“总统府”，11月广东全境解放。此刻入关的四野将士们，已经打到了祖国的南疆沿海，剩下的国民党残余势力则盘踞在海南岛、台湾岛以及西南一片区域，解放大西南的重任则交给了刘伯承、邓小平所率领的二野，而邓华所在的十五兵团则收到了毛主席交予的另一项更加艰难的任务。早在49年10月广州城解放后，毛主席就把目光投向了海峡对岸的海南岛，当月17号主席致电林彪，赋予十五兵团邓华部夺取海南岛的作战任务，当时为了清缴两广地区其他的国民党残余部队，十五兵团只有下辖的43军可用于进攻海南岛，于是林彪致电正在莫斯科访问的毛主席，决定再增派十二兵团的40军参加作战，统一由十五兵团邓华司令员，洪学智副司令员和赖传珠政委指挥。解放海南岛的重任交给了邓华，他的压力非常大，不同于以往的陆上战斗，跨海登陆作战是人民解放军的一大短板，尤其是在10月底的金门战役中就遭受了惨痛的教训。海南岛的范围更大，琼州海峡的环境更为复杂，十五兵团要如何完成这一艰巨的任务呢?邓华深入研究了历史上许多渡海登陆作战的战例，详细了解海南岛和琼州海峡两岸海域的自然条件和岛上国民党军队的部署情况，创造性地提出“小部队偷渡”的方案，即利用岛上有我党冯白驹同志领导的琼崖纵队和人民群众支持的有利条件，使用小部队乘渔船伪装成打鱼的样子，分批偷渡上岛。然而邓华的方案起初却并未被中央军委所赞同，主席在致电林彪的电报中指示“渡海作战与过去我军所有作战的经验不同，即必须注意潮水和风向，必须集中能一次运载至少一个军，约四五万人的全部兵力，携带三天以上粮食，于敌前登陆，建立稳固滩头阵地，随即独立进攻而不要依靠后援，必须研究金门战斗失利的教训”，随后这封电报转送到十五兵团首长处，要求邓赖洪趁北风季风攻取海南。邓华受到电报后，何尝不想一次运载更多兵力上岛，金门战役的惨败就是因为兵力的问题，当时上岛仅有3个多团不到一万人，主席的担忧是非常正确的，但解放军部队一时间无法弄到如此多的渡海船只，也缺乏大部队抢滩登陆作战的经验，这次邓华坚持了自己的意见，他致电四野前指，在1950年2月17号前完成渡海作战的准备已不可能，必须推迟。主席收到前线发来的电报，随即同意了邓华的请求，并指示“邓、赖、洪不要依靠北风而是依靠改装机器船只这个方向准备”。主席认为传统的木帆船只，用于应对渡江作战尚可，但渡海却非常勉强，一方面要突破国民党军舰大炮的封锁，另一方面缺乏高机动的能力，无法短时间抵达预定的作战区域，一旦风向有误便无法继续航行，作战风险极大。为了弄到几百机器船，中共华南分局和广东军区想尽了办法，除了从广东沿海附近搜集大型船只以外，还派遣四野后勤部政委陈忻携带几百万银元去往香港购船，但港英政府和国民党在港的特务很快觉察到这些，购船几乎落空了。没有机械驱动的船只，邓华内心非常焦急，他意识到主席的计划恐怕难以执行了，目前唯一可行的方案便是，将缴获的卡车发动机拆卸下来，进行改装，并安置在木帆船上，为其提供动力，再利用铁皮和绳结加固船身，造出一支“土舰队”。从1950年1月至3月初，共搜集到木帆船2123艘，基本保证海上训练和分批偷渡的需要。而邓华也进一步向四野首长和中央军委请示了“分批偷渡与大举登陆相结合”的战法，得到了毛主席的批准后，1950年3月5日夜晚43军一个团、40军一个加强营的兵力开始实施第一批的偷渡，而对岸的琼崖纵队则按照指示负责登陆点的接应工作。在首批偷渡成功后，第二批偷渡也成功实现，此刻的海南岛上十五兵团的先遣部队和琼崖纵队共计已达万人，随着春季的结束，4月20号的谷雨节气到来之前，这是部队大举登陆的最好时机了，包括40军韩先楚在内的一些将领纷纷请缨，要求中央尽快下命令，机不可失。这事实上改变了毛主席作出的大举渡海工具为机器船为主的指示，邓华结合实际情况和前线将领的反馈，再次大胆作出决定，下令于4月16日开始大规模渡海登陆，40军和43军共计8个团当晚7点启航大举进攻海南岛。17号凌晨4时，我军登陆部队经过激战顺利占领预定地点的滩头阵地，而位于岛内的十五兵团的先遣部队和琼崖纵队也接到命令，发起进攻支援岸边的登陆部队，这次海南岛登陆战，加上前期偷渡的先遣部队和琼崖纵队，总兵力已达48000余人，到了陆地上的解放军马上可以大展拳脚了，后续的围剿国民党部队的战斗也基本比较顺利了，4月23日40军解放海口，国民党在海南岛的最高指挥官薛岳乘飞机仓皇逃到了台湾，5月1号解放军攻占西岸的八所港，海南岛全境解放。然而就在我军成功解放海南岛后仅一个月，1950年6月25日朝鲜战争爆发，两天后美国方面就下令美第七舰队驶入基隆、高雄两个港口，在台湾海峡巡逻，阻止解放军解放台湾。7月7日联合国安理会通过第84号决议，派遣“联合国军”介入朝鲜战争。如果十五兵团攻占海南岛再晚一些时间，后果不堪设想，如果没有邓华、韩先楚等前线将领的敢为人先、果然决策以及战士们的不为牺牲的英勇作战，解放全中国将受到极大的阻挡，我国南疆沿海和南海诸岛的主权则不复存在。而就在邓华刚刚完成了这一重大战役后，他马不停蹄地被中央军委调去了东北，此刻邻国朝鲜境内正在进行的战争正等待着他的到来。就在7月7日美国决定出手干预朝鲜内战时，敏锐警觉的中央政府和毛主席就已经开始着手组建东北地区的边防部队，东北边防军的组建需要一位军事主官的任命，而这支东北边防军主力是原四野十三兵团的38军、39军、40军和42军，而邓华却是四野十五兵团的首长，中央又是如何作出抉择的呢?当时十三兵团司令员是黄永胜，按理说他将负责东北边防军的组建和后续参战入朝的事宜，但中央却下令十三兵团和十五兵团的司令员对调，由邓华接任，这个时候的邓华刚结束海南岛作战，就收到中央军委的命令，7月25号赶赴北京任职，可以说邓华是最先被确定下来的组建中国人民志愿军，抗美援朝的部队指挥官。中央军委的会议上，四野的林彪和罗荣桓提议了这件事，会议讨论认为，邓华在解放海南岛战役中的关键抉择和指挥，稳重的同时擅于思考，更可以临危受命，敢于拍板，在与现代化的美军作战时这些军事素养是非常关键的，刚打完海南岛的邓华“手热”，是非常适合去朝鲜的，毛主席也予以了极高的评价，决定首先任命邓华。邓华抵达北京后，随即便开展了一系列的工作，他不能当光杆司令啊，十三兵团也不是自己的老部队，要理清的事情非常多。第一件事就是“搭班子”，重组十三兵团的领导机关，他向军委请示，两个兵团的机关人员也要对调，中央军委则批准了他的请求，表示要哪些人，随你挑。而邓华自然是选择了自己的老搭档，他请求将原十五兵团的政委赖传珠、副司令员洪学智以及十二兵团的参谋长解方调来，这其实就是志愿军西线战场的主要领导人员，后来中央军委任命彭德怀为中国人民志愿军司令员，邓华、洪学智分别为第一、第二副司令员，解方则是志愿军参谋长。其次的任务则是，全面部署各项后期物资的调配工作，动员到整个中共东北局和东北军区，确保了1950年8月底前完成全部后勤装备的任务，第三点则是组织后续的志愿军入朝计划，值得一提的是，邓华在这次的入朝计划中也提供了宝贵的意见，起初中央军委决定先派两个军秘密过江，人数不过10万人，但志愿军司令部方面获悉的情报显示，包括美军在内的“联合国军”总兵力已达42万人，越过三八线的兵力就有13万之多，10月9号当天邓华找到彭德怀，建议十三兵团的4个军和三个炮兵师同时入朝，这得到了彭老总的认同，随即将这个建议发往北京的中央军委和毛主席，主席复电表示同意，这条建议非常重要，在美军尚未得到我军具体入朝情报前，能够形成优势兵力作战，是前期入朝作战取得胜利的关键。而后邓华在结合入朝后美军兵力的部署情况后，再度建议目前4个军还是不够，尤其是东线美军的进展非常顺利，必须再度增调一个兵团去往东线，彭老总认为意见很好，并向中央报告最新情况。彭德怀对于邓华曾经作出评价，称“邓华这个人知识丰富，很有头脑，考虑问题有眼光，也比较周到”。而在整个抗美援朝战争中，邓华将军的高光时刻非常多。资料显示整个抗美援朝战争期间，我军共发动了五次战役，并最终将美国军队打退到三八线以南，但事实上中央军委和志愿军司令部方面曾做好了第六次战役的准备，具体的作战计划和兵力部署都非常明确了，但邓华却建议取消了第六次战役，这背后的原因是怎样的?当时在第五次战役期间，美国军队就开始意识到，对垒的双方实力已是势均力敌，美国军队是不可能再度攻占三八线以北的中朝军队占领区，美国人开始主动接触，寻求谈判，彭德怀委派邓华作为中方首席谈判代表，于1951年7月10日在开城与美韩方开始谈判，但美国人傲慢的态度丝毫不减，他们的企图是在战场上拿不到的东西，寄希望于谈判桌上的交锋拿到。整个谈判期间，美国人没有展现出任何停战的诚意，无理地提出了许多要求，包括三八线附近的停火区域，这样的背景下，毛主席和中央军委指示，志愿军司令部制定第六次战役，准备在8月或9月，出动13个军的兵力，实现歼敌2个师，将东线地区的敌人赶回到三八线以南地区。邓华在仔细研究当下局势和美军的准备后，表示敌军已经构筑了大量的永久性防御工事，我们再打，恐怕是艰难的阵地攻坚战，他向彭老总和主席请示“目前不进行战役反击，尽可能作战术的反击”，始终保持对敌军的威压态势，迫使对方既不敢让谈判破裂，也不敢向我军实施全面的进攻。后来邓华的请示获得了志司和中央的同意，第六次战役只是进行了紧锣密鼓的准备，而最终并未实施，更避免了我军可能遭遇的大规模伤亡。时间来到1952年上半年，彭德怀因病回国治疗，病愈后留在国内支持中央军委的工作，6月份邓华被任命为志愿军代司令员和政委，全面主持志愿军工作，而在邓华担任总指挥期间，朝鲜战场上最为惨烈的一次战役爆发了。上甘岭战役是围绕不到3.7平方公里的两个高地的争夺，从10月14号开始到11月25号结束，前后43天的战斗，最终志愿军牢牢掌握着两个高地。这场战役，双方投入的兵力、火力之密集猛烈，战斗之激烈紧张残酷，放眼这个世界战史也是极为罕见的，作为志愿军代司令员的邓华直接部署指挥了这场战役的全过程，最终取得了上甘岭战役的胜利。在此期间，邓华还担任了朝鲜西海岸指挥部司令员兼政委，负责防御可能到来的，美军抢滩登陆作战，这场防御部署可谓是滴水不漏，邓华调整兵力陆上正面有14个军，西海岸则是7个军，东海岸4个军。西海岸防御成梯次排列，与空军、炮兵、坦克紧密结合，并在海岸附近进行工事构筑，形成了以坑道为骨干的纵深10余公里的防御阵地。直到战争结束，时任美国总统的艾森豪威尔也没有发动抢滩登陆战，这位在二战期间领导了著名的诺曼底登陆的美国军人，在邓华将军的严密防御部署之下“哑火”了。1953年抗美援朝战争的最后阶段，此刻坐在谈判桌上的美国人态度开始转变，他们积极响应了我方代表的谈判要求，并开始制定具体的停战细则，而南朝鲜李伪政权却并未放弃，甚至叫嚣着美军停战，也要继续打下去。为了打击南朝鲜方面的嚣张气焰，继续巩固现有的胜利局面，毛主席和志愿军司令部方面决心发起最后一战，金城反击战。这场战役，是我志愿军打得最为富裕的一场战斗，当时前线的兵力之比为3-1，火力之比为1.7-1，更补充了大量来自苏联的重火力装备，包括喀秋莎火箭炮在内的武器，使得我军的炮火打击非常猛烈。金城反击战的胜利，共歼敌7.8万余人，战线向南推进了178平方公里。7月27号交战双方在停战协议前签字，此后邓华继续担任志愿军代司令员，1954年3月邓华奉命回国担任沈阳军区司令员，仍旧保留着志愿军代司令员的职务，9月份彭老总请辞了志愿军司令员的职务，邓华继任。事实上，在去往朝鲜的众多副司令员中，邓华之所以被长期任命为代司令员，成为彭总工作的接任者，很大一部分原因就是其优秀的指挥能力和缜密的战略战役规划，无论是海南岛战役还是整个抗美援朝战争，邓华将军立下了赫赫战功，也得到了党中央、中央军委的充分信任。至于邓华的愿军司令员一职，则在1954年10月份转由杨得志担任，后来邓华受彭总的事情牵连而被撤职，1960年去往四川担任副省长，他亲自下基层走访当地170多县市调研，为四川省的发展也作出了重要贡献。1977年后邓华将军重新恢复职务，担任军事科学院副院长、中共中央军事委员会委员，1980年7月3日邓华将军在上海病逝，享年70岁。参考资料：       何立波《邓华与解放海南岛》孟青山《邓华叱咤抗美援朝战场》昆仑策网《刘振起：我看邓华的卓著勋劳》
66765f9ffb88ab4b048dd5ad,https://mp.weixin.qq.com/s/f65VWlBpRtua86wvNz8wVA,“福建晋江—金门”快线首航,2024,05,24,2024-05-24,"近日，“东山25”轮装载服装箱包、户外用品、母婴用品等78.71吨货物从围头港缓缓驶向金门，标志着“福建晋江—金门”快线外贸集装箱航线在围头码头首航成功，这是泉州港首次开通跨境电商海运快递线。航程短!时间省!费用低!围头是大陆距离金门最近的地方，航程也是最短的。此快线的开通，泉州到金门的跨境电商货物可以就近在泉州综合保税区通关并通过围头港运输，实现“本地货物本地出”，甚至实现“当天接单、当天发货”，大大节约了本地企业的物流和时间成本，同时意味着台湾同胞通过电商平台从祖国大陆购买的商品最快可以提前1天收到。泉州海事部门高度重视、主动作为，采取多项措施做好首航的服务保障工作。强化沟通，靠前服务与地方政府、海关、码头、代理等积极沟通协调，全面掌握快线首航船舶信息、航次安排，指导船方制定航行靠离泊计划和作业的安全保障措施，保障该轮进出港安全，确保该航线顺利开通。强化监管，畅通航道采取“现场巡航、远程监控、无人机巡航”的立体巡航监管模式，加强对航道、锚地等重点水域的巡航检查，及时清除航道内渔网、渔具等碍航物，确保通航环境畅通安全。绿色通道，提升效率深化口岸联检单位“信息互换、监管互认、执法互助”合作机制，通过“互联网+政务服务”，优先受理审批“小三通”船舶进出口岸手续，提升口岸通关质量和效率，保障船舶和货物安全快速通关。联合检查，主动护航联合海关、边检等部门开展登轮检查，督促指导船方落实开航前安全检查措施，加强防范商渔船碰撞和大风天气等安全提醒，组织海巡力量开展海上通航秩序维护，保障船舶安全离港。下一步，泉州海事部门将积极发挥“主角”作用，进一步完善保障“小三通”电商货运船舶的服务保障机制，促进闽台融合发展，助力泉州港高质量发展。供稿：泉州海事局 张静 泉州海洋职业学院船员培训学院的内容可能会使用来源于互联网的部分素材、元素，如果您对相关内容的版权问题存有异议请您及时与我们联系，我们将及时妥善处理。视频 | 第一视角沉浸式报到船员培训学院关注 | 在泉海报名船员培训，这份""生活指南""请收藏好！！！编辑 | 胡毓浚初审 | 王诗聪复审 | 李   志终审 | 陈东水"
66765f9ffb88ab4b048dd5ae,https://mp.weixin.qq.com/s/GoREwyEKs39k6zzPyVzV2g,东部战区出手，预演48小时“收台”，太霸道了！,2024,05,23,2024-05-23,“口嗨”的赖清德，阻挡不了统一大势，该来的终究会来。5月23日7时45分，东部战区宣布，解放军会在台岛北部、南部，东部及金门岛、马祖岛、乌丘屿、东引岛周边，开展名为“联合利剑-2024A”的大规模联合演训，演习时间从5月23日持续到24日。与前两年的“环台军演”相比，“联合利剑-2024A”实战化意义，明显强上不只一筹，甚至从一定层面上可以认为，这是“登陆日”的战前预演！为什么这么说？先来看看此次军演的4大“突破”。其一，从演习时间来看，“联合利剑-2024A”采用了“公布即启动”的方式，也就是说，关于军演的任何信息，全然没有提前公布。东部战区5月23日7点45分宣布军演，7点45分解放军集结完毕，演习已经开始。其二，从参演兵力上看，东部战区陆军、海军、空军、火箭军，四大军种全数到齐，解放军9路大军齐出。并且，在东部战区宣布演习之后，几乎同一时间，中国海警发布消息，福建海警也将组织舰艇编队在乌丘屿、东引岛附近海域开展综合执法演练。东部战区海军和空军，时不时会在台湾海峡以及台岛北部、南部对同胞们进行慰问，台湾同胞们，估计不会陌生。但陆军与火箭军也参演其中，确实次数不多，那既然来都来了，针对性也就不言而喻，总而言之四个字：“万无一失”。这也就意味着，“联合利剑-2024A”或许不只是一次简单的演习，分分钟有可能成为统一之战。其三，从演习区域来看，比起2022年，佩洛西窜访台湾那场“环台军演”，“联合利剑-2024A”范围更大、更加严实，这次演练不再局限于台湾海峡、台湾岛东部、南部、北部，进一步扩展到了金门、马祖、乌丘屿和东引岛，将台海战事所有的潜在焦点都囊括其中，塑造“全向围岛进逼”之势。自“金门渔船”事件后，台当局所谓的“禁区水域”不复存在，中国海警在金门周边海域常态化巡查。这次军演，解放军进一步扩展到马祖、乌丘屿和东引岛周边进行实战演习，释放的信号相当明确，赖清德“口嗨”阻挡统一大势，是要付出代价的，往后这些区域，乃至整个台湾岛周边，解放军都会常来。最后，从演习内容来看，舰机抵近台岛周边战巡，岛链内外一体联动，检验战区部队联合作战实战能力，重点演练联合海空战备警巡、联合夺取战场综合控制权、联合精打要害目标等科目。看看，从“战备警巡”到“联合夺取战场综合控制权”再到“精准打击要害目标”，整个过程高度贴合实战，不再花里胡哨，一旦情况有变，随时可以“由演转战”。而且，东部战区首次提到了“在岛链内外一体联动，检验战区部队联合作战实战能力”的概念，这也再一次表明，“联合利剑-2024A”军演的重心，不会局限于台岛周边，甚至会扩展到第一岛链，目的是什么？不言而喻，把西方的“上帝”拒之门外，关起门来，处理家务事。有趣的是，东部战区在发布了“联合利剑—2024A”演习相关消息之后，还特地贴心地用繁体字制作了一张大海报，给军迷们介绍了六大越海攻击利器：空军歼20、歼16战机，陆军远程火箭炮，海军052D驱逐舰、071船坞登陆舰，以及火箭军的“东风”系列。结合着以上信息来看，“联合利剑—2024A”规模小不了，虽然公布了仅有两天时间，但这不说了，只是“A”嘛，后面的B、C、D会不会紧随其后，立马安排上呢？台湾岛内经常乱喊“狼来了”，从以往不少街访中可以看到，“无感”“习惯了”“没感觉”都是高频词语，也就是说，对于解放军军演，大部分台湾人是该吃吃该喝喝，就好像放羊小孩的故事，没什么感觉。但谁能知道哪一天“狼”真的会来？台湾迟早要收，不会太久，不管美国在背后打的什么小算盘，中国有自己的节奏。时代潮流浩浩荡荡，顺之则昌，逆之则亡。中国终将统一，也必然统一。
66765f9ffb88ab4b048dd5af,https://mp.weixin.qq.com/s/5Jwpw442k6A8ib_H5Uxwnw,金门局势有变，48小时内两岸海警2次交锋，硬逼台当局退出厦金！,2024,05,20,2024-05-20,戳上面的蓝字关注我们哦！致力于关注国际军事新闻，传播正能量，弘扬爱国精神！感谢您的观看，请关注并把我分享给更多的朋友！我会坚持为您服务！台海局势的最新变化凸显了金门岛作为两岸关系敏感点的地位。48小时内的两次海警交锋，不仅彰显了大陆对台海域执法权的决心，也对台方在厦金海域的管辖权提出了挑战。【金门岛海域现状】金门岛附近的海域，并没有设定为“禁限制水域”，这里是中国领土内的一部分。因此，大陆海警在厦金海域进行的巡航活动是一种正常且合法的执法行为。这些行动展示了大陆方面对于其主权范围内海域的管理和执法的决心，也是对维护该区域法治与秩序的具体体现。【大陆海警保护渔民】台海巡部门上个月造成了两名大陆渔民不幸罹难的事件。对此，大陆海警的常态化巡航不仅是为了保护渔民的生命安全，同时也是对民进党当局所声称的“管辖治理权”的有效剥夺。通过这些行动，大陆海警表明了对于任何侵害渔民权益行为的零容忍态度。【台海巡实力不足】面对强大的大陆海警，台海巡部门在自称的“禁限制水域”中力不从心，无法施展其控制权。这种实力上的差距迫使台海巡部门在与大陆海警的对峙中示弱，最终不得不退出厦金海域。这一行为暴露了台海巡部门在实际行动上的弱势，以及其在维护宣称的“禁限制水域”中的无力。【大陆海警强硬回应】在台海巡部门的对峙中，大陆海警采取了强硬的态度和行动。这种态度清晰地展示了大陆方面保护渔民利益和维护领土完整的坚定决心。同时，大陆海警对台海巡部门的警告也是对其此前行为的直接且有力的回应，表明大陆方面不会对任何威胁国家主权和渔民权益的行为容忍或妥协。【金门县长救援指示】3月14日发生的大陆渔船触礁沉没事件中，金门县长陈福海迅速作出反应，指示海巡队进行救援工作。这一举措体现了金门县长对生命的尊重与人道主义精神。县长的救援指示并不代表民进党当局的立场，这说明了在两岸关系中，地方政府的行为可能与中央政府存在差异。【民进党当局拒绝公布真相】民进党当局在处理3月14日大陆渔船触礁事件上的态度备受关注。他们拒绝公布事件的真相并处理责任人，经过15轮谈判仍未能达成共识。至今，涉及“2·14”事件的大陆渔民未得到任何赔偿，这种行为显示出民进党当局在处理两岸问题上的不负责任态度。【金门海巡队人道救援】金门海巡队在大陆渔船触礁事件中提供紧急救援，体现了人道主义精神。他们的行动是基于对生命的尊重和国际上普遍接受的人道救援原则，这与大陆海警基于国家法律和领土完整进行巡查执法的责任是两个不同的层面，两者之间并不构成矛盾。【大陆海警维护海域秩序】大陆海警在厦金海域的巡航执法是对之前渔船触礁事件的一种回应。通过加强巡查力度，大陆海警旨在防止类似事件的再次发生，保障大陆渔民的生命安全和维护该海域的秩序，这是对渔民权益的一种保护和对海域法规的正常执行。面对台海巡部门的小艇，大陆海警舰艇的警告表明了坚守国家原则和海域权益的态度，彰显了在维护国家利益面前的坚定不移。这一行动传递出明确信号，即任何企图挑战大陆主权和领土完整的行为都将遭遇坚决而有力的回应。大陆海警的行动不仅是对过往台方挑衅行为的直接回应，更是对未来可能出现的任何挑战的警示，确保海域和平与稳定。[免责声明]：文章描述过程、图片都来源于网络，此文章旨在倡导社会正能量，无低俗等不良引导。如涉及版权或者人物侵权问题，请及时联系我们，我们将第一时间删除内容！如有事件存疑部分，联系后即刻删除或作出更改。素材来源官方媒体/网络新闻（文章由AI生成）点个“分享”和“再看”的都是大大的好人！
66765f9ffb88ab4b048dd5b0,https://mp.weixin.qq.com/s/yMlgzNGf_NwOHVrnqiFyew,台渔船翻覆，台海巡船拒绝营救，大陆出手相助，却发现事情不简单,2024,05,19,2024-05-19,2月14日，台湾海巡署的一次“暴力执法”震惊了两岸。当天，他们公然撞翻了大陆渔船，渔船瞬间倾覆，4名船员瞬间落海，在冰冷的海水中挣扎求生。这场突如其来的灾难造成了2名大陆渔民不幸遇难，其余2人虽侥幸获救，但心中的创伤却难以抚平。然而，命运似乎在一个月后进行了一次讽刺性的反转。当两名台湾海钓客在金门海域因意外陷入困境时，他们并没有等来台湾当局的救援，反而是大陆海警及时伸出援手，将他们从生死边缘拉回。这本应是一段两岸同胞守望相助的佳话，但事情的发展却远比想象中复杂。3月18日凌晨，当大多数人还在睡梦中时，大陆海警接到了来自金门海域的呼救信号。他们迅速出动，成功救起了这两名遇险的台湾海钓客。然而，在核实身份时，一个惊人的事实浮出了水面——其中一名获救者胡姓男子，并非普通海钓客，而是台湾军方现役人员，更是特种部队“水中爆破大队”的一员。更令人震惊的是，他在获救时故意隐瞒了自己的真实身份。胡姓男子的特殊身份曝光后，立即引发了广泛关注和热议。人们不禁要问，他出海钓鱼的背后，是否隐藏着不为人知的秘密？是为了简单的休闲活动，还是为了刺探大陆情报？这一连串的疑问让这次海上救援行动蒙上了一层神秘的色彩。与此同时，台湾“海巡署”在此事中的表现也备受质疑。据报道，当这两名海钓客遭遇困境时，他们先向金门岛上的“国军”发出呼救，但“海巡署”却慑于大陆海警的力量，未敢出海救援，只是用灯光和无线电呼叫两人。直到两人被困接近24小时，最终向大陆海警求救时，才得以脱险。这种“欺软怕硬”的行为，无疑让人们对台湾“海巡署”的执法能力和道德水准产生了严重质疑。不仅如此，在之后的一次行动中，台湾“海巡署”更是上演了“暴力执法”的戏码。他们在澎湖附近海域用水炮攻击驱逐了多艘来此避风的大陆渔船。面对毫无反抗能力的渔船，他们却毫不留情地猛喷水炮，造成多艘渔船受损。这种对大陆渔船的“重拳出击”，与他们对自家渔船的不作为形成了鲜明对比。这一系列事件不仅让两岸关系愈发紧张，更让人们对台湾“海巡署”的所作所为感到愤慨。他们口口声声说要维护“海洋权益”，但在实际行动中却频频损害两岸同胞的利益和感情。这种行为不仅无助于解决两岸之间的分歧和问题，反而会让两岸关系更加恶化。小编想说，两岸关系的发展需要双方共同努力和相互尊重。任何一方的过激行为或挑衅行为都会破坏两岸关系的稳定和发展。我们应该以和平、合作、共赢为目标，推动两岸关系和平发展、融合发展。
66765f9ffb88ab4b048dd5b1,https://mp.weixin.qq.com/s/bMM7vddLdlNjNQDeb7TjXQ,追击大陆渔船致2人死亡后，台当局称“合法”，并要大陆加强约束,2024,05,18,2024-05-18,致力于关注国际军事新闻，传播正能量，弘扬爱国精神！感谢您的观看，请关注并把我分享给更多的朋友！我会坚持为您服务！在2024年的选举之后，台当局在赖清德的领导下对待两岸关系采取了更为强硬的姿态。2月14日金门海域的海上追逐事件不仅导致了悲剧性的人员伤亡，还凸显了台海紧张局势的进一步升级。台当局将其行动定义为“合法”并要求大陆更加严格地管理其渔船，此举显然会激化两岸已经紧绷的关系。【金门海域事件】台湾海巡署在2月14日发现有大陆渔船在金门海域越界捕鱼，随即展开追逐，造成四名船员落水，其中两人不幸身亡。这一事件不仅展示了台湾当局对于处理越界捕鱼问题采取的严格措施，也突显了金门附近海域界限争议的严峻性。【两岸关系紧张】台湾当局多次扣押大陆渔船，并强调以维护“渔业保护区”为由来保护海域权益，这一做法侵害了大陆渔民的利益，并导致两岸关系进一步紧张。对此，大陆方面对这一事件表示了激烈的反对，并强烈要求台湾彻查事件真相，并采取措施防止此类事件再度发生。【台海巡署回应】管碧玲代表台海巡署明确表示，大陆渔船进入了台湾所谓的“限制水域”，因此台海巡部门采取行动是“合法”的。台海巡署坚持其行动的合理性，认为台当局没有道歉的必要。【陆委会官员声明】陆委会官员在事件中指出，事件的起因是大陆渔船船员“拒绝配合”台海巡的要求。陆委会官员对此发表声明，敦促大陆方面对其渔船进行约束，以免类似事件再次发生。【解放军军事活动】在相关事件发生当日，解放军派遣了21架军机和6艘舰艇在台海周边地区展开活动。这一行动可能是针对台当局的回应，通过军事力量的展示，向外界传达了两岸紧张关系的现状。在本文中，我们深入探讨了台海地区当前的紧张氛围。尤其是赖清德担任台湾地区领导人以来，民进党政府进一步倾向于“台独”，并不断加剧与大陆的对立。金门海域的事件，一艘大陆渔船在台海巡署的追逐下发生的不幸，突显了台湾当局以打击“越界捕鱼”为名对大陆渔船的频繁扣押。这类事件不仅引发了两岸间的紧张关系，也促使大陆方面采取了相应的回应措施，整体上，我们提供了一个全面且详尽的分析，展现了当前台海局势的复杂性。[免责声明]：文章描述过程、图片都来源于网络，此文章旨在倡导社会正能量，无低俗等不良引导。如涉及版权或者人物侵权问题，请及时联系我们，我们将第一时间删除内容！如有事件存疑部分，联系后即刻删除或作出更改。素材来源官方媒体/网络新闻（文章由AI生成）点个“分享”和“在看”的都是大大的好人！
66765f9ffb88ab4b048dd5b2,https://mp.weixin.qq.com/s/t2rulqqOGZDyeMC-dF2bZA,台當局政治操弄，「2·14」惡性撞船事件遲無解,2024,05,17,2024-05-17,台灣方面還在以所謂「調查程序」來拖延解決問題，以所謂「執法」來推諉卸責。「2·14」惡性撞船事件發生至今已超過三個月時間，但台灣方面卻遲遲未給遇難人員家屬和兩岸同胞一個交代。據台灣媒體報道和島內消息人士透露，蔡英文與賴清德意見不合，台當局政治操作，是導致事件遲遲未能解決的根本原因。2月14日下午，福建一艘漁船在廈金海域被台灣方面粗暴撞翻，導致船上4人全部落海，其中2人不幸罹難。如今，雖然事件已經過去三個多月時間，但因民進黨內部意見不合，事件仍未得到妥善解決。島內媒體披露稱，蔡英文希望撞船事件盡快解決，不要拖過「5·20」，以免將來被人詬病，指責其卸任時候留下爛攤子，但賴清德要求有關部門以拖待變，「5·20」之後再去處理。2月14日下午，福建一艘漁船在金門海域被台灣海巡艇粗暴追撞，導致船上4人全部落海，其中2人遇難。(網絡圖片)「2·14」惡性撞船事件發生後，台「海委會主委」管碧玲不僅對遇難者沒有一句道歉，還對善後工作不斷設置障礙。島內輿論也紛紛質疑管碧玲相關說辭前後矛盾，刻意隱瞞真相、推諉卸責，認為其失職，應當負「政治責任」。據透露，「海委會主委」管碧玲此前曾在內部會議稱，「海巡署」前期處理撞船事件應對失當。金門「地檢署」如依事實起訴並重判涉案海巡人員，形同承認台方執法存在過錯，將挫傷海巡人員士氣，直接影響管的政績。為此，管聲稱已通過民進黨高層向「最高檢察署檢察總長」邢泰釗傳話，要求邢以事關「國家主權」為由向金門「地檢署」施壓，勒令不得判定海巡人員執法存在過失。金門「地檢署」據此出了正反兩份報告(一份海巡署有過錯有責任，一份海巡署無過錯)，並遞交台北方面，供其按政治需要作出選擇。島內媒體還披露，2月14日事發當天，「海巡署」撞船艦艇按規定應由黃姓艇長駕駛，但因其剛調任不久，對海況不熟悉，改由蔡姓同僚駕駛。自古以來，兩岸漁民在廈金海域傳統漁場作業，根本不存在所謂「禁止、限制水域」一說。大陸方面對台灣同胞充滿善意，但台方卻無視大陸漁民生命財產安全。「2·14」惡性撞船事件的發生，嚴重傷害兩岸同胞感情，也引起大陸各界強烈憤慨及島內輿論的普遍質疑。據報道，在事件發生之初，台有關方面負責人聲稱海巡人員「執法」過程並無不當，企圖掩飾其暴力行徑;島內一些人也大放厥詞，態度囂張。後在兩岸同胞和遇難者家屬強烈要求下，台有關方面才承認是因台海巡艦艇衝撞導致大陸漁船翻覆、人員傷亡，但仍以各種理由推諉塞責，對事件真相遮遮掩掩。過去三個來月時間裏，遇難者家屬和兩岸同胞一直要真相、要道歉、要追責、要賠償、要公平、要正義。大陸方面也多次嚴正要求台方盡快公布事實真相，嚴懲相關責任人，向遇難者家屬道歉，滿足遇難者家屬合理訴求，給遇難者家屬和兩岸同胞一個交代。但事發至今，家屬連一句道歉都還沒有等到，連一個真相也得不到，台灣方面還在以所謂「調查程序」來拖延解決問題，以所謂「執法」來推諉卸責。15日在國台辦例行新聞發布會上，國台辦發言人陳斌華再次敦促民進黨當局盡快解決「2·14」惡性撞船事件。他強調，民進黨當局必須盡快給遇難者家屬和兩岸同胞一個交代，否則一切後果由民進黨當局承擔。往期推薦@這8個城市市民特區政府喊你領優惠券同一藥物，兩地為何差價10倍？《歌手》，香港樂壇誰能一戰？
66765f9ffb88ab4b048dd5b3,https://mp.weixin.qq.com/s/FHZRinB-EgQcyYYRD0enRQ,气愤！撞船仨月没追责、渔民遗体还在金门！,2024,05,13,2024-05-13,5月14日到了，距离2月14日金门撞船事件已经整整3个月了！两名大陆遇难渔民遗体仍冰存在金门，无法归乡入土为安，民进党当局及其走狗毫无人性，令人发指！倾覆小船为被撞的大陆渔民船只214金门撞船事件事实非常清晰，就是金门海巡队野蛮撞船，导致渔船倾覆，致使2名同胞遇难。事发后，百般遮掩真相，不但不道歉，还怕遗体送回大陆后尸检发现真相，一直扣押至今。2月17日，国台办提出的“应尽快放船放人，做好善后工作，查明事实真相并严肃处置相关责任人”三项要求，可以说一件没有完成（只放回了2名生还者），无法给遇难人员家属和两岸同胞一个交代。3月13日，国台办发言人指出，事发至今，家属连一句道歉都等不到，连一个真相也得不到，台湾方面还在以所谓“调查程序”来拖延问题解决，以所谓“执法”来推诿卸责，他们才是真正的“三无”，无情、无义、无理。为此，再次严正要求台方尽快公布事实真相，严惩相关责任人，向遇难者家属道歉，满足遇难者家属合理诉求，给遇难者家属和两岸同胞一个交代。4月10日，国台办发言人强调，民进党当局出尔反尔，推卸责任，为善后协商设置障碍，仍然没有拿出解决问题的诚意。台湾有关方面只有正视问题，满足家属要求真相、道歉、究责、赔偿等合理诉求，事件才能得到妥善解决。4月24日，国台办发言人再次敦促民进党当局停止借此进行政治操弄，尽快拿出解决问题的诚意，否则后果自负。国台办的要求、敦促可谓三番五次了，可惜吃了秤砣铁了心的民进党当局就是不予理会。被国台办批冷血的台海委会主任管碧玲被赖清德留任司法调查3个月了，没有任何结论，纯粹是政治因素在作祟。请问要拖到何时？司法调查三、五年，难道2名渔民遗体要扣留三、五年？换位思考，如果是台湾渔民被撞死，遗体扣留3个月，岛内是不是会闹翻天？虽然事发后，大陆有关部门没收了金门所谓的“禁限水域”。5月以来也加大了在金门海域的常态执法。但很明显，民进党当局及金门海巡队依然老神在在、我行我素，对遇难渔民家属的悲伤视而不见！“务实台独工作者”赖清德马上上台，有些人又开始幻想赖清德的善意。请问，一个说出“日本有事、台湾有事”的人，一个叫坚持蔡英文“四个坚持”（即“坚持自由民主的宪政体制”、“坚持‘中华民国’与中华人民共和国互不隶属”、“坚持主权不容侵犯并吞”、“坚持‘中华民国台湾’的前途，必须遵循台湾人民的意志”）两岸政策路线的人，能有什么善意？3月5日，谈判无果，遇难渔民家属离开金门时既气愤又哀伤，对媒体表示：“船明明被撞翻，没有人承担责任，连一句最简单道歉都没有，心里很难过。这次没能带回亲人的遗体，心里很悲伤，希望能尽快解决这个问题。”两个多月过去了，这些家属的心愿仍然是空。家人被撞离世，没有真相，没有道歉，没有追责，更令他们悲痛的人，遗体仍被口金门无法归乡！时间向前，但有些事不能忘记。遇难渔民遗体还在金门，这事不能忘！建议大陆方面就此事了解划定一个期限，不能任由台湾当局无耻地永远拖下去。投稿邮箱254214740@qq.com
66765f9ffb88ab4b048dd5b4,https://mp.weixin.qq.com/s/nBsuxfGRcwfgr0AQQku47A,突发！渔船事件，大陆出重手了，赖清德紧急表态，管碧玲道歉，夏立言紧急访陆！,2024,05,13,2024-05-13,"  戳上面的蓝字关注我们哦！致力于关注国际军事新闻，传播正能量，弘扬爱国精神！感谢您的观看，请关注并把我分享给更多的朋友！我会坚持为您服务！在""2.14渔船事件""发生后，大陆方面的迅速反应凸显了其对海事冲突的严肃态度，而台湾政府在处理过程中显得较为被动。管碧玲的道歉、赖清德的紧急表态、夏立言的紧急访陆，这些动作虽然在政治层面上具有一定的缓和作用，但是否能真正平息事态，解决家属关切，还需要更多的实际行动与沟通。台湾当局在事发后，并未向社会大众及事故遇难者的家属透露事件的详细经过，令人质疑当局的透明度和责任感。面对家属对执法人员滥用武力的质疑，台湾当局并没有给予任何正面回应，增加了家属的不满与痛苦。民进党当局至今未向遇难者家属及社会大众发表正式道歉，显示出当局对此事件的态度冷漠，未能妥善处理民众的情绪。民进党当局只是在非正式场合对遇难人员表示了遗憾，未有通过官方声明或公开活动表现出足够的诚意和关切。台湾当局在处理与赔偿相关的问题时表现出拖沓的态度，没有给出明确的赔偿承诺，导致此事长时间未能得到妥善解决。渔民家庭因而面临着严峻的经济压力，生活负担加剧，原本指望赔偿金以缓解经济困难的希望变得模糊不清。受到赔偿问题的拖延影响，渔民家庭遭受了巨大的经济损失，他们原本依赖的捕鱼生计受到冲击。赔偿金的不确定性加重了渔民的经济负担，家庭经济状况恶化，日常生活也变得愈发艰难。大陆方面采取包括军事演习在内的多种行动，对台湾施加政治和军事上的压力。这些行动旨在表明大陆对台湾问题的立场和强硬态度，同时也是对台湾当局的一种警示。大陆渔船频繁进入所谓的台湾“领海”，这些行为可能导致金门岛附近海域控制权的变动。金门项目中的疏浚工程可能会改变当前海域的实际控制情况，从而对台湾的影响力造成冲击。台湾当局在“2.14恶性撞船事件”后续处理上展现出的不足之处，如对事件真相的隐瞒、对遇难者家属的道歉和赔偿问题处理上的拖延，以及在责任追究问题上的回避，均引发了广泛争议。尽管面对大陆方面通过军事和外交手段施加的压力，台湾方面有所软化，但仍未能完全满足大陆的要求，两岸之间的紧张关系并未得到实质缓和。在此情况下，探讨两岸能否找到更有效的沟通与问题解决机制，以防止类似事件的再次发生，成为了一个值得持续关注的问题。[免责声明]：文章描述过程、图片都来源于网络，此文章旨在倡导社会正能量，无低俗等不良引导。如涉及版权或者人物侵权问题，请及时联系我们，我们将第一时间删除内容！如有事件存疑部分，联系后即刻删除或作出更改。素材来源官方媒体/网络新闻（文章由AI生成）点个“分享”和“在看”的都是大大的好人！"
66765f9ffb88ab4b048dd5b5,https://mp.weixin.qq.com/s/eKHo-aCmx88ox_KM544Q5Q,12艘大陆船，直扑金门海域，台当局终于反应过来，被包围了,2024,05,12,2024-05-12,"这是罗主任的第54篇原创最近,福建海警跟台湾海巡在金门海域的对峙闹得沸沸扬扬,双方舰船在狭小海域遭遇直接对峙,场面一度剑拔弩张。就在5月10日,有12艘大陆船奔赴金门,其中5艘是海警船,7艘是公务船。台湾海巡部门随即调集6艘海巡艇应对,双方就这么对峙在金门海域。我们不禁要问:福建海警为什么要在金门海域大规模亮相执法?这对中国会带来什么影响?中国又是如何因应的?12.14撞船惨案引燃导火索要追溯根源,就要从今年2月14日的一起惨烈撞船事故说起。当天,一艘台湾渔船在金门附近海域,疯狂撞击一艘大陆渔船,致使大陆一名渔民当场死亡,另一人重伤后来也不治身亡。尽管大陆渔民是无辜的受害者,但台当局对此事仍然袖手旁观,不作任何交代和道歉。这令岛内外中国人无比愤慨,强烈要求台当局负起责任,伸张正义。""没想到台湾这边的渔船竟然这么狂,竟敢撞上我们的渔船!真是罪该万死啊!""""维护好自己国家同胞的生命安全,不做些什么根本忍无可忍了,这事儿咱们大陆方面必须要狠狠反击!""面对强烈民意压力,大陆方面迅速行动,福建海警开始在金门海域开展经常性的巡逻执法。通过这一举措,不仅展现了维护国家主权和渔民利益的坚定决心,也震慑了台湾海域的一切滥凶行为。时间的发展似乎印证了这一决策的英明果断。自大陆加大金门海域执法以来,台湾海域安全形势明显好转,再无重大冲突事件发生。""太好了,总算有人为我们的同胞撑腰了,在家门口被横加欺凌,却无人伸张正义,真是有苦说不出啊!""""要是我们渔民一味忍气吞声,那不是给了那些狂徒更多的胆量吗?这次出手真是及时雪中送炭,给了他们当头一棒!""2意味深长的""常态化执法""  而就在上个月,福建海警再次亮出""重拳"",宣布将在金门海域启动""常态化执法""。短短三个月内,金门海域已迎来福建海警第4次编队亮相,而且规模也是空前,首次同时派出海警船和公务船前往巡航。这究竟是一种什么暗示和信号?很多分析人士都倾向于这样认为:""既然要常态化执法,那就说明大陆已准备长期对金门海域的治理权进行收回。这个举动意味深长,充满了政治含义。""""要知道,此前在金门海域一直是台湾单方面的管控和执法,执法权全归台湾所有。现在情况已经改变,这无疑是对台湾当局的一记重拳。""针对这个问题,有专家这样分析:大陆此举其实源于""2.14撞船案"",台当局对无辜同胞死伤事故置之不理,大陆方面决定开展常态化执法,收回金门海域执法权,维护国家主权和人民利益。这不难理解,大国气魄,岂能坐视同胞在家门口横遭践踏?台当局置身事外的无所作为,等于默许了这种野蛮行径,大陆方面自然要挺身而出,严正执法,肃清门户。3赖氏新政引发离心离德?更有分析称,大陆此举,也是针对5.20即将上台的民进党新领导人赖清德而投下的一枚""重磅炸弹""。因为按照惯例,赖清德上台后,很可能会延续蔡英文的""台独""路线,坚持对抗大陆的强硬立场。届时两岸关系料将陷入新一轮的冰冻期。所以大陆事先加强在金门的执法力度,无疑是向他递去一记""重拳""。让他三思而行,切勿胡作非为;同时也向全体台湾民众传递一个强烈信号:无论谁上台,两岸统一的大业都绝不能被阻挠。""要是赖清德真的跟着前任那样对抗大陆,对啊,就该给他点厉害瞧瞧了!我们有充分的底气和能力。""""没错,我们现在比以前有更大的主动权,以大陆的实力,就该展现出大国风范。谁也别想阻挠两岸统一的进程!""4和平理性仍是主流民意当然,我们也要清醒地认识到,和平统一才是两岸主流民意和最大民心所向。这些年来,大陆一直在向台湾民众释放诚意和善意。诸如开放台胞就学、就业,支持台商台企、农渔产品进口,并主动向受灾民众伸出援手等,无不昭示着我们的求同存异、和解大度。更值得一提的是,在国民党的倡导下,台湾社会掀起了一股""观陆热""。马英九、洪秀柱、连战等大佬纷纷访陆,收获满满的诚挚友谊。""傅崐萁访陆的'史上最大民意代表团'还特地带回了岛内同胞最期盼的利好政策呢,我们对台胞的诚意可谓有目共睹了。""""没错,台湾民众也是渴望两岸加强交流、走向和平统一的。只不过当前的政治斗争遮蔽了主流民意罢了。""放眼未来,两岸关系虽又陷入新的僵局,但终归会走向统一的大道。我坚信,只要大陆坚持理性务实的原则,与台湾同胞以诚相见、求同存异,终有一天能排除偏见、化干戈为玉帛。最后，大家喜欢的话，多多点赞，分享。"
66765f9ffb88ab4b048dd5b6,https://mp.weixin.qq.com/s/IYCCZCqGr2Kp5AzmAe-kOQ,后果自负！“金门214事件”还敢拖？大陆海警常态化巡航发出警告,2024,05,01,2024-05-01,文 | 陈美秀在傅崐萁返台的前夜，即4月28日，大陆宣布了包含开放旅游在内的惠台13项政策，但这些政策不涵盖金门地区。我们预见到，中国大陆对于台湾地区处理“2.14事件”的耐心已经逐渐减少。随后，于4月29日，福建海警在金门水域启动了常态化巡航。在此过程中，大陆海警对台湾海巡艇PP-10083进行了喊话，指出该舰艇已严重威胁航行安全，并要求其规范航行，否则后果自负。这一行为表明，大陆海警的执法行动已超出台湾地区海巡的预期，其目的是就“金门2.14事件”寻求一个解释。正如预料之中，中国大陆对于“2.14事件”采取了行动。在4月29日的事件发生在烈屿附近的刘五店航道，这是一条位于烈屿东侧和厦门之间的常用航道。当天，台湾地区一艘百吨级海巡艇恰好经过此地。由于察觉到中国大陆海警船正在该区域执行执法任务，当两艘船接近时，中国大陆海警船立即通过广播进行了警告。广播内容主要有两点：首先是要求不要阻挡航道，其次是警告说“否则后果自负”。广播既使用了普通话，也使用了闽南语。这一事件突显了水域归属的争议，特别是关于厦门航道的归属问题。这次的广播可以视为一种温和的警告。尽管中国大陆已经推出多项利好政策，但台湾地区方面对“金门2.14事件”的处理自事件以来一直拖延至今。最近，在金门地方“检察署”18小时前的一次记者会上，有记者询问“2.14事件”的处理进展。对此，管碧玲回应称，这并非一起“撞船事件”。中国大陆对“2.14事件”的处理采取了明确行动。在4月29日，事件发生在烈屿附近的刘五店航道，这是一条位于烈屿东侧和厦门之间的常用航道。当天，一艘台湾百吨级海巡艇正巧经过此地，恰逢中国大陆海警船在执行执法任务。当两艘船接近时，中国大陆海警船通过广播进行了警告，内容主要包括不要阻挡航道，并警告“否则后果自负”。这次广播使用了普通话和闽南语。此事件凸显了水域归属的争议，特别是厦门航道的归属问题。尽管中国大陆已经推出多项政策，但台湾方面对“金门2.14事件”的处理自事件以来一直拖延。尽管大陆开放旅游政策不包括金门，台湾地区应保持警觉。此外，大陆海警的强硬执法显然是对台湾地区的重要警告。对此，民进党的反应是批评傅崐萁，指出他刚离开台湾地区，大陆海警即对台湾地区示威。此种反应可能最终导致问题。此外，关于所谓的“金门2.14事件”，尽管金门地方“检察署”最初承诺迅速侦办，现在看来侦查进度明显放缓，至今未有初步侦结报告出炉。这种拖延的态度，显然是在拖延时间。管碧玲曾指出，此事件并非碰撞事件。既然如此，那么船只沉没的原因需明确解释。此外，就所谓的尸体及报告问题而言，尽管金门地方“检察署”何时提出侦结报告是另一回事，但海巡的行政调查报告已经存在，为何不公布对其有利的所有证据，这是让中国大陆感到非常不可思议的地方。关于沉船的原因，大致可以归纳为三种可能：第一种是船只自沉，第二种是因碰撞而沉，第三种可能是由于海浪造成翻覆。这些因素包括人为、自然及天气因素。然而，目前尚未明确指出具体原因。有关目前的情况，海巡似乎在规避责任。中国大陆对此保持警觉，并以其方式向台湾地区表明，关于“金门2.14事件”的处理方式正在被审视。如果侦结报告的结论如此，其公信力将受到质疑。因此，中国大陆在烈屿与大二胆之间的航道，靠近刘五店一侧，进行了执法行动，这是一种善意的警告。通过广播，这不仅是通知，也是教育台湾在未来遇到类似事件时应如何通过广播进行通知。如果真的发生碰撞，责任将由阻碍航道的一方承担。如果民进党仍无法理解这一明确的警告，他们可能会为“金门2.14事件”承担重大的政治后果。❖ 欢 迎 分 享 到 朋 友 圈 ❖
66765f9ffb88ab4b048dd5b7,https://mp.weixin.qq.com/s/NkIWI8kX-aHbN--WGENSpg,大陆下通牒，要求必须给交代后，赖清德却不知悔改，金门或再现谈判,2024,04,30,2024-04-30,自从大陆方面下通牒，要求台湾当局必须就“2·14”恶性撞船事件作出交代后，赖清德不但不知悔改，反而愈加猖狂，任用极具争议性人物势要与大陆斗到底，看这架势，金门或再现谈判。如今距“2·14”恶性撞船事件已经过去两个多月了，由于台湾当局的不配合，使得这一悲剧事件迟迟未能有个结果。就在这种特殊时刻，赖清德却公布重用在这次事件中极具争议性的人物，再次将恶性撞船事件推上风口浪尖。可见赖清德根本没想过与大陆好好沟通、解决问题，反而更像是在要和大陆硬碰硬。据华夏经纬网报道，台行政机构公布了赖清德第五波行政团队人员名单，其中赫然在列的几个名字异常显眼，连国民党民代林倩绮看完名单之后都不禁蹙眉，表示无法理解赖清德为什么要留任有争议的官员。这一争议性人物会是谁呢？背后又有着怎样的政治操弄？这第五波赖清德行政团队人员，有台财政主管部门负责人庄翠云、台农业主管部门负责人陈骏季、台“海委会主委”管碧玲、台“侨委会委员长”徐佳青等人。相信大家看到管碧玲的名字的时候都会心生疑惑，没错这就是那个极具争议性的人物。当时在处理“2.14”恶性撞船事件过程中，管碧玲所在的台海委会和台巡署部门对事情的处理方式都没能让民众满意，外界对她的能力存在很大的质疑。但管碧玲解决恶性撞船事件的做法却得到了赖清德的另眼相待，这也表明赖清德其实对管碧玲的处理方式表示赞同。据悉，在撞船事件发生后，管碧玲为了不承担责任，开始歪曲事实，捏造谎言。先是声称大陆渔船倾覆是自己高速行驶加走位不当所导致。随后又推翻这一言论，在台海巡署承认过程中发生多次碰撞，指称是台方过失所导致。再然后，她又是公然改口表示台方并无疏忽，这一转十八弯的说辞变化充分暴露了她的口是心非，胡搅蛮缠。除了矢口否认过失以外，她还刻意向公众隐瞒真相，用“忘记录像”当做借口，拒不承认执法录像的存在，导致撞船事件的真相至今仍未公之于众。可她的谎言终究说服不了大众，大家对她的质疑一浪高过一浪。如今赖清德却公然“顶风作案”，表明赖清德不但不想给大陆一个交代，而且还要通过公开留任如此具有争议性的人物给事件处理设置障碍，完全不把大陆渔民的性命和尊严放在眼里。早在之前，大陆就下了通牒，同时向民进党当局提出了三个要求，希望能尽快给遇难渔民家属一个交代，现在看来，赖清德绝无悔改之意，势要和大陆硬刚到底了。既然没有结果，那么两岸必定会就此事再进行谈判，据有关消息表明，此前大陆已经在做复谈准备，但可惜原定于三月赴金门复谈的行程被搁置，只能另选时机。而有关人士透露，预计将在五月，大陆将前往金门再度谈判，如果下次谈判时民进党当局仍然不能够还天下一个真相，仍然没有结果，那么大陆方面也没有那么多耐心了。欢迎下方左侧一键分享至朋友圈，同时点击右侧【点赞】与【在看】，获得更多好文推荐！
66765f9ffb88ab4b048dd5b8,https://mp.weixin.qq.com/s/JEXO03eXfTocCbm5vcB0eg,“214金门事件”更多真相曝光，大陆渔民冤死，5月重启第18轮协商,2024,04,17,2024-04-17,请您点击上方蓝字关注“环球新君士”，点评大国防务军情，分析国际热点秘闻。“金门214沉船事件”已经过去了两个月之久，更多真相曝光，2名大陆渔民含冤而死!经过了无数次的揣测和假设，台当局终于决定在5月重启对该事件的协商。许多人等待着这个关于生命和正义的事件真相能够被揭示。在此之前，我们先一起回顾一下这起事件，2月14日，一艘来自福建的渔船在金门附近海域遭遇了一起严重的“人为事故”。该船被台湾海巡局的一艘快艇追赶，并发生了碰撞，导致船上4名船员落入冰冷刺骨的海水中，有2人在此次事件中丧生。然而，迄今为止的调查显示，大陆渔船并未从事非法捕捞、设置渔网或从海中获取任何物品。这一点，从所有通讯记录和航迹资料中都得到了证实。至于造成船只沉没的真正原因，台当局给出的理由是渔船在逃逸过程中高速行驶所导致的，甚至表示渔民遇难是他们“活该倒霉”。真相当真如此吗?据报道，台湾海巡船并未按照执法规范执行行动。船上没有配置监视器，海巡人员也没有配备录影设备和密录器。更不可思议的是，大陆渔船在被迫采取规避操作前，很可能受到了台湾海巡船员的生命威胁。回头看，我们可以从渔船船身上发现的多处撞击痕迹，已经足以证明了两船曾经发生过猛烈的碰撞。事实上，针对“金门214渔船事件”已经展开了17轮谈判，但台湾方面依然没有采取任何赔偿和真心道歉的措施，反而继续保持强硬姿态。如此的冷漠和缺乏人性的表现，让任何一个有良知的人都为之震惊和愤怒。台湾海洋事务部门主管管碧玲更是在报告名称上玩弄文字游戏，将这次事件称为“取缔大陆籍快艇事故”。“取缔”二字，表现出极大的官僚主义与权利滥用。国台办发言人朱凤莲对此表示，管碧玲不仅没有道歉，还为了掩盖真相，设置了许多的障碍，面对这样的无耻行为，我们只能说，管碧玲的求官计划或许成功了，但她的道德已经碎了一地。据悉，在事件发生之后，民进党当局似乎有意将事件与美国关于台海所谓“国际水域论”相挂钩，试图通过强调与美方立场的一致性，来推动所谓“台海航行自由”议题，借此吸引外部力量的介入，以达到将台海问题“国际化”的目的。现实情况却是，《联合国海洋法公约》并未明确提出“国际海域”的概念。根据该公约的规定，世界海洋被划分为几个不同的法律区域，包括内水、领海、毗邻区、专属经济区(EEZ)以及公海。每一种区域都有其明确的法律定义和适用的法律规则。因此，简单地引用所谓的“国际水域”概念，而不考虑具体的法律框架和定义，就是在混淆视听。与此同时，根据最新的调查结果显示，台当局之前一直都在说谎，渔民会掉进海里根本不是他们自己操作失误导致的，而是“海巡署”的船故意将渔船撞翻的。因为事发紧急，“海巡署”还曾经打电话给金门的“消防局”，让他们过来帮忙，但到现在为止，台当局仍然不敢将通话记录晒出，这恰好证明，之前台当局一直称没有带摄像头也是在扯谎，他们只是担心真相一旦暴露出来，自己需要承担责任。面对这样的情况，如果民进党当局还不愿意承认自身的错误并道歉，将面临非常严重的后果。对于这件事情的后续走向，大陆方面或将采取更严厉的反制措施。回顾整个事件的经过，我们可以明显看到，这次事件并不是一个单纯的事故，而是一个典型的政治决策失误。民进党当局试图将这一悲剧事件扭曲为大陆渔民自己的错误，试图隐瞒真相，试图避免对这次事件负责。可是，无论他们如何掩饰其谎言，事实终将大白于天下。欢迎您下方左侧一键分享至朋友圈，同时点击右侧【点赞】与【在看】，获得更多好文推荐！
66765f9ffb88ab4b048dd5b9,https://mp.weixin.qq.com/s/jTgjx3ZfsDScLMqE_D8Lpw,沈逸教授谈金门渔船事件怎么让台湾人不开心了,2024,04,04,2024-04-04,在看到台湾退役将军帅化民对沈逸教授的指责视频后，我深感触动，并开始主动搜索相关视频，渴望更深入地了解沈逸教授的言论。我所找到的视频让我颇感意外——沈逸教授的言论并没有如被指责的那般激烈，反而显得相当克制。他所代表的言论更像是大陆民意的一种平实表达，与他人所臆断的煽动性言论截然不同。在我逐渐深入搜索的过程中，对台湾统派对沈逸教授言论的不满和反应进行了深入思考。他们的愤怒和不悦表露出了他们真实的立场。尽管统派人士表面上宣称支持两岸统一，但实际上他们可能更倾向于维护台湾的独立。这种表里不一的立场和态度引发了我对他们动机和真实立场的质疑。以帅化民将军为例，他被认为是统派的代表之一。他表面上声称支持统一，但实际上他的行动和言论更多地偏向于维护台湾的独立和现状。他们常常口头上声称支持两岸和平统一，然而实际上他们的言行却暗示着对台湾独立的渴望。这种统派人士的复杂性使我意识到，我们需要更深入地了解他们的立场和动机。这一系列的思考和发现使我不得不反思统派人士的真实性。他们的言行是否真正符合他们所声称的和平统一？在这个过程中，沈逸教授的言论成为了我观察和思考的焦点，也反映了大陆民意的一部分。通过对这一过程的反思，我们或许能够更清晰地认识到统派人士的复杂性，并更好地理解他们的立场和动机。然而，这并不是一个简单的问题。要更好地理解统派人士的立场和动机，我们需要更深入地挖掘背后的历史、文化和政治背景。只有这样，我们才能够真正理解台湾问题的复杂性，并找到解决之道。因此，我们需要更多的对话和交流，以建立起更加真诚和坦诚的沟通渠道，为两岸关系的和平发展做出更大的努力。在这个过程中，我们不能忽视民意的重要性。沈逸教授的言论反映了大陆民意的一部分，而统派人士的反应也反映了台湾民意的一部分。
66765f9ffb88ab4b048dd5ba,https://mp.weixin.qq.com/s/c2rZy-E2vD-c7Qqns2CtEQ,张维为：金门事件与加速祖国统一,2024,04,02,2024-04-02,点击上方“蓝字”，发现更多精彩。让我们一起读懂中国，读懂世界当我们国人还沉浸在今年春节长假举杯欢庆之时，福建金门附近海域却发生了一幕悲剧。美媒称大陆以武力“威胁”台湾国防部坚定回应与此同时，中国人民解放军对台独的震慑也在加强。台防务部门称，二月底某日发现十九架次解放军军机在台海。2月14日，台湾海巡部门竟然强制驱离大陆渔船，导致两位中国渔民不幸身亡。台湾当局对这一恶性事件的处理方式更是引来众怒，从开始称“大陆渔船蛇形拒检，不慎翻覆”，到后来不得不承认“有碰撞”乃至“多次碰撞”。图片说明：2024年2月14日，金门海域，台所谓“海巡署”工作人员检查被“海巡署”撞翻的船只。福建一艘渔船在金门海域作业，被台所谓“海巡署”以所谓“越界”捕鱼为由追逐并撞击，最终导致渔船翻覆，船上4人全部落海，其中2人遇难。这起严重损害大陆渔民权益、伤害两岸同胞感情的恶性事件，引发大陆各界强烈愤慨。图片作者:Taiwan Coast Guard Administration/视觉中国尽管我们福建泉州市的红十字会代表已经与台方进行了十多次的沟通，但台湾当局迄今为止还是拒绝道歉，拒不惩罚肇事者。大陆国台办已多次表示这一事件已严重伤害了两岸同胞的感情，严正要求台方尽快公布事实真相，严惩相关责任人，给遇难者的家属和两岸同胞一个交代，大陆方面保留采取一切措施的权利。大陆说到做到，中国海警随即在金门附近海域开始常态化执法巡查，台当局设立的所谓“限制水域”和“禁止水域”均不复存在。大家知道，早在1992年台湾当局就通过条例，规定大陆船只不得进入所谓“限制水域”和“禁止水域”，但大陆从不认可这些规定，只是鉴于两岸之间当时相当一段时间内存有关于一个中国的“九二共识”。然而自民进党执政以来，在金马地区有意强化所谓“执法”，蔡英文甚至称“台澎金马是生命共同体，国土主权寸步不让”，要求台军“全力以赴保护家园”，两岸在相关区域摩擦也随之增多，但大陆总体上还是保持了最大的克制，直至这次恶性撞船事件发生，使两岸的政治默契被完全打破。我们在《这就是中国》这个节目里对台湾地区的选举表明了这样一个明确的态度：“与其让‘暗独’忽悠大陆，不如直面‘明独’，彻底解决台湾问题，早日实现祖国统一”。我们高兴地看到事情正在朝这个方向发展。除了中国海警开始常态化执法巡查之外，大陆多艘挖泥船已开始在这个海域作业，疏浚从厦门至漳州的刘五店航道。这条航道穿越台湾非法设立的所谓“禁限制水域”，疏浚完成之后，将成为有足够水深的大陆的“内海”，渔船、海警船、渔政船等，都可以畅行无阻。周边活动，其中九架次越过所谓的“海峡中线”，直至距基隆四十三海里，也就是一分钟即可抵达所谓的“台湾领空”。三月以来，解放军的演训行动进一步加强。美国媒体称中国大陆每天都以舰机“威胁”台湾。我们国防部做了坚定的回应，这个回应很简单：世界上只有一个中国，台湾是中国领土不可分割的一部分，根本不存在所谓的“海峡中线”。中国人民解放军在台海地区开展的演训活动，是维护国家主权、安全和发展利益的正当之举，是对外部势力干涉和“台独”势力挑衅的警慑和反制，也是维护台海地区和平稳定的必要行动。解放军还有效地展示自己的软实力，东部战区元宵节前夕发布了一个引人注目的海报，名为《回家》，用红色字体明确标出了金门的位置，图案是一只印有五星红旗的大手牵着台湾的小手，小手下面还有美国自由女神像的阴影。在金门的位置旁边画有多艘海警船和多架正在穿越台海上空的歼-20战机，然后海报配有五言小诗一首：“小手抓大手，携手出火坑；点灯驱恶魔，回家才会赢。”这幅海报几近完整地诠释了中国人民此时此刻的心情，离散祖国太久的台湾应该回家了。图片说明：2024年2月23日中国人民解放军东部战区发布的海报“两会”涉台表述发生哪些重大调整大家可能也注意到，今年两会的政府工作报告在涉台问题上的表述与往年有所不同，主要体现在两个方面。一是往年的表述“坚定反‘独’促统”变成今年这个表述，叫“坚决反对‘台独’分裂和外来干涉。”换言之，我们现在把坚决反对“外来干涉”与“坚决反对‘台独’分裂”并排放在一起。道理很简单，“外来势力”是“台独”势力的总后台，我们必须更为突出地反对“外来干涉”。二是往年的表述“推进祖国和平统一”变成了今年的表述，叫“推进祖国统一大业”。换言之，中国实现统一大业，手段许许多多，非和平手段也是极为重要的选项。我个人认为，自金门事件爆发以来，我们的一整套强势“组合拳”表明，釜底抽薪地解决“台独”挑衅的进程已经开始。中国人说，“开弓没有回头箭”，种种迹象表明，我们已经采取的强势措施将继续下去，范围将进一步扩大。从事态的发展来看，我们海警船遇到台湾海警船时，已要求对方上报出发港、目的港以及来此海域的目的。这也意味着在这片海域内将不允许代表“台独”势力的所谓“执法力量”存在。我们的海警、海监、渔政、解放军打出的一整套“组合拳”，通过岛内外媒体的广泛传播，已经对“台独”势力产生了强烈的震慑。同时，这对被“台独”势力长期洗脑的许多台湾民众也是一个教育的过程，它使台湾民众每天都形象地看到，一个中国原则及相应的行政管辖权不容置疑，祖国走向完全统一的意志和进程不容挑战。大陆以“组合拳”强势回击“台独”的挑衅中华文明历来崇尚道德和理性的逻辑，我们本着两岸一家亲，两岸心连心，推出许多优惠政策，让利台湾，努力让台湾人民能够分享到大陆迅速崛起带来的发展红利。然而，“台独”势力是从不领情的，他们不但不会被我们的道德和理性所折服，而是更加仇视大陆，更加一切唯美国马首是瞻，更加心甘情愿地把自己绑在美国围堵中国的战车上，他们迄今还在做一个白日梦，以为美国这个“泥足巨人”可以帮助他们实现“台独”。从这样的逻辑出发，大陆的情感道德叙事、理性包容态度等，都被他们看作是软弱可欺。但当大陆这次展示强大的实力逻辑，以一整套“组合拳”强势地回击“台独”的挑衅，这使“台独”势力一下子瘪了下去。这也表明实力逻辑是“台独”势力唯一懂得的逻辑，我们的这套“组合拳”务必持续下去，而且不断地扩大，直至釜底抽薪地解决“台独”的挑衅，实现祖国统一。对于支持“台独”的外国势力，我们也将更加坚定地反制，早已焦头烂额的美国，一方面要显示自己的存在感，担心连它的许多盟友都开始瞧不起它，另一方面又意识到自己前所未有的脆弱，美国正处于二次世界大战以来最力不从心的时刻，软硬实力大幅衰退的时刻，连“拖鞋军”胡塞武装都敢于向美国驱逐舰连续不断地发射反舰导弹，这本身也是百年未有之大变局的一部分。中国是世界大国中使用武力门槛最高的国家，但我们从来都是该出手时一定出手，而且一但出手，一定决定性地扭转时局。这次我们对“台独”势力已经重拳出手，这是两岸关系的一个历史转折点，我们务必“宜将剩勇追穷寇”，直至实现祖国的统一。    （本节目播出于2024年4月1日）讲中国故事，讲我们的故事东方卫视《这就是中国》每周一晚22:00点击下方名片关注公众号解锁更多精彩内容点击“东方有礼”小程序获取东方卫视官方文创
66765f9ffb88ab4b048dd5bb,https://mp.weixin.qq.com/s/aMOX9HKUn8WMmRdNo-NgGg,金门事件尘埃落定？国台放下狠话，台当局终于低头！,2024,03,31,2024-03-31,"在台海的波涛之中，一场未曾平息的风浪正悄悄酝酿。金门海域，曾是历史的见证者，今成为两岸关系的风向标。在台立法机构的答询台上，台""海委会主委""管碧玲首次公开致歉，她的歉意如同凝固的空气，笼罩在会场上方。她提到，由于缺乏录像证据，事件处理过程中公信力不足，让家属在长时间的煎熬中等待，这一切都需要深刻反思。然而，这一声道歉，是否能平息波涛，还是另有隐情？    近两年来，台当局的一系列行动，如同乱石投入湖中，激起层层涟漪。""2·14金门海域渔船事件""，无疑是这一系列动作中的破坏稳定的一环。朱凤莲，大陆方面的发言人，对此表达了沉痛哀悼和强烈谴责。她要求台方查明真相，为遇难者家属处理善后事宜。但在责任的重压下，台方的反应却是迟疑和不决。    大陆方面提出的六点要求，本应是事件解决的关键。然而，经过九轮艰难的谈判，台当局的态度依旧强硬，没有任何一点让步。台媒的分析指出，台当局似乎在""拖时间""，而民进党当局更是向美国寻求支持，试图改变局势。但这样的算盘，能否真正解决问题？时间一天天过去，台方对于事件的处理依旧没有进展。国台办发言人陈斌华的话语中，透露出大陆方面的不满和决心。而大陆的反制措施，从宣布金门水域线的非法性，到战机的巡逻，再到对台岛船只的检查，每一步都显得坚定而果断。在台方官员的冷漠态度与民进党当局的不作为对比下，金门县长陈福海的态度显得尤为突出。他在社交平台上表达了对遇难渔民的哀悼，并承诺全力配合善后工作。台湾地区前领导人马英九也强调了依法秉公处理的重要性。他们的态度，或许是这场风波中的一抹亮色。    风波中，国民党主席朱立伦的声音也显得格外重要。他公开呼吁民进党改变态度，寻求两岸对话，以缓解紧张的局势。事实上，在各方的共同努力下，台当局才开始与受难者家属进行谈判。然而，谈判的结果并不乐观，事件仿佛陷入了一个死胡同。台防务部门负责人邱国政的话语透露出一种不安。金门撞船事件后，他坦言自己""睡得不怎么安稳""。台军对两岸冲突""第一枪""的重新定义，是否能够真正带来安全感，还是只是一种自我安慰？在大陆执法船只频繁穿梭的现实面前，台军的态度和行动，似乎并未带来实质的改变。    在这一系列的风波中，马英九的态度显得尤为沉稳。他在新春团拜活动中提出，两岸应依法秉公处理事件，缺乏沟通是当前最大的问题。他的话语，再次强调了两岸沟通的重要性。海巡署停止暴力执法，两岸加强对话，这不仅是他的期望，也是所有期待和平的人们的心声。    对此事件，你有什么看法？"
66765f9ffb88ab4b048dd5bc,https://mp.weixin.qq.com/s/ykcfnilEC2dUWBvD7m_iBg,台湾紧急应对：2艘4000吨军舰入列，蔡英文赖清德公开叫板大陆！金门被60艘渔船包围,2024,03,27,2024-03-27,近日，台海局势再次成为国际社会关注的焦点。金门惨案刚刚过去一两个月，台当局却拒绝道歉，反而变本加厉地挑衅大陆，加剧了两岸关系的紧张。在这场博弈中，蔡英文和赖清德等人无疑扮演了极不光彩的角色。就在不久前，蔡英文和赖清德一同出席了台船公司举办的两艘巡防舰命名下水联合典礼。这两艘排水量高达4000吨的巡防舰，被命名为“云林舰”和“台北舰”，这就是台当局为了提防大陆在台海有所行动而加快大型海警船服役进度的明证。在典礼上，蔡英文和赖清德公然叫板大陆，声称台海巡向世界传达台岛“坚定民主、自由”的决心，他们甚至妄图打造一个“更安全、繁荣的台岛”。这种狂妄自大的言论，无疑是对大陆和全体中国人民的严重挑衅。台当局试图通过展示新军舰来显示自己的军事实力，然而他们却忽略了一个事实：即便加上这两艘新军舰，台方目前拥有的大吨级巡防舰也不过只有4艘，这样的军事实力根本无法与大陆相提并论。即使是被网友调侃的大陆海警如今入列的舰船，都可以与之一战。蔡英文和赖清德的挑衅行为，不仅不会改变两岸军力对比的根本性差异，反而会让台湾民众陷入更大的危险之中。面对台当局的挑衅，我方并不没有坐视不理。相反，我们采取了一系列战略举措来展示对台海局势的关切和决心。一方面，我们加强了航道疏浚作业等战略举措，以削弱台当局所谓的“五权”；另一方面，我们也通过实际行动来回应台当局的挑衅。例如，60艘大陆渔船包围金门海域的事件，就是对台当局挑衅行为的有力回击。这60艘渔船并非大陆公务船或登陆舰，而是普通的渔船。它们聚集在金门海域，撒网捕鱼，展示了大陆对台海局势的坚定态度和强大实力。台退役少将栗正杰也指出，大陆安置AIS信号标的行动，是在考验台海巡和岛上守军的应对能力。一旦台“海巡署”对大陆渔船不满，大陆或许会在下一次派遣更多的渔船或者官方船只。台海局势的紧张，不仅源于台当局的分裂思维，也与外部势力的干涉密不可分。美国对台军售就是其中一个重要的例子。这种干涉行为不仅违反了国际法和国际关系准则，也加剧了台海局势的动荡。中方已经明确表态，坚决反对美国对台军售，台湾是中国的一部分，任何形式的外部干涉都是不容忍的。我们愿意以最大诚意争取和平统一，但绝不给台湾分裂分子留下任何空间。解放军将加强练兵备战，坚决打击分裂思想，捍卫国家主权和领土完整。这是我们对台海局势的坚定立场，也是对全体中国人民的庄严承诺。台当局应该清醒地认识到，挑衅大陆、搞分裂是绝不会有好下场的。他们应该放弃幻想，正视现实，回到和平统一的正确道路上来。只有这样，才能为两岸民众带来真正的和平与繁荣。在这个关键时刻，我们更要强调大陆对两岸统一的坚定决心。我们不会容忍任何形式的分裂行为，也不会坐视台海局势的进一步恶化。我们将继续采取一切必要措施，坚决维护国家主权和领土完整，维护两岸关系的和平稳定。台海局势的紧张是台当局一意孤行和外部势力干涉的结果。我们要坚决反对任何形式的分裂行为，坚决维护国家统一和领土完整。
66765f9ffb88ab4b048dd5bd,https://mp.weixin.qq.com/s/MlmdvEiItSWOeh_ETQlWLw,金门突传噩耗海域渔船翻沉，美国迅速发布撤侨令！,2024,03,26,2024-03-26,近日，金门海域发生的大陆渔船翻沉事故牵动了两岸民众的心，而海地的紧张局势则引发了国际关注。金门海域渔船翻沉事故这两起事件不仅是对两岸关系和国际合作的考验，也揭示了当前国际形势的复杂性和多变性。据报道，一艘大陆渔船在金门海域遭遇不幸，船体翻沉，多名船员落水。事故发生后，两岸迅速启动救援机制，出动多艘船只和飞机进行搜救。这种紧密的合作不仅体现了对生命的尊重，也展现了在危难时刻两岸同胞的团结与互助。此次救援行动无疑为两岸关系的缓和带来了积极的影响。两岸关系缓和的曙光与以往不同，台湾当局在此次救援行动中展现了积极的一面，对大陆渔船的遇险给予了高度关注和协助。这种改变和进步被认为是台湾当局在处理类似事件上的一种积极信号，也体现了其在两岸关系问题上的谨慎和矛盾心态。背后的原因可能是多方面的，包括内外压力下的无奈选择，以及对未来两岸关系走向的试探和期待。海地首都太子港爆发政权危机然而，就在两岸为救援行动而努力时，海地却陷入了动荡之中。海地首都太子港爆发的枪战和政权危机将这个国家推向了崩溃的边缘。面对如此严峻的局势，美国政府不得不采取紧急撤侨行动，以确保本国公民的安全。这一行动引发了国际社会的广泛关注，也进一步加剧了海地局势的紧张氛围。值得注意的是，在这两起事件中，中国政府的决策和行动都体现了其国际责任感和大国担当。在金门渔船事故中，中国政府积极协调救援行动，展现了人道主义精神和对两岸关系的重视。而在海地局势中，中国政府也密切关注事态发展，呼吁各方保持克制，通过对话和协商解决问题。这些举措不仅体现了中国政府的国际影响力，也展示了其在处理国际事务中的成熟和稳健。评论员语从评论员的角度来看，这两起事件都揭示了当前国际形势的复杂性和多变性。在金门渔船事故中，两岸的合作救援为两岸关系的缓和带来了积极的影响，也展现了在危难时刻两岸同胞的团结与互助。这种合作不仅是对生命的尊重，也是对两岸关系和平发展的有力证明。而在海地局势中，美国的撤侨行动虽然引发了国际社会的关注，但也体现了其在保护本国公民方面的责任和担当。然而，撤侨行动也可能引发一些政治和外交上的争议，需要各方保持克制和理性应对。结语：这两起事件都是对当前国际形势的考验和挑战。面对这些挑战，各国需要加强合作与沟通，共同应对各种全球性问题和挑战。而中国作为一个负责任的大国，将继续秉持和平、发展、合作、共赢的理念，积极参与全球治理体系改革和建设，为推动构建人类命运共同体贡献中国智慧和力量。
66765f9ffb88ab4b048dd5be,https://mp.weixin.qq.com/s/Eh34HfmBkjTIXkP-86b-SQ,敢来就喷！台海巡在澎湖用水炮攻击大陆渔船，借口与金门一样,2024,03,25,2024-03-25,文\青辉看来海巡署越来越有点不见棺材不落泪的感觉了，金门的事件还没有处理完，现在在澎湖方向上又作妖了！根据台媒3月21号发布的消息，3月20号当天海巡署1000吨级的屏东舰(CG-135)与10087巡防艇在澎湖水域航行的时候，忽然发现了7艘来自大陆渔船！今日头条青辉原创，全网分发，搬运必究。从现场传出的画面之中，我们能看到，海巡署方面先是用广播对我们的渔船进行喊话，随后，屏东舰居然直接打开了高压水炮对渔船进行猛烈的喷射。在当时的画面中，我们能够看到，海上实际上是有不小的风浪的，海巡署声称，当时海上有10级大风，海浪的高度能够到4米，考虑到自身的安全以及执法过程中的顺利性，海巡署方面的工作人员并没有对大陆的渔船进行逼停登船检查这样的动作。感觉，这好像是海巡署多么大的恩惠一样，没有上船，只是用水炮驱逐，似乎已经给足了大陆这几艘渔船的面子。而海巡署方面给出的借口，与2月14号在金门岛发生的撞船事件如出一辙，都是指责大陆的渔船越界了，进入了自己所谓的主权海域。自己有权利在自己所谓的主权海域对大陆的渔船进行各种动作。从这件事情中我们能够明显感觉到所谓的海巡署并没有从金门的事件中吸取教训，反而仍然非常固执的坚守自己一些所谓的原则，真是“记吃不记打”！要知道，现在金门周边的实际情况早就已经发生了天翻地覆的变化，从上个月28号开始一直到现在为止大陆的海警船一直在金门周边的海域进行常态化的巡逻执法活动。并且大陆的挖泥船也已经进入金门周边的海域进行航道的疏通和挖掘，可以说随着大陆采取的实质性的进展，海巡署在金门周边海域所声称的所谓主权海域和越界行为早就已经荡然无存了。按理说，现在的海巡署如果足够聪明的，就应该在包括金门、澎湖列岛以及台海大片的海域范围里放弃所谓的越界借口，放弃所谓的主权海域。更好的与大陆方面站在一起，共同的维护地区的治安局势才是上上之策。但显然现在的海巡署并不这么考虑，仍然对于自己现在所掌控的一些海域抱有幻想。海巡署之所以敢这么做，无非是有三方面的考虑。在海巡署看来，主权海域是不能没有的，如果没有了主权海域没有了越界借口的话，那么海巡署的活动空间和力度将会大大下滑。这是他们不愿意接受的。虽然海巡署的整体实力与大陆海警相比，根本不在同一个层次上，但面对大陆并没有发动坚决彻底的行动之前，海巡署内心的幻想不会轻易的破灭掉。即便到今天为止，台岛内仍然有一些人怀有不可见人的目的和野心，这些人见不得祖国统一，不希望两岸一家亲。他们通过操纵海巡署和台岛地方武装，激励的阻挠统一趋势的到来。在这些人看来，只要大陆的实际动作并没有完全限制住自己，那么就不会放眼下的一些行动和所谓的立场。海巡署到现在为止仍然比较强硬的一个很关键的原因是因为金门本身的地理位置对于他们来说就有一些鸡肋。因为该处海域距离大陆实在是太近了，单纯的从管控方面来说，大陆有更强的实力，更便捷的效率，而这种优点是台岛海巡署所不具备的。但是澎湖海域与金门海域相比，则完全不一样。澎湖列岛距离台岛本土更近，距离大陆隔的台海海峡，对于海巡署来说，眼皮底下的澎湖海域的重要程度完全不是金门岛屿能够比拟的。在他们的眼里，在自己的地盘上，自己仍然说了算，只要大陆的渔船仍然敢有所谓的越界行为的话，那么自己仍然会进行强硬的驱逐。所以综合以上三方面的考虑，我们就能够明白现在的海巡署为什么仍然敢用同样的借口和几乎是同样的方式对待大陆的民用渔船了！而在笔者个人看来，海巡署的这种做法恰恰也证明了，接下来光在金门周边的海域加强实际控制力度是远远不够的，早在之前笔者的文章中就曾经提到过，我们的海警在完成了对于金门周边海域的实际控制力度之后，应该立足金门海域，向澎湖方向辐射。清朝时期收复台岛的策略也是如此，先拿下金门，随后进军澎湖，在澎湖海域将台军水师彻底打垮，随后台岛大门洞开，统一机会来临。现在我们虽然并没有完全付诸于军事行动，但是在执法领域也依然可以延续清朝的做法，通过实打实的行动，一点一点的将海域的执法权拿回来。无论是金门还是台岛，都是祖国领土不可分割的一部分，而周边的海域也都是祖国的领海，中国海警在领海范围内行使自己的执法权，谁也说不出什么！
66765f9ffb88ab4b048dd5bf,https://mp.weixin.qq.com/s/_98mGRZmL7IFu0KjdYDp4g,9轮谈判还不低头，金门已被团团围住，紧要关头，台军头子将去职,2024,03,25,2024-03-25,自金门渔民翻船事件发生之后，大陆迅速对台施压，要求其查明真相，还两岸民众一个公道。然而，历经9轮谈判，台当局仍然不肯低头，大陆忍无可忍团团围住金门。紧要关头，台军头子将去职。9轮谈判还不低头相信大家对在金门海域发生的“2-14恶心撞船事件”都已有所耳闻，由于台海巡署的不当执法，导致大陆渔船发生侧翻，4名渔民全部落水，其中2名不幸身亡。此事发生后，大陆迅速采取行动向台当局施压，然而，截止至今，即使大陆已经与对岸进行了第9轮谈判，岛内民进党当局仍然固执己见，拒绝就此事向大陆道歉。台当局这种态度无疑是令人无法接受。短短五天内进行九轮谈判显示了双方对解决问题的紧迫性和决心。但台当局不诚实和无意愿解决问题的态度使得谈判陷入僵局。金门已被团团围住而这个僵局的主要原因，无非就是台当局所谓“执法权”，以及厦金海域“禁限水域”合法性的问题。他们认为，如果向大陆道歉，就等于放弃了台湾的执法权以及厦金海域的合法性。实际上，过去几十年来，大陆从未承认台当局在海域规划和执法方面的任何举措。尽管在上世纪八十年代两岸关系缓和后，出于减少冲突的考虑，我们选择了不再提及这个问题。然而，自蔡英文当局上台以来，他们与外部势力勾结，试图谋求“独立”，并进行挑衅行动。在这种情况下，发生了如此惨案，我们必须就此事说清楚，之前给予岛内的活动空间也必须收回。因而，大陆海警和解放军立即向金门、台湾周边海域增派兵力，保持对台高压态势。据岛内媒体报道，最近在厦金海域出动的海警船已增至11艘，其中甚至包括千吨级的大型船舰，将金门周围团团围住。这些实际行动否定了民进党当局划定的禁限水域，抵制了台当局的执法权。紧要关头，台军头子表态面对大陆的强硬反制，心虚的民进党当局只能龟缩在岛内，台海巡署派出舰艇进行所谓反制，但只是远远望了我们执法船一眼，被我们警告后，便乖乖掉头逃走。随后只能在岛内鼓吹舆论，宣称大陆此举意在在厦金海域复刻“钓鱼岛模式”。根据我国台办最新表态，大陆对此将采取更多反制措施。而在看到大陆动真格后，本来还气焰嚣张的台防务部门瞬间泄了气。据2月20日观察者网援引“中时新闻网”等台媒报道称，台防务部门负责人邱国正就此事做出回应，他表示，这件事归台“海巡署”处理，台军不会主动介入，介入的话会引发冲突升级。这也就是说，此时的台“海巡署”只能孤军奋战。值得一提的是，邱国正卸任防务部门负责人”一职的日子将近，此时他的表态无疑说明他不愿意搅入其中，也不愿意帮赖清德的挡枪的立场。他非常清楚两岸实力悬殊，一旦爆发冲突，台军必定首当其冲，结果可预见。因此，当前台军负责人迅速卸任、及早脱身事外显然是理智之举。
66765f9ffb88ab4b048dd5c0,https://mp.weixin.qq.com/s/TcyQTP0XH_IjanPfr7BJ0w,历史重演？台当局“失去”金门海域，大陆渔船与海巡署在澎湖对峙,2024,03,25,2024-03-25,点击上方蓝字免费订阅本账号！ 文 |小兔扒八我欣然接受所有，因为时间会证明一切在台海风云变幻的当下，澎湖海域近日上演了一场别开生面的“海上大戏”。大陆渔船摇身一变，成了身披“铠甲”的“海上勇士”，而台当局引以为傲的“海巡署”则在这场较量中败下阵来，只得灰溜溜地撤退。这一幕，不仅让台海局势再添变数，也让“禁限水域”这一曾经的威慑利器，彻底沦为了摆设。事情发生在阳光明媚的3月18日，大陆渔船像往常一样在彭海海域进行捕鱼作业。这次他们并非孤军奋战，而是装备了新型“防护装置”——长达3米的铁杆，让整艘船看起来犹如一只全副武装的刺猬。这些铁杆的存在，不仅提升了渔船的自我保护能力，更在无形中给试图靠近的船只带来了巨大的心理压力。金门渔民在发现这一异常情况后，迅速向“海巡署”报告。接到报警的“海巡署”不敢怠慢，立即派出一艘500吨级的执法船前往现场。    当他们看到眼前这只“武装到牙齿”的大陆渔船时，原本嚣张的气焰瞬间烟消云散。他们深知，一旦贸然发起冲撞，不仅可能无功而返，还可能遭受重大损失。因此，在权衡利弊之后，“海巡署”只得选择退避三舍，眼睁睁地看着大陆渔船在自己的“禁限水域”内自由作业。这一事件迅速在两岸引起轩然大波。台退役少将栗正杰在接受采访时表示，现在对于两岸而言，敏感海域已经不再是金门海域，大陆海警船的频繁进出已经让台当局失去了对这片海域的掌控力。    他进一步指出，随着大陆海警船一步步抹去“禁限水域”的界限，马祖、澎湖甚至台岛本岛都将成为下一个目标。到那时，不仅大陆海警船可以自由进出这些海域，就连大陆渔船也将不再受“海巡署”的威胁。事实上，这次事件并非偶然。近年来，随着大陆海警船在台海地区的巡查力度不断加强，台当局所设立的“禁限水域”已经逐渐失去了其原有的作用。大陆海警船不仅频繁进出这些水域，还多次展示出强大的实力和决心。他们不仅在面对台“海巡署”的挑衅时毫不退缩，还多次成功驱离试图靠近的台方船只。这些行动不仅彰显了大陆维护国家主权和领土完整的坚定决心，也让台当局深刻认识到了两岸军事实力的差距。与此同时，大陆渔民也开始采取更加积极的措施来维护自己的权益。他们不再像以往那样被动地承受台“海巡署”的欺凌，而是开始学会利用各种手段来保护自己。这次“武装”渔船的出现，就是他们自我保护意识提升的一个生动例证。他们明白，只有拥有足够的实力和能力，才能在复杂的台海局势中立于不败之地   值得注意的是，这次事件也反映出了两岸关系的复杂性和敏感性。在台海局势日趋紧张的背景下，任何一次小规模的冲突都可能引发连锁反应，甚至可能导致局势的失控。除了这次具体的冲突事件外，我们还应该看到更深层次的原因。台当局之所以设立“禁限水域”，无非是想通过人为划定界限来维护自己的利益。他们却忽略了一个事实：在强大的实力和决心面前，任何人为设置的界限都是徒劳的。大陆海警船和渔船的行动已经充分证明了这一点。他们不仅敢于挑战台当局的权威，还敢于用实际行动来维护自己的权益。这种勇气和决心，是台当局所无法匹敌的。    此外，我们还应该看到两岸经济合作的广阔前景。台海地区不仅是两岸同胞的共同家园，也是重要的经济区域。两岸之间有着广泛的贸易往来和人员交流，这些都为两岸经济合作提供了坚实的基础。如果两岸双方能够摒弃分歧和矛盾，加强合作和交流，那么台海地区必将成为更加繁荣和稳定的区域。这次大陆渔船“武装”亮相吓退台“海巡署”的事件虽然看似是一场小规模的冲突，但却蕴含着深刻的内涵和启示。它告诉我们，在台海局势日趋紧张的背景下，两岸双方都应该保持冷静和克制，通过对话和协商来解决分歧和矛盾。同时，我们也应该看到两岸经济合作的广阔前景，加强合作和交流，共同推动台海地区的和平与繁荣。对于大陆而言，这次事件无疑是一次成功的示范。它展示了大陆维护国家主权和领土完整的坚定决心和强大实力。同时，也提醒我们要继续加强海警和渔民的装备和能力建设，确保他们在面对任何挑战时都能够从容应对。请【点赞】+【在看】+【星标】获得更多好文推荐，知识在路上，感恩您阅读    
66765f9ffb88ab4b048dd5c1,https://mp.weixin.qq.com/s/M-jHkq3IrVwpphqdCfK20w,台军叛逃？移交计划有变，大陆所救金门人员是军人军人投诚还是间谍任务？,2024,03,25,2024-03-25,听说大陆海警救起的那两位金门落海钓客里，竟然有军人身份？这事可真不小！今天就来聊聊这背后的种种可能性。要说最近金门海域可真是多事之秋。先是2月14日大陆渔船在那翻了船，大家还都在猜到底怎么回事；接着3月14日，又有大陆渔船在金门海域沉没了。你说这风高浪急的真是让人捏把汗！就在3月17日晚上，又有一艘金门的小船在那片海域迷路了，还好大陆海警收到消息后，大半夜的就赶紧出动，经过一番努力终于在18日凌晨把船上的两人给救起来了。本来计划19号就把他们送回金门，可没想到事情突然有了变化。听说救起来的其中一人是军人身份，这事可就更有意思了。先来聊聊第一种可能性。有可能是消息传错了，那两人其实就是普通渔民或者别的什么身份。大陆因为某些原因暂时没放他们回去，不过这种可能性说实话我觉得不太大。那第二种可能性是，其中一人真的是台军身份，他可能是休假时出去玩，结果船坏了又迷了路，就这么漂流到了大陆这边。那大陆发现他是军人后，肯定得仔细查查他的底细。现在两岸关系这么紧张，加上台军还说要在金门搞实弹演习，啥事都有可能发生，小心点总是没错的。不过我个人比较倾向的还是第三种可能性——那台军想投诚！为啥这么说？台军那边是有规定的，军人不能随便去海边钓鱼玩更不能出海。以前只要有军人出海，那就得挨炮击甚至还得被抓回去。现在这个人主动跟大陆交代了军人身份，那很可能就是不想回去了想投诚！再说他在迷失的过程中，也没跟台军联系，更没联系台“海巡署”，这说明啥？这说明这可能是有计划的行动！你想想如果真是迷路了，那怎么着也得想办法联系一下，哪怕不知道方位也可以通过通讯定位。但他啥都没做，这不就是明显的投诚迹象！当然还有第四种可能性，就是这人是台军派出来执行任务的。他们出海可不是为了度假或者钓鱼，而是要搞间谍活动，比如记录海域水文数据啥的。结果没想到出了意外，迷失了方向，就这么漂到了大陆这边。台军那边可能也没想到大陆海警这么雷厉风行，一出事就过来搜救，结果把人给救上来了，还暴露了军人身份，被扣下来调查了。那到底怎么回事我们还得等更多的消息才能知道。不过有一点可以肯定的是，随着大陆海警和解放军对金门周边海域的实控越来越强，金门那边已经成了对抗大陆的一线，但说不定也成了台军投诚大陆的一线！
66765f9ffb88ab4b048dd5c2,https://mp.weixin.qq.com/s/7wxmGme5lAUJtl0lPkbecQ,台军宣布在金门海域实弹射击，大陆渔船逼近澎湖，蔡英文心慌了,2024,03,25,2024-03-25,台军在金门海域搞实弹射击，大陆渔船闯进澎湖，蔡英文急了就在台军在金门海域搞实弹射击的同时，大陆的渔船也不甘示弱，直接闯进了澎湖海域。3月17日，台防务部门为了回应第一击的争议，紧急开了个发布会，说他们不会主动挑衅，只会“自卫反击”。可是第二天，台陆军金门防卫指挥部就发出了通报，宣布要在金门海域，包括金门岛、猛虎屿、后屿等地，进行地面武器对海实弹射击。他们虽然说这是例行的演习，没有针对性，但其实是想向大陆示威，展示下自己的实力。可惜，这种示威，根本没有起到任何效果。因为大陆的海警船和渔船，早就在附近海域游刃有余了。之前就有3艘挂着五星红旗的渔船，直接逼近了台岛苗栗外埠6海里。各种战机，也是在台岛周边飞来飞去。台空军的F16V还想上天拦截一下，结果一个个都出了故障，油量不够就是发动机坏了，让人笑掉大牙。更有趣的是，就在3月18日那天，澎湖的渔民就向海巡署报告，说在猫屿附近发现了大陆的铁壳渔船。澎湖渔民说，这艘渔船外面涂了蓝白色，还特意装了防登检铁杆。跟普通渔船比起来，这样的装备明显是有备而来。海巡署一听，马上派了附近的巡逻船过去，结果就上演了一场海上的追逐战。当然，台海巡署的船，也就只能跟大陆的民用渔船玩玩，真要碰上大陆的海警船，他们只能望洋兴叹。台海军退役上校、前海军基隆造船厂主任文金陵就坦言，台湾的海巡船和大陆的海警船的吨位相差太大，根本不是一个档次。台的海巡最多只能跟着走走，最多再用个喇叭叫叫，至于效果，那是一点也没有。无论是台海军还是台空军，经常出动，不但没有增加自己的威望，反而浪费了油料，给军舰战机造成了更多的损耗，要修理，台方可能都没有零件可以换。在这样巨大的实力差和214恶性撞船事件的影响下，蔡英文也慌了神，她不但开始拉拢民众党主席柯文哲，还想约见国民党主席朱立伦。接着，她还下了好几条命令，目的，都是想“自保”。除了刚才说的不让台军发动第一击之外，她还把原本是卫戍台北的“宪兵营”增加了人数。以前宪兵营只有5600人，现在一下子多了5000，变成了10600人。台前民意代表郭正亮就说，这个举动，已经是进入了实战的备战状态。而更早之前，蔡英文还把宪兵队，搬到了离她“总统府”一路之隔的贵阳营区，害怕的心情，简直是写在了脸上。此外，她还要求现在的各部队要加强实弹演练，主要目的，是熟悉各种突发状况。什么突发状况？这个不用多说。我们刚删掉了和平统一四个字，蔡当局就开始准备后路了，这动作，也是够快的。可是真到那一天，还能给她什么机会呢？答案是，谁也别想跑！台军在金门海域搞实弹射击，大陆渔船闯进澎湖，蔡英文急了面对大陆的强大压力，蔡英文也不得不求助于外部力量，她希望能得到美国的支持和保护。她不断地向美国示好，比如说要购买美国的武器，要参加美国的军演，要加入美国的“印太战略”，要和美国签署“双边贸易协议”等等。她还不断地挑拨美国和大陆的关系，比如说要和美国一起对抗大陆的“霸凌”，要和美国一起维护“民主”和“人权”，要和美国一起抵制大陆的“一带一路”等等。她甚至还想拉上日本，澳大利亚，印度等国，组成一个所谓的“四方安全对话”，试图在亚太地区制造一个反大陆的同盟。可是，这些做法，都没有给她带来任何实质性的帮助。美国虽然口头上说要支持台湾，但实际上只是在利用台湾作为一个棋子，来遏制和牵制大陆的发展。美国并不真正关心台湾的安全和利益，只是在利用台湾来达到自己的战略目的。美国也不会为了台湾而和大陆开战，因为那样的代价太大，风险太高，收益太小。美国只会在台海问题上玩一些小动作，比如说派遣军舰，飞机，官员等来台湾，制造一些声势，给台湾一些虚假的安全感，同时也给大陆一些压力，让大陆不敢轻举妄动。但这些小动作，也会引起大陆的强烈反应，让大陆更加坚定地维护自己的主权和领土完整，更加积极地加强自己的军事和经济实力，更加果断地采取必要的措施，来对付台湾和美国的挑衅和挑战。至于日本，澳大利亚，印度等国，他们也不会为了台湾而和大陆决裂，因为他们和大陆的利益联系太紧密，他们和大陆的合作空间太广阔，他们和大陆的冲突点太有限。他们也不会为了台湾而和美国走得太近，因为他们也不想被美国牵着鼻子走，他们也不想被美国拖入一个和大陆的对抗中，他们也不想被美国牺牲掉自己的利益和尊严。他们只会在台海问题上保持一定的距离和中立，既不会支持台湾，也不会反对大陆，只会尽量维持现状，避免危机，寻求和平。所以，蔡英文的外交策略，只能是徒劳无功，甚至是适得其反。她不但没有得到任何真正的朋友和盟友，反而让自己陷入了一个更加孤立和危险的境地。她不但没有缓解和大陆的紧张关系，反而让大陆更加不满和不耐。她不但没有增加自己的安全感和信心，反而让自己更加恐惧和焦虑。她不但没有为台湾的未来打开一条出路，反而让台湾的未来更加黑暗和无望。台军在金门海域搞实弹射击，大陆渔船闯进澎湖，蔡英文急了，这是一个真实的事件，也是一个警示的故事。它告诉我们，台湾的问题，不是一个简单的问题，也不是一个可以用武力或外交来解决的问题，而是一个需要用政治和智慧来处理的问题。它告诉我们，台湾的前途，不是一个可以用对抗或分裂来决定的前途，而是一个需要用和平和统一来实现的前途。它告诉我们，台湾的命运，不是一个可以用别人或外力来掌握的命运，而是一个需要用自己或内力来把握的命运。它告诉我们，台湾的选择，不是一个可以用错误或偏执来做出的选择，而是一个需要用正确或理性来做出的选择。台湾的问题，只有一个答案，那就是和平统一。台湾的前途，只有一个方向，那就是祖国统一。台湾的命运，只有一个归属，那就是中华民族。台湾的选择，只有一个机会，那就是现在。台湾的人民，只有一个选择，那就是拥抱祖国，拥抱未来，拥抱希望。这是台湾的唯一出路，也是台湾的最佳选择。否则，只会是一条死路，也是一种悲剧。台湾的人民，应该清醒地认识到这一点，应该勇敢地做出这个选择，应该坚决地走上这条路。这样，才能真正保障台湾的安全和利益，才能真正实现台湾的发展和繁荣，才能真正享受台湾的自由和民主，才能真正融入台湾的历史和文化，才能真正成为台湾的主人和英雄。这是台湾的责任，也是台湾的荣耀。这是台湾的梦想，也是台湾的现实。这是台湾的必然，也是台湾的未来。
66765f9ffb88ab4b048dd5c3,https://mp.weixin.qq.com/s/ww87cof6BXNgL6zaWAELlw,台军宣布在金门海域实弹射击，管制周边海空域，火力达厦门市中心,2024,03,25,2024-03-25,"台陆军金门防卫指挥部对外发布射击通报，表示台军将会在4月份在金门海域开展地面武器对海射击训练，周边海空域在射击训练期间将进行警戒、管制。台军这一招的确是高，首先，我们来看一下，台陆军公开的射击地点，狮屿、后屿面向厦门方向；猛虎屿(虎仔屿)、复兴屿(复鼎屿)靠近刘五店航道；烈屿东岗海域为小金门南方，金门本岛母屿方向为金门岛东南方，而前段时间大陆挖泥船也正好从母屿方向方向经过。尤其是狮屿，这是距离福建厦门最近的地方，距离福建厦门市中心仅仅不到4000米，而且面积非常小，只有0.007平方公里，中国台湾省金门岛只有驻军却没有居民的岛屿，其中就包括了狮屿，0.007平方公里的面积也就相当于一款比较大的礁石，是台军驻守的岛屿中最小的一个岛屿了。这也就意味着，台陆军的火力射击可以直接覆盖到厦门的市中心，下图可以很明显看到，狮屿背后高楼林立的就是厦门，而这可以说针对意味非常明显，是赤裸裸地挑衅！而刘五店航道位于厦门港东部海域，自厦门港主航道接入，经大担岛与虎仔屿之间的水道，沿厦门东侧水道向北至翔安港区。金门航段是位于台伪当局划定的所谓“禁、限制水域线”，就因为需要过金门海域，金门海域“禁、限制水域线”尽管大陆从未承认过，但是两岸都有默契，彼此维持楚河汉界，这也是中国大陆对中国台湾释放的善意。而如今214福建渔民遇难事件发生以来，这种默契就已经被打破了，我大陆自然要对金门航段进行疏浚，但是对金门海域进行开发，就意味着台当局不仅失去了金门海域的执法权，还彻底丧失了对金门海域的管理权，这是台当局所不愿意看到的事情。因此，台军宣布要对周边海域管制，而这的目的就是通过对海域的重新管制，我方目前正在开展刘五店航道的疏浚作业，相关作业船只不断通过刘五店航道虎仔屿水域，而台军的行动也是想中断大陆对金门航段的开发。不仅如此，还想要通过这样的方式，将大陆渔船和海警船重新逼出金门海域之外，重新获得对金门海域的渔政执法权和管辖权。而射击点刻意选在距离我厦门市中心如此近的地点，也是在给台岛台独分子打气，以强硬姿态正告我大陆，台岛台独分子会与大陆对抗到底，当然，台当局还是不够自信，既要挑衅大陆，又担心事态升级，从而引发军事对抗，因此台当局要求对台军加以管控，发掘潜在的危险因素，要务必在“安全第一”的前提下完成任务。这与台当局对台军的三大要求之一完全一致，都是要求军事演练必须在“安全第一”前提下完成。但无论怎么样说，台当局的在这样的敏感气氛下搞""猛虎屿军事操练""，就是公然挑衅的敌对行为，必须严厉反制。而且，我们也要警惕，金门火力射击，火力打击到厦门的事情发生，因为这样的事情有着先例。那大陆的行动呢？首先，金门海域是中国的一部分，我们自然不会任由台军行动，我大陆海警、渔船自然不会退出金门海域。在大陆海警、海事都多部门的联合机动下，可以说金门已经被围成了铁桶，台海巡如果敢在演练期间出来活动，那么必将遭受我海警的驱离。不仅如此，如台军坚持对抗，我军还可以宣布同步进行海空实弹演习，射击区域覆盖蛙军公告区域。无人机飞越台军头顶，海军舰船进入所谓""禁限制海域""巡弋威慑。台当局之所以要选择在4月这个时间点，就是留出足够的时间，看大陆的反应和态度，如果大陆台独强硬，我们甚至不能排除，台军会取消演练的可能性。中国台当局不要想当然以为，大陆只是暂时剥夺金门海域的执法权，中国大陆的目的是整个台岛以及台岛下辖群岛海域永久性地内海化管理，也就是说台伪海巡署不再任何任何渔政执法权，台伪当局不再对台岛海域以及下辖群岛海域具有管理权。这也是在向国际社会表明，中国台湾是中国无可置疑的一部分。而大陆也不可能会放弃对金门航段的修缮，随着对刘五店航道的重新疏通，刘五店港中远期功能将成为以国际大型集装箱干线运输为主，航运、经贸合作及交流的重要口岸，兼以发展临港工业、高科技产业、港口仓储、现代物流及客滚运输等多功能综合性港区。这将极大促进福建省经济的发展。"
66765f9ffb88ab4b048dd5c4,https://mp.weixin.qq.com/s/o5r-QBKp7u8yFXb7D_Xjvg,台当局水炮袭击大陆渔船，解放军连夜行动，战机军舰现身台海,2024,03,25,2024-03-25,台当局恶胆包天，趁大陆海警船不在，水炮袭击我7艘大陆渔船，解放军战机连夜起飞，最后的时刻到了？据多家台媒披露，近日7艘大陆渔船在澎湖海域避风期间，被台“海巡署”屏东舰和10087艇以广播、鸣笛和水炮攻击等方式驱离，事发地当时正刮着10级阵风，浪高3-4米，台当局不顾海象恶劣，残暴对待我大陆渔民，险些复制“金门事件”的惨案，可以说毫不顾及同胞之情，甚至泯灭人性，对此解放军不再废话，火速给予有力反击。自3月21日19时30分起，解放军连夜出动各类战机20架次，配合军舰执行联合战备警巡，其中9架次战机越过所谓的“海峡中线”，进入台岛北部、中部和西南空域，结合不久前部署在台岛东部海域的解放军052D“南京舰”，大陆对台岛再次形成“四面合围”，对台当局形成了有力震慑。台当局此次主动对大陆渔船出手，释放的信号非同一般，不久前蔡英文当局对台军下发三项指令，其中一项修改了“第一击”的界定，禁止台军对所谓“越界、越线”的大陆机舰进行挑衅，台军“绝对不准开第一枪，不能打第一弹”，以免擦枪走火，此番台“海巡署”刻意绕过厦金海域的大陆海警船，选择在澎湖海域针对大陆渔民，不难看出台当局推行“台独”的野心未死，另一方面，台当局在同大陆军、警正面较量无法取胜的前提下，选择对大陆渔民出手，不排除扭转形象，以对大陆的“强硬手段”平息岛内舆论对台当局“软弱无能”的批评声浪。台当局抢先出手，只会加快两岸统一的进程，目前大陆海警对金门海域多次进行执法巡航，最近处距金门岛仅3海里，且金门、马祖的出海口被大陆掌控，台当局不仅失去了厦金海域的“执法权”，连踏足金马两岛都需要大陆的许可，金门的3000守军和美国的特种部队形同“瓮中之鳖”，面对台“海巡署”的广播“驱离”，大陆海警船的主炮卸下炮衣，进入战备状态，台当局再不敢同大陆海警“硬碰硬”，更令人兴奋的是，近期有台湾渔民发现，马祖的南引岛礁被插上了五星红旗，而台当局却对其不闻不问，不敢有任何举动，种种迹象表明，大陆收台的“工具箱”正在松绑。此次解放军在台海的战备警巡，正在将“围台绕台”推向常态化，越过所谓的“海峡中线”只是第一步，下步打破台当局所谓的“领空”、“领海”是大概率事件，目的是进一步压缩台当局的生存空间，更重要的是，近期解放军战舰多次亮相台岛东南海域，一方面为拒止域外势力干涉台海做准备，另一方面则是斩断台当局外逃美国的后路，在最后时刻实现“瓮中捉鳖”，这也是近期台当局将“宪兵营”的兵力由原来的5600人扩充到10600人，防止大陆“斩首行动”的原因，台当局是真的怕了。两岸统一是时代大势，更是众望所归，台当局只有认清形势、回头是岸，才不至于玩火自焚，目前岛内的“退役潮”正在表明，没有人愿意为“台独”势力陪葬，台当局的谋“独”策略最终只会面临四面楚歌。
66765f9ffb88ab4b048dd5c5,https://mp.weixin.qq.com/s/pEfCG4IgSzHIylNWqH2_kQ,大陆救起的金门钓客，身份不简单，台军士官竟成“海钓达人”？,2024,03,25,2024-03-25,一起看似普通的渔船翻沉事件，却意外牵扯出一段扑朔迷离的故事。两名来自金门的海钓爱好者在茫茫大海中失踪，幸运的是，他们被大陆方面及时救起。然而随着事件的进一步发展，人们惊讶地发现，其中一名钓客的身份远非表面那么简单，他竟然是金门的现役士官！这一消息如同一颗重磅炸弹，在两岸之间掀起轩然大波。这起事件发生在不久前的一个清晨，当福建海上搜救中心接到台方紧急协助请求时，他们立即展开了紧张的搜寻行动。经过数小时的连续奋战，终于在泉州围头湾水域找到了这两名失踪的金门海钓人员。当救援人员确认他们身体状况良好时，所有人都松了一口气。然而，就在准备将他们转交给金门方面的关键时刻，一个意想不到的情况发生了。原来在救援过程中，大陆方面意外发现其中一名钓客竟然是金门的现役士官。这一身份的曝光立刻让整个事件变得复杂起来，因为涉及到军方人员，就不能再按照普通救援事件来处理了。大陆方面决定暂停交人计划，对相关情况进行深入调查。这一决定让台当局感到焦虑不安，他们急切地希望大陆能够尽快放人。这起事件不仅引发了两岸民众的广泛关注，更暴露出台军内部管理的一系列问题。为何台军士兵会私自出海钓鱼？他们的行为是否得到了上级的批准？为何在身份曝光后，台当局和钓客本人都选择了刻意隐瞒？这些疑问无疑给台当局带来了巨大的压力。同时人们也开始对台军的纪律和内部管理产生质疑。事实上这并非台军首次出现类似问题。在过去的几年里，台军自杀事件频频发生，引发了外界对台军精神状况的担忧。据统计数据显示，近五年以来，有83名台军自杀身亡，而轻生被救回者达到了264人。这些触目惊心的数字背后，反映出台军内部管理的严重问题。士兵们面临着巨大的心理压力和生存困境，而台当局却未能采取有效措施加以解决。回到这起事件本身，大陆方面的处理方式无疑体现了其严谨和负责任的态度。面对台当局的急切交涉，大陆并没有盲目放人，而是选择了先调查清楚情况再做决定。这种做法既体现了对台当局的尊重，也保障了两岸关系的和平稳定发展。同时，大陆方面也希望通过这起事件，推动两岸之间的沟通和交流，共同解决存在的问题。然而对于这起事件的具体处理结果，我们还需要拭目以待。但可以肯定的是，无论结果如何，这起事件都将对两岸关系产生深远的影响。希望双方能够以此为契机，加强沟通和交流，共同推动两岸关系的和平发展。同时也希望台当局能够正视自身存在的问题，采取有效措施加以解决，为两岸关系的未来发展创造更加良好的条件。
66765f9ffb88ab4b048dd5c6,https://mp.weixin.qq.com/s/Sqs5Lizct9Da9OAewTC_ag,大陆逼统战略已全面铺开：接管金门，靠近澎湖，包抄后路,2024,03,25,2024-03-25,两岸之间整体的态势已经非常明朗，在民进党当局的作死之下，大陆正逐步落实逼统工作。虽然我们还是会想尽一切办法通过和平手段来解决台湾问题，但如果台当局始终死不悔改，再加上美国人在背后的煽风点火，就会使得两岸关系变得越来越复杂，在这种情况之下，我们就不得不使用连环手段来逼统。最近大陆海警联手解放军在台湾海峡，尤其是金厦水域的布局就是一个最好的样板，也证明了只有改变过去相对比较保守的策略，用更加强硬的态度去敲打教训对方，他们才会知道疼，也才能真正明白两岸一家亲的含义，一味释放善意，反而只能被对方当成软弱。目前看来，大陆方面已经通过三个层面的具体工作来实施围台逼统战略，依靠围点打援和围岛困岛具体策略推进统一工作。首先，就近期而言，双方在金门海域的博弈应该是重点，这应该是引蛇出洞。虽然台当局一直态度强硬，也始终不愿意就214恶性撞船事件进行实质性的道歉追责，但是大陆已经通过前期这段时间的博弈牢牢掌控了金门周边的形势。对岸虽然也偶尔派出巡逻船想要回到以前的态势，但基本上已经不可能了！大陆随时都可以切断台岛对金门的补给，而且也完全掌控了相关海域的行政执法权。在这样一个态势下，岛内相关的巡逻船即便前来，也只能通过平行伴航和喊话的策略显示自己的存在，对于整体态势却不会造成任何改变。其次，目前双方的博弈前线已经逐渐从金门推到了澎湖列岛一带，这就叫步步为营，稳扎稳打。根据岛内媒体的报道，近期大陆有大批改装过的渔船已经开始常态化大规模的在澎湖周边进行作业。这些经过改装的渔船大多在船的四周加固了长长的铁杆，如果台当局的巡逻船敢于像当初在金门地区那样横冲直撞，势必会洞穿他们的船体。在这样一个情况之下，台当局很快改变了他们的策略，当相关渔船有大陆海警船陪伴时，他们一般只能装孙子，而当这些渔船没有海警船陪伴时，他们则会相机行动。最新传出来的消息是，在3月20日这天下午3时左右，台海巡屏东舰在澎湖七美南10海里的位置，发现了5艘大陆渔船。当天下午5时左右，台海巡10087巡逻艇在草屿南2.8海里处，同样发现另2艘大陆渔船。当天台湾海峡的风力达到了八级左右，瞬间风力高达十级，但就是在这样一个特殊前提之下，台当局所派出的海巡船还是对大陆渔船进行了残忍的水炮驱离。由于目前大陆的渔船都加装了反制铁杆，所以台海巡没有登船检查，而是使用了广播和水炮对避风的大陆渔船进行驱离，这跟前两天大陆海警在金门地区救起台湾的两名垂钓者形成了强烈的反差。他们为什么会这么歇斯底里？最主要的原因就在于，在大陆的全线布局之下，台当局担心整个海峡形势失控。在金门和马祖一带已经被完全掌控的情况之下，如果澎湖列岛周边的形势进一步被大陆海警和解放军所牢牢控制，那他们就太没面子了。也正因为此，我们已经看到了一个势头，目前两岸之间的博弈前线已经从金门地区迁移到澎湖列岛一带。这就是反切香肠的厉害之处。第三，断其后路，敲山震虎！3月21日上午，岛内媒体突然爆料解放军舷号155的南京舰052D导弹驱逐舰出现在台东部海域，具体的位置在钓鱼岛和台岛中间衔接位置。这样的操作摆明了就是按照实战演习来进行的！将来会想办法切断台当局和域外干涉势力的联系，在对台岛进行全面包围的情况之下，也会对日本起到敲山震虎的作用。有意思的是，台当局目前已经人心惶惶，面对这种有点全面失控的态势，很快做出了所谓的反制措施，台海军拉法叶级舰紧急出动与南京舰持续“对峙”。所谓的“对峙”其实就是他们给自己脸上贴金，整体的形势根本不是这样！“台军”的拉法叶级舰已经是30年的老舰了，满载排水量约3000吨，最高航速只有25节，而解放军的052D驱逐舰是2018年新下水的王牌盾舰，满载排水量约7000吨，最高航速30节。双方根本不在一个层级。南京舰台军舰艇台当局之所以迫不得已来应战，主要是担心大陆的舰艇再次突破台湾以东海岸24海里或者12海里线，那会对岛内的舆论造成极大的冲击。因为前段时间的事情大家都看到，大陆的相关舰艇在台湾海峡已经连续突破了所谓的海峡中心，24海里临海线，以及12海里近海线。前两天在金门地区甚至出现过0.3海里贴身航行，这都让岛内防务部门颜面尽失。在这样一个总体态势之下，如果台湾以东的沿海线也被解放军舰艇和大陆海警屡屡突破，台当局之前所编制的骗人话语就会彻底破灭，而且也会被岛内舆论强烈追责，这是赖清德团队无论如何也承受不了的。但是，如果民进党当局不在大的政策上进行反思，而想要依靠不切实际的狐假虎威火中取栗，那他们后面就会面临越来越多的尴尬和麻烦。总而言之，目前这种态势用郭正亮的话来概括是再恰当不过的。他认为大陆像蟒蛇一样，正在利用民进党当局的每一次瞎折腾收紧台岛的空间，直到最终逼统成功。这种局面会让民进党当局越来越难堪，而且也会让他们逐渐明白美国人是靠不住的，最终使得两岸之间的博弈态势发生一个从量变到质变的根本转变，这个关键节点过了，统一就是水到渠成的事！
66765f9ffb88ab4b048dd5c7,https://mp.weixin.qq.com/s/aOe9lWzlB9NMXe4ZF-KVGw,岛内最新消息！大陆两名渔民身亡，赖清德表态了，朱立伦表态了，新党提解决方案,2024,03,25,2024-03-25,  戳上面的蓝字关注我们哦！致力于关注国际军事新闻，传播正能量，弘扬爱国精神！感谢您的观看，请关注并把我分享给更多的朋友！我会坚持为您服务！在两岸关系日益紧张的当下，两名大陆渔民在台湾海域的不幸身亡成为了焦点事件。岛内官员和政党对此表态各不相同，赖清德和朱立伦分别就事件发表了看法，而新党则提出了具体的解决方案，这不仅是对两个生命的哀悼，也是对当前两岸关系紧张状态的深层次反思和探讨。【海上悲剧的发生】2月14日，两名大陆渔民在台湾海巡署的追逐中不幸遇难，此事发生在农历新年期间。当台湾海巡署与大陆渔船发生相撞事故时，船上共有四名船员落水，其中两人未能生还。台湾海巡署表示，由于船只剧烈摇晃，他们未能录制下视频作为事故的证据。【赖清德的态度】台湾即将上任的领导人赖清德对此事表示，必须妥善处理该事件，并支持海巡部门的执法工作，以防止此类悲剧再次发生。赖清德并未提及对遇难渔民家属的哀悼或者对遇难渔民的善后措施。【朱立伦的态度】国民党主席朱立伦对遇难的大陆渔民表示哀悼，并强调了尊重生命的重要性。朱立伦认为应当重视每一条人命，但他并没有提出任何具体的解决方案或政策建议来应对这样的事件。【吴成典的建议】新党主席吴成典提出了具体的行动建议，认为应该派遣特使来处理这起事件，以表现两岸关系的重视。他还建议金门地区进行捐款活动，体现对事件的关切和希望通过实际行动来改善两岸关系。【台湾海巡署处理方式】台湾海巡署在执行任务的过程中，其处理方式受到了广泛质疑。根据相关报道和舆论的反馈，海巡署在处理该事件时未能遵循适当的程序和规范，这种不规范的操作导致了不幸事件的发生。对此，公众普遍认为需要对海巡署的行动进行审查，并要求对事件的具体情况进行透明公开的调查，以厘清责任并防止类似事件再次发生。【渔民叙述】幸存的渔民对事件的叙述提供了重要的视角，揭示了事件发生的真相。渔民表示，他们的渔船在事件中被撞击并导致翻覆。这一叙述与海巡署的说法不符，说明渔民并没有主动跳入海中，而是因为渔船被撞击而落水。这一信息对于了解事件的真实情况具有重要的意义，并为公众和有关方面提供了进一步调查的线索。【吴思瑶态度】民进党中常委吴思瑶在事件中的态度，显示了对大陆渔民的冷漠。吴思瑶将责任推脱给大陆渔民，并声称台湾海巡署是依法行事的。这种态度反映了部分政治人物在处理两岸关系时的立场，忽视了两岸民众的共同感情和利益，引起了两岸民众的不满和批评。【两岸关系重要性】这起事件不仅是一起单纯的海事事故，它还凸显了两岸关系处理的重要性和复杂性。遇难渔民家属的需求并不仅仅局限于道歉，他们更希望事件能得到公正的处理，并且合理得到赔偿。这些需求表明了在两岸关系中，应当对对方的利益和情感给予充分的尊重和考量，以维护两岸人民之间的和谐与互信。在这篇文章中，我们详细回顾了一起引发广泛关注的海上悲剧事件，以及其在不同政党和个人中引起的不同反响。我们看到了如何在尊重事实的基础上，从各自的角度表达对事件的态度和看法，同时也突显出对遇难者家属的关切。总结全文，我们可以感受到在两岸关系中，生命的价值和人道关怀是超越政治立场的共同点。在未来，两岸间的相互理解和信任建设，仍然是需要持续努力的方向。[免责声明]：文章描述过程、图片都来源于网络，此文章旨在倡导社会正能量，无低俗等不良引导。如涉及版权或者人物侵权问题，请及时联系我们，我们将第一时间删除内容！如有事件存疑部分，联系后即刻删除或作出更改。素材来源官方媒体/网络新闻（文章由AI生成）点个“分享”和“再看”的都是大大的好人！
66765f9ffb88ab4b048dd5c8,https://mp.weixin.qq.com/s/ksFwPdozHhODq0Fpp39Wow,岛内最新消息！陆船翻覆事件谈判破裂，赖清德趁机逼宫大陆，国民党公布重磅内幕,2024,03,25,2024-03-25,  戳上面的蓝字关注我们哦！致力于关注国际军事新闻，传播正能量，弘扬爱国精神！感谢您的观看，请关注并把我分享给更多的朋友！我会坚持为您服务！在台湾金门岛举行的陆船翻覆事件谈判中，双方因对事故真相追查和责任归属的立场相异而导致破裂。国民党公开内部报告，揭示台海巡署信息不一致，引发对台方执法行为的质疑，而民进党当局及赖清德的强硬对抗态度背后或隐藏更深层次的政治策略。【金门渔船事件谈判陷入僵局】在金门渔船事件的处理谈判中，大陆的救援团队与台方进行了交涉，但双方在立场上的显著差异导致了谈判进程陷入了僵局。大陆方面坚持要求彻查事件的真相并追究相关责任人的责任，而台方则提出了以条件性支付抚恤金作为解决方案，这一差异造成双方难以达成一致。【台海巡署声明引发质疑】台海巡署在公布与金门渔船事件相关的信息时存在前后不一致的情况，这引发了外界对其可能隐瞒真相的质疑。国民党进一步指出了海巡署在事故时间线上的差异，从而加强了对海巡署隐瞒真相的猜疑。【大陆家属留下处理事宜】面对复杂的局势，大陆家属与中国红十字会代表部分人员决定留在台湾继续处理相关事宜，他们的行动未受台方的影响。【李朝晖指责台方海巡】李朝晖直言不讳地指责台方海巡队推诿和撒谎，认为其故意阻挠对事件真相的深入追查，从而延误了事情的处理。【张延廷预测大陆行动】张延廷基于当前的局势分析，预测大陆可能会逐步采取行动，旨在剥夺台湾岛周边的“四条线”，这包括了领海基线、毗连区基线、专属经济区基线以及大陆架基线。【金门事件影响台海巡】在金门事件之后，张延廷预计台岛的海巡队可能会变得谨慎，不再敢于随意扣押大陆的渔船，以免再次引发敏感的跨海事端。本文详细梳理了金门水域事件及其后续处理中所涌现的多个关键点。从大陆救援团队与台方的紧张谈判，到家属指责海巡艇的责任，再到台海巡署对事故描述的前后矛盾和国民党的质疑，事件呈现出复杂的叙事线索。同时，本文探讨了此事件可能导致的两岸关系紧张和地区局势变化，以及台湾内部政治斗争的影响。最终，文章总结了事态的可能走向及对两岸关系的深远影响，为读者提供了一个全面而深入的视角。[免责声明]：文章描述过程、图片都来源于网络，此文章旨在倡导社会正能量，无低俗等不良引导。如涉及版权或者人物侵权问题，请及时联系我们，我们将第一时间删除内容！如有事件存疑部分，联系后即刻删除或作出更改。素材来源官方媒体/网络新闻（文章由AI生成）点个“分享”和“再看”的都是大大的好人！
66765f9ffb88ab4b048dd5c9,https://mp.weixin.qq.com/s/MNs6oRI9dtSchAD5kGiaZA,岛内最新消息！驱逐渔船事件后，马英九正式表态了，大陆罕见出手，台海巡署认怂,2024,03,25,2024-03-25,  戳上面的蓝字关注我们哦！致力于关注国际军事新闻，传播正能量，弘扬爱国精神！感谢您的观看，请关注并把我分享给更多的朋友！我会坚持为您服务！台海紧张局势升级，在金门海域发生的驱逐渔船事件显现了两岸沟通的薄弱。马英九的表态强调了依法处理的重要性，并指出两岸应增强对话，以防误判。与此同时，大陆方面的强硬回应和台海巡署的低调处理，展现了双方在面对危机时的不同态度和策略。【金门海域船难事件】2月17日发生在金门海域的海难事件中，一艘大陆渔船不幸翻覆，造成两名船员遇难。该事件引发了两岸间的关注和紧张气氛。【台湾海委会立场】针对金门海域发生的海难事件，台湾海洋委员会主委管碧玲表示，海巡部门在事件发生时是依法行政，对于海难事件中的处理方式，台方否认有任何不当之处。【岛内担忧情绪】金门海域的海难事件在岛内引起了一定程度的担忧。许多人担心此次事件可能会导致两岸间的紧张关系进一步升级，尤其是对大陆可能加强在海上执法力度的担忧声音相当显著。【马英九的观点】对于金门海域的船难事件，前台湾地区领导人马英九提出，事件应该依法公正处理，并强调了两岸应该加强对话交流的必要性，以避免类似事件再次发生。【台方官方与媒体反应】在此次金门海域船难事件之后，台方官方和媒体人士的反应普遍缺乏悲痛和歉意，反而有部分声音挑起了两岸对立的情绪，加剧了两岸间的紧张关系。【网络上的不满情绪】在互联网上，针对金门海域的海难事件，存在着一些不满情绪。许多网民认为台方在处理此类两岸事务时，始终保持着一种敌对的心态，没有展现出应有的同理心和善意。【大陆对事件的反应】大陆对于金门水域的事件持有强烈的立场，认定该事件严重损害了两岸同胞之间的感情。不仅如此，大陆方面对此事表达了强烈的谴责，明确表示这种行为是对两岸关系的严重伤害。大陆的反应显示了对于此类涉及两岸紧张关系事件的高度关注和敏感性。【台湾东北角海域情报船活动】在台湾东北角的海域中，有大陆情报船的活动被台湾方面所监控。台湾海巡船对这些情报船进行了监控，但在尝试沟通时并未得到任何回应。这种未回应的态度可能会引发台方对海上安全和情报搜集行为的进一步担忧与警惕。【金门水域执法权争议】台湾媒体报道称，大陆可能会否认金门与厦门之间的“禁限制水域线”，这将直接取消台方在该水域的执法权。如果这一报道成真，那么会对两岸的关系及台湾的海域管理构成紧张和挑战。【赖清德的警告】台湾的新任官员赖清德及其团队，对于金门水域执法权的争议发出了警告，并声明将采取对等措施。赖清德的这一声明展现了台湾方面对于捍卫其海域执法权的决心，并明示了在面对大陆可能的行动时准备采取的策略。【蔡正元的讽刺】前国民党立法委员蔡正元对台方海巡越界行为提出了讽刺，并质疑台方的应对策略。蔡正元的讽刺反映出台湾内部对于处理海域争议的分歧与批评，同时也揭示了不同政治立场对于此类事件解读的差异。通过梳理金门海域渔船翻覆事件的背景、台方的态度、岛内的反应以及大陆方面的潜在应对措施，我们发现这起事件是两岸关系紧张态势的一个缩影。事故的发生不仅引发了对两岸沟通机制缺失的担忧，也凸显出在处理海上冲突时的法律与人道主义考量差异，可能会促使两岸各自采取更坚定的海域管理措施，成为未来两岸关系发展的重要测试点。[免责声明]：文章描述过程、图片都来源于网络，此文章旨在倡导社会正能量，无低俗等不良引导。如涉及版权或者人物侵权问题，请及时联系我们，我们将第一时间删除内容！如有事件存疑部分，联系后即刻删除或作出更改。素材来源官方媒体/网络新闻（文章由AI生成）点个“分享”和“再看”的都是大大的好人！
66765f9ffb88ab4b048dd5ca,https://mp.weixin.qq.com/s/pjMye5fK3dmWd-uFCJKMJQ,情况有变，美军已进驻金门，大陆发现所救金门人员，正是现役军官,2024,03,25,2024-03-25,大陆开展紧急救援，救起两名金门遇险人员，却发现其中一人正是现役军官？本起事件的处理又将发生怎样的变化？关键时刻，台媒爆料美军已进驻金门，这又将为台海局势带来怎样的影响？据台媒中时新闻网报道，3月17日上午11点半左右，两名来自金门的海钓客乘船出海，结果遭到了大雾天气，被困海上近24小时后，幸得大陆全力搜救，两名海钓客才转危为安。大陆原本计划在3月18日上午，把这两人移交给金门方面，不过现在情况却突然发生了变化。报道称，现在大陆希望台方派民间人员来接人，还要求台方有关部门赶紧派人来协调接人事宜。这就有些奇怪了，按理说只是移交两名遇险海钓客而已，没必要那么麻烦。而大陆态度的突然转变，其实也和局势的发展有直接关系。首先，大陆绝非有意扣押这两名海钓客，之所以移交事务出现波折，主要是因为这二人中有一位身份非常特殊，一位姓胡的海钓客居然是台湾防务部门的现役士官，他之前就驻扎在金门。众所周知的是，近一个月时间内两岸关系紧张，直到现在，台当局都没有就“2·14”恶性撞船事故拿出一个满意的交代。其次，近段时间，岛内媒体还在大肆炒作，称美军教官已经“常驻金门”，他们正在与岛内防务部门作战部队进行联合演训。那么大陆是否可以合理怀疑，这个身份特殊的海钓客，突然出现在金门海域目的可能并不单纯，他是否有存在“刺探军事情报”的嫌疑？而且台湾也不是没有这么干过，岛内防务部门本身就有专业的蛙人作战部队，他们还曾经效仿美国海军，组建了自己的水中爆破大队。现在美国又派人在训练金门的台防务部门特种部队，这就不得不让大陆提高警惕。当然，现在一次简单的人员移交任务变得如此复杂，也完全是台当局的问题。如果不是民进党当局不听劝告，执意走“倚美谋独”的路线，蓄意破坏两岸互信，双方也不必陷入猜疑，台海局势也不会如此紧张。而且我们注意到，在事发后，台海巡人员贪生怕死，甚至都不愿意出海营救，只能在岸上使用强光和雾笛指引方向，最终还是大陆出手相助。国台办发言人陈斌华表示，两岸本是一家人，海上突发险情时双方互相救援、守望相助是理所应当，体现了人道主义精神，更彰显了两岸同胞之间的血脉感情。在台海巡部门撞击大陆渔船后，大陆依然愿意出手相助台湾同胞，但大陆的善意，绝不容许被随意践踏，这更是台当局应该反思的。
66765f9ffb88ab4b048dd5cb,https://mp.weixin.qq.com/s/oask4u5niZE7X2AwnGA2MA,海巡署再次动手，用水炮攻击大陆渔船，巡航澎湖列岛迫在眉睫,2024,03,25,2024-03-25,刚刚过去的“撞船案”阴影还未消散，台湾海巡署再次上演了一出令人瞠目的戏码。据台媒21日的报道，在距离“撞船案”不足一个半月，也就是3月20日，台湾海巡署在澎湖海域对避风的大陆渔船悍然发动水炮攻击，这种野蛮的危险行为让人非常气愤。据悉，当天有7艘大陆渔船在海峡内正常作业时，遭遇了10级大风与3米高的巨浪，从相关视频可以看到，渔船的身板很小，抵抗恶劣天气的能力非常有限，所以只能选择进入澎湖列岛近海躲避。然而，台湾海巡署非但没有给予相关协助，反而立即派出巡逻舰对大陆渔船进行驱赶，并在这一过程中使用了水炮进行攻击。不过好在，水炮袭击并没有出现人员的伤亡，但其行为之冷酷无情，令人愤慨不已。尤其令人无法接受的是，在“金门撞船案”仅过去短短35天，台湾海巡署仍未对大陆方面做出正式道歉，也未对遇难渔民家属进行合理赔偿，他们却再次对大陆渔船采取了暴力行动，实在是嚣张至极，令人愤怒。“撞船案”后，大陆海警迅速加强了对金门列岛海域的常态化巡航，目的就是要防止同类事件的再次发生。然而，面对澎湖列岛海域的管理，大陆海警的巡航尚存空白，而本次事件恰恰就发生在这里。鉴于澎湖列岛及其周围海域是我国大陆渔民传统作业的重要区域，大陆海警有必要尽快将澎湖列岛海域纳入常态巡航范围，以确保我方渔船的安全，避免类似水炮攻击或撞船事故再次上演。事实上，海巡署对大陆渔船的水炮攻击并非单一事件，更并非是首次发生。在2023年2月20日、2020年10月23日及同年的9月25日，台湾海巡署在澎湖列岛和马祖附近海域多次对大陆渔船进行类似的水炮攻击。这足以证明，海巡署对大陆渔船的野蛮行径已经成为了常态，尽管水炮攻击一般不至于造成人员伤亡，但也不能忽略其较大的威力，足以对渔船结构造成严重损坏，如挡风玻璃破碎、发动机进水损毁等。面对海巡署在海峡内频繁地以粗暴方式对待大陆渔船的现象，我们应当毫不迟疑地加强海峡各海域的巡航和管理工作，将包括澎湖列岛、马祖列岛、金门列岛的周边海域都纳入到常态化巡航，确保大陆渔船在进行海洋捕捞作业时的生命财产安全，维护渔民的合法权益。
66765f9ffb88ab4b048dd5cc,https://mp.weixin.qq.com/s/-T8V8efFcffphCOzx_YzYw,海警逼近金门仅0.2海里！台军扬言实弹演习，大陆罕见军警联演展现实力，台海局势引关注,2024,03,25,2024-03-25,随着大陆海警船逼近金门岛至仅0.2海里的距离，台海局势再次成为舆论关注的焦点。在这一紧张背景下，对岸竟扬言要在金门进行实弹演习，而大陆方面则以罕见的军警联演展示坚定决心，彰显国家主权和领土完整不容侵犯的坚定立场。事情的起因还要追溯到近期金门海域发生的渔民遇难事件。面对这一悲剧，对岸的态度却显得异常强硬，无视大陆的善意和关切。在此情况下，大陆方面果断采取行动，通过加强在东部海域的巡航力度，向外界传递出强烈信号。国台办此前已明确表示，厦门和金门之间的海域不存在所谓的“限制海域”，大陆海警在此开展常态化巡航，既是维护国家海洋权益的必要举措，也是对渔民生命安全的有力保障。大陆的海警船和公务船近日已经逼近至金门岛仅0.2海里的地方。这一举动引起了岛内部分人士的恐慌和惊呼，然而，我们必须明确指出的是，台湾岛和金门岛自古以来就是中国不可分割的神圣领土。大陆海警在自家海域执法，是履行国家赋予的职责和使命，无需外界指手画脚。与此同时，大陆的渔船也在金门海域附近进行正常的捕鱼作业。然而，令人遗憾的是，岛内的“海巡”部门在面对大陆渔船的合法作业时，却选择了退缩和避战。这种无能和胆怯的表现，无疑进一步暴露了他们的心虚和无力。相比之下，大陆方面则通过实际行动，向对岸展示了我们的决心和实力。在当前两岸紧张局势下，大陆方面始终保持冷静和理智，运筹帷幄之中，决胜千里之外。我们深知，国家的统一大业是全体中华儿女的共同心愿，也是实现中华民族伟大复兴的必由之路。因此，我们不会被任何挑衅和威胁所动摇，更不会让任何分裂势力得逞。而反观对岸，内部混乱不堪，政治斗争激烈，民众生活困苦。他们试图通过重新定义“第一枪”等方式来混淆视听，制造紧张氛围。然而，这种虚张声势的做法只会让他们自己陷入更加被动的境地。因为大陆的海警船已经逼近金门，他们的所谓强硬只是无济于事的挣扎。为了显示强硬姿态，对岸还扬言要在金门进行实弹演习。然而，这种挑衅行为只会加剧两岸之间的紧张局势，对台海和平稳定构成严重威胁。而大陆方面早已做好应对准备，东部战区的海军护卫舰队、海警与空军联合行动，进行了跨昼夜的实战化演习。这次演习旨在提高各方协作配合能力和打击能力，确保在关键时刻能够迅速有效地应对各种复杂局面。尤为值得关注的是，这次演习中出现了罕见的“军警联演”场面。这既体现了大陆方面在维护海洋权益方面的决心和实力，也展示了海警在维护国家海洋安全中的重要作用。海警作为海上执法力量的重要组成部分，他们在维护海洋秩序、打击海上违法犯罪等方面发挥着不可替代的作用。通过与海军和空军的联合演习，海警队伍得到了进一步的锻炼和提高，为未来的海上维权行动打下了坚实基础。我们还应该看到，大陆方面在加强海上维权的同时，也在积极推动两岸关系的和平发展。我们始终坚持“和平统一、一国两制”的基本方针，愿以最大诚意、尽最大努力争取和平统一的前景。然而，这并不意味着我们会放弃维护国家主权和领土完整的底线。对于任何分裂国家的行为，我们都将坚决予以打击和制裁。展望未来，我们坚信，在全体中华儿女的共同努力下，祖国的统一大业必将实现。同时，我们也呼吁对岸放弃幻想，认清形势，回到和平发展的正确道路上来。只有通过和平对话和协商解决分歧，才能实现两岸关系的长期和平稳定与共同发展繁荣。我们可以看到大陆方面在维护国家主权和领土完整方面所展现出的坚定决心和强大实力。无论是通过加强海上巡航力度还是进行跨昼夜的实战化演习，我们都向外界传递出了清晰而明确的信号：中国的领土完整不容侵犯，任何分裂国家的行为都将受到严厉打击。同时，我们也应该看到两岸关系的和平发展是符合历史潮流和人民利益的正确选择。让我们携手共进，为实现祖国的完全统一和中华民族的伟大复兴而努力奋斗。
66765f9ffb88ab4b048dd5cd,https://mp.weixin.qq.com/s/hnniu0BteZyEi73XbHoA6w,渔船事件后，上海代表团低调访台，不顾当局警告，蒋万安破格接待,2024,03,25,2024-03-25,在大年初五的那天，金门附近的海域发生了一场惨剧，一艘渔船在海浪的肆虐下翻覆，导致两名大陆渔民不幸溺亡。这一悲剧不仅在两岸引起了巨大的震撼，更加深了人们对两岸关系的不确定性和危险性的担忧。海上的浪涛似乎在无情地嘲笑着人们对和平的美好愿望，将现实扭曲成了一幅令人心碎的画面。事态的发展远远超出了人们的预料，一时间，整个两岸关系陷入了紧张的氛围之中。然而，在这一动荡的时刻，国民党却展现出了非凡的决断和领导力，试图成为两岸沟通的桥梁，以平息局势的火药桶。马英九在这一事件中发出了呼吁，他深知两岸关系的错综复杂，坚信通过对话解决分歧才是唯一的出路。他指出，事故的根源与M503航线有关，这条航线曾是他任内时花费大量精力才得以建立，然而最终却带来了这场不可预料的悲剧。马英九敦促民进党当局与大陆进行沟通，并希望他们能够以更加谨慎的态度处理两岸问题，避免引发不必要的矛盾和困扰。国民党对待这一事件的立场是明确的，他们认为民进党不愿与大陆沟通是导致当前局势的主要原因之一。金门翻船事件成为了两岸关系的冲突点，而民进党的无能使得紧张局势难以缓解，因此国民党决定挺身而出，试图缓和局势。在台北灯节期间，国民党采取了一系列积极的行动，其中包括破格接待上海代表团，以表达对大陆的重视和友好。与此同时，上海代表团的访台也为两岸关系的改善提供了契机。他们在访台期间表现出对台湾的友好态度，积极参与了台北灯节等活动，展现了大陆对台湾的重视和善意。然而，民进党对于国民党破格接待上海代表团的做法表示了不满，他们认为这违背了“对等、尊严交流”的原则。台北政府甚至拒绝提供上海代表团参访行程资料，表明了民进党的抵制态度，使得两岸关系的局势更加复杂化。综上所述，国民党通过一系列积极的行动试图缓和两岸关系，包括呼吁对话和破格接待上海代表团。上海代表团的访台为两岸关系的改善提供了机会，显示了大陆对台湾的重视。然而，民进党应该更加谨慎地处理两岸事务，避免加剧紧张局势，否则可能面临着更加严峻的挑战和清算。
66765f9ffb88ab4b048dd5ce,https://mp.weixin.qq.com/s/4vTueWYtu-pTbf_bJBNd9w,渔船事件没有道歉 后果民进党负责 渔民家属拒收慰问金 难过离开金门,2024,03,25,2024-03-25,亲爱的读者朋友们，大家好！近日，一场牵动人心的事件在两岸之间引起了广泛的关注和讨论。今天，我们将深入剖析这一事件，以期通过对事实的还原和深度解析，为大家呈现更为客观全面的观点。首先，让我们回顾一下这场引起轰动的事件。两岸渔船在海上相撞，这一事件迅速引发了两岸代表的协商，然而未取得实质进展，使得渔民家属倍感失望。更令人痛心的是，家属等不到谈判结果，纷纷离开金门，一片沉重的离别之情。这背后，反映出了对两岸协商进展的不满和深深的失望。在这个感人至深的背景下，大陆代表主动提供慰问金，却遭到了渔民家属的拒绝。这一细节深刻体现了家属们对于金钱慰问的深深不满，因为在他们看来，金钱无法弥补失去亲人的痛苦。这一场面让人们深思，金钱是否能真正化解人们内心深处的悲痛？面对这一情况，大陆代表发表回应，直指台湾方面歪曲事实、缺乏诚意。这表达了大陆方面对于台湾方面在处理此事上的不负责任和消极态度的不满，并警告台当局后果自负，显示出他们对于处理后果的担忧。这一回应不仅揭示了两岸之间的分歧，更凸显了台湾方面在这一事件上的态度问题。随后，岛内舆论对台当局的批评声不绝于耳，指责他们的行为不人道，将台湾置于危险之中。这反映出了台湾民众对于当局处理此事的质疑和不满。而渔民家属对台湾方面处理方式的强烈不满，愤怒和失望的情绪更是在舆论的推动下愈发凸显，进一步揭露了台湾方面的不善处理所带来的负面影响。正如名人所言：“真诚是最长情的告别。”这一事件暴露出台湾方面的不负责任和漠视态度，令人深感失望和愤慨。这种行为不仅损害了两岸友好关系，更加深了两岸之间的隔阂和矛盾。我们期盼着台湾方面能够认清形势，担起应有的责任，化解分歧，给予渔民家属一个满意的答复，以重建两岸关系的信任和友好。最后，让我们一同期盼着这一事件能够唤起台湾当局对两岸关系的重视，回到友好合作的轨道上来。在这个关键时刻，让我们共同努力，为两岸关系的稳定与发展做出积极的贡献。
66765f9ffb88ab4b048dd5cf,https://mp.weixin.qq.com/s/DhYcA0Tp-yupZcygg5N3WA,福建渔民出了口气，迫近台岛6海里，民进党嚣张在先，求锤得锤,2024,03,25,2024-03-25,台岛媒体从3月10日开始，已经在热烈讨论“海巡署”的软弱无能，这是因为台岛新竹渔民爆料，宣称福建渔民已经“侵门踏户”，进入了新竹和苗栗附近海域直接捕鱼，从而侵犯了台岛渔民的权益。也是因为新竹渔民的“控诉”，才让台岛媒体了解到“海巡署”做了一次“缩头乌龟”。台岛媒体报道，宣称3艘福建渔船在3月6日到3月7日期间，位于苗栗附近海域作业，但是台岛负责维护渔民权益的“海巡署”却没有采取任何的动作，为此引发了渔民的不满，为此通过媒体呼吁“海巡署”采取行动。这次福建渔民迫近台岛6海里，是在台岛民进党当局坚决对“214恶性撞船事件”不道歉而继续发酵的时候，因此颇有出了口气的节奏，福建渔民用自己的行动体现了台海也是传统渔场的历史事实。同时也可以看得出来，台岛民进党当局是嚣张在先，如今却是求锤得锤，再次暴露了民进党当局“双标”的本质。对于福建渔船的迫近，台岛“海委会”下属的“海巡署”立即装“无辜”，宣称3月6日的海况不满足巡逻船执行任务的最低要求，为此拒绝动用巡逻船来反制福建渔船的迫近。长期以来台岛“海巡署”是恶意满满，因为不断驱赶福建渔船，在福建渔船进入台海作业的时候，台岛会采取非常粗暴的方式对待。并且在福建渔船要躲避风浪的时候，台岛还会用水炮进行驱赶，从而暴露了台岛民进党当局冷血的一面。台岛在2月14日更是通过高速巡逻船多次冲撞福建渔船的方式，导致了2名福建渔民的遇难，最近台岛还扣押着福建渔船，同时2名渔民的遗体还被扣在金门，凸显了台岛民进党当局的傲慢和无礼。福建渔民在3月6日已经有了历史性的突破，因为是直接跨过了所谓的12海里“红线”，因此对于民进党的冲击是巨大的。虽然台岛在金门附近对于福建渔船动粗，但是在3月6日和3月7日，台岛却换了个风格，直接无视了福建渔船在苗栗和新竹附近的捕鱼作业，为此立刻引发了外界的关注和讨论。按照台岛民进党常态的作风，会对福建渔民迫近6海里进行大肆炒作，但是如今台岛民进党当局却当作不知道一样，一直到3月10日才有“海巡署”的回应。之前负责和台岛“海巡署”谈判的泉州代表已经公开表态，民进党当局要为处理恶性撞船事件不负责任的行动承担后果，对于民进党当局的“倒行逆施”，显然大陆是不会坐视不管的。福建渔船进入传统的渔场作业，已经为之前的恶性撞船事件出了口气，直接迫近台岛6海里，从而扯下了民进党当局虚伪的面具，关键时刻民进党已经认怂，至今都没有对于3月6日的事件给出回应。对于福建渔民进入6海里作业，台岛媒体已经担心是新常态的开始，其实这是民进党当局的自取其辱。
66765f9ffb88ab4b048dd5d0,https://mp.weixin.qq.com/s/sQl6JLkLj8_bTei5f3iicw,突发！又一大陆渔船在金门翻覆，台海巡署也来了，6人落水2人溺亡,2024,03,25,2024-03-25,在此次金门海域渔船翻覆事故中，两岸海上搜救的迅速联动，不仅体现了救援力量的高效协作，更凸显了人道主义在紧急事务中的至关重要性。台海巡署与大陆搜救队伍的共同努力，虽成功救起四名落水者，但也有两名船员不幸遇难，这一悲剧再次强调了海上安全的重要性及跨海合作救援的不可或缺。【联合搜救行动】    厦金海域“闽龙渔61222”号大陆渔船发生翻覆事故后，两岸海上部门迅速展开联合搜救行动。大陆海警和台湾海巡署立即启动救援程序，共同协调部署救援资源，此举充分显示了两岸在紧急情况下的高效合作与协同。救援队伍出动了多艘船只和直升机，对翻覆海域进行了密集搜寻。最终，这次联合搜救行动取得了显著成果，六名船员全部被找到，其中四人获救，尽管有两人不幸遇难，但快速响应与及时的联合行动无疑增加了生存者的求生机会。【两岸关系的考验与展现】    金门海域冲撞事件后的一个月，厦金海域“闽龙渔61222”号渔船翻覆事件再次考验两岸关系，特别是在之前已有紧张氛围的背景下。尽管两岸政治关系复杂多变，但是在这次搜救行动中，双方能够迅速地放下分歧，展现出共识和团结，尤其是在人道主义救援方面的迫切需要和紧密合作。这次联合搜救不仅是对船员和家属的及时救援，也是对两岸关系微妙氛围的一次积极回应，彰显了在生命面前，两岸同胞共同维护人道主义价值的决心。【渔船翻覆原因调查】    目前渔船翻覆的具体原因尚未被明确确认，相关部门正在进行深入的调查工作。这些部门包括海事和渔业监管机构，他们将负责分析翻覆事故发生的环境条件，渔船的结构和维护记录，以及船员的行为等多个可能的因素。这一调查对于识别和改进海上作业的安全措施，避免未来发生类似的不幸事件具有至关重要的作用。同时，考虑到渔业是两岸共同关心的领域，调查结果也可能对于两岸关系的未来发展产生重要影响。【两岸人道救援】    在渔船翻覆事件发生后，两岸表现出了令人欣慰的人道主义救援积极性。台湾海巡署和大陆海警在危机时刻迅速采取了协同行动，共同参与了搜救工作。此次合作不仅体现了两岸在紧急救援方面的高效协作能力，而且在平复民众的紧张情绪和担忧方面起到了积极作用。更重要的是，通过此次共同的人道救援行动，释放出了两岸关系可能缓和的信号，为改善和增进未来的交流合作搭建了桥梁。        本次两岸联合搜救行动展现了两岸在危机时刻的共识与协作精神。尽管两岸关系近期存在紧张，但在此次渔船翻覆事故中，双方迅速响应，共同完成救援任务，彰显了人道主义精神。两岸的这种合作态度有助于缓和紧张的局势，同时也证明了即便在复杂的国际背景下，共同的目标和理念可以成为沟通和合作的桥梁。这次事件不仅救援了落难船员，也为两岸关系的未来发展提供了积极的示范效应。
66765f9ffb88ab4b048dd5d1,https://mp.weixin.qq.com/s/dkGpO2p36tLwdprVLnWxCA,突发！大陆渔船再度于金门外海翻覆6人落海，台海巡台军严阵以待,2024,03,25,2024-03-25,在台海地区紧张局势的大背景下，“闽龙渔61222”渔船事故再度触发两岸共同关注。6名船员的不幸落海，不仅考验着两岸的救援协作机制，也凸显了地区安全和人道主义关切的重要性。【闽龙渔61222号翻覆】    金门东碇岛西南以及翟山西南15海里处，大陆渔船“闽龙渔61222”号不幸翻覆，船上六名船员落海，其中2人获救，2人不幸遇难，2人失踪。【两岸海上搜救合作】        事发后，大陆迅速派出直升机和救援船进行搜救，台湾金门海巡署也派船前往协助，体现了两岸在海上搜救行动中的合作。【台海局势紧张】事件发生在台海局势紧张之时，此前“2.14渔船翻覆事件”导致两岸关系进一步紧张，民进党当局被批评处理不当。【民进党回应批评】        本次事故发生后，民进党当局及时参与救援，表现出在危机时刻对生命安全的重视，这可能是在回应此前事件的批评和压力。【管碧玲道歉】台海巡署主管管碧玲为“2.14渔船翻覆事件”道歉，承认初期处理不力，但遭到民进党内部的批评，显示出台湾内部对于处理海上事故的分歧。【民进党迅速行动】民进党当局在此次事件中迅速行动，可能是为了避免重蹈覆辙，争取在公众和大陆方面树立负责任的形象，减轻压力。【两岸紧急救援】大陆和台湾的救援力量在金黄救援时间内全力搜救，凸显了在面对人命危急时，两岸能够摒弃前嫌，共同努力。【合作救援检验】鉴于目前仍有两名船员失踪，时间对于落难船员来说至关重要，这一次两岸的合作救援行动将是对上一次事件教训的检验。在本文中，我们细致梳理了金门东碇岛海域发生的“闽龙渔61222”号大陆渔船翻覆事件的经过和目前的救援进展。事件的背景、双方救援行动的迅速响应、台海巡署的态度转变，以及民进党内部对此事的不同声音都被一一呈现。这一事件不仅涉及到渔民的生命安全，也触及到两岸关系的微妙平衡。在这样的前提下，各方的行动和态度都尤为关键。目前，虽然仍有两名渔民下落不明，但我们仍然抱有希望，期待着更多积极的消息传来。同时，我们也呼吁有关各方能够以人命安全为重，继续积极配合救援行动，并在事后给出一个透明且负责任的解释。对于所有在此事件中遇难的渔民表示深切的哀悼，并祈祷失踪的渔民能够平安归来。
66765f9ffb88ab4b048dd5d2,https://mp.weixin.qq.com/s/ztZ3wealA-uRATdlZmJ8Lg,突发！大陆渔船逼近澎湖，台海巡出动，台军宣布金门海域实弹射击,2024,03,25,2024-03-25,  戳上面的蓝字关注我们哦！致力于关注国际军事新闻，传播正能量，弘扬爱国精神！感谢您的观看，请关注并把我分享给更多的朋友！我会坚持为您服务！近期台海局势紧张，大陆渔船在澎湖海域出现并展示防登检措施，这不禁映射出两岸在海上权益的明争暗斗。台海巡队迅速派遣巡逻艇应对，而台军的实弹射击演习则更是彰显了紧张氛围，双方在海域的对峙态势日趋尖锐。【澎湖海域对峙】台湾澎湖的渔民在澎湖西南方海域目击到装备防登检措施的大陆渔船，这一现象引起了澎湖海巡队的注意，他们随即派遣巡逻艇前往该海域进行调查。这一行动表明澎湖海巡队已做好准备应对可能发生的海上追逐战，对于保护自己的渔业资源和海域主权表现出警觉性。【台海常态化执法】根据学者郭正亮的观点，大陆海警的行动正在向无禁区执法过渡，并可能将这种常态化执法扩展到澎湖等台湾近海区域。大陆的操作模式可能是先让渔船进入相关海域，然后再由海警船跟进，这样逐步增强在台海地区的常态化行政执法能力。【防长邱国正发言澄清】台军“防长”邱国正在发表强硬言论之后，台“国防部”随即紧急澄清，明确表示台军不会先发制人。此举表明台“国防部”对于邱国正言论的敏感性以及迅速响应的态度，强调了台军的防御性质，并避免对外界传递错误信号。【金门实弹射击训练】台陆军金门防卫指挥部宣布，将在金门岛及其周边岛屿举行实弹射击训练。这项训练展现了台陆军对于金门地区的防御重视，及通过实战化训练来提升部队的战备水平和快速反应能力。【大陆内水宣告与开航道】大陆宣布金门周边水域为内水，并正在疏浚金门海域刘五店航道，预计下月将正式启用。这一策略显示大陆对于金门海域的主权宣示，同时通过实际行动如疏浚航道，进一步加强对金门海域的控制与管理，为未来可能的政治和军事行动做准备。在台海地区，紧张局势的表现日益明显，尤其是澎湖海域渔船对峙事件凸显了大陆海警船对台海巡的影响力。台军在金门海域的射击训练宣言也可能加剧两岸关系的紧张。大陆的策略似乎是在逐步推进，从共同执法到限制台海巡执法权，最终旨在实现常态化行政执法。这些动作不仅映射出台海地缘政治的微妙变化，也反映出两岸在应对紧张局势时采取的不同策略和心态。[免责声明]：文章描述过程、图片都来源于网络，此文章旨在倡导社会正能量，无低俗等不良引导。如涉及版权或者人物侵权问题，请及时联系我们，我们将第一时间删除内容！如有事件存疑部分，联系后即刻删除或作出更改。素材来源官方媒体/网络新闻（文章由AI生成）点个“分享”和“再看”的都是大大的好人！
66765f9ffb88ab4b048dd5d3,https://mp.weixin.qq.com/s/DuakUHCphME7zMIAmsxnTQ,统一行动已经开始？ 大陆已封锁金马出海口，赖清德的口风变了,2024,03,25,2024-03-25,点击下方关注，不错过最新消息近期，大陆海警舰艇不仅大幅提升了对厦门与金门之间海域的控制力度，而且频繁进行常规的巡逻与执法行动，他们甚至大胆地抵达金门岛附近仅3海里的地方，这直接挑战了台湾方面所宣称的“禁入区域”。台湾媒体爆料，当大陆的海警舰艇在该区域巡航时，台湾的舰艇虽然作出了要拦截的姿态，但一旦目睹大陆舰艇卸下主炮的遮盖，做好了战斗准备，台湾那边就吓得不敢动弹，任由大陆舰艇在那片水域自由来去，完全不敢有任何实质性的干预。“2·14”那次严重的碰撞事件之后，大陆方面其实已经要求台湾方面好好处理后续问题，防止类似的事故再发生。可是，在金门举行的十多轮谈判尽管声势浩大，最终却因为台方的敷衍了事而毫无结果。台方不但拒不公开事故的录像，还一再撒谎，推卸责任。直到现在，台方连一个诚恳的道歉都没有，更别提归还遇难渔民的遗体了，这种行为严重伤害了两岸人民的感情，也对两岸的关系造成了破坏。岛内的网友们纷纷表示，对于金门渔船事件，民进党当局根本就是冷血无情，赖清德的表现更是差劲透顶，他还大言不惭地宣称要支持台湾“海巡署”加大所谓的“执法力度”。面对台方这种不积极的态度，为了保护渔民的生命财产安全，维护台海地区的和平与稳定，大陆海警船在厦金海域的常态化巡查执法活动不仅没有减弱，反而扩展到了包括台湾本岛在内的更广泛水域。一些分析人士认为，自从2022年佩洛西执意访问台湾之后，大陆就已经明确表示不再承认所谓的“海峡中线”，而现在直接取消了厦金海域的“禁限线”，并将执法活动范围扩展到台湾本岛周边，这无疑标志着大陆统一行动的开始。因为大陆已经从法律上否认了台方的“执法权”，实际上也剥夺了台方的“管辖权”。无论台方是否愿意承认，大陆都在坚定不移地按照自己的计划，逐步实施对台主权和治权的统一。台湾“海委会”负责人管碧玲虽然表达了“歉意”，但明显是在避重就轻，她既没有提及台湾舰船粗暴撞击大陆渔船导致两名渔民死亡的核心问题，也没有表明要追究责任人的责任或对遇难渔民家属进行赔偿。场闹剧！台方的所作所为，在两岸的较量中表现得既软弱又狡猾。面对大陆的严肃要求和实力展示，台湾的反应不是真诚沟通，不是解决问题，而是一系列的推脱和逃避，实在是让人看不下去。台当局在这件事上的表现，简直就是政治表演艺术的低级下作，完全没有把两岸人民的感情放在眼里。而大陆这边，不仅展现出了强大的决心和实力，还彰显了对台湾同胞深厚的关怀和保护的意志。台湾当局若还抱有任何幻想，认为可以在大陆的压力下玩弄小聪明，那无疑是在作死。大陆的行动早已明确，台湾的未来必须在国家统一的大局下重新定义。而对于那些还在梦想着“台独”的人来说，醒醒吧，那条路，根本就是条死路！点击下方头像【关注】，获得最新消息，再点【赞】+【在看】！
66765f9ffb88ab4b048dd5d4,https://mp.weixin.qq.com/s/yrzty7gsbOI_goj6mDY6Dg,赖清德变怂，大陆巡逻船进金门0.2海里，专家：两岸统一越来越近,2024,03,25,2024-03-25,据报道，20日，美国印太司令部司令阿奎利诺上将在美国众议院军事委员会发表证词时称，中国正在以“二战以来前所未有的规模建设军事和核武库”，所有迹象表明，中国“雄心勃勃”，准备在2027年前“进攻台湾”。这说明美国方面越来越焦虑，并且准备在台湾省问题上继续对抗中国了。台当局还在不断的捣乱，境外势力还在密切的搅局，但是台海形势却越来越清晰。台海局势总体上保持稳定，但是台当局还在不断的捣乱，境外势力还在顺势进行搅局，这也会给台海局势带来一些不稳定因素。尽管还存在这样那样混乱的情形，但总体上而言台海形势还是越来越清晰。台湾是中华人民共和国的一部分，中国必然实现统一，这是全世界的基本共识，可谓是没有任何疑问的。刚刚高票当选的普京，首先明确的就是台湾是中国的一部分。联大2758号决议规定：“恢复中华人民共和国的一切权利，承认她的政府的代表为中国在联合国组织的唯一合法代表，并立即把蒋介石的代表从它在联合国组织及其所属一切机构中所非法占据的席位上驱逐出去。”可以说，在50多年前有关台湾省的地位已经确定了，台湾省问题已经很清晰了。台湾属于中国，台湾省必然要回归祖国的怀抱，这个形势越来越清晰，这没有任何争议的。台当局与境外势力越来越抓狂，越来越极端，最根本的就是他们看清了台湾必然回归祖国的大趋势。解放军连续采取举措，形成了对台湾岛的事实掌控，赖清德也开始变怂了。近期解放军解放军32架军机、5艘军舰持续在台湾省周边行动，对台湾省形成了包围之势。实际上，这仅仅是解放军的常态化行动。解放军不断的通过演训，常态化巡航和侦察控制等手段对台湾省进行事实掌控，目前已经取得了根本性进展。通过大陆发言人的描述也可知，解放军随时待战、随时可战，只要一声令下，就可以完成祖国和人民交给的神圣使命。解放军事实掌控台湾岛，已经不是什么问题。在解放军的雷霆行动下，赖清德也开始变怂了。解放军雷霆行动，赖清德也不再像先前那样傲慢和张狂。据报道，前蔡英文“亲信”、海基会董事长李大维就公开透露消息称，赖清德开始变得务实，在两岸关系问题上务实、中道、审慎，绝对不敢按下“法理台独”的键盘，极有可能回到蔡英文“一国两区”的范畴内。按照台当局相关人士的说法，赖清德是变怂了，不再强硬的对抗大陆，而是按照务实的理念寻求与大陆对话，从而避免遭遇大陆强力的反制手段。赖清德态度突然软化，不再公开叫嚣其“台独”言论，明显是怕了大陆的威慑。赖清德过去是死硬的“台独”分子，并且靠所谓出格和强硬言论赢取选票。在解放军用行动告诉他，在危险的道路上狂奔随时可能遭遇严惩的背景下，赖清德显然是有些清醒了。赖清德服软变怂，到底是不是真心的，目前还很难判断，但起码在现实面前其还是选择了屈服。赖清德承认“一国两区”，但是并没有承认“九二共识”和“一中原则”，这说明他还是有很多小九九，缺乏足够的诚意。大陆巡逻船进入了金门0.2海里附近，实现了真正的对金门海域的管辖。无论台当局做什么，无论境外势力做什么，大陆始终按照自己的节奏行动，这就是我们在台海问题上的基本立场和原则。在台当局还没有真正解决大陆渔船撞击事件的背景下，大陆对金门海域的控制也是越来越深了。据报道，隶属于交通运输部的厦门海事局海事巡逻船0807号从泉州出发，从金门岛东北方向穿行，距离金门仅仅0.2海里。进入金门0.2海里，实际上就是宣告对金门的有效管辖了。台当局虽然对大陆巡逻船逼近金门岛十分不满，但是却什么也不敢做。台当局的巡逻船看见大陆的巡逻船只能看着，根本不敢有任何出格行动。大陆在多年的实际应对行动中，已经精准掌握了台当局的底牌。别看台当局平时显得十分嚣张，但是实际上台当局心里非常的怂。台当局十分清楚，在大陆面前他们就是随时被碾压的棋子，根本没有任何与大陆叫板的资格与实力。大陆任何行动看似强势，其实都是心中有数的，也是对形势精准预判之后的行动。解放军与海警联合行动成常态，对台湾岛的控制越来越严密。在解放军的战机和军舰频繁在台海行动背景下，台当局虽然也采取了出动战机和军舰跟踪监视等你手段，但是很快台当局就力不从心疲于应付。台当局因为战机升空过于频繁，导致飞机坠毁增多，飞行员心理疾患增多，从而放弃了起飞战机应对行动。解放军和海警还不断的在台海进行联合行动，从而进一步强化对台湾岛的实际控制。解放军对台湾岛的实际控制越来越严密，台当局显然是没有任何办法的。专家直言，两岸统一是越来越近了。按照我们自己的节奏实现两岸统一，不掉入对方设置的陷阱之中，这就是我们的基本原则。你打你的、我打我的，我们的目标是实现两岸统一，完成中华民族的复兴梦想。我们采取的任何行动都不是针对其他国家，而是实现我们自己的目标。专家分析认为，尽管台当局和境外势力勾结越来越猖獗，但是主动权却逐步的完全掌握在了大陆手中，两岸统一越来越近了。解放军开始一部分实现对台海的控制，并且对金门海域管辖权的控制，也是我们最为有利的举措。我们不会主动挑起事端，但是会借助台当局每一次挑事推动我们的统一事业向前迈出关键一步。专家普遍认为，当前局势下大陆开始在各个层面上占据主动。就算是境外势力还在想尽办法进行捣乱破坏，但是他们显然已经无法改变大局了。两岸已经凝聚起来了统一的强大意志，这种意志绝对是坚不可摧的。
66765f9ffb88ab4b048dd5d5,https://mp.weixin.qq.com/s/XjM6wSwNThdME7TMzwo9Lg,金门突然传出噩耗！王毅发出统一最强音，美国迅速发布撤侨令,2024,03,25,2024-03-25,  戳上面的蓝字关注我们哦！致力于关注国际军事新闻，传播正能量，弘扬爱国精神！感谢您的观看，请关注并把我分享给更多的朋友！我会坚持为您服务！在国际局势日趋复杂的背景下，三个事件凸显了地缘政治的紧张与互助的交织。金门海域的两岸联合搜救显示了在紧急情况下的合作可能性，王毅对台湾问题的表态则重申了大陆对和平统一的坚定立场，而美国在海地的撤侨行动则暴露了该地区不稳定的安全状况。【两岸渔船事故救援合作】“闽龙渔61222”号渔船在台湾海峡遭遇不幸翻覆，紧急事态促成了两岸救援力量的合作。事发后，大陆海警局立即启动救援机制，并与台湾方面展开沟通协作，展现出两岸在处理紧急事件时的有效沟通与合作。此次救援行动标志着双方在人道主义方面可以实现务实合作，为两岸关系增添了积极元素。【积极影响及台湾态度】此次两岸救援合作对改善紧张的两岸关系具有示范效应，显示在关键时刻两岸能够摒弃分歧，共同应对危机。台湾方面的积极回应与参与，进一步显示两岸在民间层面依然存在互信与合作基础。长远来看，此类合作可能会为两岸关系的改善铺平道路，亦可能促使台湾方面更多地考量与大陆的互动方式，进而影响其未来的对大陆政策。【王毅外长严正立场】在记者会上，王毅外长再次重申中国对台湾问题的严正立场，明确反对“台独”分裂活动，并对任何形式的“台独”分裂行径发出明确警告。王毅强调，台湾是中国领土不可分割的一部分，对此中国的立场是一贯和明确的，任何分裂国家的企图都将遭到全体中国人民的坚决反对。【政策调整与民进党后果】今年政府工作报告中，对台政策的调整再次明确了坚持“一国两制”的基本方针，强化了对“和平统一”的重申。这一调整意味着中国将继续推进两岸关系发展，同时也将坚定地反对任何形式的“台独”活动。民进党当局若持续推动“台独”议程，可能会面临更加严厉的政治和经济后果，影响两岸及其与大陆的人员和经贸往来，进而对台湾的社会稳定和经济发展造成负面影响。【太子港枪战事件】太子港总统府附近爆发了枪战，海地首都这一事件涉及到帮派成员与警方之间的激烈交火。数名武装分子与警方对峙，导致周边区域局势迅速紧张。这起暴力冲突凸显了海地长期以来无法遏制的帮派问题，以及执法机构面临的挑战。【海地政治动荡与国际反应】海地近年来经历了严重的政治动荡，政府机构虚弱，帮派势力不断壮大。这种动荡的背景下，国际社会对海地的局势关注加深。联合国发表声明，对海地的治安状况表达严重关切。与此同时，美国大使馆为了保障人员安全，采取了撤离行动，这一决定反映出国际社会对海地目前安全形势的评估。【联合国对海地卫生系统的警告】联合国对海地的卫生系统发出了警告，指出由于帮派暴力行为导致的不稳定情况严重影响了民众的日常生活和基本健康需求。帮派冲突不仅威胁到社会秩序，还削弱了医疗服务的提供，使得民众难以接受必要的医疗援助。【海地请求国际援助】海地政府向国际社会发出了援助请求，希望得到支持以解决国内的治安和社会问题。联合国维和部队的派遣计划却陷入停滞，原因是国际社会对于干预的具体方式存在分歧，同时也因为国际政治局势的复杂性。一些国家和组织对于承担维和责任持谨慎态度，担心可能的政治和安全风险。文章总结了近期国际社会的三个重要事件：大陆渔船在金门附近翻覆引发的两岸救援合作，中国外交部长王毅就台湾问题发表的立场，以及海地首都太子港爆发的大规模枪战。这三起事件不仅反映了地缘政治的复杂性，同时也展现了人类社会在危机面前的团结与互助精神。这些事件提醒我们，无论是两岸关系的协同，还是国际社会对危机的回应，共同努力维护和平与安全对每个国家都至关重要。[免责声明]：文章描述过程、图片都来源于网络，此文章旨在倡导社会正能量，无低俗等不良引导。如涉及版权或者人物侵权问题，请及时联系我们，我们将第一时间删除内容！如有事件存疑部分，联系后即刻删除或作出更改。素材来源官方媒体/网络新闻（文章由AI生成）点个“分享”和“再看”的都是大大的好人！
66765f9ffb88ab4b048dd5d6,https://mp.weixin.qq.com/s/TC-UN12g6TiZ09Tk8GfVBA,金门风云再起！金门渔船事件中方不断施压，台湾专家却发现大陆已经开始行动！,2024,03,25,2024-03-25,金门海域历来是台海关系的敏感地带。近日这里再次成为国际瞩目的焦点。两艘福建渔船在平静的海面上进行正常作业，却意外遭遇台湾海巡的无理纠缠，最终导致渔船翻沉，两名无辜渔工不幸遇难。这一事件迅速激起轩然大波，让人们对台海局势的未来充满忧虑。然而面对这起突如其来的悲剧，大陆方面却展现出了难得的冷静与克制。没有选择激烈的报复行动，而是以一系列温和而有力的举措来回应台湾的挑衅。这些行动不仅彰显了大陆的实力与智慧，更在无形中给台湾方面施加了巨大的压力。在这场没有硝烟的较量中，大陆渔船成为了重要的力量象征。它们开始频繁地出现在以往并不常去的海域，如厦门与金门、马祖及澎湖等。这些渔船仿佛是大陆的“使者”，静静地宣示着主权和存在。与此同时，台湾海巡的态度也发生了显著的变化。从最初的嚣张跋扈到如今的避让退缩，甚至不得不关闭船只的自动识别系统以避免冲突。这种转变无疑是大陆策略成功的最好证明，也让人们看到了台海局势的新变化。大陆的海上执法力量在这场较量中发挥了关键作用。无论是技术还是规模，大陆执法船都远超台湾方面。而台湾海巡船在面对大陆海警船时，显得力不从心。这种实力的悬殊让台湾方面不得不重新审视自己的立场和策略。他们开始意识到，与大陆对抗没有胜算，只有和平合作才是唯一出路。除了海上力量的对比外，大陆在空中也给台湾施加了巨大的压力。军机频繁飞越台海中线已经成为常态，而台湾的空军却显得犹豫不决，不敢轻易出手。这种空中力量的对比进一步凸显了大陆的威慑力。大陆通过展示强大的军事实力，向台湾方面传递出明确的信号：任何挑衅和破坏两岸和平统一的行为都将受到严厉打击。大陆的这种策略虽然看似温和，但实际上却效果显著。它不仅避免了直接的军事冲突，更在心理上对台湾方面形成了巨大的压力。这种压力并非来自武力威胁，而是来自大陆坚定的决心和强大的实力。相比之下，那些试图通过军事手段解决问题的做法往往只会带来更大的破坏和灾难。大陆的策略无疑是明智之举，也是维护台海和平稳定的重要保障。回顾历史，我们可以发现大陆在处理国际争端时的成熟和稳健。以钓渔岛事件为例，当外界普遍认为中国会采取强硬手段时，大陆却选择了更为巧妙的方式来维护国家主权和尊严。通过设立东海防空识别区等措施，大陆不仅成功地侵蚀了日本的战略空间，还让其在战略上越来越被动。这种不战而屈人之兵的策略既维护了国家利益，又避免了不必要的损失。金门渔船事件再次证明了大陆策略的有效性。通过一系列温和而有力的行动，大陆不仅成功地压缩了台湾的战略空间，还展现了在军事、经济等多方面的实力和智慧。我们有理由相信大陆将继续保持战略耐心和智慧，以更加成熟和稳健的姿态应对各种挑战和机遇。无论台湾方面如何挑衅和破坏两岸和平统一的大局，大陆都将坚定不移地维护国家主权和领土完整。而那些试图阻挠两岸关系和平发展的势力必将自食其果、付出沉重的代价。最终，两岸同胞将携手共进、共同推动两岸关系和平发展、实现民族伟大复兴的伟大梦想。我们不禁要思考一个问题：在这场没有硝烟的较量中，大陆究竟是如何做到既展示实力又保持克制的呢？这背后又蕴含着怎样的战略智慧和民族情怀？让我们拭目以待，期待两岸关系和平发展的美好未来！如果您感觉我们的文章还不错，可以点击下方左侧一键分享至朋友圈，如果您点击右侧【点赞】与【在看】，可以获得更多好文推荐！
66765f9ffb88ab4b048dd5d7,https://mp.weixin.qq.com/s/Tmb4huW1_hZ6j_0_zZ5h7g,金门风云：海上博弈与两岸的未来,2024,03,25,2024-03-25,在这个信息爆炸的时代，每一条新闻都像是一颗颗跳动的火花，照亮了我们对世界的认知。今天，我要和大家分享的，是近日围绕金门岛发生的一系列引人注目的事件。这不仅仅是一场海上的博弈，更是两岸关系的一个缩影。首先，让我们来看看19日下午发生的那一幕。厦门海事局的巡逻船“0807”在泉州围头启航，疑似返回厦门的途中，它从金门岛东北方向穿行，与大金门东北角的距离仅有0.2海里。这一行动，无疑是对“禁限制水域线”的一次挑战，也让两岸的紧张气氛再次升温。接下来的情况更是引人关注。台海巡署表示，两名金门钓客（包括一名现役士官）滞留在福建省围头村，而大陆方面至今未有移交人员的通知。家属们的焦虑可想而知，他们的亲人只是出海钓鱼，却意外卷入了两岸的政治漩涡。但故事的转折点在于，原本计划在19日将这两名钓客送回金门的行动，因为其中一人身份的意外曝光而被临时叫停。这不禁让人思考，两岸之间的信任究竟在哪里？当一场简单的救援行动都充满了政治算计，我们又该如何看待未来两岸的关系？而在这场博弈中，美国的态度也颇为微妙。白宫虽然口头上要求中国大陆保持克制，但五角大楼的行动却透露出了不同的信息。20日，印太司令部司令和国防部印太事务助理部长在听证会上明确表示，美军并没有常驻金门。这种态度的转变，无疑是对局势的一种回应，也反映出了美国在台海问题上的谨慎态度。最后，我们不得不提的是台岛可能面临的新一波“断交潮”。在瑙鲁抛弃台岛后，台岛仅剩的12个“邦交国”似乎都在观望与中国大陆建交的可能性。这对于台岛来说，无疑是又一次外交上的挑战。在探讨两岸关系的未来时，我们不得不提及的是，这不仅仅是一场国家间的较量，更是文化、历史和人民情感的交织。金门岛的每一次风波，都不只是地缘政治的棋子，它们是真实生活中的点点滴滴，影响着两岸人民的命运。在这场大局中，普通人如何找到自己的位置？我们可以从金门钓客事件中看到，无论是政治的风云变幻，还是国家间的博弈，最终影响的是普通人的生活。这两名钓客的遭遇，让我们看到了在大国政治下，个体的无奈和困境。而对于台岛来说，外交上的挑战接踵而至。在国际关系的大棋盘上，台岛似乎正处于一个多事之秋。从“断交潮”的威胁到外交政策的不确定性，台岛的未来充满了变数。但这也是一个机遇，一个重新审视自身定位和未来走向的机遇。在这个过程中，我们也看到了大陆的坚定和决心。通过海警舰艇编队的行动，大陆在表达一个明确的信息：对于自己的主权和领土，不会有任何妥协。这种态度，虽然在国际社会中引起了不同的声音，但也展现了大陆对于自身发展道路的信心。最终，两岸关系的未来，不仅仅取决于政治家的决策，更取决于两岸人民的智慧和选择。在这个充满挑战的时代，我们每个人都是参与者，都有责任为和平与发展贡献自己的力量。让我们以开放的心态，迎接未来的每一个可能性。在结束这篇文章之前，我想说的是，虽然两岸的海面上时常有风浪，但只要我们有智慧和勇气，就能够找到共同的航道。未来的两岸，应该是一个合作共赢，和平发展的两岸。让我们共同期待，那一天的到来。
66765f9ffb88ab4b048dd5d8,https://mp.weixin.qq.com/s/hEw0aDA2b3qUR2QcVZCmTQ,时隔一个月，大陆渔船再在金门沉没，岛内盛传“解放军登岛搜查”,2024,03,24,2024-03-24,金门海域再次发生大陆渔船沉没事件，此事发生在两岸关系的敏感时期，岛内紧张情绪升高，对海峡安全的担忧加剧。同时，解放军可能“登岛搜查”的传言，无疑为已经脆弱的两岸关系火上浇油，增加了局势的不确定性。【金门翻船再悲剧】           金门海域翻船事件仅隔一个月就惨重上演，造成两名来自大陆的渔民不幸罹难。面对再次发生的悲剧，台湾方面展现出了更为积极的救援行动，动用了4艘海巡船参与救助工作。这次台方的反应明显比前一次金门翻船事件时更迅速，显示出在大陆方面的持续施压以及国际社会关注的背景下，台方可能进行了政治立场的微调，并表现出更积极的救援姿态。【两岸谈判持续】        自2·14金门翻船案后，两岸官方已就此问题进行了长达15轮谈判，然而由于台方展现出的态度偏向消极，谈判并未取得预期的实质性结果。陆委会负责人邱太三近期似乎有所软化，表达了希望能够恢复谈判的愿望。台方在行动和公开声明上依旧表现出对大陆的不友好态度，这包括在救援行动期间加强军事监控，以及在国际层面寻求支持的策略。这一切都直接指向了台方对大陆持续保持的敌对姿态未有实质性的缓和。【台方政治动向】台方在金门翻船事故之后的行为透露出深层的内部矛盾及政治动机。事故发生后，台湾岛内的政治人物投入到政治斗争的漩涡中，显得对渔民的生命安全关注不足。国民党在此期间削减了反对“台独”的声音，这一行为反映出出于政治私利的考量。这种以政治运作为先的态度加剧了两岸关系的紧张，使得两岸的和解与改善变得更加遥远。【大陆反应与国际局势】        针对台方的上述行为，大陆方面表现出了明确的态度，要求台方对遇难者家属表达歉意，并追究相关责任。同时，大陆展示了足够的军事能力来应对可能的威胁，并且这一能力得到了国际社会的认可。在中美关系框架下，美国的立场也表明了它不会因台湾问题而与中国产生直接的军事对抗。这一点暗示了民进党当局对于美国支持的期望是不现实的，因为美国在两岸议题上保持了一定的谨慎和克制。在两岸关系的微妙时刻，金门海域再次发生悲剧，两名大陆渔民不幸遇难，触动了敏感的神经。台方在此次事件中展现出相对积极的救援姿态，似乎释放出某种信号。民进党当局的态度和行为仍然备受争议，两岸谈判重启的可能性似乎充满变数。美国在这一过程中的角色亦被放大观察，而大陆方面则保持了清晰的立场，坚持道歉、追责和赔偿的要求。归根结底，两岸关系的未来走向，需要各方展现更大的诚意和智慧。
66765f9ffb88ab4b048dd5d9,https://mp.weixin.qq.com/s/QoDi1exWuarnRsGcuMXc2A,几个意思？台军宣布在金门海域实弹射击，将对周边海空域进行管制！,2024,03,24,2024-03-24,读本文前，请您先点击上面的蓝色字体，再点击“关注”，这样您就可以每天收到您感兴趣的文章了，完全免费放心关注............................................................................................................................................................................................................ 几个意思？3月18日，台陆军金门防卫指挥部对外发布射击通报，表示台军将会在4月份在金门本岛、烈屿、猛虎屿、后屿等地进行地面武器对海实弹射击，周边海空域在射击训练期间将进行警戒、管制。台军在这个敏感的时刻要进行实弹射击演练，当被问及实弹射击是否与大陆渔船翻覆事件有关时，台军方人士表示，这是一次例行性常态训练射击，没有针对性。                   真的只是一场例行性常态训练射击演习嘛，未必！要知道自大陆渔船翻覆事件发生后，两岸现状已经发生了根本性的变化，尤其是在金门附近海域，大陆不但派出了工程船正在清理刘五店航道，而且大陆海警一系列的执法巡航，可以说是直接收回了金门附近海域的执法权。                                             所以在这个微妙的背景下，台军进行实弹演练，还要对周边的海域和空域进行警戒和管制，很大可能就是做给大陆看的。在大陆海警、海事都多部门的联合机动下，可以说金门已经被围成了铁桶，台海巡如果这时出现在金门附近海域，不但要被大陆海警问及出发港、目的港，和来此海域目的，甚至还要面临被大陆海警登船临检的可能。                                                另外大陆派出的工程船目前也正在清理刘五店航道，不排除大陆会在4月份启动该航道的可能性，所以台军宣布在四月份在金门海域进行实弹射击，并对周边海域和空域进行警戒和管制，也有极大可能就是为了阻止大陆启用刘五店航道。从台军发布的信息来看，演练的时间从4月13日开始，到27日才正式结束。不过令人尴尬的是，台军“副总参谋长”在视察参演舰队期间，对着台军强调的不是如何秀军事力量，而是要求对台军加以管控，发掘潜在的危险因素，要务必在“安全第一”的前提下完成任务。这与台当局对台军的三大要求之一完全一致，都是要求军事演练必须在“安全第一”前提下完成。既要表达态度，但又要避免发生突发事件，台当局上上下下都很纠结啊，这其实正是台当局缺乏自信的一种表现。毕竟两岸目前军事实力悬殊过大，如果台军在军事演练过程中，对大陆这边加以挑衅，那么不排除大陆会动用军事手段来解决问题，所以这才有了他们要求台军务必在“安全第一”的前提下完成任务的说辞。                                          不过对于台军接下来要进行的实弹射击，对大陆来说不见得就是坏事，要知道大陆最不怕的就是台当局的任何挑衅，因为每一次的挑衅换来的结果都是对大陆有利的。此次渔船翻覆事件虽然还没有解决，但是金门附近海域的现状已经发生了根本性的改变，大陆海警在这片海域常态化执法巡航，大陆渔船也可以进入该海域正常进行捕鱼作业，台当局根本就没任何办法阻止。所以在台军进行军事演练期间，我们也可以进行相关的军事演练，且规模要比台军的更大，覆盖的范围更广，将台军的生存空间进一步压缩，不给其喘息的机会。在双方演习期间，如果台军敢挑衅，我们正好可趁势出手，将金门在内的一些外围岛屿全部先收回来，打击一下台当局的嚣张姿态！
66765f9ffb88ab4b048dd5da,https://mp.weixin.qq.com/s/CKkBEWkiPyqGUZzCWDBKTA,又2人遇难，大陆渔船在金门翻船，这次台海巡积极营救，不敢怠慢,2024,03,24,2024-03-24,2019年2月14日，“214恶性撞船”事件再次成为两岸关系的焦点，这起事件发生在台湾海域，一艘中国大陆的渔船与台湾海巡署的巡逻船相撞，导致两名渔民丧生，引发了双方的激烈争议。这一事件直接冲击了两岸关系的稳定，成为近年来两岸关系紧张的一个缩影。近日，一起类似的事件再次发生，一艘大陆渔船在金门东碇岛附近翻覆，六名船员落海，其中两人不幸遇难。这一事件的发生，再度加剧了两岸关系的紧张气氛，也引发了各界对两岸关系未来走向的担忧。据报道，最近一起事故中，一艘名为“闽龙渔61222”的大陆渔船在金门东碇岛附近翻覆，船上六名船员全部落海，其中两人被救出后不幸身亡。这一事件发生在“214恶性撞船”事件发生满月之际，给人们带来了更深层次的联想。事故发生后，当地海上搜救力量迅速展开搜救行动，并得到了大陆方面的积极支持和配合，展现出了双方在人道主义救援方面的合作精神。对于此次事件，一些专家和学者认为，这很可能是一起纯粹的意外事故，与台湾当局的海巡署无关。事故发生后，金门海巡队及时做出了反应，展现了良好的救援能力。而大陆方面也迅速派遣船只前往救援，显示出了在面对突发事件时的高效率和及时响应。然而，这一事件的发生，恰逢“214恶性撞船”事件的满月，导致了两岸关系再度陷入紧张局势，引发了更多的猜测和担忧。回顾民进党当局在“214恶性撞船”事件上的态度，有人指责其缺乏诚意和应对能力。台湾方面的公开道歉虽然有所表示，但被认为缺乏真诚，而且在追责和赔偿方面态度不明确，这也导致了两岸关系的进一步紧张。大陆方面对台湾方面的态度表示不满，要求台方公布事故真相，并对遇难者家属做出交代。这种态度的表达，进一步加剧了双方之间的矛盾与摩擦。外部因素影响在两岸关系中，美国的角色不容忽视。美国对台湾的支持和干预，可能会导致台湾方面在对待两岸关系上软化态度，但同时也可能激发更多的矛盾和冲突。同时，大陆方面也可能会采取一些针对性的措施，以应对金门事务的发展和变化。针对此次事件，需要密切观察大陆方面对“314沉船事件”的反应，并根据其调整对台政策的态度作出相应的应对和反应。同时，台湾方面也需要认真处理此次事件，不能逃避“214恶性撞船”事件的责任，以维护两岸关系的稳定与和平。对于台湾方面而言，不能因为某一事件而逃避“214恶性撞船”事件的责任，而应该积极面对和解决。
66765f9ffb88ab4b048dd5db,https://mp.weixin.qq.com/s/ItQrOdWk2E-14gwozn-R-A,又翻船！大陆渔船再度翻覆于金门外海5人落海，台湾高层心惊胆战,2024,03,24,2024-03-24,在金门外海发生的大陆渔船“闽龙渔61222”翻覆事故，不仅是一场紧急的救援行动，更是一次两岸关系的严峻考验。台湾高层此时面临的是一场与时间赛跑的救援挑战，同时也是一个缓和两岸紧张情绪，修复之前冲突影响的重要机遇。全世界的目光都集中在这场超越了政治分歧，向人道主义倾斜的行动上，期待它能成为两岸关系的一个转折点。【金门海域渔船倾覆】渔船“闽龙渔61222”在金门海域东碇岛西南方向发生倾覆事故，导致全船落入海中。事故发生后，五名船员落水，其中一人已被救起，其余四人仍在失踪中。我方海警直升机、海洋救援船和海巡舰迅速响应并投入搜救工作，台湾方面也加入搜救行动，出动了四艘舰艇提供协助。【台海局势与两岸关系】在214渔船撞击事件之后，我方与台方进行了积极沟通，但未能达成共识，导致台方代表人返回台湾，双方交流遭到中断。针对航行安全的考虑，福建海警局采取了在金门海域常态化执法巡查的措施，有效实现了对该海域的实际控制。由于台方对肇事渔民的包庇行为，我方不得不采取相应措施，使得台海局势变得紧张，台湾当局开始收敛行为，而台独势力则坚持其顽固立场。同时，美国航母在西太平洋的停靠也为台海紧张局势增添了新的变数。【台湾当局的反应】台湾当局在渔船倾覆事件发生后迅速进行了反应，派遣了搜救船只进行救援工作。这种迅速的应对措施与之前对待大陆渔民的态度有明显的不同，特别是与214事件期间的态度形成了鲜明的对比。【国民党副主席夏立言访问大陆】国民党副主席夏立言的访问大陆行为表明了台湾当局对台海局势的严重关切。这次访问可能是台湾当局希望缓和紧张局势、加强两岸之间沟通的信号。【搜救行动持续进行】台湾当局组织的搜救行动仍在持续进行中，考虑到黄金救援时间是24小时，超过这个时间段，失踪人员的生还几率将大幅度降低，因此搜救工作显得尤为紧迫。【追究责任】如果此次渔船倾覆事件与台方有直接关联，我方将追究相应责任。事件的合理处理有可能成为双方修复两岸关系的一个重要契机。【救援下落不明渔民】当前最紧急的任务是救援下落不明的四名渔民。希望大陆与台湾的搜救队伍能够携手合作，尽最大努力尽快将他们救起。台海附近渔船倾覆事件的应急响应与救援行动，彰显了两岸在人道主义灾难面前的相互支持与合作。这次事件不仅可能为两岸关系的缓和提供契机，而且凸显了在紧急情况下寻找共识的重要性。尽管台海地区的政治氛围仍然充满挑战，但此次合作提醒我们维护区域安全与和平的共同责任。期待未来两岸在此基础上强化沟通，共同面对挑战，造福两岸人民。
66765f9ffb88ab4b048dd5dc,https://mp.weixin.qq.com/s/6zCGG9az2SvPhKhyJvnbNQ,台军叛逃还是任务失误？大陆海警救下1名台军，金门落海事件背后的真相是什么？,2024,03,24,2024-03-24,近期，金门岛附近海域的事件令人关注，一则消息称，3月18日，中国大陆海警在执行救援任务时，发现落水者中有一名台湾军人。这一发现即刻改变了原定的人员交接安排，并激发了一系列的猜测和分析。回顾近期，金门海域频发海上意外。2月14日一艘大陆渔船的倾覆事件至今未有定论，随后，3月14日又有渔船沉没。3月17日晚，一艘名为“三无”的金门船只在大雾中失去了动力，大陆海警在接到求救信号后，迅速出动，并于18日凌晨救起了两名船员。原本计划于19日将其送回金门，然而，救援行动中发现其中一名为台军人员，这一信息立即引发了广泛关注。这起事件有几种可能的解读。首先，可能这一消息只是一个误会，实际上被救起的人员并非军人，而是普通民众。但由于某些未知的原因，导致他们暂时未能返回金门。尽管这种解释存在，但在目前的情境下似乎较为牵强。第二种可能性是，确有一名台湾军人在休假时遇险，因船只失控及导航失误而漂流至大陆水域。考虑到当前紧张的两岸关系及即将在金门进行的实弹演习，大陆方面发现军人身份后采取了谨慎的确认措施。历史上，台湾军人曾因类似事件被大陆救助并最终返回。第三个可能是台湾军人试图投诚。台湾军方严格禁止军人私自出海，一旦违反，视为重罪。目前情况表明，该名军人在救援后主动揭露了自己的身份，并且没有表现出返回的意愿，这可能意味着他有投诚的动机。最后，这位军人可能是执行特定任务的。他们的海上行动并非休闲活动，而是秘密任务，例如搜集情报等。但由于意外失控，他们漂流至大陆水域。台湾军方可能担心过多的搜索行动会引起大陆方面的怀疑，因此未能及时救援。这次事件的真相仍待进一步揭露。但毫无疑问，随着大陆海警和军事力量在金门周边海域的增强，台湾军方面临的压力日增，金门成为两岸紧张关系的前沿阵地。这起事件不仅反映了两岸关系的复杂性，还可能是台军投诚行为的一个信号。
66765f9ffb88ab4b048dd5dd,https://mp.weixin.qq.com/s/SR3sADa4EogkSMbP9agDzQ,台军宣布金门海域实弹射击，赖清德或真撑不到上台了……,2024,03,24,2024-03-24,台陆军金门防卫指挥部发布射击通报：4月将在金门本岛、烈屿、猛虎屿、后屿等地进行地面武器对海实弹射击，周边海空域在射击训练期间将进行警戒、管制。台陆军金门防卫指挥部发布射击通报：4月将在金门本岛、烈屿、猛虎屿、后屿等地进行地面武器对海实弹射击，周边海空域在射击训练期间将进行警戒、管制。实弹射击是否与日前金厦海域事件有关，台军方人士指出，此为例行性常态训练射击，没有针对性。真的只是一场例行性常态训练射击演习嘛，未必！要知道自大陆渔船翻覆事件发生后，两岸现状已经发生了根本性的变化，尤其是在金门附近海域，大陆不但派出了工程船正在清理刘五店航道，而且大陆海警一系列的执法巡航，可以说是直接收回了金门附近海域的执法权。两岸现状已经发生了根本性的变化，尤其是在金门附近海域，大陆不但派出了工程船正在清理刘五店航道，而且大陆海警一系列的执法巡航，可以说是直接收回了金门附近海域的执法权。...................所以在这个微妙的背景下，台军进行实弹演练，还要对周边的海域和空域进行警戒和管制，很大可能就是做给大陆看，就是要公开和大陆叫板。台军进行实弹演练，还要对周边的海域和空域进行警戒和管制，很大可能就是做给大陆看，就是要公开和大陆叫板。不过对于台军接下来要进行的实弹射击，对大陆来说不见得就是坏事，要知道大陆最不怕的就是台当局的任何挑衅，因为每一次的挑衅换来的结果都是对大陆有利的。要知道大陆最不怕的就是台当局的任何挑衅，因为每一次的挑衅换来的结果都是对大陆有利的。所以在台军进行军事演练期间，我们也可以进行相关的军事演练，且规模要比台军的更大，覆盖的范围更广，大胆、小胆以及青屿等不是已在新浚航道靠近大陆一侧么？围他几天，岛上的台军不会饿坏，也会吓坏。在双方演习期间，如果台军敢挑衅，我们正好可趁势出手，打击一下台当局的嚣张姿态。现在距离赖清德520正式上台还有2个月时间，但显然，在内部混乱及外部美国影响快速加持的背景下，岛内已经处于一个乱象之中。按照郭正亮的说法就是，不等赖清德上台，两岸即有“大事”发生。现在看，这个可能性越来越高了。按照郭正亮的说法就是，不等赖清德上台，两岸即有“大事”发生。现在看，这个可能性越来越高了。小编每日编辑不易，若您还满意，可点左下角“分享”支持小编，或点右下角“在看”，感激不尽小编每日编辑不易，若您还满意，可点左下角“分享”支持小编，或点右下角“在看”，感激不尽小编每日编辑不易，若您还满意，可点左下角“分享”支持小编，或点右下角“在看”，感激不尽小编每日编辑不易，若您还满意，可点左下角“分享”支持小编，或点右下角“在看”，感激不尽小编每日编辑不易，若您还满意，可点左下角“分享”支持小编，或点右下角“在看”，感激不尽小编每日编辑不易，若您还满意，可点左下角“分享”支持小编，或点右下角“在看”，感激不尽小编每日编辑不易，若您还满意，可点左下角“分享”支持小编，或点右下角“在看”，感激不尽小编每日编辑不易，若您还满意，可点左下角“分享”支持小编，或点右下角“在看”，感激不尽小编每日编辑不易，若您还满意，可点左下角“分享”支持小编，或点右下角“在看”，感激不尽小编每日编辑不易，若您还满意，可点左下角“分享”支持小编，或点右下角“在看”，感激不尽
66765f9ffb88ab4b048dd5de,https://mp.weixin.qq.com/s/lMaMRne-70v86zG906ni-Q,时隔一个月，大陆渔船再在金门沉没，岛内盛传“解放军登岛搜查”,2024,03,24,2024-03-24,金门翻船事件的再次发生，不幸导致两名大陆渔民遇难，这一悲剧引起了广泛的关注和讨论。对于台湾方面而言，这一事件被视为一次重大挑战，也成为台海局势再度紧张的导火索。面对这一情况，台湾当局采取了积极的应对态度，迅速派出了4艘“海巡船”进行救援行动。然而，这一事件也再次突显了台海之间的紧张关系和潜在的冲突风险。民进党当局此前在两岸关系谈判中的消极态度已经引起了广泛关注。经过15轮谈判，双方未能取得实质性的进展，导致两岸关系进入了一种僵局状态。然而，近期，一些积极的信号开始出现，台湾“海委会”主任管碧玲公开向大陆道歉，而陆委会负责人邱太三也呼吁大陆恢复谈判，这为缓解两岸紧张局势带来了一丝希望。在台湾内部，对于台“海巡署”派出船只参与救援的行动，出现了一些质疑声音。一些人对台湾“海巡队”的真诚性产生了怀疑，因为该队在金门翻船案中扮演了不光彩的角色。这也反映出了台湾社会对于台海关系复杂性的认识和反思。台湾当局对大陆持续的敌视态度仍然存在，并试图通过加强对大陆的监控力度来维持与大陆的对抗。此外，台湾也在寻求国际支持，特别是希望得到美国的支持。前台湾地区领导人赖清德派遣副手萧美琴赴美与美国官员接触，这一举动显示出台湾当局对于与美国保持紧密关系的渴望。然而，大陆方面对此做出了明确的回应和要求。大陆要求民进党当局道歉、追究责任、公布事件真相并赔偿。尽管民进党当局并未对此作出明确表态，但这一要求使得两岸关系进一步陷入僵局。对于台湾当局而言，其对美国支持的期待一直存在。然而，大陆也意识到美国在中美关系中的立场，因此并不会过度依赖美国。在当前的国际格局下，台湾需要审慎思考自己的立场和策略，以维护自身利益并实现两岸关系的和平发展。在中美军事对峙和态势方面，解放军逼退了外国军机，这显示了中国强大的军事实力。美国军事专家认为，美军在军机和航母方面并没有明显的优势，这意味着中国在某些方面已经赶超了美国。对于大陆来说，他们对民进党当局寄望美国支持的态度表示不认同。大陆强调民进党应该意识到自身的局限性，并寻求两岸关系的和平发展。在当前的形势下，维护两岸关系的和平稳定符合广大人民的利益，也是国际社会的普遍期待。综上所述，金门翻船事件再次凸显了台海之间的紧张关系和潜在的冲突风险。
66765f9ffb88ab4b048dd5df,https://mp.weixin.qq.com/s/MtPZxA9JwFYF6iPlq-_k5g,时隔一月，大陆渔船又翻覆，金门县长下达救援指示，台军罕见出动,2024,03,24,2024-03-24,最近发生的一起撞船事件至今已过去整整一个月，然而双方的协商仍未取得任何进展。这一事件成为大陆与台湾之间的争议焦点，引发了广泛的关注和讨论。起初，台湾方面对事件的态度一直比较消极，未能及时作出回应，这引起了大陆方面的失望和不满。然而，就在大陆方面对台湾当局的态度失去耐心之际，台海洋事务负责人管碧玲终于做出了公开道歉。这一举动虽然被认为是迟来的，却表明了台方开始意识到问题的严重性。大陆国台办发言人陈斌华表示，大陆将根据民进党当局的态度来决定后续采取何种措施。这一表态表明，大陆已对长时间的谈判失望透顶，不再抱有期待，而台方将必须承担由此产生的一切后果。据报道，事件发生在金门东碇岛西南11海里处的大陆渔船“闽龙渔61222”翻覆。金门海巡队立即派出了4艘船进行救援，大陆方面也出动了6架直升机和海救船。与此同时，台海巡部门迅速通知商渔船前往协助搜救。救援工作正在紧张进行中，而台方的积极参与显示出他们已经认识到了问题的严重性。尤其值得注意的是，事件发生在所谓的“禁限制水域”，但台方并没有再次强调此事，而是全力支持大陆的救援工作。这种态度的转变表明台方希望通过认错来缓和两岸的紧张关系。最终，只有民进党当局端正态度，展现解决问题的诚意，才有可能达成一个双方都满意的结果。这一事件的处理将不仅影响两岸关系的发展，也将关系到海域安全和航行自由的问题。总的来说，这起撞船事件虽然表面上已经取得了某种进展，但问题的实质性解决尚需双方进一步努力。只有通过平等对话和协商，才能找到符合双方利益的解决方案。你觉得，大陆和台湾之间的这场撞船事件应该如何处理？欢迎留下你的看法和评论。
66765f9ffb88ab4b048dd5e0,https://mp.weixin.qq.com/s/8DL8VLnx0NidiaBzNBOlZQ,第16次谈判不开了，美军永驻金门，台军留三个后招，大陆要动手-,2024,03,24,2024-03-24,如果谈成了，两岸螺旋升级的紧张对立势头，可以稍微缓一缓，如果谈不成，加上赖清德就职日期临近，大陆“两会”后的反制手段不言而喻，甚至可能发生武力收台。按照最新消息，本应该于3月3日举行的两岸代表第16次协商不开了。具体来说，3月3日上午，两岸双方召开第15次闭门会议，历经75分钟的研商讨论后仍未有结论，大陆代表离场低调不回应，之后台陆委会、海基会代表陆续离场。然后，外界原本预计金门撞船事件两岸协商16次会议突发不开了，现在台“海巡署”与陆委会、海基会官员已陆续赶回台岛本岛，大陆代表还在金门。对于为什么16次协商会议不开了？缘由不难猜，台“海委会”主委管碧玲突然改口，拒绝承认撞击大陆渔船，国民党群起响应，台岛内部产生很大分歧，台立院备询明天开始，自然不开了。往深处讲，就是台方不仅拒绝道歉，追责，赔偿，就连最基本的碰撞都不承认了，自然没得谈。两岸代表闭门协商陷入僵局，金门紧张形势瞬间起来了。这个时候，美国也参与进来，想要遏制大陆势头。据悉，渔船事件发酵之际，美国公布涉台战略报告，为防止中国大陆单方面改变台岛政治经济状况，强调有选择对台军事支持，强化台岛基本防务，加大中国大陆收台成本，维持台海现状。基于这样一份涉台报告，美军开始永驻金门。具体来说，美国“绿色贝雷帽”特种作战部队将永久驻守在金门和澎湖，当然这是指台当局情况下，一旦两岸统一，就没美国特种部队什么事了。当前，美“绿色贝雷帽”特种作战主要负责培训台军特种部队，使用“黑蜂”微型无人机，进行反渗透，刺探大陆军事情报。这标志着台美军事关系进一步深化。与此同时，台军也留了三个后招，分别是第一，派遣3000吨级的“宜兰”海巡舰在台湾海峡中部游弋，预设“驰援金门”态势；第二，台军将将成立“滨海作战指挥部”，主要负责台岛沿线海岸作战任务，包括编列雄风系列反舰飞弹部队、岸置鱼叉飞弹部队，想要和解放军决战滨海。第三，台军将于3月底起于屏东实施天马、雷霆、神弓系列操演，实弹射击“地狱火”导弹、雷霆-2000火箭、“毒刺”导弹、“拖式”导弹等。显然，台军这三个后招，凸显出一个目的，那就是打造令解放军“惧怕的刺猬岛”。对于美台如此动作，美军上将亲自打脸。据悉，日前美国四星上将、前参谋长联席会议主席马克米利在接受采访的时候，谈到台湾问题表示，解放军已经成为全世界强大军事力量，中国迟早会解决台湾问题，美国无法阻拦，这只是时间问题。马克米利曾做过美军最高将领，自然明白中国军事的厉害，所以并非吹嘘解放军，而是客观看待中国崛起。事实正是如此，目前大陆在金门周边海域已经开始紧密部署，等到“两会”过后，一旦渔船事件还没有解决，一定会有强大反制！
66765f9ffb88ab4b048dd5e1,https://mp.weixin.qq.com/s/melslqvCbNw8AdKsp6cjTQ,道歉不到24小时，大陆渔民金门再遇难，台军一把手一语激起千层浪,2024,03,24,2024-03-24,大家好，今天，我要和大家分享一个近期发生在台海的事件，它涉及到两岸的渔民、海域、政治和军事，也引发了两岸的不同反应和观点。这个事件就是大陆渔民在金门海域的遇难事件。这件事情到底是怎么回事？台湾地区的态度是什么？台军一把手又说了什么让人震惊的话？这些都是我们今天要探讨的问题，希望通过这篇文章，大家能够了解到两岸的真实情况，以及民进党当局的荒谬逻辑。首先，我们来看看这件事情的经过。根据台媒的报道，3月14日，有2位大陆渔民在金门周边海域遇难，原因是他们所乘的渔船在海浪的冲击下翻覆了。台湾地区的海巡部门在接到报告后，立刻出动了4艘船只前往救援，最终救起了4人，但还是有2人不幸丧生。这件事情让人感到非常惋惜，也让人想起了一个月前发生的“2·14恶性撞船事件”。那次，台湾地区的海巡部门船只无理追逐大陆渔船，导致两船相撞，大陆渔船倾覆，2名渔民遇难。这件事情引发了两岸的强烈抗议，大陆方面多次要求台湾地区给出一个合理的解释和赔偿方案，但民进党当局一直拖延不决，直到13日，才由台海洋事务部门负责人管碧玲发表了道歉声明。然而，就在道歉不到24小时的时候，大陆渔民又在金门海域遇难，这让人不禁怀疑，台湾地区的道歉是否真诚？台湾地区的海域管理是否有问题？台湾地区的两岸政策是否有利于两岸的和平与合作？这些问题，我想大家都有自己的看法，但是我想说的是，这件事情也反映了两岸的一种亲情和同胞情。为什么这么说呢？因为无论是这次还是上次，当大陆渔民遇到危险的时候，台湾地区的海巡部门都没有坐视不理，而是立刻出动了救援，这说明，台湾地区的基层人员还是有人性的，还是把救人作为第一要务的。这也说明，两岸的血缘关系是无法割裂的，两岸的民众还是有互助互爱的情感的。这是一种很自然的反应，也是一种很正常的反应，因为两岸同属一个民族，同根同源，同胞同心。这种反应，其实在过去也不是没有发生过。大陆方面也曾多次对遇险的台湾渔民进行救助，比如2016年，大陆海警救起了台湾渔船“台东渔00888”号的6名船员，还帮助他们修理了船只，让他们安全返回台湾。这些事情，都是两岸的真实写照，都是两岸的民心所向，都是两岸的和平之愿。但是，这种和平之愿，却被民进党当局的政治操作所破坏，民进党当局为了推动“台独”分裂活动，不惜从各个方面切断和阻碍两岸的交流和合作，甚至不惜挑衅和挑战大陆的底线，妄图以武谋独。这种行为，不仅违背了两岸的民意，也违背了历史的潮流，也违背了国际的法则，也违背了人类的良知。这种行为，只会让台湾地区陷入更大的危机，只会让两岸的关系更加紧张，只会让台湾地区的前途更加渺茫。所以，仅从本次事件，民进党当局也该醒悟了。但是他们有吗？很遗憾，日前台军一把手的一番言论，尽显了民进党当局的执迷不悟、错上加错！据相关媒体人14日透露，台防务部门负责人邱国正当天扬言，“即便大陆武力收台，只要五星红旗没有插到台防务部门，仗都算白打。”甚至还叫嚣称，“大陆要打多久自己都奉陪。”报道称，邱国正是在被问及台军面对解放军能撑多久时候做出上述发言的，同时邱国正也表示，自己没有指望过美军会参战。可以想见，这样的言论势必遭致一片骂声。原因很简单，邱国正此番言论和不久前的所谓“第一击”如出一辙，纯粹只是为了“打嘴炮”而已。他根本不考虑台湾地区的安全和利益，也不考虑两岸的和平和稳定，也不考虑国际的法治和秩序，只考虑自己的政治私利和“台独”野心。他的言论，不仅暴露了他的无知和狂妄，也暴露了他的无能和无畏，也暴露了他的无耻和无情。邱国正的言论，完全无视了台湾地区的民意和利益，完全无视了两岸的和平和稳定，完全无视了国际的法治和秩序，完全无视了人类的良知和道德。他的言论，是对台湾地区的人民的背叛，是对两岸的同胞的挑衅，是对大陆的威胁，是对世界的挑战。他的言论，是一种极端的“台独”疯狂，是一种极端的自我毁灭，是一种极端的不负责任，是一种极端的不可理喻。对于台当局种种“以武谋独”的行径，国台办发言人朱凤莲此前曾明确表示，“任何‘以武谋独’的行径，都动摇不了我们解决台湾问题、实现祖国完全统一的坚定意志，都抵挡不了我们维护国家主权和领土完整的强大实力。”
66765f9ffb88ab4b048dd5e2,https://mp.weixin.qq.com/s/4tlhRyooeVjA5k0wBup7FQ,金门已成铁桶，大陆海警退下炮衣，直升机停留2小时，要动真格？,2024,03,24,2024-03-24,金门，位于台湾海峡西部，因其地理位置的特殊性而拥有极其重要的战略价值，成为两岸关注的焦点之一。然而，最近一系列事件使得金门海域的局势日益紧张，牵动着两岸关系的发展和地区安全的稳定。在金门渔船倾覆事件发生之前，大陆对所谓的“禁限区域”虽不予认可，但态度相对温和，试图以人性化的方式处理。然而，台湾当局却未能妥善对待，将大陆的善意误解为软弱和顾忌。而如今，解放军通过实际行动向台湾当局发出了明确的信号：不论天高地厚，任何挑衅行为都将面临坚决回击。据台湾媒体报道，近日大陆海警频繁在金门海域活动。福建海警首先越界进入金门海域，“禁区”成为其行动目标，随后更有多艘大陆海警船相继涌入。面对此情，台湾“海巡署”紧急出动舰船进行跟踪和驱离。然而，真相却被台海巡署的自夸所掩盖，大陆海警并非因台方压力而选择撤离金门水域。    锐利的网友早已发现，大陆海警一直在按部就班地执行任务，台海巡署所谓的“驱离”实际上只是在远处观望。据知情人士透露，台海巡署的所谓“驱离”实际上只是躲在1公里外观望，甚至有机会靠近也不敢行动。大陆海警则无动于衷，直接卸下炮衣，台海巡署无奈掉头离去。除了海上冲突外，解放军的军事演练也对台湾施加了压力。解放军多次派出军舰军机展开围岛绕台训练，甚至有直升机在东部海域停留2个小时。面对此举，台湾防务部门发布公告试图淡化事件的严重性，避免引起民众恐慌。然而，解放军此次派出了诸多大型军舰，如055驱逐舰和052D驱逐舰等，使得台湾不得不提高警惕。这一系列事件的发生再次凸显了台海局势的紧张和复杂性。大陆不断派出海警船进入金门海域，以维护自身主权，而解放军的军事演练则加剧了台海的紧张气氛。台湾面临着来自两岸的压力和挑战，必须采取有效措施维护地区的和平与稳定。双方应通过对话和协商，妥善解决分歧，共同推动两岸关系走向和平发展的道路。    然而，这一切都显得十分不容乐观。金门海域的紧张局势不断升级，两岸之间的关系陷入僵局，地区安全形势岌岌可危。在这种情况下，各方必须保持冷静和理性，避免采取任何可能引发冲突的行动。只有通过相互尊重、平等协商的方式，才能够找到解决问题的有效途径，实现两岸关系的和平稳定。    
66765f9ffb88ab4b048dd5e3,https://mp.weixin.qq.com/s/F9cdzdGkxQKsBpf97jsTEQ,金门渔船事件揭秘：台方冷漠推诿，两岸关系再添波澜！台湾须在3天内做出决策,2024,03,24,2024-03-24,近期金门渔船事件成为了两岸关系的焦点，犹如一块投入平静湖面的石子，激起了层层涟漪。这起事件不仅牵动着遇难渔民家属的心，更是对台当局处理两岸事务的一次重大考验。然而台方的表现却让人大跌眼镜，冷漠与推诿成为了他们应对此次事件的“标准动作”。在这场风波中，台“海委会主委”管碧玲的言行无疑成为了众矢之的。作为台方的主要代表，她本应以大局为重，积极处理事件，安抚遇难者家属的情绪。然而，她却多次在公开场合发表不当言论，试图将责任转嫁给大陆方面，对遇难渔民家属的诉求更是置若罔闻。她的这种态度不仅让人心寒，更让人对台当局的诚意和责任感产生了严重质疑。与此同时大陆方面的诉求显得合情合理且充满诚意。他们要求台方正视事实、承认错误、向遇难渔民家属道歉并给予应有的赔偿。这些诉求不仅体现了对遇难者的尊重和对两岸关系的珍视，更是对台方的一种期待和警告。然而台方却以种种借口推脱责任，拒绝承认自身在事件中的过失。这种鲜明的对比让台当局的不负责任态度显得尤为刺眼。事实上台当局在处理此次事件时表现出的冷漠和推诿并非偶然。近年来，随着两岸关系的日益紧张，台当局在处理两岸事务时越来越显得力不从心。他们不仅未能及时采取有效措施防止类似悲剧的发生，反而在事后百般狡辩，试图逃避责任。这种行为不仅损害了台当局的声誉和公信力，也严重破坏了两岸关系的稳定和发展。要知道两岸关系是建立在相互尊重、平等协商的基础之上的。任何一方都不能逃避责任、破坏稳定。台当局应该明白，逃避不是解决问题的办法，只会让问题更加复杂和棘手。只有勇敢面对、承担责任、道歉赔偿，才能赢得遇难渔民家属的谅解和信任，也才能为两岸关系的和平稳定创造有利条件。当然金门渔船事件只是两岸关系中的一个小插曲。但它却暴露出了台当局在处理两岸事务时的态度和方式上的大问题。台当局必须从中吸取教训、反思自身、改正错误。只有这样，才能真正维护两岸关系的和平稳定、促进两岸人民的交流合作、实现中华民族的伟大复兴。我们不难发现金门渔船事件背后所反映出的深层次问题：台当局在处理两岸关系时缺乏诚意和责任感；两岸之间的沟通和协商机制存在严重缺陷；台当局对两岸关系的和平稳定缺乏足够的重视和投入。这些问题不仅影响着两岸关系的现在和未来，更关乎着中华民族的整体利益和长远发展。因此，我们必须高度重视并采取有效措施加以解决。我想提出一个问题供读者们思考：面对金门渔船事件所暴露出的问题和挑战，我们应该如何采取有效措施加以解决？是继续坚持和平、稳定、发展的方针推动两岸关系向前发展？还是采取更加激进、对抗性的方式加剧两岸紧张局势？相信每个读者都有自己的答案和看法。但无论如何，我们都应该牢记一点：只有加强沟通和合作、增进理解和信任、推动两岸关系和平发展才是实现中华民族伟大复兴的必由之路！请【点赞】+【在看】+【星标】获得更多好文推荐，知识在路上，感恩您阅读
66765f9ffb88ab4b048dd5e4,https://mp.weixin.qq.com/s/1GamcpsUR4MpauQqvLcXUQ,隔28天大陆渔船再翻覆，台退将：渔船翻覆揭秘两岸军事新角力！,2024,03,24,2024-03-24,在金门海域，海浪的咆哮声中隐藏着台海局势的风云变幻。近日，一起大陆渔船翻覆事件，如同一块投入平静湖面的石子，激起了层层涟漪。这不仅仅是一次普通的海上事故，更是两岸军事策略的新一轮角力的体现。在这起渔船事故背后，管碧玲的道歉成为了众矢之的。她作为台“海委会主委”，对大陆罹难者家属表达了遗憾，但遗憾的焦点却放在了执法过程中缺乏录像的争议上。这种避重就轻、顾左右而言他的态度，如同在风浪中摇摆的小船无法平息大陆方面的强烈不满和公众的质疑声浪。这起渔船事故只是冰山一角。大陆方面对台湾海巡单位的粗暴执法行为表达了严重关切，他们坚决要求台方公布事故真相、承认错误、追究责任，并对受害者给予公正赔偿。这些要求如同明亮的灯塔指引着公正和真相的方向。台方的回应却如同雾中的航船，让人难以看清其真实意图。在经过多轮艰苦的谈判后，台海巡署的强硬立场使得两岸在解决这一事故上未能取得任何突破性进展。谈判陷入了僵局，就像一艘搁浅在浅滩上的巨轮无法挣脱束缚。国台办发言人陈斌华对台当局的批评如同一记重锤，直击要害。他指责台当局在处理此事时展现出“无情、无义、无理”的态度，成为了阻碍两岸协商的绊脚石。陈斌华的言辞犀利而深刻，如同锋利的剑刃，切割开台当局虚伪的面纱。在金门海域的渔船翻覆事故中，我们也看到了人性的光辉。事故发生后，大陆方面与台海巡署共同参与了救援行动，展现了海上搜救合作的精神。两岸同胞在紧要关头携手并肩，共同面对灾难，这种相互扶持、共克时艰的精神是台海局势中最为宝贵的财富。它证明了即便在政治分歧严重的背景下，两岸人民仍然能够在某些领域团结合作，共同应对挑战。金门防卫指挥部对于拒绝大陆方面登陆搜索的传闻予以澄清，他们强调并未阻挠搜救行动，而是以人道主义精神为指导，全力配合救援工作。这种积极的态度为缓解两岸紧张氛围带来了一丝暖意。然而，救援工作的重心仍然是寻找失踪船员和调查事故原因，以避免类似的悲剧再次发生。这需要双方保持冷静克制，以事实为依据，共同推动救援和调查工作的进展。大陆海警在金门海域的常态化执法行动也成为了台海局势中的一大焦点。这一举措引发了台海巡署的紧张反应，他们加强了巡逻和监视，试图维护所谓的海域秩序和主权。这种对峙和紧张的氛围并不利于两岸关系的和平发展。它只会加剧双方的误解和猜疑，进一步破坏台海的稳定局势。有军事专家分析认为，大陆可能采取的策略是在军事方面施压的同时影响民间生活。这种策略可能对台当局造成潜在的政治和经济压力，从而影响两岸关系的稳定性。这种策略是否真的有效？它能否为台海局势带来真正的和平与稳定？这些问题仍然悬而未决，需要双方进行深入的思考和探讨。金门海域的渔船翻覆事故不仅是一次普通的海上事故，更是两岸军事策略的新一轮角力的体现。在这起事故背后隐藏着台海局势的复杂性和敏感性。我们需要以客观、理性的态度看待这起事故及其背后的深层次问题。只有通过加强沟通、增进互信、推动合作，才能为台海局势的和平发展找到正确的道路。而这条道路的实现，需要两岸同胞的共同努力和智慧。请【点赞】+【在看】+【星标】获得更多好文推荐，知识在路上，感恩您阅读
66765f9ffb88ab4b048dd5e5,https://mp.weixin.qq.com/s/1radsxO1UxgXnis15j7wZQ,不怕硬碰硬？台军突然划下禁航区，金门局势有变，或将擦枪走火,2024,03,24,2024-03-24,这是要顽抗到底吗？台军突然划下禁航区，在金门本岛等地举行实弹射击。金门局势迎来突变，两岸擦枪走火的风险加剧！当下，大陆挖泥船正在刘五店航道清淤，与此同时，大陆海警船也于近日直抵金门3海里处执法巡查。可没想到，我们针对民进党的施压动作还没停，台军就仿佛吃了熊心豹子胆，摆出一副不怕硬碰硬的架势，跳出来和大陆叫板了。 据东南卫视援引台媒消息，4月2号开始，台陆军金门防卫指挥部将依次在后屿、猛虎屿，以及狮屿、复兴屿4个地方，使用地面武器对海进行实弹射击，最大弹道高度为1千米。除了以上4个地方，台陆军还将在金门本岛启动对海实弹射击。4月8号在金门本岛的射击训练将正式拉开帷幕，分4次举行。台军方还特别说明，这是例行常态训练，没有针对性，同时金门本岛对海实弹射击，也是每一季度例行的操演。即便台军方特意给出了解释，但明眼人早就看得一清二楚，台军在当下的敏感时刻启动对海实弹射击，而且训练地还包括金门本岛，其用意绝非是为了提高作战能力如此简单。以往台军每年都会打响实弹射击训练，却基本上是集中在8、9月份。但台军方人士如今却提前发出预告，称接下来的实弹射击演练不会只局限于同一时间段，而是会多频次，21炮指部将率先打破“惯例”，4月展开射击演训。台防务部门也表示，接下来射击训练的频率将增加。由此可见，随着大陆的涉台措辞有变，不再强调“和平统一”，以及我海警在厦金水域建立起另一种“新常态”后，台当局和民进党政客感觉到大陆动武的可能性在不断增加，台海正濒临冲突边缘。故而这次金门防卫指挥部组织实弹射击，也是为了模拟战时如何能迅速将附近海域封锁，以便应对日后的突发情况。再换个角度分析，台军利用射击演练，在金门周边海域划下禁航区，也是想恐吓大陆，逼大陆海警船远离金门附近水域，同时也是在配合民进党当局展示绝不屈服的强硬态度。“214渔船遭恶意撞击事件”已过去了一个多月，面对国台办的再三呼吁，民进党当局是屡教不改，甚至准备胁迫反击了。岛内分裂势力过于猖狂，不知悔改，大陆自然不会保持沉默，必要时定会亮出反制行动。这么一看，随着台军正式举行对海射击训练，两岸擦枪走火的风险也会随之加剧，金门局势或迎来突变！总而言之，台军即将启动对海射击，我们应该采取什么样的行动反击，这对我们而言固然是个难题，但同时也要知道，危机中包括“危”和“机”，通过观察台军在金门等地的实弹射击，解放军也能更了解台军的作战实力，从而制定更完美的对策，为之后可能打响的收台之战做好充足准备。欢迎下方左侧一键分享至朋友圈，同时点击右侧【点赞】与【在看】，获得更多好文推荐！
66765f9ffb88ab4b048dd5e6,https://mp.weixin.qq.com/s/1-Mog3z48J-4Wrrn84HLag,几个意思？台军宣布在金门海域实弹射击，将对周边海空域进行管制,2024,03,24,2024-03-24,在风起云涌的台海局势中，一则消息如投石入水，激起层层涟漪：台湾陆军金门防卫指挥部赫然宣布，将在金门及其周边海域展开一场规模空前的实弹射击训练。这一动作不仅引发了海峡两岸的广泛关注，更在国际舆论场上掀起波澜。究竟，这是台军的一次常规操演，还是暗藏玄机的政治秀？让我们把目光投向事件的背景。不久前，大陆渔船在金门附近海域遭遇翻覆事故，此事不仅牵动了无数人的心，更成为两岸关系的一个新焦点。大陆方面迅速反应，派出工程船清理航道，海警力量也紧随其后，加强了对该海域的执法巡航。这一系列动作实际上已经宣告了大陆对该海域的执法权。在这样的背景下，台军突然宣布进行实弹射击训练，无疑是在向外界传递一个明确的信号：他们并未放弃对这片海域的控制权。然而，台军的这次演练并非单纯的军事行动。从宣布的时间点和地点选择来看，台军显然是在试图通过这次演练来展示其军事力量和对金门海域的控制能力。但是，这种展示背后却隐藏着深深的无奈和纠结。一方面，台军希望借此机会向大陆展示其军事实力，以维护其在两岸关系中的地位；另一方面，他们又不得不面对两岸军事实力悬殊的现实，以及由此带来的巨大风险。   这种纠结在台军高层中表现得尤为明显。据台湾媒体报道，台军“副总参谋长”在视察参演舰队时，并未像往常一样强调军事力量的展示，反而着重强调了安全管控和潜在危险因素的发掘。这一转变不仅反映了台军对演练安全的重视，更折射出他们在面对大陆时的复杂心态。他们既想通过军事演练来展示力量，又担心引发不可控的冲突和后果。这种心态上的矛盾和挣扎，正是台当局缺乏自信的表现。对于大陆来说，台军的这次实弹射击训练虽然具有一定的挑衅性，但并未改变两岸关系的大局。事实上，大陆方面已经通过实际行动展示了其在金门海域的执法能力和决心。无论是工程船的清理航道还是海警的执法巡航，都表明大陆已经牢牢掌握了这片海域的主动权。因此，对于台军的这次演练，大陆方面并未表现出过度的反应，而是保持了冷静和克制。当然，这并不意味着大陆方面对台军的挑衅视而不见。相反，大陆方面一直在密切关注着台军的动向，并做好了应对各种可能的准备。如果台军敢于在演练中采取过激行动或挑衅行为，那么大陆方面必将给予坚决的反击和制裁。这种反击和制裁不仅将针对台军本身，更将对其背后的政治势力和分裂势力形成强大的震慑和打击。总的来说，台军的这次实弹射击训练虽然引发了一定的关注和讨论，但并未改变两岸关系的大局和趋势。无论台军如何折腾和挑衅，都无法阻挡国家统一和民族复兴的历史车轮滚滚向前。我们坚信，在全体中华儿女的共同努力下，两岸关系必将迎来更加美好的明天！   免责声明：本号对所有原创、转载文章陈述与观点均保持中立，内容仅供读者学习和交流。文章、图片等版权归原作者享有，如有侵权，请留言联系更正或删除。
66765f9ffb88ab4b048dd5e7,https://mp.weixin.qq.com/s/GiFQeFHJPXhwkjIC61ZXEw,原因曝光！大陆救起的金门钓客，身份不简单，台当局急着要人，原因找到了,2024,03,24,2024-03-24,亲爱的读者朋友们，今天我想与您分享一则动人心弦的事件。这不仅是一个关于救援和希望的事情，同时也是一个关于忠诚与身份危机的深刻反思。这个事发生在离我们并不遥远的金门岛附近的海域。当时，金门渔船翻覆事件仍然处于模棱两可的风波中，台湾当局的不作为成为了公众讨论的焦点。但是，随着两位幸运的金门钓客被大陆的船只所救，一切仿佛看到了转机的曙光。大陆的同胞展现出了大量的人性光辉，我们期待着局势的好转。但是台当局的一系列神秘举动，却让整个事件变得扑朔迷离。首先，令人费解的是台当局对此次金门渔船翻覆事件的态度。尽管两名金门钓客已被大陆救起，台当局却没有对此表达过应有的感谢，反而在不断地推脱责任，让问题至今没有一个定论。甚至到了后期，局面开始出现反转。台当局立即向大陆寻求帮助，紧迫要求将两名钓客归还，然而，大陆只放回了一人。原来剩下的那个人，却隐藏着一个非常特殊的身份。让我们稍微细说一些背景。根据证实，这两位钓客在福建海上搜救中心的全力以赴下被安全救起。虽然最初的愿望只是希望他们平安无事，但台方的行为却透露出了更加急迫的信号。你看，台湾所谓的“陆委会”不仅举行了记者会，还不断强调与大陆方面的联系，并催促大陆方面尽快兑现将人员送回的承诺。这是否体现了一种责任倒置，或者是对自身责任的逃避呢？与此同时，这两名钓客的家属也对外表达了他们的担忧和焦虑。他们提到其中一位钓客的健康状况不佳，担心无法返回金门将导致病情恶化。然而，就在这焦虑的氛围之中，被救起的一位钓客的真实身份被揭露——竟是一名金门的现役士官。此时此刻，这个消息就像是一颗重磅炸弹，猛然炸响在宁静的水面上。大陆方面因此不得不暂停了送人回台的计划。因为这不再仅仅是一件普通的救援事件，这其中可能涉及到更深层次的政治与军事问题。我们必须谨慎，必须深入探查。根据台退役少将栗正杰的说法，台军会跑到海边钓鱼，这本就是一件令人匪夷所思的事情，有可能是叛逃。然而，如果真是出逃，那么这位士兵为何选择如此高风险的方式？此事无疑加大了他叛逃的难度和危险性，更暴露了台军纪律的问题。事实上，台军的纪律问题并非此次事件中的新闻，早在过去就有过类似报道。据统计，近五年来，83名台军自杀身亡，264人轻生被救回。这些频传的台军自杀消息，引发了外界对台军精神状况的担忧。以至于台当局要竭力阻止士兵投奔大陆，担心他们会揭露台军的真实情况，坐实外界对台军欠缺基本生活条件的传闻。但历史已然证明，台当局无法阻止这些士兵走向大陆。去年3月份，一名在金门岛服役三年的士兵突然消失，最后被大陆在厦门救起。而他并不愿返回台湾，反而更喜爱在大陆的生活。他宁愿冒着生命危险也要畅游到大陆，足见他对台当局有多失望。这个事件揭示了台军内部的严重问题，并加重了台当局的危机。讽刺的是，对于这两名钓客，台当局恨不得一天给大陆打三个电话要人，但面对两名遇难的大陆渔民，台当局迟迟不愿向大陆移交遗体。这种态度暴露出台当局在处理两岸关系时的独断和偏颇，也让我们看到了台当局处理人道主义问题时的双重标准。此刻，台湾军队的纪律问题再次成为了舆论焦点。我们不禁要问，台军之中是否存在着更为深层的问题？去年就有一名在金门服役的士兵神秘失踪，并最后在大陆被找到——他决定留在大陆，拒绝返回台湾。是否可以从这里看出一丝不满和绝望的影子？金门渔船翻覆事件至今没有定论同时，我们也不能忽视金门渔船翻覆事件本身的悬而未决。台湾当局为何如此迫切需要人员回归？难道仅是因为钓客的家属压力吗？或许背后隐藏着我们不得而知的秘密。此次事件透露出的突兀和匪夷所思，使得台当局的处理方式极具矛盾性。台当局不仅忙于整理内政，对此事未能作出明确的说法，反而在人员安全已得到确认的情况下，还急切地要求他们尽快返台。这种焦虑和矛盾的态度，反映出台当局与大陆之间沟通的困难和挑战，同时也揭开了台当局处理此类事件的无力和混乱。可爱的读者朋友们，面对这样的局面，我们不应轻易下结论。媒体上的报道往往充满了立场和偏见，而作为原创内容的创作者，我更倾向于深挖事实，发出独立而不失质疑的声音。而对于你们，我的读者，我衷心希望你们能够关注这个故事的后续发展，也许在某天我们会看到事实的大白天下。请记得，真相总是藏在层层迷雾之中，我们需要耐心地揭开每一层。对于那些在风波中受到牵连的普通人，不论他们来自海峡的哪一侧，我们都应该给予同情和理解。让我们持续关注。
66765f9ffb88ab4b048dd5e8,https://mp.weixin.qq.com/s/EJu7akkScSlK2CGGpJC9eg,台军将在金门实弹射击，台军成瓮中鳖,2024,03,24,2024-03-24,还有十天的时间，台当局宣称的“实弹射击”就要开始了，连日来，金门海域满是大陆海警船、渔船的身影，台当局却丝毫没有要取消行动的意思，大陆海警稳步推进，大网已经铺开，台军丝毫没有意识到自己已经成了瓮中之鳖。这到底是怎么一回事呢？日前，台军向台湾海巡部门在内的几个单位发布了一条“射击通报”，声称四月初要在台湾周围“八大空域”进行所谓的“对海实弹射击”，其中靠近“中线”附近的两个空域会有子弹落下。这一消息立马引起了许多人的联想，大陆海警这几天一直在金门附近海域常态执法，台军这则“通报”，是不是冲着大陆来的呢？二月底，大陆海警宣布正式进入厦金海域进行常态执法，国台办发言人朱凤莲公开挑明根本不存在所谓的“禁限制水域”。没几天，新竹就有渔民发现，有三艘大陆渔船出现在距离台岛只有6海里距离的地方，船上插着五星红旗，大陆渔民正大摇大摆地在这里捕鱼，而在渔船的附近还有大陆的海警船相随。面对此情此景，台“海巡”却一声不吭。再说到所谓的“中线”，早在2022年时任美众议院议长佩洛西窜台的时候，解放军就以霸气的“锁台军演”抹去了台当局心里的所谓“界限”，时间已经过去了一年多，是该轮到大陆海警船和渔船进入那所谓的“禁限制水域了”。只是台当局这份“射击通报”的指向性却实在太过明显了。台军又是划下“管制区”，又是在“中线”附近安排实弹射击，为的还能是什么？不就是因为对大陆海警船“越界”，台“海巡”无力驱赶也不敢驱赶，所以只好用这种方式，暂时将我们拦截在外吗？不过台当局的想法只会是徒劳的，首先，就算拦得了大陆船只一时，也拦不了一世，台军的射击训练总有时限，弹药库总有见底的时候，台当局有本事就训练到天荒地老，否则当训练结束，大陆海警和渔民该进去还是会进去。其次，最新的消息显示，厦门海事局海事巡逻船0807号从泉州出发，从金门岛的东北方向穿行，期间进入了距离金门仅0.2海里的地方，我们在一步步击穿台当局的心理底线，而且这次去的是海警船，下次去的说不定就是驱逐舰，如今在0.2海里，明天登岛也不足为奇了。日前，大陆海警船从西南和东南两个方向逼近金门，相当于封锁了金门的补给路线，台军还敢在金门实施“实弹射击”，殊不知已经成为了“瓮中之鳖”。话虽如此，但我们还是得认真对待台当局这次演习，之前已经传出消息，美军“绿扁帽”已经“常驻”金门，这次实弹射击说不定就能看到他们的指导结果，我们也能从中一窥台军的战斗力，为日后两岸统一提供更多的指导和借鉴。两岸终将统一，也必然统一，台军现在所做的一切都是徒劳，台当局最好听一句，回头是岸。 
66765f9ffb88ab4b048dd5e9,https://mp.weixin.qq.com/s/oAqemS6hfs37KzJ5-8WbWw,台当局水炮袭击大陆渔船，解放军连夜行动，战机军舰现身台海,2024,03,24,2024-03-24,今日音频内容已更新，喜欢听音频的朋友请点击下方公众号名片进入收听台当局恶胆包天，趁大陆海警船不在，水炮袭击我7艘大陆渔船，解放军战机连夜起飞，最后的时刻到了？据多家台媒披露，近日7艘大陆渔船在澎湖海域避风期间，被台“海巡署”屏东舰和10087艇以广播、鸣笛和水炮攻击等方式驱离，事发地当时正刮着10级阵风，浪高3-4米，台当局不顾海象恶劣，残暴对待我大陆渔民，险些复制“金门事件”的惨案，可以说毫不顾及同胞之情，甚至泯灭人性，对此解放军不再废话，火速给予有力反击。自3月21日19时30分起，解放军连夜出动各类战机20架次，配合军舰执行联合战备警巡，其中9架次战机越过所谓的“海峡中线”，进入台岛北部、中部和西南空域，结合不久前部署在台岛东部海域的解放军052D“南京舰”，大陆对台岛再次形成“四面合围”，对台当局形成了有力震慑。台当局此次主动对大陆渔船出手，释放的信号非同一般，不久前蔡英文当局对台军下发三项指令，其中一项修改了“第一击”的界定，禁止台军对所谓“越界、越线”的大陆机舰进行挑衅，台军“绝对不准开第一枪，不能打第一弹”，以免擦枪走火，此番台“海巡署”刻意绕过厦金海域的大陆海警船，选择在澎湖海域针对大陆渔民，不难看出台当局推行“台独”的野心未死，另一方面，台当局在同大陆军、警正面较量无法取胜的前提下，选择对大陆渔民出手，不排除扭转形象，以对大陆的“强硬手段”平息岛内舆论对台当局“软弱无能”的批评声浪。台当局抢先出手，只会加快两岸统一的进程，目前大陆海警对金门海域多次进行执法巡航，最近处距金门岛仅3海里，且金门、马祖的出海口被大陆掌控，台当局不仅失去了厦金海域的“执法权”，连踏足金马两岛都需要大陆的许可，金门的3000守军和美国的特种部队形同“瓮中之鳖”，面对台“海巡署”的广播“驱离”，大陆海警船的主炮卸下炮衣，进入战备状态，台当局再不敢同大陆海警“硬碰硬”，更令人兴奋的是，近期有台湾渔民发现，马祖的南引岛礁被插上了五星红旗，而台当局却对其不闻不问，不敢有任何举动，种种迹象表明，大陆收台的“工具箱”正在松绑。此次解放军在台海的战备警巡，正在将“围台绕台”推向常态化，越过所谓的“海峡中线”只是第一步，下步打破台当局所谓的“领空”、“领海”是大概率事件，目的是进一步压缩台当局的生存空间，更重要的是，近期解放军战舰多次亮相台岛东南海域，一方面为拒止域外势力干涉台海做准备，另一方面则是斩断台当局外逃美国的后路，在最后时刻实现“瓮中捉鳖”，这也是近期台当局将“宪兵营”的兵力由原来的5600人扩充到10600人，防止大陆“斩首行动”的原因，台当局是真的怕了。两岸统一是时代大势，更是众望所归，台当局只有认清形势、回头是岸，才不至于玩火自焚，目前岛内的“退役潮”正在表明，没有人愿意为“台独”势力陪葬，台当局的谋“独”策略最终只会面临四面楚歌。
66765f9ffb88ab4b048dd5ea,https://mp.weixin.qq.com/s/75pUaf1sDLcoUFOKUgKaFQ,台海巡水炮攻击大陆渔船，国台办措辞变了，金门士官被扣下,2024,03,24,2024-03-24,"台湾当局对大陆渔船竟然公然使出水炮射击的疯狂举动,还有戏谑般扣留大陆救助的渔民,简直是对祖国主权的赤裸裸侮辱!一连串棘手事态的发生,源于3月20日,台海巡部门竟然发现并对付了7艘""被涂抹和无名""的大陆渔船。理由仅仅是这些船只""无照可考""。你没看错!台湾这帮人如今已经彻底丧失了基本理性,凭空指责无谋还自作多情,给予亲人以火炮横扫的对待。当时海况实为10级阵风、3-4米狂浪,却对大陆同胞毫无同情,强行发射高压水炮射击!这等卑劣行径实在是太过分了。就连岛内一些泛绿人士都忍不住痛骂台当局执迷不悟,简直昏了头!因为这样的攻击手段,随时都可能酿成重大伤亡,给双方人员生命安全带来极大隐患。然而台军痴人说梦,竟强辩说在这种海况下,船只不安全登船检查才用水炮。这种拙劣借口无疑暴露了它们对亲族的残忍与无情。因为就在几天前,也正是在这样恶劣天气中,大陆海警人员奋不顾身救起了两名遇难的金门渔民。这两人归根结底,都是与大陆同胞无异。其中一人胡某甚至还隐瞒了自己的现役军人身份,存了极为不轨之心。然而大陆海警仍然视同手足,一视同仁予以救援无差,这等善意更是扑了台军一把狗血。面对大陆一再的善意释放,国台办最终也按捺不住了。发言人态度强硬表态,绝不容忍当前台湾的疯狂行径继续升级,坚决反对暴力伤害同胞生命安全。其措辞之严厉前所未有,可见祖国的耐心已经渐渐失去了。而在此矛盾加剧的当口,台军方被迫只得向大陆移交了一人吴某,而另一现役军人胡某则被扣押继续调查。这一罕见做法已然宣告了双方对峙进入全新白热化阶段。国台办发言人陈斌华更是透露,蔡英文当局在察觉到大陆决心后,也展现出了罕见的惶恐无措。不仅将台北""宪兵营""的规模扩编到1万余人,而且还审慎调离了""总统府""的长期位置。毫无疑问,这些舉措无不体现出岛内当局心虚畏惧。因为大陆坚持一个中国原则的立场从未改变,面对胡作非为的台独势力,祖国必将视情况展开果断反击。面对这一严峻态势,许多岛内人士也忍不住发出了质疑之声。前民意代表郭正亮便痛斥台军一味强硬,早已与同胞渐行渐远,行为无异于丧失人性。退役少将栗正杰则直言胡某作为军人私自跑到大陆,倘若生前会被直接击毙。可见台湾当局不仅置身于极度的道德危机之中,其鲁莽舉动也注定将自我围堵于绝境的囹圄当中。而面对这番咄咄逼人的行径,当前我们有理由给予以严正反击和有力回应,好让这帮人惟恐失不惟有。第一点,中国绝不仅仅是将单纯移交遇险人员。我方如今做出扣留行为,无疑透露出更为强硬的谈判基调。换句话说,只要台湾当局对亲人横加伤害,我们随时都可能以相同方式狠狠反制回去,让其不得不付出更大的代价和阵痛。所谓相权报复、以暴制暴,岂是当下情势演化的必然方向吗?第二点,祖国在台海地区的重兵布防已达到白热化程度。届时若台军一意孤行,我方的坚船利炮配合直升机武装,决不会手软实力反击。那惨不忍睹的""2.14""恶性撞船案尚未平复,谁又敢妄图挑战中国武力呢?一旦爆发严重事态,绝非台湾能承受之重,反而将陷入自我扼杀的深渊窘境。第三点,此次事态恐怕只是台湾分裂势力内斗的结果。虽然外界口口声声号称""爱与包容""可以为解决和平通向，但我们清醒看到,台湾内部根本就是一盘散沙。一旦内乱四起,弃甲曲阵也将在所难免。到那时任何乱象都可能酝酿爆发,更遑论还会有""和平统一""等美好憧憬存在了。故而当务之急,自然是要""祛瘴和气、排毒固本""。从这个意义上讲,当前我军全力准备猛烈反击已是无可非议。比如坚决划设""禁止区域"",任何擅闯者将被视为""敌国入侵分子""从严惩治。还比如继续强硬释放""武力威慑""的信号,永不允许台湾继续朝""军阀独裁""的歧途发展。唯有这样,冲突双方才可能被摆在一个临时性的""和平""关系上暂时相安无事,否则就只有大打出手、殊死一博即可了结乱局了。所以我们同时也要警醒那帮利用内斗麻痹视听、招摇撞骗的分裂分子:现在是你们明智收手、赤诚悔改的最后时机!万勿再心存叵测,肆意胁迫中华民族根基的神圣脐带。因为祖国必将视情节展开有理有节的针锋相对,给予太岁头上动土,气运败绩的严惩。届时祸及身家性命,也不得再诿过于人了。当然,对待同胞,我们始终不离温情与关爱。只要台湾守好纪律,少些狂妄自大,内部就不会再有空子被钻。而大陆也就可以收手,彼此携起手来给祖国换一个崭新未来。我们当下正如一头凶猛雄狮,时刻蓄势待发。但也从来都期望友爱与和谐能够主导两岸关系的走向。终有一天,我们将化干戈为玉帛,让整个华夏山河重现旧日和睦安康的宁静气象。因为这里,始终是我们共同的家园,共同的祖宗家族。台湾的兄弟姐们,莫要再逞口舌之快,自绝于这种温暖的家人情份之外了。你们是中国的一部分,从未曾离开过我们的眼睛。祖国永远是你们最坚实的依靠。只要你们知晓荆棘从何而来,这扇温暖的门扉便永不会真正关闭。我们兄弟俩见证着太阳升起的瞬间,也见证了它一同西沉。所以让我们携手共赴那永不陷落的夕阳,朝阳的彼端已然光明普照啊!"
66765f9ffb88ab4b048dd5eb,https://mp.weixin.qq.com/s/4y5JKpsqAeRb8mdm-XpMBA,台湾将在金门军演，钓鱼客在金门遇险被大陆救回，一人是台军,2024,03,24,2024-03-24,很多文章不能在这里发表，喜欢本号的朋友，请点击下方卡片我们的新号...................................................................................................................................................................................................................................近两个月来，金门海域的风波可以说是接连不断，一浪高过一浪。先是2月14日，大陆渔船在金门被台湾海巡队撞翻，导致了两人遇难的惨剧。3月14日，又有大陆渔船在金门海域沉没。而后，又有一艘金门“三无”小艇在金厦海域附近遭遇险情，在大雾天气中船只失去了动力，船上的两个钓鱼客漂到了大陆附近海域被大陆海警救起。原本大陆是打算在3月19日中午放人回金门，但是计划却突然变更。又有消息传出两名钓鱼客之中有一人是现役台军，这又为事件增添了一重变数和谜团。间谍侦察？士兵投诚？尤其是台湾当局还要在下个月的金门开展大规模军演，任何情况都不能轻易排除，要细细甄别，小心无大错。金门地区的台军只低调表示，现阶段先以人员平安返回金门为主。类似的事件也曾发生在2017年，当时也有台军士兵落海被大陆所救，在大陆休养两日后就返回了金门。一是图片来源于网络此次遇到海难的两名钓鱼客都是金门本地人，一人姓胡（25岁），一人姓吴（40岁）。据台媒报道这两个人是在3月17日出海钓鱼，因为风浪太大和大雾天气加上船只动力系统出了问题，很快船只就进入了漂流状态，也就是所谓的“迷航”。他们顺水到了大陆的围头附近被海警发现救了上来，才保住了一条命并且给家里打了电话报平安。大陆方面也第一时间宣布他们的健康状况良好，大陆给他们提供了热食和棉衣，还派了专人陪护将尽快送他们回到金门。原本他们将在3月19日中午回到金门，但是计划突然变更。而后又有多则传言流出，台湾媒体称其中的胡姓钓鱼客疑似是现役台军，此次事故似乎并不单纯致使交人过程徒增波澜。二是图片来源于网络现在的金门海域的确是十分紧张，前有大陆渔民被台湾海巡队害死，而至今也没有讨回一个公道。而后台湾金门防卫指挥部还发布了声明称将在4月的金门举行军演。地点就在金门本岛和周围的几个离岛诸如猛虎屿、烈屿、后屿等地，科目是地面武器对海实弹射击。台军很少在金门进行大规模军演，突然宣布军演很明显就是要防备解放军，所以说现在的金门可以说是风雨飘摇之中，十分危险。所以当我们救起的金门渔民被传是现役台军身份之后，有人便猜测这几个人是不是来事先测水温的特务，有人也猜测这是不是又是一起投诚事件。毕竟在2023年金门驻军陈嘉埙就在金门的二担岛偷偷以游泳的方式前往了大陆投诚，他游到中途被大陆的船只救起，而后就一直留在了大陆，至今也没有返回台湾。在我看来这两种情况都不能轻易排除可能性，无论如何，小心谨慎总是对的。三是图片来源于网络得知两名钓鱼客之中有台湾现役军人后，台湾岛内的舆论也是一片哗然。台湾的老将栗正杰曾经在金门驻防带兵，他对此十分愤慨。他说：“我意料不到居然是一个军人跑到海里面去钓鱼，这真的是匪夷所思，以前金门军人是绝对不可以到海边的，更不要说出海。以前只要出海一定是用迫击炮击毙，这是非常严重的事情，因为很可能是叛逃。”蔡正元也表示金门的士兵即使休假也一般是不允许出海的，他倾向于是士兵投诚。但是从历史信息看来，他们的脑中应该还是老规矩。金门的士兵只要身处休假并且提出申请，也是可以出海钓鱼的。2017年就有金门现役军人出海钓鱼落水，后来被大陆救起后通过红十字会回到了金门。四是图片来源于网络2017年6月26日，一名台军现役军官在休假期间申请了出海钓鱼的许可，于是他就和亲人驾驶着一艘名为“泰玮号”的小船出海，但是船只不幸在金门东碇海域不慎翻覆沉没，三人落水。当时他们被大陆“东海第2救助飞行队”直升机救起送回了大陆，在经过了两日的休整和治疗之后，他们就回到了金门。在他们返回之后，金门防卫指挥部承认三人中有现役军官，是在休假期间出海钓鱼并无不法，所以他也没有遭到处分。这起事故虽然和今天的事故非常相似，但是如今的时空背景已经大不相同。对于台军，一定要甄别清楚，盘查仔细，不过也谅他们翻不起什么大浪头来。如果要是向我们投诚更好，如果不是，也可以将他们放回，但我认为我们可以在此时向民进党索取我们在金门被扣住的两具同胞遗体。不能任由民进党大搞双重标准，我们也不能再一味地以德报怨。五是图片来源于网络今年2月14日，大陆的渔船在金门被海巡队撞翻酿成惨剧之后，我们本来以为台湾方面会务实地处理，可是台湾的海巡队却谎话连篇。他们最开始说是大陆的渔船蛇形导致翻覆，后来谎言被大陆船只上的碰撞痕迹戳破，他们又紧紧咬住大陆船只是“三无船只”这一点不放。而且他们还大造舆论，声称是大陆“违法”在先。就连曾经被认为是国民党铁杆粉丝的台湾媒体人陈挥文也表示“这艘船就是三无渔船，难道这艘船在大陆就不犯法吗？”如今可好，这艘被大陆救起的船只也是“三无船只”，台湾当局和媒体却对这件事情绝口不提，双重标准的嘴脸尤其丑陋。而大陆却是一直在以德报怨，即使是面对如今非常严峻的态势，大陆依旧在表达善意。六是图片来源于网络正所谓“以德报怨，何以报德”，善意可以有，但是善意应该得到回报。即使不对等也不能白白地释放善意，太过廉价易得的善意绝不会有人珍惜。大陆对于台湾释放的善意不可谓不多，台湾人却不珍惜，那就是因为他们知道了无论他们支持统一还是支持“台独”，大陆的善意都不会少。如果他们选择了“台独”，大陆为了挽回他们甚至会进一步的释放更多的好处。那么自然很多人不会和大陆相向而行。善意应该得到回报，比如我们在此次救起了两名台湾遇难者，是不是可以要求台湾当局尽快放回大陆遇难者的遗体，让家人免受天人永绝，先人遗骸迟迟不能入土的煎熬与痛苦。现在的民进党当局在“214金门恶性撞船”上已经是吃了秤砣铁了心，死猪不怕开水烫。大陆所要求的真相、赔偿、道歉、究责，可能都不会得到我们满意的答复，那么最少也应该要把同胞的遗体尽快拿回来。每日编辑不易，若您还满意，可点左下角“分享”支持，或在右下角“点赞”，感激不尽！
66765f9ffb88ab4b048dd5ec,https://mp.weixin.qq.com/s/JUnxqoUS_l5javfGMvgUAw,大陆海警在金门救下1名台军，是叛逃还是意外？台军身份在大陆救援中的曝光,2024,03,24,2024-03-24,最近的报道揭示了一个震惊的发现：3月18日由中国大陆海警救助的两名金门岛附近落海者中，竟有一人持有军人身份。这一消息一出，原先预定的人员移交安排顿时发生了变化，事件的背景和可能性成为了各方关注的焦点。过去几个月，金门岛周围的海域频繁发生船只事故，其中包括2月14日一起大陆渔船倾覆案件，其后果至今仍未明朗。继而，3月14日，又有一艘大陆渔船在该区域沉没。紧接着，在3月17日晚上，一艘无证金门小船在浓雾中失去动力并迷航，大陆海警接到报警后，连夜出动并在18日凌晨成功救援了船上的两名遇险者。原计划是在19日将他们送回金门，但随后揭露出其中一人为军人身份的消息让事态变得更加复杂。现在，我们可以分析这件事可能的四个方向。首先，可能这只是一次误传。救援的两人可能仅仅是普通的渔民或其他民众，而之所以未能立即返回，可能是因为某些未披露的原因。然而，考虑到事件的敏感性，这个可能性似乎较低。其次，被救者确实有一名台湾军人。可能是他在休假期间意外遭遇事故，导致船只失控并误入大陆海域。鉴于当前两岸紧张的关系和台湾即将在金门进行实弹演习的事实，大陆方面在确认其身份后自然会采取谨慎行动。历史上也曾有台湾军人在类似情况下被大陆救起并最终返回金门的先例。第三个可能是该军人有意投诚。台湾军方严禁军人私自出海，一旦违反，后果极为严重。若有军人出海，往往被视为叛逃行为，需受到严厉处罚。目前的情况是，该军人在被救后主动透露了自己的军事身份，并未显示返回的意愿，这可能表明他希望改投大陆。最后的可能性是，这名军人是台湾派遣执行特定任务的。他们的出海可能并非休闲或垂钓，而是为了执行某种秘密任务，如搜集海洋数据等。不幸的是，事情出现了意外，使他们误入大陆水域。具体情况仍待进一步的信息披露以确认。但可以确定的是，随着大陆海警和军力对金门周边水域的控制加强，台湾军方在该区域的压力持续增大。金门岛作为两岸对峙的前线，可能也成为台军人员叛逃大陆的新渠道。这个事件揭示了两岸紧张关系下的复杂性和敏感性，同时也展示了人员身份与国际政治在紧急事态中如何交织影响。而对于可能的投诚情况，它不仅反映了个别军人的心理状态，也可能是两岸关系紧张的一个侧面表现。台湾军方对军人的严格限制和对海上行动的高度警觉，反映出对可能的叛逃行为的担忧和防范。在分析这些可能性时，重要的是要考虑当前的地缘政治背景。两岸关系的每一次波动都可能对此类事件产生直接或间接的影响。例如，台湾在金门的军事活动和大陆对该地区的监视可能已经使得局势更加敏感和复杂。此外，此事件也可能对两岸的外交关系产生影响。如果证实有台湾军人投诚，这将是两岸关系中的一个重要事件，可能会引起台湾内部的政治争论和大陆的宣传利用。此外，如何处理这名军人的问题也将成为两岸互动的一个测试点，可能会影响未来的救援行动和人员交换协议。总结来说，金门岛近海的这一事件并不是简单的救援行动，而是蕴含了多层次的政治和军事含义。这不仅是两岸关系的一个镜头，也是对台湾军人心理状态和大陆应对策略的一次考验。随着更多细节的披露，这一事件可能会揭示更多关于两岸紧张关系和军事动态的深层信息。
66765f9ffb88ab4b048dd5ed,https://mp.weixin.qq.com/s/N-3DiLOWjTwyIFks-WaUVg,大陆渔船现身澎湖，船上伸出3米长大铁杆，台海巡船见状掉头就撤,2024,03,24,2024-03-24,在最近的海上事件中，两次渔船翻覆的紧急救援引发了广泛关注。事情发生在3月14日，一艘名叫“闽龙渔61222”的大陆渔船在金门东碇岛西南方向大约11海里的地方遭遇不幸，翻了个底朝天，船上的5名船员也跟着落水了。这件事挺紧急的，大陆这边的救援队没拖泥带水，很快动员起来，直升机和海救船就飞奔到现场去抢救人。台湾那边的媒体说金门“海巡署”也派了船去救人，不过说实话，那边的船我们是没看见。没过几天，3月17日，事情又来了一出，两个在北碇岛海域钓鱼的金门钓客因为大雾失去了方向，也是大陆海警及时出手，把他们救了回来。原本大陆和金门约好了交人，但突然因为一个25岁的胡姓男子是现役军人，事情变得有点复杂。通过这两次事件，大陆的救援能力得到了展示，不仅如此，还让人看到了台湾方面在金门海域的所谓“执法权”几乎已经不存在了。现在大陆渔船和海警船只在金马海域和台湾海峡的常态化巡航，让台湾的海上管辖权和执法权空间越来越小。    特别的是，大陆渔船现在直接到澎湖列岛海域去了，甚至还有消息说渔船上都装备了长达3米的大铁杆，专门用来阻止台湾方面的舰船靠近。这种直接的对抗，导致台湾海巡船在遭遇后，选择了撤退，完全放弃了之前的“扣船抓人”做法。在更大的背景下，大陆和台湾围绕“2·14”恶性撞船事件的谈判陷入了僵局。台湾当局提出的“三不”政策，即不道歉、不赔偿、不公开调查，导致双方的紧张关系进一步升级。大陆方面也有自己的“三不”政策，即不承认“海峡中线”、不承认台当局的“法律”、不承认所谓的“违法事实”。这种僵持不下的态势，让大陆海警与东部战区的联合演练显得尤为重要，传递出明确的信号：如果台湾当局在所谓的“禁入区”采取暴力抗法，解放军海空力量将支持海警。    对于台湾当局来说，澎湖列岛的战略位置非常重要，一直是对大陆作战的前沿基地。但面对大陆渔民的直接挑战，台湾方面却没有敢出动军舰，这充分暴露了他们的无力和内部的恐慌。这次“2·14”恶性撞船事件成为一个转折点，表明大陆不再容忍台湾当局长期的傲慢行为，决定要剥夺他们在海域的所谓“执法”权力。大陆方面的立场很坚定，他们在台湾海域的主导地位逐渐变得明显。过去台湾当局所标榜的“海上管辖权”和“执法权”，在大陆海警和渔船的常态化巡航面前，已经显得力不从心。    大陆渔船直接驶入澎湖列岛海域，还特地装备了用来阻止台湾舰船接近的设备，这一行为直接挑战了台湾当局的底线，导致他们只能选择撤离，无法做出有效回应。这不仅展示了大陆在技术和策略上的优势，也显示了他们在实际行动上的坚决决心。大陆的海警船和渔船已经不仅仅是海上巡航者，而是在维护领土主权和海洋权益方面的坚定执行者。这些行动有效地传递了一个信息：在涉及国家主权和领土完整的问题上，大陆不会有任何妥协和退让的余地。面对这样的挑战，台湾方面的反应显得颇为被动和无力。长期以来，台湾当局对大陆的态度和政策，似乎已经不适应当前海峡两岸的实际情况。尤其是在大陆展现出强烈决心和能力维护海洋权益的背景下，台湾当局的所谓“执法”空间受到了巨大压缩，对海域控制的能力面临严峻挑战。大陆方面的海警与东部战区的联合演练不只是对外展示力量，更是向台湾当局发送了明确信号：任何试图破坏海域平静和挑战大陆主权的行为，都将面临强有力的回应。这种军警民联动的新策略，不仅是对当前局势的有效应对，也是对未来可能发生冲突的有力威慑。在这种情况下，台湾当局需要重新评估其对大陆的政策和策略，特别是在维护海域安全和海洋权益方面。面对大陆日益强大的海上力量，如果台湾继续保持以往的态度和策略，不仅无法保护其所谓的“海上管辖权”，还可能导致两岸关系的进一步紧张。海域安全和权益问题已经成为两岸关系中不可忽视的重要部分。大陆在这方面的坚定立场和行动，展现了其保护国家主权和领土完整的决心。台湾方面则需要在这一问题上展现出更多的智慧和策略，寻求和平共处的可能性，避免不必要的冲突和对抗，共同维护海峡两岸的和平与稳定。    
66765f9ffb88ab4b048dd5ee,https://mp.weixin.qq.com/s/IJEJmCFi3mJcQCdqIym9mQ,字小事大！大陆正式没收金门海域执法权，国台办发声，民进党无力,2024,03,24,2024-03-24,在214渔船事件中，大陆海警对台湾金门海域的强硬回应标志着两岸关系发展的新篇章。民进党当局选择沉默对此事件的态度被视为挑衅，而大陆的回应则展现了其维护主权和领土完整的决心。通过执法巡查，大陆向台当局及国际社会传达了维护和平稳定的坚定信号。在舰艇对峙中，大陆海警的强势回应彰显了对台湾海域的主权立场，给台当局施加了压力，表明了解决两岸矛盾的迫切性。历史的巨轮滚滚向前，台独势力的挑衅和阻挠显得脆弱无力，大陆方面保持强大和坚定的立场，促进两岸关系向和平统一方向发展大陆的强硬回应大陆的强硬回应通过大陆海警舰艇进入金门海域进行执法巡查，大陆向民进党当局传递了一则强烈的信息，即大陆决心捍卫自身在台海地区的主权和权益。在此次事件中，民进党当局选择了沉默，试图回避问题，而大陆的行动则是对此沉默的有力回击。通过公布航迹图，大陆清晰地展示了其海警舰艇在重要海域的行动路线，向世界传递了一则明确的信息：任何试图破坏台海和平与稳定的行为都将受到大陆的坚决反击。这一强硬回应所传达的信息，远不仅仅是针对214渔船事件，更是对整个台海地区的稳定和和平的坚定支持。大陆海警的行动大陆海警的行动声明指出，大陆海警在金门附近海域开展执法巡查的目的是为了保护包括台岛在内的中国渔民的权益和安全。这一表述不仅彰显了大陆政府保护渔民权益的决心，也隐含着大陆对于台海及其周边海域的主权立场。通过这一行动，大陆向台湾当局和国际社会传递了维护海域秩序和渔民利益的坚定决心。在台海地区，渔民的生计和安全受到了特别重视。大陆海警的执法巡查不仅是对渔民权益的有力保护，也是对海域秩序的有效维护。这一举措旨在确保渔民在海上的合法权益不受侵犯，同时也向台湾当局传递了一个明确的信息：大陆决不容忍任何损害中国渔民利益和安全的行为。在国际社会中，大陆海警的行动也是对海域秩序和渔民利益的重要维护。通过此举，大陆向世界展示了其作为一个负责任大国的形象，展现了其维护海洋安全和秩序的决心。大陆海警的强势回应是对台湾抵抗的挑战大陆海警的强势回应是对台湾抵抗的挑战大陆海警的强势回应不仅是对214渔船事件的回应，更是对台湾抵抗的挑战。尽管台湾的PP-10083艇在物理力量上不及大陆海警舰艇，但其出现象征着台当局的抵抗与执着。大陆海警的要求通报行动意图，以及舰艇进入所谓“禁限制水域线”的行动，直接挑战了台湾的主权声索。这种挑战不仅在物理上施加了压力，更在心理上给台当局留下了有限的思考与应对时间。大陆的行动向台湾当局发出了一则明确的信息：大陆不会容忍任何对其主权的挑战和抵抗。通过舰艇进入禁限制水域线，大陆海警明确表明了对于台湾主权声索的不认可，给台湾当局带来了前所未有的压力。这种挑战不仅是对台湾政府的直接挑衅，更是对台湾民众的一种警示，提醒他们不要低估大陆在台海问题上的决心和实力。大陆的立场明确，追责到底*大陆的立场明确，追责到底*大陆对于214渔船事件的处理展现了其对待此事的严肃态度。陈斌华等人的言论明确指出，大陆对台湾政府的警告和要求追责，不仅是对台当局的直接批评，更是对两岸民众的承诺。大陆政府追责的决心不容置疑。面对214渔船事件，大陆不留任何余地，坚决要求台湾政府追究责任。大陆政府的立场明确，给台湾政府敲响了警钟，也向两岸民众传递了一个明确的信号：只有尊重大陆的主权和领土完整，才能实现两岸关系的和平稳定发展。大陆海警的行动不仅是对台湾海域主权的坚定捍卫，更是对海域秩序和渔民权益的维护。面对挑衅，大陆展现了强大的决心和意志，向世界传递了维护和平稳定的坚定信号。然而，两岸关系的发展仍然任重道远，需要双方共同努力，以促进两岸关系的和平稳定发展。希望未来，两岸能够通过对话与合作解决分歧，共同谱写两岸关系的新篇章。
66765f9ffb88ab4b048dd5ef,https://mp.weixin.qq.com/s/AGkvAGNMw3ZZROuVlPGWrw,沉默72小时后，管碧玲改口道歉，我渔船靠近金门，国民党启程赴陆,2024,03,24,2024-03-24,近日，金门撞船事件的余波仍在两岸之间掀起涟漪，引发了严重的两岸关系紧张。事态发展迅速，许多关键参与方的态度和反应备受关注。首先，让我们回顾一下事件的起因。据报道，60艘大陆渔船近日包围了金门岛，这一举动立即引起了台湾当局的警惕和关注。然而，台湾的“海巡署”选择了沉默，并未采取任何行动。这一冷漠的态度立即引发了舆论的广泛关注和批评。对于台湾方面的不作为，有一些分析认为，这可能是出于多种原因。首先，台湾方面可能害怕与解放军和海警船的对峙可能会引发更大规模的冲突，因此选择了保持沉默。其次，台湾当局可能也在担心采取行动会加剧紧张局势，甚至可能导致不可挽回的后果。针对此次事件，台湾“海委会”负责人曾发表道歉声明，但这一道歉并未获得普遍认可，因为其中的诚意显然不足。相反，他们似乎试图将责任推卸给司法部门，这进一步激怒了舆论和家属的情绪。在大陆方面，国台办要求台湾方面公布真相，并严惩责任人，向遇难者家属道歉。这一立场显示了大陆方面对事件的严肃态度，同时也表明了他们对于维护两岸关系稳定的决心。面对金门撞船事件引发的紧张局势，有关方面都在呼吁冷静应对。例如，国民党副主席夏立言试图缓解紧张局势，呼吁各方不要升高敌意。这一立场反映了对于通过对话和协商解决分歧的普遍呼声。然而，最关键的问题在于，台湾当局的应对态度将直接影响台海局势的发展。如果台湾当局能够认真对待赔偿和追责问题，妥善处理此次事件，有望缓解紧张局势。但反之，如果台湾当局继续推诿责任，可能会进一步加剧两岸关系的紧张局势。因此，我认为，台湾当局应该认真对待此次事件，追究责任，妥善处理赔偿事宜，以缓解两岸关系的紧张。未来，两岸关系的发展需要各方保持冷静理性，避免单一事件引发更大规模的冲突。只有通过对话和协商，才能够实现两岸关系的和平稳定发展。为了更好地理解金门撞船事件的背景和影响，让我们进一步深入分析。这次事件的发生并非孤立的，而是在长期紧张的两岸关系背景下发生的。台湾地区自20世纪初期以来就处于中国大陆和外部势力的影响和竞争之中。随着时间的推移，两岸关系的发展受到了政治、经济、军事等多种因素的影响，常常波动不定。特别是近年来，随着中国大陆经济和军事实力的迅速崛起，台湾地区的安全形势愈加严峻。大陆的强大实力对台湾形成了巨大的压力，同时也使得两岸关系的稳定成为全球关注的焦点。在这种情况下，任何一起事件都可能成为引发两岸关系升级的导火索。因此，金门撞船事件的发生并不仅仅是一起海上意外碰撞，更是两岸关系紧张局势的一个缩影。台湾当局在处理此类事件时，需要更加审慎和理性，避免情绪化和激化矛盾。与此同时，中国大陆也应该保持克制，不采取过激的行动，以维护两岸关系的和平稳定。从长远来看，解决台湾问题需要的不仅仅是军事力量和外交手段，更需要的是双方共同努力，通过对话和谈判找到合适的解决方案。只有通过共同努力，才能够实现两岸关系的和平发展，造福两岸同胞和地区民众。
66765f9ffb88ab4b048dd5f0,https://mp.weixin.qq.com/s/zvvoeYzm7B811J8JkbfAGQ,澎湖海域突发状况，7艘大陆渔船遭水炮攻击，“海巡署”不知悔改,2024,03,24,2024-03-24,台海海峡方向又传来一则不好的消息，就在大陆海警联合解放军演练“处理海警船遭遇暴力抗法”之后，台“海巡署”不但没有选择正视当前两岸之间的海上局势，反而又开始在澎湖海域对大陆渔船出手，期间更是动用水炮攻击了7艘正常作业的大陆渔船。（大陆海警和东部战区海空军联合演练）大陆海警与解放军东部战区海空军，在相关海域举行联合演练的时间，是在3月20日之前。在这种敏感时期，且台当局仍没有就此前恶劣撞船事件给出一个合理交代之际，大陆海警联合海空军演练的目的不言而喻，更像是在告诉台当局，大陆海警已经做好了采取更有力措施的准备，以坚决维护这片海域安全秩序。虽然大陆海警用实际行动表达的态度非常明确，但不知悔改的台海巡单位，似乎仍没有意识到问题的严重性。台“海巡署”近日再次对大陆渔船无理对待，还动用了水炮攻击大陆渔船，这是令人没有想到的。这是在3月20日下午发生的事情，当时连续有7艘大陆渔船为躲避强风浪进入澎湖相关海域。但令人意想不到的是，台海巡机构不但没有对大陆渔船予以救助，反而还出动两艘舰船，以所谓的“越界”为由，蛮横对这几艘想进入澎湖海域避风的大陆渔船实施驱离，后来更是动用了水炮攻击，行径极为恶劣。国台办之前就已经说过了，厦金海域根本就没有所谓的“界线”。难道台“海巡署”，是认为大陆的这层表态，只是针对厦金海域吗？希望台“海巡署”要明白，在大陆眼里，既然厦金海域都没有所谓的“界线”，难道澎湖列岛就会有吗？（“澎湖海巡队”对大陆渔船动用水炮）另外，根据台媒的消息称，虽然“澎湖海巡队”这次驱离了全部7艘大陆渔船，但这期间并没有对任何一艘大陆渔船实施“登检”措施。因为当时的海况相当危险，所以“澎湖海巡队”的舰船根本无法靠近大陆渔船实施“登检”，当中有很大的安全顾虑。从这我们可以获知，当时所谓的“澎湖海巡队”是明知道这7艘大陆渔船就是前来避风的，但还是作出了无理的驱离行动，说他们是“野蛮行径”一点都不为过。所以希望他们对大陆避风渔船实施救助，这更是无从谈起了。在“金门海巡队”熄火之际，另一边的“澎湖海巡队”似乎还没有任何的危机感，仍在这种敏感时刻，向大陆渔船采取恶劣措施，甚至还拿出所谓的“三无”、“越界”说事。这不是在走“金门海巡队”之前的老路吗？此前“金门海巡队”对大陆渔船采取一系列恶劣行径之后，现在的“下场”大家是有目共睹的。在大陆海警多次前出金门附近海域执法巡查的背景下，台当局在相关区域非法设立的所谓“禁限水域”，已经在大陆海警的多次实际行动中不复存在。而且，在大陆海警船数次进入金门所谓的“限制水域”线之内时，当地的台“海巡署”部门直接哑火了，根本不敢对大陆海警作出什么实际性“反制措施”。而这一次，在两岸还没有解决2月14号的撞船事件之前，反而还出现了“澎湖海巡队”又对大陆渔船采取恶劣措施的情况，这明显是台方相关部门火上浇油的行径。不过，台当局不会不知道这会加剧当前局势，所以他们更有可能就是有意而为之。因为在这之前，台军已经宣布要在金门岛、猛虎屿、烈屿等相关区域进行实弹射击，这些地点主要集中在大陆正在疏通的刘五店航道，且台方还妄图在这些区域划设“禁航区”，显然是打算开始向大陆展示强硬态度了。所以，这次“澎湖海巡队”的恶劣行径也是一样，在大陆方面多次表示没有“禁限水域”之后，“澎湖海巡队”这就是在向大陆发出强硬态度，恐怕是想以这样的行径，向大陆表明这条“线”在，澎湖还“存在”。（到澎湖海域常态化巡查，大陆海警是否也应该考虑了呢？）但是，大陆海警的职责就是维护海上秩序，以及保护渔民安全。而“澎湖海巡队”这次对大陆渔民动用了水炮攻击，以及强行驱赶等行为，已经给大陆渔船在该海域附近的正常海上作业安全造成威胁。既然台方明知不妥、但还要这么做，并威胁到大陆渔民的安全，那么大陆海警恐怕是更应该进一步出击澎湖相关海域了，这样才能让大陆渔民海上正常作业的安全得到保障。不过，大陆海警若是进一步“出击”澎湖海域，这当中意味着什么，又会有什么后果，台“海巡署”真的想清楚了吗？文章来源于军事博主（西江月）
66765f9ffb88ab4b048dd5f1,https://mp.weixin.qq.com/s/q1SnPWMyqtOfd_EGox5N1Q,澎湖海巡水炮轰击大陆渔船？被扣人的时候，可别哭,2024,03,24,2024-03-24,在两岸关系日益紧张的背景下，最近发生了一起令人震惊的事件。近日，台湾海巡在金门水域对大陆渔船采取了极端手段，使用水炮进行驱赶。这一举动引发了广泛的关注和热议，也再次引发了人们对于两岸关系的担忧和不安。回顾这一事件的发生，我们不得不提及2014年的“214惨案”。这一事件曾经造成了两岸关系的严重恶化，也对台湾海巡的执法权造成了质疑。然而，时至今日，台当局似乎并没有对214惨案采取积极的态度，反而在不断破坏两岸关系的路上一路狂奔。最近，随着台湾海巡在金门水域的活动强度不断提升，加之东部战区舰机绕台环台的频率增加，局势更加紧张。而就在近日，台湾海巡竟然对大陆渔船使用水炮进行驱赶，引发了一系列连锁反应。这起事件的具体细节更是令人触目惊心。据报道，3月20日，台海巡署用水炮轰击了大陆渔船，而事发时的海况异常恶劣，浪高达3至4米，这样的情况下使用水炮驱赶，不禁让人担心可能引发更严重的后果。水炮虽然是水，但其杀伤力绝不可小觑，一旦渔船的窗户被击穿，渔民受伤的可能性不容忽视。更何况，在3至4米高的浪头下，即使渔民会游泳，也很容易发生人员伤亡事故。值得注意的是，台湾海巡在驱赶大陆渔船时，竟然使用了水炮这样极端的手段。这种做法不仅引起了国际社会的广泛谴责，也让人们对于两岸关系的发展充满了担忧。在这样的敏感时刻，我们更应该保持冷静，理性地处理双方之间的矛盾，而不是采取激烈的行动，进一步加剧矛盾。尽管台湾海巡可能认为他们有执法权，但他们的行为却严重违反了人道主义原则，也加剧了两岸关系的紧张局势。如果继续采取这样的行动，只会进一步加剧两岸关系的紧张局势，给两岸人民带来更多的困扰和痛苦。因此，我们呼吁台湾海巡应该停止使用暴力手段，理性对待两岸关系，寻求双方共同发展的路径。只有通过平等对话，增进了解，才能够实现两岸关系的和平发展，造福两岸人民。愿双方都能够以开放的心态，共同努力，为两岸关系的稳定与发展做出积极的贡献。
66765f9ffb88ab4b048dd5f2,https://mp.weixin.qq.com/s/5_qx-ZR3ns-CxDKD2I2XeQ,管碧玲刚道歉，大陆渔船再次翻覆，台方：无驱离追赶，但不许登岛,2024,03,24,2024-03-24,恶性撞船事件至今已满一个月，然而，15轮谈判之后，两岸关系依然未见明显进展。本文将深入探讨台湾海巡署与大陆渔船事件的最新进展，以及台方态度的转变。2月14日的恶性撞船事件在两岸关系中掀起了波澜。然而，经过15轮谈判，台方未能对事件作出应有的处理，拒绝惩治肇事者，也未愿意向大陆道歉或进行赔偿，导致谈判陷入僵局。更令人惊讶的是，13日，台湾政要管碧玲的道歉虽然在时间上表现出一定的诚意，但却因其表达方式而引发了更多争议，对两岸关系的缓和毫无帮助。与此同时，令人震惊的是，就在管碧玲的道歉之后不到24小时，又发生了一起重大事件。一艘大陆渔船在金门海域附近翻覆，这次事件引起了更广泛的关注。大陆立即派出救援船和直升机，全力展开救援工作，但仍有2名船员不幸罹难，这让人们再次对两岸关系的发展感到忧虑。在这次翻船事件中，台方展现出了积极的态度，金门方面立即派出了快艇前去救援，尽管台湾“海巡署长”解释称，台海巡在附近巡逻但未针对该渔船，翻船原因尚不清楚，可能与天气问题有关。然而，这一次的积极参与，与之前态度的转变，引起了人们的广泛猜测。台方在这次事件中表现出了与之前态度明显不同的一面，迅速参与了救援工作。这种态度转变可能受到了海警船常态化巡航的影响。自2月14日事件后，福建海警在金门海域展开执法巡航，这可能促使台方担心再次引发争议，因此改变了态度，表现出更多的主动性和配合度。对于海警船常态化巡航对台方态度的转变，我们不得不对其进行更深入的分析。自2月14日事件以来，福建海警在金门海域频繁展开执法巡航，这种行动的频率和强度，无疑对台湾方面产生了一定的压力和影响。台方可能担心再次引发两岸紧张局势，因此更加谨慎地应对各类事件，表现出更多的合作态度。在这一系列事件的背景下，人们对未来两岸关系的发展充满了期待和担忧。金门是否能成为两岸关系的和统试验区？两岸关系的发展趋势又将如何演变？这些问题都值得我们深入思考和探讨。尽管目前的局势仍然复杂且充满挑战，但我们希望双方能够通过对话和协商，化解分歧，推动两岸关系的和平发展。通过本文对台湾海巡署与大陆渔船事件的深入分析，我们更加清晰地了解了双方的立场和态度转变。
66765f9ffb88ab4b048dd5f3,https://mp.weixin.qq.com/s/kORnduuBFLNcpJUx29fBow,统一口子已找到！金门万事俱备，只要搞定守军，岛内民众自然归心,2024,03,24,2024-03-24,金门渔船翻覆事件的余波仍在持续，一个月的时间过去了，但大陆与台湾当局之间的协商依然没有取得实质性进展。随着时间的推移，大陆开始在金门海域和台湾海峡采取一系列行动，引发了广泛的讨论和不少争议。大陆民众对此不满的声音也日益高涨，有人甚至呼吁大陆海警直接登陆金门。然而，对于为何大陆并未采取实质性行动收复金门，我们有必要从多个方面进行深入分析。首先，要考虑到金门所处海域的地理和环境复杂性。金门海域位于台湾海峡的东北部，是一个交通繁忙、水域复杂的区域。要在这样的海域展开军事行动，不仅需要精密的战术部署，还需要应对可能出现的各种意外情况。尤其是解放军要进行登陆作战，必须面对诸多技术和战术上的挑战，这对于海域中的船只、岛屿以及潜在的地形障碍都提出了严峻的考验。其次，金门目前的守军规模有限，且装备相对较老旧，战斗力并不足以构成实质威胁。尽管金门地处战略要地，但其防卫设施和人员配置并不足以抵御大陆强大的解放军。在金门的军事布局上，长期以来存在着缺乏投入、保障不足的问题，这使得金门在军事上显得相对薄弱。值得一提的是，大陆政府在解决金门居民的实际问题上已经采取了一系列措施。自来水管道的修建、基础设施的完善等举措，不仅改善了金门居民的生活水平，也增加了他们对大陆的好感。这些实际行动不仅体现了大陆政府的善意，也减少了金门居民对大陆的不满情绪，从而为维护两岸和平关系创造了有利条件。金门岛与大陆之间的联系密切，许多金门居民自认为是大陆的一部分。金门居民积极支持祖国统一，渴望两岸和平统一的心情在翻船事件中得到了更加深刻的展现。在事件发生后，金门县政府积极参与救援行动，主动协调两岸关系，展示了金门在维护两岸和平关系中的建设性作用。金门被认为是台湾地区中最盼望两岸统一的地区之一，他们坚决反对民进党及“台独”势力的分裂言行，希望通过两岸合作实现共同繁荣。针对解决台湾问题的新思路，我们可以提出一些具体的建议。首先，可以考虑在解除金门武装力量后，通过和平手段尝试收复金门。这种方式不仅可以减少冲突和伤亡，也有助于为两岸问题的解决提供一个良好的开端。其次，通过加强两岸关系和改善金门民生，可以增强大陆对金门的影响力，从而促进两岸统一的进程。这一新思路强调了和平发展的重要性，旨在为实现国家的长远发展目标做出积极贡献。
66765f9ffb88ab4b048dd5f4,https://mp.weixin.qq.com/s/oXorZoHp0bL3lyWWiF1kJA,解放军备战打“独”话音刚落，传大陆渔船包围金门？台海巡署表态,2024,03,24,2024-03-24,解放军态度强调坚决打击“独”促统解放军发言人吴谦最近再次强调了解放军对台海局势的态度。在他的讲话中，他直言不讳地指责民进党与外部势力合作，试图操纵“台独”意图，挑起台海局势的紧张。这种行为被认为是对国家主权和领土完整的严重挑衅。吴谦强调，面对台海局势的复杂性和不确定性，解放军将继续加强练兵备战，坚决打击任何“独”促统的行动。民进党被指责为台海紧张局势的责任方在当前台海局势紧张的背景下，解放军将民进党视为操纵“台独”意图的主要责任方。他们指责民进党与外部势力合作，试图煽动“独”促统的言论和行动，破坏了台海地区的和平稳定。解放军认为，民进党的所作所为不仅是对两岸关系的破坏，也是对国际社会的挑衅，因此将对其实施反制，以维护国家的统一和安全。解放军行动级别升级，从反“独”转向打“独”随着台湾地区领导人选举的举行，解放军的行动级别已经由反“独”促统转变为直接打击“独”促统。这是对赖清德当选后释放的“台独”信号做出的明确回应。解放军表示，他们将采取针对性的行动，打击“台独”势力及其错误判断，以确保国家的统一和领土完整。解放军加强军事建设以适应现代战争需求为了应对日益复杂的国际安全形势和台美关系的变化，解放军正在持续加强军事建设，不断提升作战力量。特别是面对美国对台军售等挑战，解放军将新质作战力量融入军队建设，以应对可能出现的各种情况。这包括提升装备水平、加强训练，以及提高应对突发事件的能力，以确保国家的安全和稳定。多样化的解放军对策与工具为了增强解放军的作战力量，解放军采取了多样化的对策，并广泛运用各种新型武器装备。其中，无人机、电子战等高新技术武器的应用正在得到越来越多的重视。这些武器不仅能够提高作战效率，还能够有效地消除“台独”势力的侥幸心态，维护国家的安全和稳定。台军态度逐渐转变，岛内局势有所缓和近期，台军试图通过挂起免战牌来避免与解放军的冲突。同时，岛内对大陆海警船的执法行动逐渐接受，这表明台湾方面的态度正在发生转变。这种转变有助于缓解两岸关系的紧张局势，为未来的和平发展创造了有利条件。两岸关系的现状和未来走向在当前两岸实力差距的背景下，统一进程仍在持续进行中。大陆坚持强硬立场，将采取一切必要措施维护国家的主权和领土完整。与此同时，台湾逐渐接受大陆的存在，并采取了一些积极的举措来改善两岸关系。在未来，两岸关系的发展取决于双方的政策取向和外部环境的变化。双方需要保持理性和克制，通过对话与协商解决分歧，推动两岸关系的和平发展。
66765f9ffb88ab4b048dd5f5,https://mp.weixin.qq.com/s/eaSBzh_mdHj-bgJc8xNbxg,金门事件的”幕后凶手“另有其人？管碧玲道歉不到24小时，又有大陆渔民遇难！,2024,03,24,2024-03-24,"点击上方蓝字关注我们台海一角，凛冽的海风伴随着深沉的哀悼，两位大陆渔民的家庭在痛失亲人后，终于迎来了台海巡署的道歉。但是这场悲剧并未就此画上句号。金门东碇岛附近，一艘名为""闽龙渔61222""的渔船不幸倾覆，海上的搜救行动如同与时间赛跑，两名渔民已被无情的海浪夺走生命，另外两人仍旧下落不明。台湾金门海巡队与大陆救援船舰并肩作战，共同在茫茫大海中寻找生命的踪迹。台湾方面虽然就""214恶性撞船事件""表达了歉意，管碧玲女士亲自承认了搜救操作和应急响应上的疏漏，更是提出了对海巡署工作程序和装备管理流程的全面审视。这一连串的行动，显露出台当局对于此次事件的深刻反思和诚意。   对于最新的""金门渔民遇难事件""，尽管官方尚未给出明确的说法，但各种迹象似乎指向了某些国家的操弄。在这里，我们并不轻易下结论，但海域平静的天气和渔民的专业经验，似乎排除了自然灾害和机械故障的可能性。倘若真有外部势力在这背后操纵，那么这不仅是对大陆的挑衅，也是对区域和平的威胁。若此事与美国有关，那么中美紧张的关系可能会进一步恶化。在官方调查结果未出炉之前，我们应保持客观，不被早期的猜测所左右。在这一事件中，保持冷静的同时，我们也需警惕外部势力可能带来的影响。   在这复杂的国际棋局中，台湾岛的未来，似乎正被卷入一场大国间的角力。而""214恶性撞船事件""，可能成为未来发展的一个转折点。在这个关键时刻，每一步走得如何审慎，都将影响着未来的方向。在这片被争议与猜忌笼罩的海域，每一次的悲剧都不禁让人思考，究竟是何种力量在操弄着命运的齿轮。台海两边一衣带水之隔，却也是风波不断的焦点。在这样的背景下，任何事故都可能被解读为深层次政治博弈的信号。    在""214撞船事件""的阴影尚未散去之际，""金门渔民遇难事件""再次触动了敏感的神经。这不仅是对遇难渔民家属的一次巨大打击，更是对关系脆弱平衡的一次严峻考验。台海的平静之下，隐藏着怎样的暗流涌动，仍待我们细致的探寻。我们不能忽视的是，台海周边地区的军事动态，已经成为影响的关键因素。美国在台湾的军事存在，以及大陆对此的反应，都在无声地改变着区域的力量构架。在两岸的大背景下，任何事件都不是孤立的。""214撞船事件""的影响仍在发酵，如果未能妥善处理，可能会促使大陆加快寻找解决两岸统一问题的步伐。而在这个过程中，台湾岛内的政治选择，尤其是民进党当局的策略，将决定着局势的发展方向。   台湾当局依赖外部力量，试图以此提升其政治地位和安全感，但这种策略是否能真正带来安全，或者是在不稳定的火药桶上再添一把火，仍然是一个未知数。历史告诉我们，过度依赖他国的保护，可能会在关键时刻失去自主权，甚至引发更大规模的冲突。在这一切未知与可能之中，我们唯一能确定的是，台海的未来需要更多的智慧与冷静。两岸之间的互信与合作，才是真正维护区域稳定和平的关键。在这样的时刻，任何轻率的行为都可能成为引发更大冲突的导火索。   拦截成功！拜登肺都气炸了！中国“反制裁”也太狠了，外媒：美国军工将遭到“灭顶之灾”点个在看你最好看"
66765f9ffb88ab4b048dd5f6,https://mp.weixin.qq.com/s/Cl8dG9blxyTgU9UDWjrBzw,金门突然传出噩耗！王毅发出统一最强音，美国迅速发布撤侨令,2024,03,24,2024-03-24,戳上面的蓝字关注我们哦！致力于关注国际军事新闻，传播正能量，弘扬爱国精神！感谢您的观看，请关注并把我分享给更多的朋友！我会坚持为您服务！近日，据台媒报道，大陆渔船“闽龙渔61222”在金门东碇岛西南1.1海里翻覆，导致船上5名船员落海。目前，大陆方面已成功营救1人，但尚有4人待救。金门海巡队已派出4艘船参与救援，同时大陆也派出6架直升机和海上救援船协助。金门县长陈福海得知消息后，要求相关单位保持关注并提供必要支援，希望漳州渔民能够平安获救。当前，搜寻任务仍在进行中。这场事故引发了罕见的大陆搜救人员和台湾“海巡”人员一同进行救援任务的场景，这或许会对两岸关系的缓和产生积极影响。然而，尽管如此，台湾方面对大陆的立场依然坚决。台湾“海巡部门”负责人周美伍指出，台湾方面虽然同意允许大陆救援人员在海域展开救援行动，但限定他们不能登上东引岛。与此同时，台湾“国防部”负责人邱国正表示，目前台军已经启动了联合情报侦察系统进行监控，并强调如果“对方”有军事动作，台湾海军将派遣支援部队前往。这些举动显然显示了台湾当局的过度紧张，他们担心大陆可能会借此事件采取行动。有专家指出，由于之前未能妥善应对“2·14”事件，台湾面临着巨大的社会舆论压力，而大陆则对台方的行动表现出强硬态度，多次进行严厉谴责，并迫切要求台方做出回应。面对类似事件再次发生，台湾当局显然已经吸取了以往教训，因此采取了与之前截然不同的行动。如果台湾当局这次对大陆渔船事故采取袖手旁观的态度，将会进一步印证他们被指责“冷漠、无情”的说法，甚至可能导致“2·14”事件再次引起轩然大波。鉴于双重压力的影响，台方显然难以承受，这或许也是台当局此次选择“积极”救援的原因。无论是发生在哪里的水域，无论是台湾的渔船还是大陆的渔船，一旦遇到问题，两岸间的相互协作机制必然会发挥重要作用，这是应当受到肯定的事实。无论如何，两岸同胞是一家人，同属于中华民族，都是中国人、兄弟姐妹，在面临困境时相互援助是理所当然的，更是义不容辞之举，这也是我们应尽的职责。台湾海峡环境十分复杂，自然灾害频发，因此两岸有必要积极沟通，共同制定完备的互助计划。近日，中国台湾网报道了第二大消息，中共中央政治局委员、外交部长王毅在记者会上再次阐明了中方对台湾问题的严正立场，同时划定了明确的红线，对“台独”分裂势力和纵容支持“台独”的外部势力做出了明确警示。王毅再次强调，台湾是中国的不可分割一部分，这一事实不容置疑，也不容改变。无论是台湾的选举结果，还是民进党当局精心包装的“台独”分裂图谋，以及外部势力对“台独”分裂的支持与纵容，都无法改变台湾是中国领土的基本事实。台海和平的稳定受到“台独”分裂活动的严重干扰，为了维护台海地区的稳定，我们必须坚决反对“台独”。只有坚定奉行一个中国原则，才能更有效地确保台海的和平安宁。我们的立场非常明确，即致力于诚心诚意为实现和平统一不懈努力。同时，我们坚决不允许台湾分裂出祖国怀抱。任何在台湾内部鼓吹“台独”的人注定将受到历史的审判。国际上任何支持“台独”的行为都将自食恶果，遭受报应。海峡两岸人民同宗同源，共同反“台独”、支持和平统一是每一位中华儿女、龙的传人应当肩负的民族大义。在今年的政府工作报告中，已经有不少人注意到，“和平统一”的表述已被移除，取而代之的是“深化两岸融合发展”，更加强调“推进祖国统一大业”，捍卫中华民族的根本利益。这显然是深思熟虑的结果，尤其在台湾当局屡次挑衅滋事、挟洋自重之际，“撞船事件”彻底点燃了大陆官方与民间的怒火。金门事件过后，在与台湾当局的沟通完全失败之后，泉州台办副主任李朝晖宣称“一切后果由民进党负责”后便离去。问来，民进党是否真的认为大陆是可以随意摆布的“软柿子”，或是妄自吹嘘的“纸老虎”呢？王毅外长先前也重申，台湾从未是一个独立的国家，过去不是，将来也不可能是！实现“台独”一直是空谈，过去不可能，今后更是不可能！任何在台湾内部企图推崇“台独”的行为，都将被视为破坏中国领土完整，必将受到历史和法律的惩罚。任何国家或地区试图背离一个中国的原则，将被视为干涉中国内政、侵犯中国主权，必将遭到中国人民乃至国际社会的共同抵制。推进“台独”不仅对台湾同胞的福祉构成严重威胁，也将极大破坏台海地区的和平与稳定，这条道路是一条没有出路的死胡同。据央视新闻报道，海地首都太子港的总统府附近近期发生了一场规模庞大的枪战。根据海地警方透露，帮派武装首先袭击了太子港警察局，随后又对总统府及周边地区发动了袭击，与警方爆发激烈火拼。新华社报道指出，海地是全球其中一个最贫穷的国家。2021年7月7日，海地时任总统若弗内尔·莫伊兹不幸遇刺身亡，导致政权真空，黑帮势力进一步蔓延，犯罪率飙升。原计划在2024年2月7日之前举行的海地大选却未能按时进行，引发了社会的广泛不满情绪。最近，联合国在一份声明中发出警告称，海地的卫生系统正面临着“极度脆弱”的状态，受到新一波帮派暴力袭击的影响。根据联合国人道主义事务协调厅的表态，由于药物、医疗人员和床位的短缺，海地许多卫生设施已经停止运营或大幅减少，医疗状况令人担忧。联合国秘书长的发言人指出，“暴力升级”迫使太子港最危险地区至少有1.5万人不得不撤离。据联合国数据显示，海地帮派之间为争夺势力范围而展开的冲突导致人道主义灾难，导致逾30万人无家可归，超过520万人急需援助，这一数字约占该国人口近一半。美国驻海地大使馆早前发文称，由于“美国使馆及机场周围的帮派暴力升级”，美国国务院已安排紧急撤离。美军已调派飞机，从美国驻海地使馆撤离非必需人员，并加强了在太子港外交机构的安保措施。美国南方司令部在一份声明中表示，此举符合“加强全球大使馆安保的标准做法”，同时强调撤离飞机上没有海地人员。白宫国家安全委员会发言人表示，总统拜登批准了这一行动，对海地形势仍“深感担忧”。作为海地的合法政府，总理亨利曾多次向联合国寻求援助，而去年10月，联合国批准了派遣多国维和部队到海地的计划。该计划规定成员国自愿承担责任，并旨在帮助海地重建秩序、维护合法政府权威。令人匪夷所思的是，虽然决定已久，但有关维和部队的实施却毫无进展。一些评论指出：“在未得到美国的默许之前，维和部队恐怕无法行动；实际上，可以这样说，不需要联合国出面介入，局势就能得到缓解，海地这个国家最不幸的就是位于美国家门口，仅此而已。”[免责声明]：文章描述过程、图片都来源于网络，此文章旨在倡导社会正能量，无低俗等不良引导。如涉及版权或者人物侵权问题，请及时联系我们，我们将第一时间删除内容！如有事件存疑部分，联系后即刻删除或作出更改。素材来源官方媒体/网络新闻（文章由AI生成）点个“分享”和“再看”的都是大大的好人！
66765f9ffb88ab4b048dd5f7,https://mp.weixin.qq.com/s/6oUNlPYtHsb913SFYPa2UA,​金门渔船风波引猜想，解放军竟选择“按兵不动”？背后真相令人咋舌！,2024,03,23,2024-03-23,近日，金门海域的一起渔船事件如同投入湖中的石子，激起层层涟漪。在波涛汹涌的国际形势下，这一看似寻常的海上摩擦，却迅速成为舆论的焦点。人们纷纷猜测，这会不会成为解放军动武的契机？然而，出人意料的是，解放军却选择了保持冷静与克制。那么，这背后究竟隐藏着怎样的真相呢？图片金门，作为海峡的咽喉要道，历来都是军事争夺的焦点。在这片充满历史沧桑的海域，任何风吹草动都可能引发连锁反应。此次事件，一艘金门籍渔船误入敏感区域，随即遭到不明身份船只的拦截和盘查。消息传出后，两岸民众的神经立刻紧绷起来，各方势力也开始暗中较量。面对这一突发事件，舆论场上出现了多种声音。有人认为，这是解放军展示武力的好时机，应该借此机会给予对方严厉打击。然而，也有观点认为，和平解决问题才是最佳途径，动武只会让局势更加恶化。在这种背景下，解放军的克制态度显得尤为引人注目。解放军为何选择克制而不是动武呢？这背后的原因远非表面看起来那么简单。首先，我们要明白，战争从来都不是解决问题的最佳手段。尤其是在和平与发展的时代背景下，战争带来的破坏和损失是难以估量的。解放军深知这一点，因此他们更倾向于通过和平手段来解决问题。图片解放军的克制也体现了他们的战略智慧和远见。在当今这个多元化、全球化的世界里，任何单方面的行动都可能引发连锁反应，甚至导致局势失控。解放军深知，只有保持冷静和克制，才能最大限度地维护地区和平与稳定。解放军的克制还基于对两岸关系的长远考虑。他们清楚，金门渔船事件只是两岸关系中的一个小插曲，如果因为这次事件而采取过激行动，那么对两岸关系的长远发展将带来难以弥补的损害。因此，他们选择了以大局为重，通过对话和协商来解决问题。值得注意的是，这次事件中，美军四星上将马克·米利也发表了自己的看法。他认为，解放军之所以选择克制，是因为他们具有清晰的战略目标和远见卓识。米利将军的这番话无疑为我们提供了一个新的视角来看待这次事件。图片回顾这次金门渔船事件，我们可以发现其中蕴含的深刻启示。在这个风起云涌的时代背景下，我们需要保持冷静和克制，通过对话和协商来解决问题。只有这样，我们才能共同维护地区的和平与稳定。也有人对解放军的克制态度表示担忧，认为这可能会让某些势力误判中国的决心和实力。然而，我们要明白，克制并不等于软弱。相反，它是一种战略选择，是一种成熟和理智的表现。解放军的克制态度并不意味着他们会放弃维护国家主权和领土完整的决心和能力。金门渔船事件如同一面镜子，映照出各方势力的博弈与智慧。解放军的克制不仅是对和平的坚守，更是对未来长远发展的深思熟虑。在这个充满变数的时代里，我们需要更多的理性与克制，共同书写和平与发展的新篇章。
66765f9ffb88ab4b048dd5f8,https://mp.weixin.qq.com/s/hEqF6u7UADK6la5P2oXppQ,【金门紧急状态】台海巡对抗大陆海警，两岸关系再度陷入紧张！,2024,03,23,2024-03-23,背景介绍金门地理位置与战略重要性金门地处于台湾海峡西部，是离台湾最近的一个岛屿，地理位置十分特殊。因其处于两岸交界处，一直以来被视为两岸关系的敏感地带，其重要性不言而喻。金门岛东临福建，西隔台湾海峡与台湾相望，南临南海，北瞰东海，地理位置处于中国大陆东南沿海和台湾地区之间的战略要冲。台海关系紧张背景台海关系一直备受关注，而金门地区更是紧张局势的集中体现。近年来，台海局势持续紧张，两岸关系时而紧张时而缓和，双方的政治、军事、经济等领域的竞争日益激烈。各种挑衅和冲突不断涌现，金门地区成为了这一紧张局势的缩影。事件经过金门渔船倾覆事件前后的态势对比金门渔船倾覆事件成为了近期台海局势的一个导火索。在此事件发生之前，两岸关系虽然紧张但仍相对稳定，双方采取了一定的措施来避免摩擦。然而，此次事件的发生改变了一切，导致双方关系急剧恶化，形势陡然升级。台海巡与大陆海警的互动事件发生后，金门海域成为了双方争夺的焦点。大陆海警频繁出动，进入金门海域，引发台海巡的紧急出动。双方在海上进行了多次交锋，局势一度紧张。这种互动不仅在海域上进行，更是牵动了两岸舆论的神经，成为了舆论场上的热门话题。台当局反应与解读台海巡所谓“驱离”行动实质面对大陆海警的挑衅，台海巡声称采取了驱离行动，以维护金门地区的安全。然而，实际上台海巡的行动并未对大陆海警造成实质性影响。有评论指出，台海巡此举更多是为了向内外展示其在金门问题上的主权表态，而非真正意义上的驱离。台防务部门的公告和应对措施台防务部门在事件发生后迅速做出反应，发布公告对事件进行解读，并宣布采取一系列应对措施。其中包括加强对金门地区的军事部署和加强警戒等。这些举措旨在向外界表明台湾方面对于保卫领土和维护地区安全的决心和能力。解放军的举动军舰军机活动情况面对台海局势的变化，解放军也开始加强在金门海域的军事活动。大量军舰和军机频繁出动，展示出其在该地区的军事实力和影响力。这种举动不仅是对外界的一种警示，也是向台湾方面释放出明确的信号。台当局和社会的反应与担忧台当局和社会对解放军的举动表现出了不同程度的担忧和紧张。一方面，他们担心解放军的活动可能加剧地区紧张局势，甚至引发意外事件；另一方面，他们也意识到解放军的举动是对台湾地区安全的直接挑战，需要采取相应的措施应对。展望与结论大陆军舰军机逼近台海的影响大陆军舰军机逼近台海必将对地区局势产生深远影响。这不仅是对台湾地区的挑战，也是对两岸关系的一种重新定义。双方需要以更加冷静和理性的态度面对当前的局势，寻求共同解决问题的途径。台当局面临的挑战与可能走向台当局在面对当前局势时面临诸多挑战，需要在维护地区安全的同时，保持与大陆的稳定关系。未来，台当局需要加强内部团结，增强应对危机的能力，以确保台海地区的和平与稳定。文章看到这里了，别忘了右下点在看+点赞👍👇点击关注 设为星标，第一时间收到更新内容哦免责声明：本号对所有原创、转载文章陈述与观点均保持中立，内容仅供读者学习和交流。文章、图片等版权归原作者享有，如有侵权，请留言联系更正或删除
66765f9ffb88ab4b048dd5f9,https://mp.weixin.qq.com/s/3xF_n4Gy5M824RV5wJcr1g,台军叛逃？移交计划有变，大陆所救金门人员是军人，存在4种可能,2024,03,23,2024-03-23,近日有重要消息传出，18日被大陆海警救起的金门落海钓客竟有军人身份？事出突然，大陆移交计划有变，这里面存在4种可能。近两个月来，金门周边海域可谓是风急浪高。先是2月14日发生的大陆渔船颠覆事件，至今也没有个结果。接着就是3月14日，又有大陆渔船在金门周边海域沉没。而3月17日晚，又有一艘金门的三无小船在该海域失去动力，在大雾中迷失，大陆海警收到信息大半夜立即出动，经几番努力于18日凌晨救起船上两人，本来计划19号将他们放回金门，但是却突然发生变化。有消息传出，救起的其中一人是军人身份，这也让事件更加扑朔迷离起来。让我们仔细来分析分析，就此事而言主要有以下4种可能。第一，有关消息是误传，被救起的两人就是普通渔民或者是其他身份，大陆因为某些原因只是暂时没有放回他们，当然，这种可能性不大。第二，其中一人是台军身份，他在休假旅游期间出现意外，致使船只失去动力，加上迷失方向，才意外漂流到了大陆这边，所以大陆在发现其军人身份后，要对其进行仔细确认。毕竟当下两岸关系紧张，加上台军方面宣布下个月将在金门地区举行实弹演习，任何情况都有可能发生，必然要小心甄别。其实前些年也有过类似的事情，当时也有台军被大陆意外救起，修养后就返回了金门。第三种可能，那就是该台军想投诚，而且目前看来，这种可能性最大。为什么这样说呢？首先台军内部有规定，军人不能随便到海边垂钓游玩，更不能出海，以前只要是有军人出海，那就一定会动用迫击炮将其击毙，甚至要出动两栖特战队将其抓回。因为一旦出海，就意味着大概率是叛逃，必须严惩。其次，有传言称是此人主动向大陆交代的军人身份，本来我们都打算将其放回了，但是他主动交代，也就意味着他不想回去，是要来投诚的。再次就是在迷失的过程中，他没有选择和台军方面联系，即便不知道方位，那也可以通过通讯来定位，但是他没有这样做，也没有联系台“海巡署”，说明这是有计划的一次行动。所以说，该台军投诚的可能性是最大的。当然，也还有第四种可能，就是此人是台军派出执行任务的军人，他们出海不是为了度假或是垂钓，而是要执行间谍任务，比如说记录海域水文数据等等。然而没想到发生意外情况，迷失方向飘到大陆这边。台军方面考虑到金门周边大陆海警较多，一旦出动较多船只搜救，必然引起大陆怀疑，没想到两人被大陆救上了岸，还暴露了军人身份，并被扣下调查。事实到底如何，还有待更多的爆料才能确定。但是可以肯定的一点是，随着大陆海警、解放军 不断加强对金门周边趋势的实控，已让岛内台军惶惶不可终日，如今的金门已经成为了岛内对抗大陆的一线，却也有可能成为台军投诚大陆的一线。
66765f9ffb88ab4b048dd5fa,https://mp.weixin.qq.com/s/5u5_yvc4yFoIYmtTzjciGQ,台军宣布在金门海域实弹射击，大陆渔船逼近澎湖，台当局进退两难,2024,03,23,2024-03-23,近日，台军宣布在金门海域进行实弹射击的消息，迅速引发了外界的高度关注。而就在此消息传出的同时，大陆渔船在台海周边的活动也再次成为焦点。这一系列事件不仅揭示了台海地区的紧张局势，也凸显出大陆在维护国家主权和领土完整方面的坚定决心。据台湾防务部门发布的消息，此次实弹射击被描述为“例行性”的军事演习，旨在提升部队的战备能力。然而，这一行动背后的真实意图却引发了外界的猜测。尤其是在台海局势持续紧张的背景下，这样的实弹射击无疑是在向外界展示台军的“肌肉”，试图通过军事手段来维护自身的安全利益。然而，台军的这一举动似乎并没有达到预期的效果。相反，它反而让外界更加清楚地看到了台军与大陆在军事实力上的巨大差距。大陆的海警船和渔船在台海周边的活动早已成为常态，而台军在面对这些船只时，往往只能采取观望和监视的态度，无法采取实质性的行动。以3月17日的事件为例，台军虽然宣布了实弹射击的计划，但大陆渔船却依然在附近海域自由航行。这些渔船不仅没有被台军的实弹射击所吓倒，反而表现出了极高的警惕性和应对能力。他们不仅密切关注着台军的动向，还采取了必要的措施来保护自己的安全。这种局面让台军陷入了尴尬的境地。一方面，他们希望通过实弹射击来展示实力，维护安全；另一方面，他们却又无法有效应对大陆渔船的活动，甚至无法阻止这些船只进入自己的领海。这种矛盾不仅暴露了台军在军事实力上的不足，也让他们在面对大陆时显得更加被动和无助。与此同时，大陆方面也通过这一事件向外界传递出了明确的信息：维护国家主权和领土完整是大陆坚定不移的立场，任何企图挑战这一立场的行为都将受到坚决的回应。大陆的海警船和渔船在台海周边的活动，既是对台军实弹射击的回应，也是对台当局谋“独”行径的警告。面对大陆的坚定立场和强大实力，台当局显然感到了前所未有的压力。为了应对这种压力，蔡当局不得不采取一系列措施来试图稳定局势。她不仅加强了与民众党和国民党的沟通与合作，还加大了对台军的投入和训练力度，试图通过提升军事实力来维护自身的安全利益。然而，这些措施似乎并没有起到太大的作用。相反，它们反而让台当局陷入了更加被动的境地。一方面，加强与民众党和国民党的合作并不能解决台海地区的根本问题；另一方面，加大对台军的投入和训练力度也无法改变台军在军事实力上与大陆的巨大差距。在这种情况下，台当局似乎已经陷入了进退两难的境地。他们既无法通过军事手段来维护自身的安全利益，也无法通过政治手段来化解台海地区的紧张局势。这种局面让台当局不得不重新审视自己的立场和政策，寻找新的出路。对于大陆来说，台海地区的稳定和发展是关系到国家核心利益的重要问题。因此，大陆将继续坚定不移地维护国家主权和领土完整，同时也将积极推动两岸关系的和平发展和融合发展。在这个过程中，大陆将采取一切必要的措施来应对任何挑战和威胁，确保台海地区的和平与稳定。同时，大陆也将继续加强与国际社会的合作与沟通，推动国际社会在台海问题上形成共识和合力。通过加强与各国的经贸合作、文化交流等方式，增进相互了解和信任，为台海地区的和平稳定创造更加有利的国际环境。总之，台军实弹射击和大陆渔船的活动再次凸显了台海地区的紧张局势和复杂性。在这个问题上，大陆将继续坚持自己的立场和原则，采取一切必要的措施来维护国家的核心利益。而台当局则需要认真反思自己的政策和立场，寻求更加符合实际和可行的解决方案。只有这样，才能真正实现台海地区的和平稳定与繁荣发展。
66765f9ffb88ab4b048dd5fb,https://mp.weixin.qq.com/s/0eOmPmv2XdOnIoP_kdEr5g,台海巡部门疯狂报复！水炮攻击大陆渔船！,2024,03,23,2024-03-23,最近，金门渔船事件还没有解决，台“海巡署”又开始对大陆渔船下手。据报道，3月21日，多家台媒报道称，台海巡部门公开了一段视频，20日在澎湖海域避风的7艘大陆渔船，遭到了台海巡船的水炮攻击。台方解释称，因为海上风浪过大，台海巡人员无法登船检查，但为了避免大陆渔船以避风为由“越界”捕鱼，所以台海巡队“屏东舰”与10087船，通过广播以及水炮驱离的方式逼迫大陆渔船离开澎湖海域。然而，事实上，台海巡部门完全是在对大陆渔船进行“报复”。当天大风7-8级，阵风10级，浪高3-4米，台方却用水炮驱离大陆渔船，很可能与几天前的一次冲突有关。据悉，在3月18日当天，大陆渔船现身澎湖海域，当时澎湖海巡队出动500吨级船只澎湖舰，前往澎湖海域准备扣押大陆渔船。没想到，大陆渔船早有准备，在船身两侧加装了各约3米长的铁杆，导致台方船只无法靠近，无奈之下也只能以风浪太大为借口，对大陆渔船进行喊话驱离。所以，大陆渔船被台海巡部门水炮驱离，很难不让人怀疑是在报复大陆渔船。这种“欺软怕硬”的行为，只会让自己陷入绝境，每次面对大陆海警巡查，台海巡部门就以各种理由拒绝出动，结果在大陆海警巡查间隙，台“海巡署”就开始耍威风，欺负大陆渔民。这件事再一次证明，大陆有必要收回澎湖的“执法权”。从2月14日渔船事件发生至今，已经过去近40天的时间，但台方对大陆提出的诉求只字不提，甚至推卸责任。显然，民进党当局仍然抱有侥幸心理。我们有必要采取更强硬的反制措施，加大力度打击台当局的“痛处”。21日，台军方夜间突然发布紧急消息，大陆32架军机出动，在台岛周边展开密集巡航。其中有20架次军机进入台岛北、中以及西南空域，配合大陆军舰展开“战备警巡”。随后，在21日夜间，我军又有20架军机夜间出海，包括苏-30、运-8等多种机型。台媒透露，有9架军机一度逼近基隆42海里，台军导弹部队警报响起，启动应处。要知道，最近台军刚刚表示，将在金门本岛、烈屿等地进行实弹射击演练，同时将对周边海空域进行管制。大陆日前启动了厦金航道疏通项目，出动多艘挖泥船疏通连接金门与厦门之间的航道。台军此时宣布实弹演习，无疑是要震慑大陆，维护自己在金门的“控制力”。在这样的背景下，大陆军机突然出动，目的不言自明。台军公然在金门海域实弹射击，已经严重威胁到大陆。从厦门岛到狮屿的最近距离不足4公里，一旦展开实弹演习，个别岛屿可以对厦门构成直接威胁。针对台军实弹训练，台退将栗正杰表示，这个命令到底是谁下的？就算是给金门防卫部100个胆子，给邱国正10个胆子，也不敢在狮屿实弹射击。届时，大陆会出动大批渔船，台军还敢不敢射击？渔船背后就是海警与海军，直接将炮口对准金门。如果台军打到大陆渔船，那么大陆完全有理由“开炮”。实际上，我们不难猜到，没有民进党当局的同意，台军自然不敢轻举妄动。因此，台军选择在金门训练，明显是在试探大陆，看看大陆的“容忍度”有多大。从而在赖清德正式就职之后，制定新的策略。然而，民进党显然低估了大陆实现统一的决心。如果台方继续恶意针对大陆渔船，只会进一步压缩自己的活动空间。至于台军是否有胆量在金门进行演习，让我们拭目以待。
66765f9ffb88ab4b048dd5fc,https://mp.weixin.qq.com/s/FsGz9BtZ_sAp0LCelXtoyA,台海风云再起！渔船事件揭示两岸关系新走向，谁将成为最终赢家？,2024,03,23,2024-03-23,在波澜壮阔的台海舞台上，一场由214渔船事件引发的风波正席卷而来。这不仅仅是一场简单的海域争夺战，更是两岸关系新篇章的历史性标志。那些企图逆历史潮流而动的台独势力，在这场较量中显得如此不堪一击。民进党当局在此次事件中选择了沉默策略，企图用这种方式蒙混过关。他们不道歉、不追责、更不赔偿，仿佛一切都与他们无关。然而，大陆的回应却如同一记重拳直击其要害，让民进党当局的沉默策略瞬间瓦解。大陆方面正式没收金门海域执法权，这一行动不仅是对民进党当局的有力回击，更是对国家主权和领土完整的坚定维护。当中国海警舰艇编队浩浩荡荡地驶入金门南面“禁限制水域”时，那种震撼和威严让人肃然起敬。这些舰艇如同守护神一般，捍卫着国家的尊严和利益。而民进党当局所依赖的那些小艇，在大陆海警的强势面前显得如此苍白无力，仿佛是一只只待宰的羔羊。在这场风波中，我们看到了历史巨轮正在缓缓转动，将台岛的回归进程推向了一个新的速度。那些企图阻挡历史潮流的台独势力注定会被碾碎在历史的车轮下。因为他们忘记了一个事实：两岸同胞血脉相连、情感相依，共同向往着和平统一、共同繁荣发展的未来。让我们来详细解析一下这场风波的背后。根据相关资料显示，214渔船事件起因于一艘台湾渔船在金门海域被大陆海警扣留。这一事件迅速引发了两岸的关注和舆论风波。民进党当局选择了沉默策略，企图用这种方式来应对大陆的回应。然而，他们的沉默并没有换来大陆的谅解和妥协，反而让大陆方面更加坚定了维护国家主权和领土完整的决心。在这场较量中，大陆方面展现出了强大的实力和坚定的立场。他们不仅没收了金门海域执法权，还通过海警舰艇的巡航展示了自己在台海问题上的强硬态度。这些行动让民进党当局感受到了前所未有的压力和挑战，也让他们明白了一个道理：任何危害国家主权和领土完整的行为都将遭到坚决的反击。而在这场风波中，我们也看到了两岸关系的新走向。那些企图破坏台海和平与稳定的行为注定会遭到失败和惩罚。因为只有和平统一、共同繁荣发展才是两岸关系的最终归宿。那些企图逆历史潮流而动的台独势力注定会被历史所淘汰和遗弃。回顾整篇文章，我们不难发现一个事实：在这场由214渔船事件引发的风波中，大陆方面展现出了强大的实力和坚定的立场，将台岛的回归进程推向了一个新的速度。而那些企图阻挡历史潮流的台独势力则显得如此脆弱和无力。因此，我们可以得出一个结论：和平统一、共同繁荣发展才是两岸关系的最终归宿，任何企图破坏这一进程的行为都将遭到失败和惩罚。“台独势力，你们还想咋地？历史的车轮已经滚滚向前，赶紧顺应潮流才是正道！”对于这场风波，你有什么看法呢？欢迎在评论区留言讨论！欢迎下方右侧一键分享至朋友圈，同时点击【点赞】与【在看】，获得更多好文推荐！
66765f9ffb88ab4b048dd5fd,https://mp.weixin.qq.com/s/RIwEE2smX8sCU7UAa7rO_w,大陆渔船包围金门？台海巡署表态，台退役少将：这是开始还有后招,2024,03,23,2024-03-23,近年来，随着大陆海警在夏金海域的执法常态化，金门海巡署面临了前所未有的挑战。这种执法常态化不仅影响了金门海域的安全局势，也在一定程度上制约了金门海巡署的执法能力。在这种情况下，金门海巡署不得不被动地观望大陆渔船的执法行动，而无法有效地履行自己的职责。大陆海警的常态化执法举措旨在保障大陆渔船在传统渔场的捕鱼作业，同时也是对台海巡署暴力执法的一种回应，凸显了大陆对台海事权的主张。然而，这种执法行动也引发了一些误解。有关渔船在“禁限制海域”聚集的报道，实际上是对大陆渔民在进行正常捕鱼活动的误解，而非对金门岛的包围。台海巡署在面对大陆渔船执法时陷入了困境。他们无法有效采取行动，因此需要思考应对之策。大陆在台海的军事部署也日益加强，解放军在台海战备警巡常态化，大陆海警和军舰在金门海域的活动频繁。这些举措不仅影响了金门海巡队的工作，也对台湾的安全构成了挑战。台方对大陆执法行动做出了一系列反应，包括派遣舰艇和调整军事策略等举措。然而，面对大陆的行动，台方仍然面临着诸多挑战，其中可能带来的后果也不容忽视。总的来说，大陆海警在夏金海域执法的常态化举措对金门海巡队和台湾安全产生了重要影响。台海巡署面临着巨大困境，而台方对大陆行动的反应和挑战也在不断演变。在当前复杂的局势下，双方需要保持克制，寻求通过对话和协商解决分歧的途径，以维护地区的和平与稳定。此外，大陆海警在夏金海域执法的常态化举措还对金门海域的渔业活动产生了深远影响。大陆渔民得以在传统渔场进行捕鱼作业，这对于他们的生计至关重要。然而，与此同时，台湾的渔民们也感受到了压力。他们担心大陆渔船的频繁出现会对金门海域的渔业资源造成威胁，甚至对自己的生计产生负面影响。这种担忧在金门岛民众中间逐渐蔓延，使得金门海域的局势更加紧张。面对大陆海警的常态化执法，台海巡署需要认真思考应对之策。他们必须与政府相关部门密切合作，制定出一套全面有效的对策，以保障金门海域的安全和稳定。这可能包括加强巡逻力量，提高监控技术水平，以及加强与大陆方面的沟通协调，寻求双方的合作共赢之道。同时，台湾政府也需要通过外交渠道加大对外援助和合作，争取国际社会的支持和理解，以应对大陆在台海的军事部署和执法行动所带来的挑战。对于大陆的军事部署和执法行动，台方必须保持高度警惕，并制定出切实可行的战略应对方案。他们需要不断提升自身的军事实力和战备水平，以确保能够有效应对任何突发事件和挑战。同时，台湾政府也应加强与美国等盟友的合作与联络，共同维护台海地区的和平与稳定，防范任何可能的威胁和挑战。在当前台海局势复杂严峻的情况下，双方应该保持冷静理性，通过对话和协商解决分歧，共同致力于维护台海地区的和平与稳定。只有通过合作与努力，才能够实现双方的共赢，实现台海地区的长治久安。
66765f9ffb88ab4b048dd5fe,https://mp.weixin.qq.com/s/A6ZeJ7ulJ4AKmO_7OEjceQ,实弹演习后，赖清德怂了？金门事件后的大陆反制与“一国两区”迷思,2024,03,23,2024-03-23,台海局势，历来是牵动两岸乃至全球华人关注的焦点。今年以来，两大事件让这片海域再次风起云涌：金门撞船事件与赖清德即将举行的就职典礼。这两大事件背后，究竟隐藏着怎样的深层次较量？2月14日，金门海域发生了一起震惊两岸的撞船事件。一艘台湾渔船公然撞击大陆海警船，造成人员受伤、船只损毁。这一行为不仅严重违法，更是对大陆的公然挑衅。然而，民进党当局对此事的态度却令人大跌眼镜。他们不仅未作出正面回应和谴责，反而似乎有意拖延、逃避责任。这种不作为的态度，无疑是在挑战大陆的底线。面对民进党当局的挑衅行径，大陆海警部门果断采取行动，加大了在金门周边海域的执法力度。据统计，截至3月下旬，大陆海警船在金门海域的执法时间已超过200小时，执法强度之大前所未有。这一系列的行动，不仅有效地反制了台湾当局的恶意行径，更事实上收复了厦金海域的执法管控权。民进党当局并未就此罢手。他们竟然计划在4月份指使台军在金门实施实弹射击演练。这一举动无疑是火上浇油，进一步加剧了台海的紧张局势。对此，台湾著名军事专家栗正杰发出了严重警告。他认为，一旦台军对大陆渔船开枪，就等于是在给大陆武力统一创造借口。这一警告并非空穴来风，而是基于对当前台海局势的深刻洞察。面对民进党当局的种种挑衅行径，大陆方面一改过去的作风，连续采取了两大严厉反制行动。解放军多架战机、军舰在台海周边展开了大规模的联合军事行动。这些行动不仅有效地打击了台军的气焰，更整体上构成了对台湾地区的“包围”局势。据统计，仅3月19日一天，就有20架次解放军军机越过了台湾海峡中线并进入台空域；另有一架无人机距离台湾东部海岸仅44海里，这些都是罕见的情况。大陆海事船只也开始大胆逼近传统上被台湾当局视为“领海”的金门岛。3月中旬，一艘名为0807的海事船从泉州起航，自金门东北处驶入，曾一度仅距金门0.2海里。这一举动无疑是对台湾当局的一次严厉警告。面对大陆的强硬反制措施，赖清德当局终于开始感到心有余悸。据透露，他正在考虑调整原有的强硬讲话稿内容，甚至可能重新拾起蔡英文2016年提出的所谓“一国两区”理论。然而，这一理论实质上是将两岸关系简单化为“大陆地区”与“台湾地区”的“双边关系”，试图以此否定“九二共识”中体现的一中原则。这种做法不仅无法解决问题，反而可能进一步加剧两岸的紧张局势。对于赖清德可能提出的“一国两区”主张，蔡英文的亲信李大维进行了解释。他认为，这一主张在于将两岸关系上升为“国际”和“民主国家”的视角。然而，这种解释只是为“一国两区”伪命题换了个马甲而已。实际上，这种做法只是在试探大陆的底线，试图寻找一种既能满足台湾当局需求又不至于触怒大陆的说辞。这种做法显然是不可能成功的。现如今的两岸关系已经与2016年大不相同。如果赖清德真的想要释放善意、回归立场，那么承认“九二共识”和“一中原则”才是正途。否则，无论他如何玩弄文字游戏、提出何种新理论，都只会被视为缺乏诚意的障眼法而已。当前台海局势正处于一个十分敏感和复杂的时期。民进党当局的挑衅行径和大陆的严厉反制措施都让这片海域充满了不确定性。然而，无论未来局势如何发展，我们都应该坚信一点：只有坚持“九二共识”和“一中原则”，才能实现两岸关系的和平稳定发展。任何试图挑战这一原则的行为，都只会给两岸带来更大的灾难和损失。
66765f9ffb88ab4b048dd5ff,https://mp.weixin.qq.com/s/ii9qPsLBo9y1aLM-uZmeLA,执法权被没收后，岛内很不服，要在金门实弹演习，大陆可3招反制,2024,03,23,2024-03-23,厦金水域的执法权被实际没收后，台当局心怀愤恨，想要展开报复，拉开架势要秀“军事肌肉”，给大陆一点颜色看看？可蚍蜉撼树自取灭亡，大陆简单三招即可反制。纵观整个事件，从“214大陆渔船倾覆事件”截止至今，大陆对台的压制行动那是一个比一个强硬，如今更是在金门领域开展常态执法巡查，一步步没收台在相关海域的执法权。岛内对此那是心怀愤恨，于是乎决定采取措施准备反击，而这一措施便是在金门进行实弹演习。据台媒消息，台岛对外发布了一则通告，内容便是台军将在金门进行实弹演习，并且发出警告称，在演习期间，周围海空域都将进入警戒状态。虽说他们对外称，这是一次和往常一样的常态化射击演习训练，并不是刻意有所针对，但这番话还颇有点此地无银三百两的感觉，其实大家早已嗅到了不同寻常的气息，心照不宣罢了。为什么这样说呢？注意台军搞军事演习的时间和地点，大约在四月初的金门领域，如今两岸局势紧张，处于特殊时期，而金门又是敏感地点，这个时间搞军事演习，当真没有特定意义吗？任谁都不信，绝对是为了给大陆秀一波肌肉，给自己找回些许面子，接着恐吓大陆一番，拿回金门等相关领域的执法权。想象很美好，现实很残酷，台当局之于大陆就如同蚍蜉撼树，自取灭亡，他们的小小把戏，大陆随便出手便能反制。根据现在情况来看，大陆或有三招可予以反制。第一招便是无动于衷，对于岛内划下的禁航区，我们就当没看见，该巡航继续巡航，若是岛内敢动手，那我们就可以顺势反击，将你制服。第二招叫出击围岛，登峰造势，即大陆出兵将金门及其岛屿全部合围起来，切断金门与台湾本岛的联系和交往，让台军事演习自动宣告破产。而大陆营造出来的势头，也可以吓唬吓唬台当局，为日后的统一大业做铺垫。当然，这种方式还是有风险的，我们还需慎战，不到迫不得已不实施武统。最后一招便是亦步亦趋，以儆效尤。什么意思呢，就是你不是要搞军演嘛，那我们也奉陪到底，解放军也可以搞一场声势更大的军演，让他们知道什么是实力差距。岛内有些人不是不服大陆吗？天天闹着要“出走分家”，那我们就以其人之道还治其人之身，不展现出大陆真本事，台岛某些人还真当我们是纸老虎来的。虽说大陆还未明确做出相关回应，但综合实际考虑，不排除大陆采取上述行动的可能，台当局已经猖狂至今，大陆出手已是众望所归，我们只需静候佳音即可。欢迎下方左侧一键分享至朋友圈，同时点击右侧【点赞】与【在看】，获得更多好文推荐！
66765f9ffb88ab4b048dd600,https://mp.weixin.qq.com/s/sNZdQi242B5QFvlshpYqWQ,撞船事件再次上演？管碧玲刚道歉，金门又有大陆渔船翻覆！,2024,03,23,2024-03-23,在214撞船事件解决之前，台湾当局再次对大陆渔船进行打击。24小时内，两岸舰艇发生两次对峙。这次台湾当局如何对待大陆渔船？此外，台湾当局还采取了哪些挑衅行动？22日上午，解放军编号155的南京052D型导弹驱逐舰出现在台湾岛以东海域。据台湾媒体报道，上午7时54分左右，南京舰在宜兰南澳与冲绳与那国岛之间的海域航行。一艘台湾海军康定级军舰在附近跟踪，海峡两岸军舰发生对峙。据报道，台湾康定级护卫舰排水量约为3680吨，而南京军舰排水量为7500吨。不难看出，仅从吨位来看，南方战舰的体型就超过了战舰的两倍以上，处于完全压倒性的局面。虽然台媒声称有台湾军舰跟踪JN军舰，但实际上并不能确定到底是谁跟踪谁。台湾军舰试图驱赶解放军军舰，这就更加尴尬了。但这是不可能的。我们在这里认为它只是一只吵闹的青蛙。解放军军舰想来就来，想走就走。我们选择离开只是因为我们想离开，绝不是因为所谓的被台湾驱逐。而且，台湾军舰没有资格对我们喊话，进行所谓的驱逐。值得注意的是，22日的两岸军舰对峙只是24小时内台海两岸对峙之一，21日台当局再次打压大陆渔船。据太平澎湖海岸警卫队发布的消息，太平东舰21日下午3时15分在奇美以南10海里附近海域发现5艘所谓跨境大陆渔船。下午5时22分，他们在草屿海域以南2、8海里处的陆地上发现了5艘所谓的跨境渔船。在该水域还发现了另外两艘陆上渔船。台澎海岸警卫队表示，当时海象状况不佳，因此没有登船检查。但他们仍然向大陆渔船广播信息，并使用高压水枪驱赶大陆渔船。从现场画面来看，台澎海警利用水域向大陆渔船发射炮弹。那时还是大海。每年的海浪更大，形势更危险。此次台湾当局再次打压大陆渔船，让人想起214惨案，这表明台湾当局仍不思悔改。要知道，截至目前，台湾当局仍未就2月14日惨烈撞船事件向大陆做出明确解释。台湾当局多次阻挠、拖延大陆提出的公布事件真相、公开道歉、赔偿遇难者家属、归还失事渔船和渔民遗骸等四项基本要求，最终导致双方进行15轮谈判。谈判并没有带来好的结果。台湾当局采取如此鲁莽、无理、无意义的做法。不愿意在谈判中妥协，大陆应该采取实际行动，迫使台湾当局更加审视双方的军事差距。近期，解放军在台湾东部外围动作频繁。除了陆基电子测量船重新出现在苏澳外海外，一架直升机也在东海徘徊了两个小时，这次弹射的是解放军的052D导弹。南京军舰出现在台湾以东海域。上述行动是对台湾当局和岛内台独势力发出的明确警告信号。我国国台办发言人饶明明确警告台湾当局，应尽快向遇难者家属和海峡两岸同胞作出交代。大陆保留采取进一步措施的权利，一切后果将由民进党当局承担。不可否认，台湾当局之所以对大陆渔船处理如此有信心，除了押注大陆不会对他们使用武力外，还有一个主要原因，那就是相信美国将支持他们。近日，美国国务院声称大陆海警在金门附近海域的行动是对台湾的持续挑衅和施压，并指责大陆试图单方面改变现状。美国的这一陈词滥调显然向岛内民进党当局和台独势力发出了严重不良信号。不过，台湾当局对此非常满意，并继续向美国表示感谢。毫无疑问，台湾当局执着地追求美独最终将给他们带来灾难。因为台湾独立的结果。终究是死路一条。赞是一种鼓励 分享传递快乐看完点个“在看”支持下小编
66765f9ffb88ab4b048dd601,https://mp.weixin.qq.com/s/svLkkK-K_lDsoBWg5M57fQ,是何目的！金门水域撞船事件不断发酵，夏立言和赵春山访问大陆,2024,03,23,2024-03-23,龙年春节后的撞船事件龙年春节后，金门水域发生的一场撞船事件，震惊了两岸民众。这场悲剧导致了两名大陆渔民的不幸丧生，为两岸关系蒙上了一层阴影。事件的发生迅速引发了人们对于两岸关系未来走向的担忧和思考。事件始末这起撞船事件的始末令人扼腕。据报道，金门海域发生了一起海上冲突，导致一艘大陆渔船翻覆，两名渔民不幸丧生。此次事件的起因据悉是金门海巡的执法行动，被指过于强硬，致使了这场不幸的悲剧。这一事件的严重性不仅在于人员伤亡，更在于它引发了两岸关系的一系列连锁反应。问题根源问题的根源在于金门海巡的执法方式。一些舆论批评金门海巡采取了过激行动，忽视了人员安全，导致了这场悲剧的发生。在执行职责时，海巡人员应当兼顾安全和法律，而不是以强硬手段对待渔民，更何况是在海域事故中。局势升级尽管金门和厦门多次进行了谈判，试图化解紧张局势，但问题未能得到实质性解决。甚至国民党派遣代表访问大陆，试图通过外交渠道解决争端，但也未见成效。这一系列事件导致了两岸关系的进一步紧张，使得双方的分歧更加尖锐。政治背景在这场事件中，不可避免地涉及到了政治背景。夏立言和赵春山访问大陆引起了广泛关注，人们纷纷猜测他们的访问会对两岸关系产生怎样的影响。特别是考虑到台湾地区领导人可能在此事件中表达出不同的立场和态度，政治因素更是成为了影响事态发展的重要因素之一。政治立场在这一事件中，民进党对国民党代表的不信任成为了一大障碍。他们认为国民党代表无法真正代表台湾的利益，因此在谈判中缺乏建设性。夏立言作为国民党的代表，遭到了诸多质疑。他的立场被认为是盲目追随，而不是真正代表台湾利益。这使得民进党对于谈判的进程产生了疑虑。夏立言评价夏立言作为国民党内部的代表，受到了舆论的质疑和批评。他被认为是国民党的“祸害”，缺乏独立立场和能力。在民进党的舆论攻势下，他的言论很可能受到质疑和解读。夏立言的政治立场和言论成为了民进党操纵舆论的工具之一。语言陷阱民进党在舆论战中运用了各种手段，试图操纵舆论以达到其政治目的。夏立言作为其中一员，其言论很可能受到质疑和解读。这种舆论斗争使得事件的处理更加复杂化，加剧了两岸关系的紧张局势。结论综上所述，夏立言并不适合代表台湾参与谈判渔船事件。他的立场不被民进党信任，缺乏独立立场和能力，无法有效地维护台湾的利益。
66765f9ffb88ab4b048dd602,https://mp.weixin.qq.com/s/mYOfr2FWxjIS5qmAPIG5Bg,统一进度表524：台金门实弹演练让人“沮丧”？我却看到很多人在偷笑,2024,03,23,2024-03-23,统一台湾进度表（524）与佩洛西窜台没有按照胡锡进的剧本被打下来而让人沮丧一样。关于台方宣布要从4月2日开始在金门进行“地面武器对海实弹射击演练”这件事也同样让人有这种感觉。但事实上很多人却是另一种态度，都是在偷偷地笑。其中一项演练科目是围绕海警船遭遇暴力抗法进行的协同训练。这是啥意思？这是对金门已经进行定性了。金门海域目前已经实现常态化的执法巡查，所以它是内海化，那么任何在此区域的什么射击、放炮的行为都是非法的，都是要被执法的。而一旦敢“暴力抗法”那就怪不得军舰出手了。所以，统一事实上已经从金门开始了，而都被煮了七成熟的岛蛙仍浑然不知。更有意思的是萧美琴还挺个50多年的混血腰肢自觉很有成就感地窜美窜欧卖弄风骚。这事能不让人偷着笑吗？
66765f9ffb88ab4b048dd603,https://mp.weixin.qq.com/s/5O3y7VgSTJehiRKRwUd3aA,美特种兵驻扎金门短短10天，金门海巡队驱离大陆渔船，造成2人丧命,2024,03,23,2024-03-23,近来，金门岛这块不大的土地上上演了两场戏，戏剧性足以让人猜测编剧是否在搅动一锅大杂烩。这两件事，看似天差地别，实则可能隐藏着某种“阴谋论”级别的联系。在此，我以一个旁观者的身份，尝试解读这背后的故事。请注意，以下内容包含个人臆测，仅供参考，别太当真。第一场戏的主角是美国的“绿色贝雷帽”特种部队。故事发生在春节前夕，据台湾媒体爆料，这支部队将在金门岛搭建他们的小窝。名义上，他们是来做“特战教官”的，但按常理，一两个教官用不着搬家过去，所以我们大可以猜测，他们至少是一帮子人马，准备在那里打个地铺。这不禁让人想问：是不是准备在金门开个军事夏令营啊？第二场戏则有些悲剧色彩，讲述的是金门海巡队与大陆渔船的一场不愉快遭遇。时间定格在情人节，也就是2月14日，海巡队以“越界捕鱼”为由，对一艘大陆渔船展开了“热情追逐”。结果，不知是谁太过卖力，导致渔船翻了，四个人落水，两个人走了。至于海巡队是否采取了“特别动作”（比如：亲密接触），那就留给调查结果来回答吧。面对这场悲剧，台湾当局的表现可以说是冷漠到让人牙疼。他们在记者会上的“感到抱歉”听起来就像是邻居家猫跑到你家院子里大便，而他们隔着篱笆抛来的那种随意道歉。对此，有的官员还火上浇油，表示要严惩大陆渔船的“越界行为”。这种“你家猫侵犯了我的领空，我有权利开炮”的逻辑，着实让人哭笑不得。更加戏剧化的是，金门海巡队依据的所谓“越界”标准，是他们自己画的一幅地图，似乎连厦门的鱼儿都能游进“禁区”。这图画得，大概是按照“我家的院子我做主”的原则，只是没想到他们的院子想得比较大，大到连邻居的门口都包括进去了。将这两件事联系起来看，它们之间的时间间隔不过是短短十天，未免让人浮想联翩。如果把这当作一个大剧本来读，或许能猜到金门岛可能正变成美国对中国“搅局”的一个棋子。目前只是特种部队“低调”入驻，未来谁知道是不是要搞个大新闻，比如直接驻扎航母，或者是在岛上举办“爱国者导弹邀请赛”。这个特种部队的悄悄搬家行动，看起来像是要探测中国的反应。如果说，他们通过引发第二个事件，来测试中国会怎么反应，那未免也太过于电视剧化了。不过，如果真是这样，估计金门岛上的军队，包括美国那几位“特战教官”，现在都已经做好了“迎接挑战”的准备。然而，不论美军打的什么小算盘，对于已经历经风雨、锻炼出来的中国军队来说，这不过是小儿科。中国有足够的能力应对各种挑战，无论是来自海上的还是空中的。只是，看着金门海巡队这种“以小人之心度君子之腹”的行为，确实让人心寒。我们以为是亲人，没想到却是个“披着羊皮的狼”。有网友提议，直接关掉厦门通往金门的水龙头，好让那些忘恩负义的人知道，没有大陆的支持，他们连水都喝不上。这种提议虽然有些极端，但也反映了大陆民众对这件事的愤怒和失望。看来，这场“农夫与蛇”的故事，不仅让人心痛，还让人心寒。结论就是，等待真相的同时，我们也要保持警惕。对于那些企图在两岸关系中挑起事端的人，我们不能视而不见。这不仅仅是一场关于金门的小插曲，而是涉及到14亿中国人心的大事。希望那些背后操纵的“黑手”能够早日浮出水面，接受应有的审判。对于那些失去亲人的家庭，无论是通过法律途径还是人道主义关怀，都应给予他们足够的关注和补偿。毕竟，在这场由误解和冲突引发的悲剧中，最无辜的总是普通人。这两件事虽然充满了戏剧性，但也给我们敲响了警钟。在国际政治的大棋盘上，小岛金门可能只是一个棋子，但对于两岸的百姓来说，任何导致紧张和冲突的行为都将深深影响他们的生活。因此，无论是台湾当局，还是美国的策略家们，都应该记住，玩火者必自焚。而对于我们大陆人来说，维护国家的主权和领土完整，保护同胞的安全和利益，永远是我们的底线。在此，我们也呼吁，两岸关系应该基于相互尊重和平等的原则，通过对话和协商解决分歧，共同致力于维护地区的和平与稳定。毕竟，无论风云如何变幻，血浓于水的亲情和民族的团结，才是我们最宝贵的财富。
66765f9ffb88ab4b048dd604,https://mp.weixin.qq.com/s/m5xwFlbDAERYxPi62ihYFA,金门再成前线！,2024,03,23,2024-03-23,金门撞船事件已经过去一个多月的时间，台当局至今未能给出一个明确说法和一个妥善处理，可以说态度极其消极。因此，大陆进行了多项反制，大陆海警、解放军齐出动，抹除了台当局所谓的“禁限制水域”，在金门等海域进行了常态化巡航，解放军战机、军舰更是频繁穿越“海峡中线”，抵近台岛周围，离岛从3海里抵近0.2海里处。可以说大陆步步为营，套在台当局身上的束缚也在不断收紧，距离登岛只差一步。台当局看在眼里急在心上，但却仍未嘴硬的没有改变态度，反而打算增兵金门，打算4月份在金门进行实弹射击训练。金门海域，这片曾经硝烟弥漫、如今却波光粼粼的海域，近期再次成为两岸瞩目的焦点。中国海警的常态化执法巡逻与台湾当局的实弹射击演习计划，在这里形成了一场微妙的博弈。狮屿岛，这个距离厦门仅4公里的小岛，成为了演习计划中的一颗重要棋子。一旦演习中的炮火偏离目标，厦门市区将可能遭受无妄之灾。这样的风险，让人们对这场演习充满了担忧。而虎屿和复兴屿的演习位置，更是直接对准了大陆正在进行的刘五店航道疏浚工程。这里的工程进展，关系到大陆在该海域的通行权益。实弹演习的威胁，无疑给这项工程蒙上了一层阴影。在这个背景下，美国却转变了姿态。印太地区的美军司令阿奎利诺明确表示，美军没有入驻金门的计划。显然美国并不会为了台湾真和大陆发生对抗。两岸形势紧张之际，美军突然退缩了，让台当局来了个“透心凉”。但美国人又玩了另一个坏招。美国国务院振振有词的表示，美国政府承认所谓“阿鲁纳恰尔邦”（即中国藏南地区）是印度的一部分，并“强烈反对”任何单方面试图改变这一印度领土的行为。美国宣布藏南地区是印度的，这是想激怒中国，引发中印冲突，缓解台当局在台海面临解放军的压力。很快，台湾方面收到美国的旨意。3月18日凌晨4时许，福建海警在围头湾海域发现求救的1艘无船名海钓船并救起2人，2人均来自金门。经了解，该2人分别为胡姓、吴姓男子，其中胡姓男子为台军方现役人员，未如实说明身份，且编造虚假职业信息有意隐瞒，有关部门需进一步核实了解相关情况。对于吴姓男子，福建有关方面于今日送返金门。胡姓男子是不是台军的侦察兵现在还不好说。3月21日，据台澎湖“海巡”发布简讯称，台屏东舰与10087两艘巡防舰艇发现了多艘大陆渔船，以所谓“越界”为由，对大陆渔船进行了水炮攻击，台“海巡署”变本加厉，手段狠毒丝毫不顾及同胞之情！据悉，当时因为海况差，大陆渔船在相关海域避风。在如此危险的情况下，台“海巡船”竟然使用水炮无情攻击大陆渔船，令人可恨！
66765f9ffb88ab4b048dd605,https://mp.weixin.qq.com/s/-58pl1cjFDYiCyeCbaWofg,金门局势有变，48小时内两岸海警2次交锋，硬逼台当局退出厦金！,2024,03,23,2024-03-23,戳上面的蓝字关注我们哦！致力于关注国际军事新闻，传播正能量，弘扬爱国精神！感谢您的观看，请关注并把我分享给更多的朋友！我会坚持为您服务！台海局势的最新变化凸显了金门岛作为两岸关系敏感点的地位。48小时内的两次海警交锋，不仅彰显了大陆对台海域执法权的决心，也对台方在厦金海域的管辖权提出了挑战。【金门岛海域现状】金门岛附近的海域，并没有设定为“禁限制水域”，这里是中国领土内的一部分。因此，大陆海警在厦金海域进行的巡航活动是一种正常且合法的执法行为。这些行动展示了大陆方面对于其主权范围内海域的管理和执法的决心，也是对维护该区域法治与秩序的具体体现。【大陆海警保护渔民】台海巡部门上个月造成了两名大陆渔民不幸罹难的事件。对此，大陆海警的常态化巡航不仅是为了保护渔民的生命安全，同时也是对民进党当局所声称的“管辖治理权”的有效剥夺。通过这些行动，大陆海警表明了对于任何侵害渔民权益行为的零容忍态度。【台海巡实力不足】面对强大的大陆海警，台海巡部门在自称的“禁限制水域”中力不从心，无法施展其控制权。这种实力上的差距迫使台海巡部门在与大陆海警的对峙中示弱，最终不得不退出厦金海域。这一行为暴露了台海巡部门在实际行动上的弱势，以及其在维护宣称的“禁限制水域”中的无力。【大陆海警强硬回应】在台海巡部门的对峙中，大陆海警采取了强硬的态度和行动。这种态度清晰地展示了大陆方面保护渔民利益和维护领土完整的坚定决心。同时，大陆海警对台海巡部门的警告也是对其此前行为的直接且有力的回应，表明大陆方面不会对任何威胁国家主权和渔民权益的行为容忍或妥协。【金门县长救援指示】3月14日发生的大陆渔船触礁沉没事件中，金门县长陈福海迅速作出反应，指示海巡队进行救援工作。这一举措体现了金门县长对生命的尊重与人道主义精神。县长的救援指示并不代表民进党当局的立场，这说明了在两岸关系中，地方政府的行为可能与中央政府存在差异。【民进党当局拒绝公布真相】民进党当局在处理3月14日大陆渔船触礁事件上的态度备受关注。他们拒绝公布事件的真相并处理责任人，经过15轮谈判仍未能达成共识。至今，涉及“2·14”事件的大陆渔民未得到任何赔偿，这种行为显示出民进党当局在处理两岸问题上的不负责任态度。【金门海巡队人道救援】金门海巡队在大陆渔船触礁事件中提供紧急救援，体现了人道主义精神。他们的行动是基于对生命的尊重和国际上普遍接受的人道救援原则，这与大陆海警基于国家法律和领土完整进行巡查执法的责任是两个不同的层面，两者之间并不构成矛盾。【大陆海警维护海域秩序】大陆海警在厦金海域的巡航执法是对之前渔船触礁事件的一种回应。通过加强巡查力度，大陆海警旨在防止类似事件的再次发生，保障大陆渔民的生命安全和维护该海域的秩序，这是对渔民权益的一种保护和对海域法规的正常执行。面对台海巡部门的小艇，大陆海警舰艇的警告表明了坚守国家原则和海域权益的态度，彰显了在维护国家利益面前的坚定不移。这一行动传递出明确信号，即任何企图挑战大陆主权和领土完整的行为都将遭遇坚决而有力的回应。大陆海警的行动不仅是对过往台方挑衅行为的直接回应，更是对未来可能出现的任何挑战的警示，确保海域和平与稳定。[免责声明]：文章描述过程、图片都来源于网络，此文章旨在倡导社会正能量，无低俗等不良引导。如涉及版权或者人物侵权问题，请及时联系我们，我们将第一时间删除内容！如有事件存疑部分，联系后即刻删除或作出更改。素材来源官方媒体/网络新闻（文章由AI生成）点个“分享”和“再看”的都是大大的好人！
66765f9ffb88ab4b048dd606,https://mp.weixin.qq.com/s/hYhKgE2PG3QR3TbN8yrdWA,陆船在金门外海翻覆6人落水，大陆要求登岛搜救遭拒绝？台军回应！,2024,03,23,2024-03-23,戳上面的蓝字关注我们哦！致力于关注国际军事新闻，传播正能量，弘扬爱国精神！感谢您的观看，请关注并把我分享给更多的朋友！我会坚持为您服务！在台海敏感海域，渔船沉没事件频发，不仅考验着海上搜救能力，更是检验两岸关系的风向标。3月14日大陆渔船翻覆的悲剧尚未平息，金门外海再次传来渔船翻沉的噩耗。在这样的背景下，两岸如何协调救援行动、处理意外事故，成了双方关系互动的重要考验。【金门渔船沉没事件】3月14日凌晨3:35分，金门东碇岛西南方1.07里处大陆籍渔船“闽龙渔61222”因不明原因翻覆沉没。事件导致船上6名陆籍船员落海，其中2人被救起，2人遗体被寻获，另外2人目前仍处于失踪状态。【搜救情况】台金门海巡队派出4艘巡防艇参与搜救行动，同时大陆方面投入6艘救难船舰，两岸共同合作进行搜救工作。搜救行动覆盖了事故海域及其周边水域，以期找到失踪人员。【台方回应】金门防务部门针对先前有关船员登岛的消息进行澄清，指出登岛消息为误传。台陆军司令部参谋长陈建义进一步说明，驻军及金防部并未接收到相关的频道通讯，排除了有关船员登陆金门岛的可能性。【大陆与台湾协作】大陆方面救援人员在搜救前对台湾海巡进行了通报，并与之联系。台湾海巡对此回应称可能会允许大陆救援人员进入现场进行搜救，但仅限于在海面上进行，不涉及登陆行动。【渔船沉没原因】可能导致渔船沉没的原因包括海上的自然现象如风浪，以及外部干扰，比如水面上的其他船只或潜艇的撞击。如果有故意破坏，比如所谓的“水鬼”蛙人行动，同样可能导致渔船进水而沉没。【台军特种部队培训】台军的两栖作战特种部队通过与美军特种作战小组的密切合作，秘密接受培训。培训内容涉及多个方面，包括派遣蛙人对敌方舰船进行袭击和破坏的技能训练。【台海巡署长说明】台海巡署长周美伍表示，台海巡巡防艇并未查明渔船翻覆的具体原因。为了彻查事故，已经有专业的潜水人员进行了现场搜寻。【现场搜救细节】东碇岛守军对沿岸区域进行了加强搜索，同时已经确认了渔船沉没的具体位置。台海巡部门正在这一位置继续进行搜救工作，试图找到更多线索或生还者。在这篇关于金门东碇岛海域渔船沉没事件的分析中，我们从多个角度剖析了该事件的可能原因以及相关方的应对措施。我们重点关注了三种可能导致渔船沉没的情形：自然灾害、外力撞击以及人为破坏，并提出了各自可能性的分析。同时，我们也注意到了台海巡的及时响应和双方救援力量的合作，体现出了救援行动中的人道主义精神。尽管目前仍有许多细节有待进一步的调查和澄清，但我们期待随着救援工作的深入，失踪渔民的下落能够尽快查明，事故原因也能得到透彻的解释。[免责声明]：文章描述过程、图片都来源于网络，此文章旨在倡导社会正能量，无低俗等不良引导。如涉及版权或者人物侵权问题，请及时联系我们，我们将第一时间删除内容！如有事件存疑部分，联系后即刻删除或作出更改。素材来源官方媒体/网络新闻（文章由AI生成）点个“分享”和“再看”的都是大大的好人！
66765f9ffb88ab4b048dd607,https://mp.weixin.qq.com/s/KlvjHRtNXqsedbxjhqlxHA,驱离大陆渔船后，美媒给台当局泼冷水：若两岸冲突，台只能靠自己,2024,03,23,2024-03-23,如今，台海局势随着近期发生的金门渔船事件而再次升温，由于台当局的一系列举动，导致两岸关系陷入紧张局势，那么接下来大陆又会如何行动？台媒认为，第一，大陆不会借此机会收回金门，甚至对台动武；第二，解放军会继续在台岛练兵。面对大陆的施压，台方必须要抓住接下来的时间，与大陆展开对话交流，防止大陆使用武力解决问题。没想到台“海巡署”却不死心，再次对大陆渔船出手，18日当天，大陆渔船出现在澎湖附近海域，澎湖“海巡”立刻出动500吨级巡逻船前往拦截抓捕，没想到大陆渔船早有防备，船舷安装有防止登船的铁杆，一旦台方船只靠近，必将被戳穿，最终台巡逻船也只能将大陆渔船驱离。我们由此能够看出，金门渔船事件让台海巡部门心有余悸，如今金门水域的“执法权”已经被大陆没收，大陆渔船现在也是有备而来，不会让台方继续伤害大陆渔民利益，我海警也会进行常态化巡航，防止再次发生悲剧。面对大陆的持续施压，美媒也开始给民进党当局泼凉水，20日，美媒表示，这段时间，大陆军队开始频繁在台岛周边“海空域”进行活动，这已经成为岛内的民众必须要面对的事情，所以美方专家呼吁台当局不要将有限资源用于“灰色地带”，而是要面对可能发生的“武统”。在美媒看来，接下来大陆将会采取更大规模的军事行动，特别在5月20日赖清德就职典礼，同时美媒援引专家罗根的观点，他认为台海前景并不乐观，美国并没有强烈的动机“保台”，言外之意就是，台当局只能靠自己阻止大陆。美专家强调，台当局必须要提前考虑的是，就算是美国介入台海冲突，台当局也要独自对抗大陆作战一段时间。该专家的分析也让台当局的希望破灭，毕竟在“台独”分子心中，美国一直是“力挺”台湾，民进党想要“以武拒统”，离不开美国背后支持。要知道，最近台媒一直在报道一则新闻，就是美特种部队已经“常驻”台岛，双方启动了特大军事合作，美方将协助台军训练，这也让台当局对大陆的态度更加嚣张，台“防长”邱正国提出了“第一击”的概念，扬言大陆舰机一旦“越界”，就会发动攻击反制。可是仅靠这些就可以阻止大陆攻台吗？最近美智库发分析，如果中美两国因台海问题爆发冲突，美军弹药库存无法坚持7天，经过近20次的CSIS兵棋推演发现，一旦发生战争，美军将在3周内消耗5000多枚远程导弹，所以该智库提醒美国赶紧在军工上提升产能。不管该智库是出于何种目的，得出这样的结论，我们能够看到的是，如今中美军事实力差距在不断缩小，民进党当局本就是美国“政治棋子”，自以为美国会为了棋子与中国拼命，但最终也难逃“炮灰”的命运。随着赖清德即将就职，两岸关系也将进入到新的阶段，最近美台军事合作愈发密切，也让台当局“以武谋独”的野心藏不住了，不管是赖清德还是蔡英文，大陆都不会抱有任何幻想，最近赖清德还提出了要“一次性建造7艘潜艇”，就是在为将来做准备。不过奉劝赖清德等人不要一错再错，就算是有7艘潜艇，也无法弥补两岸军事实力差距，与外部势力勾结，结果只有死路一条。
66765f9ffb88ab4b048dd608,https://mp.weixin.qq.com/s/SENgpcdF4N3E3ZVB8jh93g,24小时内，台海两场交锋，两岸军舰对峙，台当局又对大陆渔船出手,2024,03,23,2024-03-23,阅读前点击上方蓝色字体“海纳观察室”进行关注，每日免费洞察国际热点资讯，建立深度阅读关系!死不悔改，“2.14恶性撞船事件”还未解决，台当局又对大陆渔船出手，24小时内，两岸船只接连展开两场交锋，这一次台当局又是怎样对待大陆渔船的？除此之外，台当局现下还有哪些挑衅举动？22号上午，舷号155的解放军052D型导弹驱逐舰“南京”舰现身台岛东部海域。根据台媒消息称，上午7时54分“南京”舰约在宜兰南澳与冲绳与那国岛中间海面，在其不远处现场有一艘台海军“康定级”军舰“跟监”，两岸军舰随之发生对峙。据悉，台“康定”级护卫舰的排水量约3680吨，而“南京”舰排水量在7500吨。不难看出，仅在吨位上，“南京”舰就是台军舰的两倍有余，完全处于碾压态势。虽然台媒声称，台军舰是“跟监”“南京”舰，但实际上到底是谁监视谁还真不一定。台军舰妄图喊话“驱离”解放军军舰这更是不可能的事，我们这边也就只当是聒噪的“蛙叫”，解放军军舰想来就来，想走就走，选择离开也只是因为我们自己想走，绝对不是因为台方所谓“驱离”的结果。况且，台军舰也没有资格向我方喊话，进行所谓“驱离”。值得一提的是，22号的两岸军舰对峙，还只是24小时内，两岸在台海其中的一场交锋，因为就在21号当天，台当局又对大陆渔船动手了。根据台澎湖“海巡”发布消息，台屏东舰在21日下午3时15分在七美南10海里附近海域，发现了5艘所谓“越界”大陆渔船；另外在下午5时22分在草屿南2.8海里附近海域又发现了2艘大陆渔船。根据台澎湖“海巡”的说法，当时海象不佳，因此他们没有登船检查，但是他们还是对大陆渔船进行广播“喊话”，并使用水炮驱赶大陆渔船。从现场的画面看，台澎湖“海巡”船用水炮向大陆渔船喷射，当时海面浪较大，场面较为危险。这次台当局再次对大陆渔船出手，不由得让人联想到了“2.14恶性撞船事件”，由此可见，台当局依旧是死不悔改。要知道，直到现在对于“2.14恶性撞船事件”，台当局依旧没有给大陆方面一个明确的交代，此前大陆方面提出的4个基本要求，即公布事件真相、公开道歉、对遇难者家属进行赔偿，以及带回失事渔船及渔民遗体，台当局一再阻拦、拖延，就是不同意，最终导致双方进行了15轮谈判都没有达成一个好的处理结果。既然台当局采取这种“无情、无理、无义”的处置方式，不愿意在谈判上妥协，那大陆方面就用实际行动让台当局好好看看，两岸之间的军事差距到底隔着怎样的一道鸿沟。最近，解放军在台湾东部外围动作频频，除了大陆电子侦察舰再次出现在苏澳外海外，一架直升机在东部外海停留2小时，以及这一次解放军052D导弹驱逐舰“南京”舰现身台湾东部海域，上述行动就是向台当局及岛内“台独”势力释放明确警告信号。我国台办发言人陈斌华已明确正告台当局，必须尽快给遇难者家属和两岸同胞一个交代，大陆方面保留采取进一步措施的权利，一切后果由民进党当局承担。不可否认的是，之所以台当局这样有恃无恐的对待大陆渔船，除了在赌大陆方面不会对其动武外，还有一个主要原因，那就是认为美国会为其“撑腰”，因为不久前美国务院就声称，大陆海警在金门附近水域的行动是持续的“挑衅行动”和对台施压，并指责这是大陆“试图单方面改变现状”。而美方的这种陈词滥调，很明显就是在向民进党当局以及岛内“台独”势力释放严重错误信号，而台当局却对此十分乐意，还一个劲的对美表示感谢。毋庸置疑，台当局这种一意孤行的倚美谋“独”行径，最终必将自食其果，因为“台独”的结局终究是死路一条。请【点赞】+【在看】+【星标】获得更多好文推荐，知识在路上，感恩您阅读
66765f9ffb88ab4b048dd609,https://mp.weixin.qq.com/s/8vVP0wqXV-vbj22PS10W0A,两岸传来重磅消息：管碧玲道歉不到24小时，又有大陆渔民金门遇难，幕后黑手竟指向神秘大国？,2024,03,23,2024-03-23,最近金门海域的天空似乎被乌云笼罩短短时间内，大陆渔民接连遭遇不幸。这让原本平静的海面变得波涛汹涌，人心惶惶。就在大家还未从“214恶性撞船事件”的阴影中走出来时，又一起渔民遇难事件如晴天霹雳般袭来让人不禁要问：这背后到底隐藏着什么秘密？回想起不久前的那次撞船事件，台海巡署的道歉声还回荡在耳边。然而道歉的余音未落，悲剧再次上演。这次同样是在金门海域同样是14日这个令人揪心的日子，两名大陆渔民的生命就这样悄然逝去。不禁要问这难道真的是巧合吗？还是有人在暗中操控，试图制造两岸的紧张局势？据报道事发当天“闽龙渔61222”号渔船在金门东碇岛附近海域遭遇了突如其来的厄运。船上的渔民们原本正在辛勤劳作却没想到一场灾难正悄悄逼近。船体突然倾覆6名渔民瞬间落入水中。尽管救援人员迅速赶到现场展开搜救仍有2人不幸遇难2人下落不明。这样的结果让人痛心疾首也让我们对事件的真相充满了疑问。在事故原因的调查中一些迹象开始浮出水面。海洋气象报告显示事发时金门海域并没有出现大风浪等恶劣天气条件其他渔船也都在正常作业。这让人不禁怀疑这次事故是否真的是由自然灾害引起的？还是有人为因素在作祟？细思极恐的是类似的事故在短短一个月内竟然连续发生两次。这样的概率简直低得令人难以置信。难道真的有人在暗中布局试图通过制造这样的悲剧来煽动两岸关系？观察当前的国际形势我们不难发现一些端倪。俄乌冲突和巴以矛盾等热点问题已经吸引了全球的目光，而一些大国或许正试图通过在其他地区制造紧张局势来转移视线或实现自己的战略目的。在这样的背景下大陆与台湾之间的关系无疑成为了一个重要的切入点。具体到这次“闽龙渔61222”号渔船倾覆事件，有观点认为这起事故可能并非单纯的海难。事发地点距离金门东碇岛仅1.1海里，这样的距离对于某些特殊行动来说无疑提供了便利。再加上之前有关美军特种部队进驻金门岛的消息，更让一些人猜测这起事件可能与外部势力有关。当然这些都只是猜测和推测。在没有确凿证据之前不能轻易下结论。这并不意味着我们可以对此事掉以轻心。相反应该保持高度警惕密切关注事态发展，同时加强两岸之间的沟通与合作，共同维护地区的和平与稳定。利用地区冲突来分散对手的注意力是一种常见的手段。这次渔民遇难事件或许正是某种军事策略的一部分。虽然不能确定背后的真相到底是什么，但可以肯定的是任何试图破坏台海和平稳定的势力都将受到坚决的打击和抵制。金门海域的渔民遇难事件敲响了警钟。在这个充满变数的时代里需要保持清醒的头脑和坚定的立场，共同维护地区的和平与稳定。不难发现金门海域的渔民遇难事件并非孤立事件，而是可能涉及更广泛的地缘政治博弈的缩影。尽管不能过早下结论但无疑应该保持警惕，加强两岸合作共同应对潜在的风险。对于任何试图破坏台海和平稳定的势力，都应坚决予以打击和抵制。在这个过程中不仅要追求真相更要注重加强两岸的沟通与理解，以实际行动维护地区的和平与稳定。只有这样才能让悲剧不再重演，让和平的曙光永远照耀在这片美丽的土地上。
66765f9ffb88ab4b048dd60a,https://mp.weixin.qq.com/s/kepY-5F-BIjtrup6xvrXbg,台军宣布在金门海域实弹射击，大陆渔船逼近澎湖，蔡英文心慌了,2024,03,23,2024-03-23,台海火药味浓烈！实弹对峙渔船逼近，蔡英文急了，拉拢两党备战近日，台海局势再次牵动人心。台军高调宣布在金门海域展开实弹射击演习，一时间战云密布。与此同时，大陆渔船在澎湖海域的活跃行动，也让这场“海上角力”愈发引人关注。面对紧张局势，蔡英文政府显得焦虑不安，不仅急于拉拢岛内各派势力，更在军事上做出一系列备战动作。这背后究竟隐藏着怎样的深层次考量？让我们一探究竟。首先，台军在金门海域的实弹射击绝非偶然。作为台海前线的敏感地带，金门一直被视为台军的重要防线。此次实弹射击，无疑是对外展示台军备战能力的一次尝试。然而，演习的时机和地点选择却颇耐人寻味。在当前两岸关系持续紧张的背景下，台军的这一举动无疑是在火上浇油，进一步加剧了台海的紧张氛围。与此同时，大陆渔船在澎湖海域的逼近行动也让台方感到压力倍增。这些渔船不仅数量众多，而且装备精良，显示出大陆方面在海上力量的雄厚实力。台海巡署虽然派出船只进行拦截，但在实力悬殊的情况下，往往只能望洋兴叹。这种无奈的现实让蔡英文政府更加焦虑不安。为了缓解压力，蔡英文政府开始了一系列的自保行动。首先是在军事上加强备战。台军不仅扩大了实弹射击的规模和范围，还加强了与各方的军事合作。此外，蔡英文还试图拉拢岛内的民众党和国民党，以寻求政治上的支持。这种“联手抗敌”的策略在一定程度上缓解了台方的焦虑情绪，但也暴露出蔡英文政府在处理两岸关系上的无力和无奈。然而，无论蔡英文政府如何挣扎，都无法改变台海局势的大局。两岸实力对比的悬殊让台方在任何冲突中都难以占到便宜。更重要的是，大陆方面始终坚持和平统一的立场，不愿意看到两岸同胞兵戎相见。这种立场和态度让台方的任何挑衅和威胁都显得苍白无力。事实上，台海局势的紧张升级不仅对台方不利，也对整个地区的和平稳定构成威胁。在这种情况下，各方都应该保持冷静和克制，通过对话和协商来解决问题。只有这样，才能避免误解和误判，维护台海地区的和平与稳定。综上所述，台军在金门海域的实弹射击和大陆渔船的逼近行动都是台海局势紧张升级的体现。面对这种形势，蔡英文政府显得焦虑不安，采取了一系列自保行动。然而，这些行动并不能改变台海局势的大局。相反，只有通过对话和协商才能找到解决问题的最佳途径。在这个过程中，各方都应该保持冷静和克制，避免采取过激行动。最后，我想提出一个问题供读者思考：在当前台海局势持续紧张的情况下，我们应该如何采取有效措施来维护地区的和平与稳定？是继续加强军事备战？还是通过对话和协商来解决问题？欢迎大家在评论区留下你们的看法和观点。
66765f9ffb88ab4b048dd60b,https://mp.weixin.qq.com/s/HPqBAZOVx5ueMeH6HpcdLw,台军金门海域实弹演习，大陆渔船靠近澎湖，蔡英文对此表示关切。,2024,03,23,2024-03-23,正当台军宣布在金门海域进行实弹射击之际，适逢我们的渔船在该区域活动频繁。3月17日，为回应我们的情报行为，台防务部门召开新闻发布会表示，他们不会主动采取行动，仅会进行“自卫反制”。然而次日，台陆军金门防卫指挥部却发布通报称，将在金门海域，包括金门岛、猛虎屿及后屿等地区进行对海实弹射击的地面武器演习。他们辩解道，此次仅是日常演习，并无特定对象。然而，此举无疑显示了他们想向我们示强的决心。然而，这种举措似乎无效。因为我方的海警船和渔船早已在此区域采取了相应措施。此前已有三艘渔船接近台岛被列为“敏感”地点的苗栗外埠近六海里处。诸多战机在台岛周边反复飞行。尤其值得注意的是，作为台空军主力的F16V曾试图起飞拦截，但要么因燃油不足，要么因发动机故障未能成功，成为笑柄。有趣的是，就在同一天，澎湖渔夫报告称在猫屿附近发现了一艘涂有蓝白漆且装有护栏网的铁壳渔船。相较于普通渔船，该船的特殊配备引发了关注。对此，海巡署迅速派出巡逻船前往调查，预计将掀起一场海上追逐战热潮。  然而，台海巡署的船只能与我方的民用渔船周旋，若真正遇到我方海警船，恐将束手无策。台南海巡船与大陆海警船相比，吨位数差距较大，根本无法匹敌。因此，无论台海军或台空军保持高频率的出动，不仅不能提升自身声威，反而徒耗资源，增加军舰和战斗机的消耗与损坏，岛内甚至可能面临无足够配件用于维护的窘境。在面对实力占绝对优势以及214恶性撞船事件的持续压力下，惊慌失措的蔡英文开始采取新的举措。她首先寻求与民众党主席柯文哲合作，随后计划会见国民党主席朱立伦以求自救之道。除坚决反对台军先发制人外，她下令扩大原本负责保卫台北市的“宪兵营”规模，从原有的5600名增至10600名。郭正亮指出，此举意味着正式处于实战备战状态。而且蔡英文还批准将宪兵队搬迁至距离她的“总统府”仅一街之遥的贵阳营区，此举凸显了她对安全的忧虑。  此外，蔡英文还要求提升各部队的实弹演练强度，以熟悉应对各种可能出现的突发事件。至于何种突发事件，无需明言。
66765f9ffb88ab4b048dd60c,https://mp.weixin.qq.com/s/AQfxrgtwR03HamiDK7M1lA,岛内肇事者逍遥法外，金门陷入危机，台当局想糊弄过去，绝不答应,2024,03,23,2024-03-23,事件一：大陆渔船倾覆大陆渔船倾覆是这起事件的核心。根据报道，事件发生在大陆的近海，这让人们对事发位置的界定产生了争议。有些人称其为“金门渔船事件”，强调事件发生在金门海域。但是，实际上，这个位置距离大陆更近，因此事件的确是在大陆的近海发生。大陆渔船倾覆导致两名大陆渔民丧生，并且还扣押了另外两名大陆渔民。这件事情的严重性不容忽视，它不仅仅是一起普通的意外事故，而是导致了人员伤亡的重大事件。至于事发海域的位置，距离大陆、金门岛以及台湾本岛的距离，需要对其作出清晰的解释。因为这些信息将直接影响到对事件的理解和定性。在对待这一事件时，需要慎重考虑，不能简单地将其归结为一次意外。事件二：台湾当局的回应台湾当局对这一事件的回应也备受关注。据报道，台湾当局自称在“禁限航区域”执行执法行动，但这一说法遭到了质疑。事件发生后，台湾当局的表态引发了热议。一些人认为，台湾当局应该对事件承担责任，并妥善处理与大陆的关系，以避免进一步恶化局势。然而，台湾当局官员的言论并未消除人们的疑虑，反而加剧了两岸关系的紧张局势。面对舆论的质疑，台湾当局需要更加谨慎地处理此事，以避免造成更大的政治和社会动荡。事件三：民进党的立场民进党作为台湾的主要执政党，其立场在这起事件中至关重要。据报道，民进党官员称大陆渔船为“三无”船只，主张对其进行取缔。此举引发了两岸舆论的不满和争议。民进党的表态被认为是在试图主导对事件的定义和处理，这也引发了其他政治势力的不满。尽管民进党声称不希望进一步加剧两岸关系的紧张，但其行动却不可避免地导致了双方的对立。对于民进党的表态，有人认为其过于偏向一方，缺乏对整个局势的客观认识和应对策略。事件四：国民党的态度国民党作为台湾的主要在野党，其态度也备受关注。据报道，国民党对此事件表示哀悼，并表示支持台湾地区所谓“海巡署”的执法行动。然而，国民党也强调双方不应该因此事件造成进一步的冲突。这种表态被认为是在试图在两岸关系的较量中保持中立，并且努力寻求解决问题的途径。然而，与此同时，国民党的表态也引发了舆论的不解和批评，有人认为其缺乏对事件根本问题的深刻分析和解决方案。事件五：台湾地区各党派的建议台湾地区各党派也纷纷提出了自己的建议和观点。据报道，新党主席提出了派遣特使和组织捐款的建议，试图通过外交手段化解两岸紧张局势。然而，这些建议也引发了舆论的争议和质疑，有人认为这些做法只是治标不治本，不能解决事件的根本问题。与此同时，其他政治势力也提出了类似的建议，试图通过各种方式来化解两岸关系的紧张局势。然而，这些建议的实际效果尚待观察，需要更多的努力和实践来验证其可行性。事件六：前高官的观点前高官的观点也对此事产生了一定的影响。据报道，马英九执政时期的两位核心智囊提出了自己的看法和建议。他们认为，台湾应该尽快制定相应的预案和流程，以应对可能发生的冲突和危机。然而，这些观点也引发了舆论的争议和质疑，有人认为这些建议缺乏切实可行的解决方案，不能解决事件的根本问题。与此同时，其他政治势力也提出了各种不同的观点和建议，试图通过各种方式来化解两岸关系的紧张局势。然而，这些观点和建议的实际效果尚待观察，需要更多的实践和努力来验证其可行性。总结综上所述，此次事件涉及到了两岸关系的核心利益和敏感问题，其影响和意义不容小觑。各方对此次事件的态度和立场反映了当前两岸关系的复杂性和紧张局势。在面对此类事件时，各方需要保持冷静和理性，妥善处理分歧，共同寻求解决问题的途径。
66765f9ffb88ab4b048dd60d,https://mp.weixin.qq.com/s/U14EPaadSbXArwPSQ548YA,拒收慰问金，渔民家属离金，大陆挖泥船现身金门海域，邱国正表态,2024,03,23,2024-03-23,深度分析：台海“2.14恶性撞船事件”近期发生的“2.14恶性撞船事件”在台海关系中掀起了波澜，引发了国际社会的广泛关注。这次事件不仅导致了台海两岸关系的紧张，也引发了各方对真相的质疑和探索。在这次事件中，一艘渔船与海巡船相撞，导致渔民伤亡，而随后的证据揭露和台当局的态度反应更加深化了这一事件的复杂性和影响。揭露真相与证据公开在3月4日的质询中，有关当局逐渐揭开了事件的真相的一角。据报道，事件发生时存在录音记录和渔船雷达轨迹图等关键证据，这些证据的公开将有助于还原事故的真实经过。然而，台海巡却选择拒绝提供这些证据给大陆方面，引发更多的质疑和争议。这种拒绝公开证据的行为不仅加剧了两岸关系的紧张，也对事件的调查和真相揭示产生了阻碍。台当局的态度和反应令人遗憾的是，面对确凿的证据，台当局并没有选择以开放、负责任的态度回应。相反，他们选择推卸责任，将责任归咎于大陆方面的所谓管理不善。这种态度不仅未能解决问题，反而进一步激化了事件的争议，导致更多渔民家属和民众对台当局的不满和质疑。这种缺乏诚信和责任感的行为不仅损害了台湾民众的利益，也对台海关系的稳定和发展造成了严重影响。渔民家属的态度和行动在事件发生后，渔民家属表达了对台当局的不满和不信任。他们拒绝接受台海巡转交的慰问金，显示了对台当局行为的抗议和不配合。这种态度体现了渔民家属对事件真相的追求和对台当局应对的不满，也呼吁台当局尽快公开事件的调查结果，追究责任并给予合理的赔偿和补偿。两岸关系的变化与影响这次事件的发生不仅导致了两岸关系的进一步紧张，也加深了两岸之间的隔阂和不信任。大陆方面加强了对金门附近海域的控制，而台湾则更加担心大陆可能进一步加强对其他海域的管控，导致两岸关系进一步恶化。这次事件对于台海关系和统一进程都将产生深远的影响，需要各方以负责任和理性的态度来应对和处理。结语通过对“2.14恶性撞船事件”的深入分析，我们可以更清晰地了解到事件的背景、原因以及对两岸关系和统一进程的影响。
66765f9ffb88ab4b048dd60e,https://mp.weixin.qq.com/s/9bX_1ZyCzfCe95IN2wFnMg,渔船包围金门？台湾成最危险之地，坚信美国“保台”，萧美琴掌权,2024,03,23,2024-03-23,"           近日，台湾海域出现了一场不寻常的渔船聚集现象，引发了广泛的关注和猜测。据台湾媒体报道，大量渔船在金门海域集结，这一异常情况立即引发了各界对于台海局势的新一轮担忧。与此同时，台湾当局对于这一事件的反应也显得异常紧张，进一步加剧了台海紧张氛围。回顾历史，台湾问题一直是中国核心利益中的敏感话题。自古以来，台湾就是中国不可分割的一部分，然而，由于种种原因，两岸关系经历了曲折复杂的发展历程。近年来，随着民进党上台执政，台湾当局在“台独”道路上越走越远，不仅公然挑战一个中国原则，还积极寻求外部势力的支持和干预，使得台海局势愈发紧张。    在此背景下，渔船聚集金门海域的事件无疑给台海局势增添了新的变数。虽然台湾海上执法部门迅速出面澄清，称这是大陆渔船在进行正常的渔业活动，但仍有不少人对此表示怀疑。有人认为，这是大陆方面针对台湾当局的一次警告性行动，意在向其施压，迫使其回到谈判桌上解决两岸分歧。事实上，无论渔船聚集的真正原因是什么，这一事件都再次凸显了台海局势的复杂性和敏感性。当前，两岸关系正处于一个关键的历史节点上，任何风吹草动都可能引发不可预测的后果。因此，各方都应保持冷静克制，通过对话和协商来寻求和平解决之道。    然而，令人遗憾的是，民进党当局似乎并没有真正意识到两岸关系的严峻性。他们一方面口口声声表示愿意与大陆进行对话沟通，另一方面却在背地里搞小动作，破坏两岸关系的和平发展。这种表里不一的做法不仅无助于问题的解决，反而会进一步加剧台海紧张局势。此外，值得注意的是，美国等外部势力在台湾问题上的干预也是导致台海局势紧张的重要原因之一。近年来，美国不断加大对台湾的军事支持和政治干预力度，试图将台湾打造成遏制中国的重要棋子。这种行径不仅严重违反了国际法和国际关系基本准则，也是对中国主权和领土完整的公然挑战。    面对外部势力的干涉和台湾当局的挑衅行为，中国大陆方面始终保持高度警惕和坚定立场。我们坚决反对任何形式的“台独”分裂活动和外部势力干涉台湾问题。同时，我们也呼吁台湾同胞认清形势、明辨是非、回归理性，共同推动两岸关系和平发展、推进祖国和平统一进程。当然，实现两岸和平统一并非易事。它需要双方共同努力、相互理解、相互信任。在这个过程中，民间交流和文化传承将发挥重要作用。通过加强两岸民间往来和文化交流合作，可以增进两岸同胞的相互了解和感情融合，为和平统一创造更加有利的条件。    总之，台湾海域的渔船聚集事件再次提醒我们台海局势的复杂性和敏感性。在这个关键时刻，各方都应保持冷静克制、通过对话协商解决问题。同时，我们也应看到两岸关系和平发展的希望所在，并为之不懈努力。毕竟，只有和平统一才是解决台湾问题的最佳选择和最终归宿。    "
66765f9ffb88ab4b048dd60f,https://mp.weixin.qq.com/s/DYcu94vOpwuMYGmNPSRL3g,第16次谈判告吹，台喊话美国介入，052D现身金门，下一步澎湖？,2024,03,23,2024-03-23,2月14日，一起恶性撞船事件在金门外海发生，大陆渔船翻沉，船上10人不幸遇难。事发至今，两岸代表已在金门进行了15轮闭门谈判，然而分歧难以弥合，谈判陷入僵局。3月3日，原定举行的第16轮会谈突然取消，台方代表全部撤离金门返回台湾，只留下大陆遇难渔民家属在金门苦苦等待后续进展。据了解，谈判破裂的关键在于台湾方面拒绝为这起事件道歉、认错，坚称”海巡署”依法行政，并未录像搜证，但这并不是导致渔船翻覆的主因。与此同时，”海委会”主任委员管碧玲也拒绝使用”金门撞船案”的称呼，认为并不存在”撞船”事实。对于台当局的强硬态度，国台办发言人朱凤莲当场警告：”管碧玲不要把解决渔船事件当做自己的政治舞台。”面对台当局的无理态度，大陆方面开始采取更强有力的行动。继海警船只在金门海域常态化巡航后，有军事博主曝光，两艘052D型导弹驱逐舰出现在厦门港。据金门当地居民拍摄的画面显示，一艘052D驱逐舰在四艘海警船旁护航，对台军形成强大的威慑。栗战书少将分析认为，大陆此举不仅针对金门，下一步可能将目标对准澎湖列岛。澎湖与金门相距不远，大陆海警如果将巡航范围扩大到台湾”12海里”，彻底抹去”海峡中线”的迷思，台军将束手无策。与此同时，民进党”立委”王定宇公开喊话，要求让美台在台海联合巡航，提升美台军事合作，捍卫台湾的主权。这种”台独”分子寻求美国支持的举动，暴露了他们对美国的一厢情愿。殊不知，美国从未承诺为台湾出兵，更不会为了与大陆对抗，付出远超收益的代价。金灿荣教授曾一针见血地指出：”对待台湾不能一味忍让，必须让他们知道两岸力量的悬殊。”目前，解放军已拥有25艘052D型驱逐舰，8艘055型驱逐舰，构成了一支不可小觑的远洋海上力量。倘若美军胆敢贸然介入台海局势，等待他们的必将是山呼海啸般的反击。面对”武统”的利剑，台当局不应抱有任何幻想。从”2.14恶性撞船事件”谈判的始末来看，民进党当局从未拿出解决问题的诚意，反而处处与大陆唱反调，一再挑战大陆的底线。如此倒行逆施，注定是一条死路。随着大陆在台海军事存在感的提升，”台独”分子的如意算盘恐怕要落空了。统一是历史的必然趋势，谁也无法阻挡。台当局若执迷不悟，错失和平统一的宝贵机会，只会把台湾推向战争的深渊，葬送两岸同胞的根本利益。惟有放下成见，以民族大义为重，两岸才能携手开创中华民族伟大复兴的美好未来。战争从来都不是解决问题的最佳途径，但”和平统一、一国两制”的方针不会改变。台当局应该看清形势，回到”九二共识”的正确轨道上来，这是两岸关系和平发展的基石。否则，台湾将成为不稳定的导火索，牺牲的将是广大台湾民众的切身利益。历史已经证明，台湾前途在于国家统一，台湾同胞福祉系于民族复兴。任何人、任何势力都不要低估中国人民捍卫国家主权和领土完整的坚强决心、坚定意志、强大能力。声明：本文中提及观点皆为个人观点，仅供参考。
66765f9ffb88ab4b048dd610,https://mp.weixin.qq.com/s/NP3o4VQeXfLN0nd7DE7EVQ,美特种兵进驻金门撑腰台湾，金门海巡队强硬驱逐大陆渔船，导致2人死亡,2024,03,23,2024-03-23,最近，金门岛上发生了两件大事，让人不禁联想到背后是否有什么深层次的意义。一方面，美国的绿色贝雷帽特种部队悄悄进驻了金门岛，另一方面，金门海巡队在执行任务时导致了两名大陆渔民的不幸身亡。乍一看，这两件事似乎没什么联系，但细思恐极，它们之间可能有着不为人知的联系。首先来说说美军的“绿色贝雷帽”特种部队。他们的到来，不单单是一次简单的军事行动。这背后有着更深层的政治意图。美国通过这样的行为，无疑是想向世界展示它对台湾的支持立场。想想看，这是多么露骨的政治游戏啊！这批特战教官虽然被宣称是来进行“教学”的，但谁都明白，这很可能是为更大规模的军事介入做铺垫。一旦美军真正稳固了脚步，那金门岛就有可能变成美国在对华斗争中的一个前哨站。想到这里，是不是感觉局势变得更加紧张了？接下来，我们来看看金门海巡队驱逐大陆渔船的这起事件。这不仅仅是一起简单的“越界捕鱼”事件。它暴露出了台湾当局对待大陆同胞态度的冰冷。没有适当的人道主义关怀，反而还有人提议对这些所谓的“伪海巡队”进行奖励。这种冷漠的态度，真是让人心寒。更令人遗憾的是，台湾方面在处理与大陆渔民的冲突时，明显采取了双重标准。面对外来渔船，他们能够保持克制和礼貌。然而，当面对来自大陆的渔船时，他们的态度却截然不同。这样的双重标准，无疑是对大陆渔民的极大不公。这两件事情的发生，真的只是巧合吗？它们可能是一场精心策划的行动，旨在测试中国大陆的反应。美军的存在无疑提供了一种安全的保护伞，鼓励台湾当局采取更加激进的行动。但是，这种行为的背后，是对两岸人民情感的严重伤害，也是对地区稳定的巨大威胁。这种伤害是深远的，是难以愈合的。我们不能因为一时的政治博弈，就忽视了两岸人民深厚的血脉情感。面对这样的局势，大陆的反应显得尤为重要。我们既要展现出足够的坚定和毅力，也要保持理性，避免被对方的挑衅所诱导。在处理这类事件时，大陆的宽容和克制不仅是对台湾同胞的一种温暖拥抱，也是对国际社会的一种负责任的表态。同时，我们也要认识到，加强两岸之间的沟通与理解，共同维护民族的大义和地区的和平稳定，是面对未来挑战的共同期待。我们不能让冰冷的政治态度阻隔了两岸同胞的心。14亿中国人的眼睛是雪亮的，我们期待着公正的调查结果，期待着两岸同胞能够携手，共同面对未来的挑战。总而言之，这两件事情给我们敲响了警钟，提醒我们要时刻保持警惕，共同努力维护两岸关系的和平稳定。只有理解与沟通，才能化解误解与矛盾，共创美好未来。
66765f9ffb88ab4b048dd611,https://mp.weixin.qq.com/s/y7glrDFJv718TEQAFy1IYA,金门打不得！渔船事件后，这里成了破冰第一步？,2024,03,23,2024-03-23,最近两岸间又因为渔船事件闹得不可开交，这事真是让人心里不是滋味。说到底都是台地方武装组织海巡署在厦金海域搞事害得我方渔民遭了殃。这事一出好多有正义感的朋友都气得不行，嚷嚷着要登岛去教训那些不长眼的家伙。但今天不聊这个，我们来聊聊金门这个小岛。这地方离咱们大陆可近了，近得就像邻居家的孩子一样。而且金门这地方虽然被台当局管着，但民心可没跟着他们跑。这里的民众心里都明镜似的，知道谁才是真正对他们好的人。就说那金门供水的事。记得那时候金门民众可是因为缺水吃尽了苦头。那自来水跟海水似的，根本没法喝。他们只能一趟趟地往取水点跑，拎回一桶桶的水来度日。那日子可真是叫一个苦！后来大陆这边知道了这事，心里那个疼！于是二话不说就修了条供水管道过去，给金门送去了甘甜的淡水。通水那天原计划就200人来参加的典礼，结果一下子来了3000多人！每70个金门人中就有一个参加了这个典礼！你可以想象一下那场面，简直就是人山人海、锣鼓喧天、鞭炮齐鸣！有民众在接受采访时激动地说：“我们金门就想‘祖国统一，一国两制’！”从那以后金门民众对大陆的感情就更深了。他们知道只有大陆这边才是真心实意地为他们着想、为他们办事的人。而那些台当局的倒行逆施跟他们根本就没什么关系！现在随着两岸交流的越来越多、越来越深入，金门跟大陆的关系也就越来越紧密了。不仅有大量的金门民众在咱们大陆这边工作、生活，还有像金厦大桥、金门厦门共建机场这些大型民生项目也在稳步推进中！这些项目一建成那金门跟咱们大陆的联系可就更加紧密！到时候金门民众想要来大陆这边串串门儿、旅旅游什么的啊；那可就是分分钟的事！所以你们看看这金门民众的心可都是向着大陆这边的！他们可都是明白人！知道谁才是真正对他们好的，谁才是真正值得他们信赖和依靠的人！在这次渔船事件中金门县长陈福海也是第一时间站出来发声；表示对两名遇难的渔民表示哀悼；并强调“两岸一家亲”的理念！由此可见那些台当局的倒行逆施和海巡署的恶行跟金门民众可没半毛钱关系！他们可都是无辜的！可不能把他们的态度和那些台当局的行为混为一谈！因此朋友们完全可以在金门这里先行建立一个“和平统一示范区”！以这里为起点，逐步推进两岸的和平统一大业！让两岸民众在和平、繁荣的环境中共享美好生活！这不仅是金门民众的心声，也是所有中华儿女的共同愿望！让我们携手共进为实现祖国完全统一而努力奋斗！
66765f9ffb88ab4b048dd612,https://mp.weixin.qq.com/s/BoP4xyIRDuN9leYOIyan5w,博弈进入最后阶段，大陆强烈要求台方赴陆受审，台有3天时间考虑，台当局“保护”加害者？金门渔船事件真相何在！,2024,03,22,2024-03-22,想象一下，两岸谈判桌上那堆积如山的文件，仿佛是一座难以逾越的壁垒。冷却的咖啡在杯中凝成了苦涩的印记，就像这场谈判中双方代表紧锁的眉头和无奈的眼神。历经15轮拉锯，希望与失望在每一次交锋中交替上演，让人不禁怀疑：这场谈判究竟何时能迎来曙光？在这场看似无休止的较量中，管碧玲这位“海委会主委”可谓是赚足了眼球。她那一副誓死不屈的架势，仿佛是在向世人宣告：我就是要硬刚到底！然而，当遇难渔民家属的哭喊声穿透云霄，当公道和安慰成为他们唯一的诉求时，管碧玲却选择了避重就轻、歪曲事实。她将一场人间悲剧编织成了政治斗争的筹码，这种操作简直让人瞠目结舌。哦，这真是一场精彩绝伦的“表演”！管碧玲的言辞犀利、态度强硬，但她的行为却让人不禁想问：这究竟是在维护谁的利益？当事实被巧妙地转换焦点，责任被推得一干二净时，那四名遇难的渔民仿佛成了这场闹剧中的“替罪羊”。这种颠倒黑白的本领真是让人叹为观止！再来看看这场两岸之间的拉锯战吧。大陆方面的诉求简单明了——查明真相、追究责任、道歉赔偿。这四项要求合情合理、天经地义。然而面对大陆的坚持和家属的悲痛，台方却以“保护”为名拒绝交出涉事人员。这种所谓的“保护”究竟是在保护谁？加害者需要庇护，那遇难者的家属又该如何寻求公道？台当局坚称翻覆的大陆渔船是“三无船只”，试图以此作为推卸责任的借口。然而两岸早已签订协议共同打击非法船只、保护渔民利益。当事故真正发生时，台当局却选择了推诿和逃避。这种态度不仅是对遇难者家属的二次伤害，更是对两岸关系的严重破坏。对于台当局拒绝让涉事人员受审的行为，更是充满了对真相的恐惧和对大陆的敌意。他们害怕一旦承认错误就会暴露自己的软弱和无能，但坚持错误只会让局势更加恶化。这种掩耳盗铃的做法不仅无法解决问题，还会进一步激化矛盾、损害两岸关系。现在台当局还有最后的机会来决定他们的立场，但有三点已经非常明确：首先拖延时间只会让台方更加被动；其次大陆海警的管辖权无可争议；最后真相、责任、道歉和赔偿缺一不可！对于管碧玲等人的嚣张态度，国台办的批评只是开始而已。如果继续对抗下去，等待他们的将是更加严重的后果！在这场博弈的最后阶段里，两岸关系的未来充满了不确定性。但有一点是明确的：无论台当局如何狡辩和抵赖，这场悲剧都已经给两岸人民留下了深刻的伤痛。对于遇难者家属来说，他们失去了至亲至爱的人；对于两岸关系来说，这次事件造成了难以弥补的裂痕。因此台当局必须放下顽固不化的态度认真对待这次事件！只有真诚的道歉和充分的赔偿才能开始治愈这段裂痕并重建信任！然而令人遗憾的是，尽管事实已经如此清晰明了，但台当局似乎并没有真正意识到问题的严重性。他们依然在试图掩盖事实真相、推卸责任，甚至不惜歪曲事实来误导公众舆论。这种做法不仅无法解决问题，还会进一步激化矛盾、损害两岸关系。因此我们必须坚持正义和公平原则不动摇，直到真相大白于天下为止！回顾整个事件过程，我们不禁要问：究竟是什么导致了这场悲剧的发生？是单纯的意外还是人为的疏忽？这些问题都需要得到彻底的调查和解答。同时我们也应该深刻反思：在处理类似事件时，我们是否应该更加冷静、客观、公正？是否应该尊重事实、尊重生命、尊重人权？只有这样才能避免类似悲剧的再次发生，让两岸人民真正享受到和平与安宁的美好生活！
66765f9ffb88ab4b048dd613,https://mp.weixin.qq.com/s/D4MyDWZawN1ejilWxjHYiA,金门渔船翻覆事件引发两岸危机，两岸海峡中线面临取消？,2024,03,22,2024-03-22,为了您更好的阅读互动体验，为了您能够及时看到更多内容，点个“关注”我会每天为您更新更多精彩故事、分享不一样的精彩瞬间金门渔船翻覆事件余波未了 两岸海空界线默契逐步失效金门渔船翻覆事件引发了两岸关系的紧张局势。这起事件发生在金门海域，距离中国福建仅有一水之隔。事件发生后，中国海警及海监船进入了台湾一直视为“禁止”或“限制”的水域，这引起了两岸高度关注和争议。中国大陆国台办强硬表态称厦金海域“不存在禁止、限制水域。金门海域的限制与禁止水域根据台湾国际法学者宋承恩的研究，金门海域的限制与禁止水域通常被认为是源于台美1954年签署的《共同防御条约》后，为了防范军事冲突，美军协防台湾司令部要求中华民国国军的战机和舰艇必须在“海峡中线”以东活动，否则美军无法提供安全保障。根据美军的指令，只要解放军飞机或舰艇越过海峡中线并且被确定具有敌意，协防台湾的美军战斗机可以迎战并开火。近年来北京方面拒绝承认海峡中线，试图除去其对台湾使用武力的疆界与行为束缚，为台湾安全带来新的挑战。这也引发了两岸关系的紧张局势，使得两岸海空界线的默契逐步失效。我国军机侵扰台湾周边空域最近，中国军机对台湾周边空域的侵扰事件频发。根据台湾国防部的数据，仅在24小时内，就有32架次的解放军军机侵扰了台湾周边空域，这是今年以来单日侵扰次数第二多的情况。这些军机的侵扰行为引发了台湾的担忧和紧张。台湾国防部表示，他们将密切监视这些侵扰行为，并采取必要的措施来维护台湾的安全。未来的挑战与应对策略金门渔船翻覆事件以及中国军机的侵扰金门渔船翻覆事件余波未了 两岸海空界线默契逐步失效历史背景自1949年6月起，并控制并军事封锁该区域。直到1970年代初，中国大陆的军民船只避免通过台湾海峡。1974年1月，解放军海军首次航行台湾海峡。1979年5月，中华人民共和国的民用货船重新开始在台湾海峡航行。同年9月，中华民国政府发布公告中止了关闭政策。1983年11月，大陆客轮恢复在台湾海峡航行。1987年底，两岸开放探亲，两岸民众交流日益频繁。与此同时，大陆船只大量进入台湾海域从事渔业和非法交易。金门海域的限制与禁止水域根据台湾国际法学者宋承恩的研究，金门海域的限制与禁止水域通常被认为是源于台美1954年签署的《共同防御条约》后，为了防范军事冲突，美军协防台湾司令部要求中华民国国军的战机和舰艇必须在“海峡中线”以东活动，否则美军无法提供安全保障。与此同时，根据美军的指令，只要解放军飞机或舰艇越过海峡中线并且被确定具有敌意，协防台湾的美军战斗机可以迎战并开火。(免责声明）文章描述过程、图片都来源于网络，此文章旨在倡导社会正能量，无低俗等不良引导。如果涉及版权或者人物侵权问题，请及时联系我们，我们将第一时间删除内容！如有事件存疑部分，联系后即刻删除或作出更改。
66765f9ffb88ab4b048dd614,https://mp.weixin.qq.com/s/Q0PXSJPEt0j1nRYviAGGXg,一招掐住金门补给线？大陆这回换了打法，蔡英文最担忧一幕发生,2024,03,22,2024-03-22,"据环球网报道，在“2·14”恶性撞船事件发生后，大陆海警部门宣布在厦金水域开展常态化执法巡查行动。中时新闻网称，这恐将是大陆罕见利用海警船进行新一波的“围台模式”。报道称，台“海巡署”立刻派遣“南投舰”前往“监控”，并通报台海军协请诺克斯级“宁阳舰”前往“监控”。厦金海域涵盖的范围更广，包括了金门附近海域，相比于厦门附近，现在，我们巡查的重点放在了金门附近海域。这一转变，传递了两个信号：根本没有什么台当局所谓的“禁止、限制水域”。这体现了中国海警维护包括台湾在内的中国渔民合法正当权益和生命财产安全的能力与决心。此前国台办表示，两岸渔民自古以来在厦金海域传统渔场作业，不存在所谓“禁止、限制水域”一说。台湾《中国时报》报道认为，大陆海警宣布在厦金海域常态化执法巡查的举措，“无疑是宣告金门渔船事件进入第二回合”，升级成法律战。岛内舆论都在呼吁降低敌意螺旋。媒体人谢寒冰称，不懂台方有什么理由不公布事发视频。前“立委”郭正亮称，大家要了解“海巡署”的执法是不是过当，但台方却不愿意出示证据，如果拖下去对台湾不利。中国海警局对金门海域的执法行动升级，外界纷纷注意到，这次执法行动彻底突破了台当局划下的所谓""禁止水域""，并且范围不是一两处，而是""全面开花""，将金门岛周边全部包围。确实正如台湾岛内不少专业人士说的那样，分析认为，大陆方面接管金门海域的执法权、管辖权，完全可以视作是对和平统一的一种新尝试。台军退役少将栗正杰就在岛内政论节目中指出，这意味着大陆可以随时切断金门的补给线，台军的物资运输完全没办法到岛上去。关于“2.14恶性撞船事件”，有记者提问指出，近日，大陆人员离开金门返回，后续如何发展受到广泛关注。陈斌华表示，遇难者家属和相关人员为什么离开金门，他们当天已经作了完整说明，相信大家都已了解。人命关天，明明是台湾方面粗暴对待大陆渔民导致渔船翻覆、人员死伤，但事发至今，家属连一句道歉都等不到，连一个真相也得不到，台湾方面还在以所谓“调查程序”来拖延问题解决，以所谓“执法”来推诿卸责。台“海巡部门”在事发一周后才对外称未录影的行为，也引发舆论质疑。台资深媒体人赵少康表示，“海巡部门”发现出了人命，先用侦查不公开当理由。不公布事发当下的录像画面，后来被逼急了，又说根本没有录，更是不合乎常理，“海巡”人员的“密录器”是标配，“海巡”舰艇的监视器可能没实时打开，但是这么多“海巡”人员，怎么会每个人的“密录器”都没开？就算追逐时没开，出事以后，怎么搜救、急救过程也没开？“海巡”部门遮遮掩掩，到底在掩饰什么？台湾军方是不会介入大陆海警登船临检的，介入就会引起冲突升级。而台方“海巡”部门，对福建海警的行动一筹莫展。总之是，登船临检虽然只有30分钟，大陆却将处理两岸关系遇到的各种可能性都展示出来了。陈冰：在民进党台当局眼中，所有涉及大陆的事，都被抹上浓厚的政治色彩。民进党台当局奉行的是“台独”路线，那么就会“逢中必反”。当局对大陆的军事威慑感到了惶恐不安，所以才会时刻紧盯解放军的相关动态。解放军在台海周边进行系列演训活动，我国台办早已明确强调，此举的目的就是坚决打击“台独”分裂势力的嚣张气焰和谋“独”行径。“台独”存在一日，解放军捍卫国家主权和领土完整的行动就一刻不停。就在解放军大批军机升空，兵分3路挺进台海之际，台当局就此前的“2·14恶性撞船事件”放“软话”了，一改之前的强硬态度，有“选择性”的进行了“道歉”。外交部发言人记者会上有记者提问称：从今天开始在韩国举行的所谓“民主峰会”，据说台湾方面人士也参加此次会议。外交部发言人表示，中方坚决反对韩方邀请台湾当局参加所谓的“民主峰会”。世界上只有一个中国，台湾是中国领土不可分割的一部分，中华人民共和国政府是代表全中国的唯一合法政府。任何外部势力干涉中国内政，纵容和支持“台独”就注定要失败。中方已严正敦促韩方恪守一个中国原则，停止向“台独”势力提供讲台。美军的“特战合作组”去年起就常驻在桃园龙潭特战指挥部营区，所有美方在台的特战人员均受到他们的指导、支持和管制，管理美方暂存在台湾的高价值装备或训练器材。美方还要对台进行军售。据报道，美国防部发表声明称，美国务院已批准对台出售价值约7500万美元的战术数据链系统升级计划。美方的行为不仅会助长“台独”分子的嚣张气焰，还会严重危害中国主权和安全利益。同时，粗暴干涉中国内政、推高台海紧张局势，也会严重损害中美两国的关系。国务院台办发言人表示，民进党当局要和平是假、妄图“以武谋独”是真；美国“挺台湾”是假、“毁台湾”是真。民进党当局大肆挥霍台湾老百姓血汗钱向美购武“壮胆”，在岛内强行推出“义务兵役期延长一年”等措施，配合美国搞所谓军事训练计划，正一步步把台湾同胞绑上“台独”战车、让年轻人当“炮灰”。台湾对美国而言只是遏制中国发展的“棋子”，所谓“挺台”实是“害台”、“毁台”，台湾随时会从“棋子”变“弃子”。台湾问题本质上就是中美问题。而从2022年开始，美国逐渐放弃战略模糊，拜登甚至公开表示，如果台湾发生战事，美国将武装介入。这已然是给“台独”煽风点火，同时也加大美国政界对“台独”支持力度。这便是一段时间以来，美国会议员频频窜访台湾的原因，使得“台独”势力觉着自己又行了，再次上蹿下跳。然而事实上，如今关于大陆对台海表态，甚至都没必要细看。因为只要智力稍微正常，都知道“台独”毫无可能，解放军军事力量已经贯穿整座台岛。台湾是中国核心利益中的核心，谁让台湾从中国独立出去，谁就是中华民族的千古罪人。"
66765f9ffb88ab4b048dd615,https://mp.weixin.qq.com/s/PLAsj3xGelDSGG1YQ8frGg,两岸传来重磅消息：金门事件终临尾声？马英九表态，国台办撂下重话，台当局终于低头,2024,03,22,2024-03-22,大家好，欢迎来到《农村星火》，我们每天推送有趣实用的热点时事信息，今天要分享的文章：两岸传来重磅消息：金门事件终临尾声？马英九表态，国台办撂下重话，台当局终于低头近日，金门海域的一场惊心动魄的撞船事件在两岸引发了巨大的关注和紧张。这起被称为“2·14恶性撞船事件”的事件，不仅仅是一场海上碰撞，更是两岸紧张关系的一次严重考验，让世人担忧不已。.....................................金门海域发生的这场台湾渔船与大陆船只的碰撞事件，造成了严重的后果。当时，整个海域陷入了混乱和紧张之中，震惊了两岸社会，也引发了全球的关注和担忧。这一事件不仅伤害了双方的人员和财产，更重要的是，激化了两岸之间的对立情绪，加剧了地区的不稳定因素。面对这一事件，台湾当局的处理和回应备受关注。然而，台海巡部门未能及时提供证据，这引发了公众的质疑和不满。尤其是台“海委会主委”管碧玲首次公开致歉，虽然缓解了部分压力，却也暴露了当局处理不当的问题。这一系列的反应，使得台湾民众对当局的能力和诚信产生了质疑，也加深了两岸之间的隔阂。.....................................大陆方面则提出了公布真相、赔偿损失等要求，但遭到了台当局的拒绝。面对台湾方面的态度，大陆采取了反制措施，加剧了双方的对立，进一步威胁到了地区的和平与稳定。这种相互的对抗态势，使得整个事件的解决变得更加复杂和困难。除了两岸之间的争端外，国际社会的干预也成为了关键因素。台湾试图寻求美国的支持，但未获得实质性的帮助。而在岛内，政要和民间人士的态度也不尽相同，这加剧了对两岸关系缓和的挑战。种种迹象表明，金门事件已经不仅仅是一场双方之间的纠纷，而是一场影响深远的地区性事件。当前，两岸关系陷入了僵局，缺乏有效的沟通渠道，局势日益紧张。在这种情况下，呼吁通过对话解决分歧，成为了当务之急。只有通过双方的理性努力，才能够实现两岸关系的和平稳定，促进地区的繁荣发展。金门事件或许标志着危机的终结，但两岸关系的治理和和解仍需我们共同努力。金门事件的发生，让我们意识到了两岸关系中存在的诸多问题和隐患。虽然此次事件可能即将尘埃落定，但我们不能掉以轻心。唯有双方共同努力，才能够实现两岸关系的和平稳定，为地区的繁荣发展注入新的动力和活力。让我们携起手来，共同创造一个和谐稳定的两岸关系，为未来的发展铺平道路。免责声明：本号对所有原创、转载文章陈述与观点均保持中立，内容仅供读者学习和交流。文章、图片等版权归原作者享有，如有侵权，请留言联系更正或删除（文中图片来自网络，侵删）   小编每日原创不易，若您还满意，可点左下角“分享”支持小编或点右下角“在看”，感激不尽！
66765f9ffb88ab4b048dd616,https://mp.weixin.qq.com/s/8APCDPbCTG1vLTjVJ7GCRw,刚刚，驱逐渔船事件后，金门县长发声，侯柯露出真面目，美NASA飞机抵达台军机场,2024,03,22,2024-03-22,台海风云再起：谁在挑衅，谁在捍卫和平？台海之上，风云突变！在这片波涛汹涌的海域，一场关乎国家尊严与民族未来的较量正在激烈上演。美国NASA飞机低空掠过台岛上空，究竟是何居心？大陆方面坚决回应，又展现了怎样的决心与力量？自赖清德胜选以来，民进党当局便如同脱缰的野马，肆无忌惮地践踏两岸和平的底线。他们公然停招赴陆旅游团，企图割断两岸人民的情感纽带；更为恶劣的是，台“海巡署”对福建渔船的野蛮追逐，竟导致了两名无辜船员的悲惨身亡。这是对大陆民众情感的极大伤害，更是对两岸和平的公然挑衅！而在这关键时刻，美国NASA飞机的异常行动更是火上浇油。它低空掠过台岛上空，似乎在向世人宣告：美国才是这片海域的主宰者。然而，事实并非如此！台湾是中国不可分割的一部分，任何外部势力都无权干涉。美国此举无疑是对中国主权的严重侵犯，更是对两岸和平的极大威胁。面对这一系列挑衅行为，大陆方面并未退缩。我们始终坚信：和平是两岸人民的共同心愿，也是不可阻挡的历史潮流。尽管岛内某些人执迷不悟，但大陆方面始终保持着最大的耐心和善意，希望通过和平的方式解决一切分歧。然而，忍耐是有底线的！当台当局的恶劣行径一次次触碰我们的底线时，我们必须给予坚决的回击。此次渔船事件后，解放军迅速出动战机和军舰现身台海，向外界传递出一个明确的信号：大陆方面绝不容忍任何形式的挑衅与侵犯！在这场较量中，我们看到了两种截然不同的态度与立场。一方是民进党当局的狂妄与挑衅，他们企图通过制造事端来谋取政治利益；另一方是大陆方面的冷静与坚定，我们始终坚持以和平方式维护国家主权和领土完整。这两种立场的鲜明对比，不禁让人对台海未来的走向产生深深的思考。值得欣慰的是，在岛内并非所有人都被民进党当局的谎言所蒙蔽。金门县县长陈福海就是其中的清醒者之一。他勇敢发声，呼吁开启金门与厦门两岸渔民生计议题的和平务实对谈，为两岸关系的和平发展贡献了自己的力量。他的理性与智慧赢得了两岸民众的广泛赞誉和支持。然而，陈福海县长的清醒与理性并未能唤醒所有岛内民众。在民进党当局的煽动下，一些人仍然沉迷于“台独”的幻想之中无法自拔。他们似乎忘记了台湾是中国的一部分这一铁的事实，也忘记了和平才是两岸人民的共同心愿。这种盲目的追随和愚昧的无知让人感到深深的悲哀和无奈。但是，历史的车轮总是滚滚向前！无论民进党当局如何狡辩和掩饰，都无法改变台湾是中国一部分的事实。他们的挑衅行为只会加剧两岸的紧张局势，让和平的曙光变得更加遥远。而大陆方面始终保持着最大的耐心和善意，等待着那些迷失方向的岛内民众早日醒悟过来。台海风云再起，但和平的曙光终将照亮这片波涛汹涌的海域。让我们携手共进，坚定捍卫国家主权和领土完整，共同创造两岸和平美好的未来！让那些企图破坏和平、制造事端的势力无处遁形！让台海成为连接两岸人民的友谊之海、和平之海！
66765f9ffb88ab4b048dd617,https://mp.weixin.qq.com/s/ZD8uj22UMMJo0JA5dNMSig,台海风云再起！金门撞船事件揭秘：美军5航母梦碎，台军避战，两岸和平谁主沉浮？,2024,03,22,2024-03-22,随着金门岛局势的持续紧张，台海地区的每一丝风吹草动都牵动着全球的目光。近期，金门岛附近发生的一起撞船事件，不仅夺走了无辜的生命，更成为台海局势进一步恶化的导火索。在这背后，美国的行动和态度更是备受关注。据台媒报道，美方曾有意集结五艘核动力航空母舰，以显示其在西太地区的强大军事存在。然而，现实却给了美国一个响亮的耳光。事实上，仅有1艘航母在西太地区执行任务，这无疑让美国的计划受挫。这一事实不仅揭示了美国在西太地区的军事部署并非无懈可击，更凸显了其在台海问题上的尴尬处境。金门撞船事件的发生，更是将台海局势推向了风口浪尖。数十年来，大陆方面一直为台湾渔船和渔民在台海的正常作业提供各种便利。然而，台方却时常以“越界”为由粗暴对待大陆渔民，甚至造成了此次恶性撞船事件，导致两名年轻的大陆渔民不幸遇难。这一事件不仅暴露了台方对待两岸关系的冷漠和无情，更引发了外界对于台方真实意图的深深怀疑。面对这一事件，台军头目邱国正在接受质询时，被问及若台海发生武装冲突，美军是否会出兵护台。邱国正的回答虽然含蓄，但却透露出美国并不会轻易出兵护台的信息。这一回答与美方此前放出的风声形成了鲜明的对比，也让人们看到了美国在台海问题上的真实态度。事实上，美国对于台海局势的介入，更多的是出于自身利益的考虑。他们试图通过舆论和幕后操纵来干涉台海局势，以达到打压、牵制和遏制大陆发展的目的。然而，他们也深知与中国大陆发生直接军事冲突的风险和代价。因此，在台海问题上，美国更倾向于采取一种观望和制衡的态度，而不是轻易出兵护台。与此同时，我们也要看到，台湾对于中国来说具有不可替代的战略意义。中国作为一个负责任的大国，始终坚持和平、合作、共赢的外交政策，致力于维护地区的和平与稳定。我们不会主动挑起战争，但也绝不会允许任何势力侵犯我们的主权和领土完整。在此次撞船事件后，台军的态度也发生了微妙的变化。他们开始更加注重与大陆的沟通和协调，避免事态的进一步升级。这也从一个侧面反映出，台湾当局已经认识到了台海局势的严峻性和复杂性，开始寻求通过和平方式解决两岸关系的问题。然而，我们也必须清醒地认识到，台海局势仍然存在着诸多不确定性和风险。美国等外部势力的干涉和挑衅，以及台湾当局内部的分裂和动荡，都可能给台海和平稳定带来严重威胁。因此，我们必须保持高度警惕，加强自身的实力建设，提高应对各种挑战的能力。综上所述，台海局势的发展仍然充满着变数和挑战。但只要我们坚定信心、保持团结，就一定能够战胜一切困难和挑战。同时，我们也希望台湾当局能够认清形势、放弃幻想，回到和平发展、互利共赢的正确道路上来。只有这样，两岸关系才能迎来真正的和平与稳定。回首此次金门撞船事件及其引发的连锁反应，我们不难发现，台海局势的走向不仅取决于两岸双方的态度和行动，更受到国际大环境和外部势力的深刻影响。在全球化日益深入的今天，任何单方面的行动都可能引发连锁反应，牵一发而动全身。因此，我们更应珍惜和平稳定的局面，通过对话和协商解决分歧，共同推动两岸关系和平发展、融合发展。展望未来，我们期待两岸双方能够以史为鉴、开创未来，携手共筑中华民族伟大复兴的中国梦。
66765f9ffb88ab4b048dd618,https://mp.weixin.qq.com/s/ZV9IAD3wdjw-NeXBJ7Ia5A,台海风云再起：福建渔船事件还未有说法，韩国瑜就高呼：台美友谊万岁！,2024,03,22,2024-03-22,点击蓝字 了解更多精彩
66765f9ffb88ab4b048dd619,https://mp.weixin.qq.com/s/8sWH_9S_F6N4eqlKchoEig,台湾渔船事件闹大！大陆开启基建模式，疏通航道，管碧玲道歉晚了,2024,03,22,2024-03-22,近日，台湾渔船在争议海域遭遇大陆海警执法的事件持续发酵，成为两岸关系的焦点。台当局因敷衍处理导致谈判破裂，引发大陆方面的强烈反制。金门海域再次成为博弈的中心，大陆果断开启基建模式，出动挖泥船疏通刘五店航道，展现坚定决心。这一行动不仅关乎经济和安全，更是对台当局的一次严厉警告。据了解，这起渔船事件原本是一起普通的渔业纠纷，但由于台当局的处理不当，导致事态不断升级。台当局未能给予渔民及其家属足够的关心和支持，反而在谈判中一再敷衍、回避核心问题，这种不负责任的态度最终激怒了大陆方面。大陆方面对此迅速作出反应，宣布将采取一系列反制措施来维护自身权益和尊严。这些措施包括加强海域巡逻、限制台湾渔船进入特定海域等。其中，金门海域作为反制的重要一环，再次成为双方博弈的焦点。为了彰显主权和实力，大陆决定在金门海域开展大规模的基础设施建设，特别是疏通刘五店航道这一重中之重的工程。刘五店航道位于金门与厦门之间，是连接两岸的重要海上通道之一。一旦疏通完成，将极大地提升厦门港的吞吐能力，吸引更多国际航线和货船靠泊。这不仅有助于推动地区经济增长，还将为两岸民众带来更多福祉。同时，航道的改善也将为金门地区的渔业和旅游业带来新的发展机遇，促进两岸经济交流与合作。为了确保工程安全进行，大陆出动了多艘先进的挖泥船对刘五店航道进行深度疏浚。这些挖泥船具备强大的作业能力，可以迅速清除航道中的淤泥和障碍物。同时，大陆还加强了在该海域的海警巡逻，确保施工过程中不受任何干扰。这一行动不仅展现了大陆的决心和实力，也为两岸关系的和平发展提供了更加坚实的物质基础。在挖泥船紧张作业的过程中，台海巡署却选择了沉默。这种视而不见的态度无疑暴露了他们的心虚和无力。事实上，刘五店航道的疏通对于两岸经济、政治和安全都具有重要意义。它不仅将提升厦门港的吞吐能力，还将强化大陆在台海地区的军事存在和战略威慑力。一旦台海局势发生突变，大陆可迅速通过该航道投送兵力、实施人道救援等行动。这将为两岸关系的和平发展提供更加坚实的保障。台“海委会”主委管碧玲的道歉却显得敷衍和避重就轻。她主要针对的是办事拖拉的官僚作风问题进行了道歉，而并未触及到渔船事件本身的核心问题。这种避重就轻的道歉方式不仅无法解决根本问题，反而会进一步损害两岸关系和台湾渔民的利益。这也引发了社会舆论的普遍不满和呼吁台当局应正视问题、承担责任的声音。台湾渔船事件的处理考验着台当局的智慧和担当。然而，他们的敷衍态度却导致事态升级，引发大陆方面的强烈反制。金门海域的基建行动不仅展示了大陆的决心和实力，更是对台当局的有力警示。未来两岸关系的走向取决于双方能否以更加务实和负责任的态度处理敏感问题。只有通过真诚沟通和合作，才能推动两岸关系和平发展、造福两岸民众。
66765f9ffb88ab4b048dd61a,https://mp.weixin.qq.com/s/HvFViujjeRSW4T9QYJ3BmA,大陆行动加速，台军突然在金门划下禁航区，擦枪走火风险加剧？,2024,03,22,2024-03-22,大陆海警等部门在金门的巡航进入常态化阶段，之前试图置身事外的台军终于下场，试图以实弹演习为借口，在金门周边海域划下禁航区，以阻止大陆执法力量在厦金海域的进一步活动。【台防务部门准备在金门组织一系列炮兵实弹射击训练】据台湾地区渔业管理机构发布的禁航公告，台防务部门将从4月2日开始，在金门地区进行一系列对海实弹射击训练，金门本岛、猛虎屿、后屿、烈屿等岛上的地面部队都会参与其中，在训练期间，相关海空域“禁止通行”。由于台军给出了最大弹道高度，外界基本可以确定，台军就是要进行炮兵的实弹射击，且不排除台军会动用包括240毫米口径重炮在内的所有可用火炮。虽然有台军人士特意强调，在金门组织这一系列炮击训练是季度操演的一部分，是常态化的例行训练，没有任何针对性。但外界其实都能够看出，台军其实就是针对金门态势的变化，在进行作战准备，并配合台当局对外展现强硬姿态。大家都知道，在“2.14恶性撞船事件”后，大陆海警就在厦金海域展开了执法巡航活动，压缩台“海巡署”等部门的活动空间，进一步强化对于厦金海域态势的实际掌控。【“2.14事件”后，台海局势进一步恶化】为了强化巡航力度，应对台“海巡署”等部门可能的危险动作，大陆海警还特意从东海、南海两个方向上，调来了2202舰等原本主要在钓鱼岛等地执行任务的主力巡逻舰。对于大陆海警的行动，台当局一直态度强硬，宣称将会派出舰船，驱离进入所谓“禁止、限制”海域的大陆船只，但台“海巡署”排水量最大不过百吨的小型巡逻艇，根本无力应对大陆海警的巡逻舰。这就导致，在“海巡署”派出舰船后，大陆海警仍在厦金海域进行着高强度的巡航，且根据公开的AIS信息，大陆海警2201舰和2101舰从东海海域南下，似乎是与2202舰、2203舰进行了一次轮换，这预示着大陆海警的巡航彻底进入了常态化阶段。【大陆海警在金门海域展开了常态化执法巡查】与此同时，大陆其他执法部门船只也开始参与巡航行动。解放军虽然没有明确参与巡航，但在金门外海，已经出现了052D驱逐舰与直10的身影。随着海警、解放军下场，大陆渔船开始以更高频率，进入金门周边海域。大陆的挖泥船也准备对通过金门海域的刘五道航线进行清淤。在这种整体态势下，台防务部门组织对海实弹射击，既是要演练在战时封锁附近海域，也有着使用这种方式逼迫大陆船只离开金门外海，以便进行相关宣传，配合台当局提振“台独”势力士气的意思。【停靠在厦门码头的052D型驱逐舰】此外，金门方向上的炮兵实弹射击，实际上属于台军为应对局势变化，进行的新一轮作战准备的一部分。此前，台军每年的实弹射击演练，基本集中在8、9月份进行。但在今年3月上旬，台防务部门突然对外宣布，将会增加实弹射击训练的频率，精确制导弹药的使用限制也进一步放开。台防务部门负责人邱国正当时便宣称，这是根据“敌情变化”作出的调整。除了金门地区守备部队进行的炮击训练。台湾岛北部的台军第6军团下属第21炮兵指挥部，将会在4月进行陆射型“剑二”防空导弹的试射。同时，台空军将会在4月进行至少五次对海、对空实弹射击演练，每次演练持续3天左右。从台渔业部门公布的禁航位置图上看，台湾海峡与台湾岛以东，是台空军此次的主要演习区域。【台当局给出的台空军演习区域】台防务部门现在主动强化战备训练，说明在他们看来，随着“2.14事件”发生，大陆改变台海问题措辞，不再强调“和平统一”，台海局势正在向着自己无法控制的方向发展，大陆通过武力解决问题的可能性正在增加。必须说明的是，虽然邱国正在宣布将要增加实弹训练时，表现出了对于两岸局势发展的担忧，强调自己多年来一直都在担心两岸的敌意徒增。【对于台军的行动，解放军也会保持关注，并有可能展开反制】但从增加实弹训练、改变“第一枪”底线等动作上，外界仍旧能够看出，在强化自身力量对抗大陆一事上，台防务部门与台当局意见一致，我们说台军在配合“台独”势力试图“以武拒统”绝不为过。对于台军的演训行动，大陆自然会保持关注。但解放军等部门是会选择通过观察演习，进一步了解台军的真实作战能力，以便制定更具针对性的计划，应对未来可能的擦枪走火，还是会同步在金门等地展开演训，以强势姿态给岛内“泼一盆冷水”，还要看剩余这10余天时间里，台海局势的进一步变化。
66765f9ffb88ab4b048dd61b,https://mp.weixin.qq.com/s/obeVbxYbL_04epoMnia-7g,福建渔船又翻，岛内风向太歪：解放军要登岛搜，卢沟桥事件再现,2024,03,22,2024-03-22,亲们，最近东碇岛附近的海域可真是不太平啊！一个月内竟然接连发生了两起渔船事故，让人不禁为那些遇险的渔民捏了一把汗。就在一个月前的2月14日，一艘大陆渔船在厦门金门水域遭遇不幸，船体受损严重。而时隔整整一个月，也就是在3月14日凌晨，又传来令人痛心的消息，一艘福建渔船在东碇岛附近海域沉没了。初步调查结果显示，这艘渔船很可能是触礁导致的沉没，造成2人遇难。这样的悲剧，真是让人心痛不已。这两起事故都发生在金门附近的海域，时间上的巧合也让人们开始关注起背后的原因和救援行动。然而，在这个关键时刻，岛内社交媒体上的一些言论却让人大跌眼镜。有人竟然把登岛和搜救扯上关系，说什么“大陆要求登东碇岛搜救，却遭到拒绝”。这种言论简直就像是把两个毫不相干的事情硬扯在一起，真是让人哭笑不得。其实，搜救行动是一件非常严肃和重要的事情。在面对这样的突发事件时，我们应该关注的是如何尽快找到并救助遇险人员，而不是去纠结于一些无关紧要的问题。至于是否登岛，那更是一个需要根据实际情况来判断的问题。我们不能仅凭一些人的主观臆断就做出决定。事实上，金门防卫指挥部在事发后已经迅速做出了反应，要求岛上驻军协助环岛搜救。他们秉持的是人道主义立场，救人为先。而那些关于“岛上士兵拒绝共军登陆搜索”的说法，其实是个误会。金防部并没有直接接到大陆方面的任何要求，他们一直在与海巡队保持密切沟通，共同开展搜救工作。    在这个过程中，我们也看到了两岸之间的一些分歧和误解。但无论如何，搜救行动应该是我们共同关注的焦点。无论是大陆还是台湾，我们都应该秉持人道主义精神，共同努力救助遇险人员。登不登岛并不是最重要的，最重要的是能够尽快找到并救助那些需要帮助的人。最后，我想说，这起沉船事件再次提醒我们，海上安全不容忽视。我们应该加强防范措施，提高救援能力，确保类似事件不再发生。同时，也希望大家能够理性看待问题，不要轻信一些不负责任的言论和谣言，共同维护一个和谐稳定的社会环境。好了，今天的分享就到这里结束了。如果你对这起事件有什么看法或者建议，欢迎在评论区留言讨论哦！让我们一起为那些遇险的渔民祈祷，希望他们能够早日脱险。    
66765f9ffb88ab4b048dd61c,https://mp.weixin.qq.com/s/upqeFw1ymPrtGZ5aFlD2dQ,统一绝佳机会？刘五店航道开通在即，台军宣布在金门海域实弹射击！,2024,03,22,2024-03-22,戳上面的蓝字关注我们哦！致力于关注国际军事新闻，传播正能量，弘扬爱国精神！感谢您的观看，请关注并把我分享给更多的朋友！我会坚持为您服务！台湾军方宣布在金门海域的实弹射击演练，被广泛解读为对大陆新开通的刘五店航道的直接回应。这一动作显然是台湾意在展示其在紧张的两岸关系中的军事存在感，同时也可能是试图通过武力展示来阻遏大陆的行动，为即将启用的航道带来不确定性。【金门海域的战略位置】金门海域位于台湾海峡西部，是连接大陆和台湾之间的关键水域，也是重要的军事防御前哨。近期台湾军方宣布，在金门海域进行实弹射击训练，此次训练紧随一起涉及大陆渔船翻覆的事件发生之后，使得两岸关系紧张度进一步升级。台军此举被视为在关键时刻展示军事存在和警戒态度的行动，同时也反映了两岸之间潜在冲突的加剧。【台军实弹射击的目的】台军在金门海域的实弹射击旨在阻止大陆启用新的刘五店航道，此航道的启用可能影响到台湾对其周边海域的控制。通过公开实施军事行动，台军也在试图展现其维护区域安全的决心和实力。这不仅是对外界展示台军防御能力的方式，也是对内部传递信心的手段，以稳固民众对于台军防卫能力的信念。【大陆巡逻与清航行动】应对台湾军事行动，大陆在金门海域加强了海警巡逻频率，并进行了清理刘五店航道的行动。这些举措旨在确保该航道的安全和畅通，同时也表明大陆对于维护其主权和海洋权益的决心。加强巡逻同样可以看作是对台军实弹射击行为的回应，展示了大陆维护区域稳定的意志。【台海巡权力减弱的影响】金门海域内，台海巡的执法权力正逐渐减弱，这主要体现在对于“禁限制水域线”的执行力度上。此前被视为台海军驻扎的战略支点，现在正因为名存实亡的禁限制水域线而受到质疑。台军在该海域的驻扎价值正在下降，这可能会对台军的防卫策略和区域控制造成负面影响，进而影响到台湾整体的安全防卫体系。【台军管制金门海域】台军对金门海域进行实弹射击，严格执行军事管制，确保演习区域安全。在此过程中，台军对刘五店航道的使用可能会受到影响，可能导致航道关闭或限制民航及商船的通行，对地区航运造成一定的阻碍。台军的管制措施可能包括发布海事警告、安排巡逻舰艇监控以及限制非军事船只进入演习海域。【大陆可能反应】大陆对台军实弹射击行动的可能反应包括派遣海警船只或军舰进入航道以显示主权，并对台湾的军事动态保持高度警觉。大陆可能会通过外交渠道表达关切，加强对台湾周边水域的监视，并调整自身在台海的军事部署和演习策略，以应对台军的动作。【台军的安全顾虑】台军在进行军事演练时，安全顾虑是其重中之重，采取的“安全第一”的政策可能反映出对于演练风险的自我保护，以及对演练中可能发生意外的担忧。这种安全至上的态度可能是对过去意外事件的反思，也暗示了台军在执行任务时对军事冲突的避免，以及对自身训练质量和效果自信不足的体现。【台当局反应与海警影响】 台当局对任何形式挑衅的反应通常是谨慎的，旨在避免不必要的冲突升级。大陆海警对金门海域的常态化执法巡航对台湾政府来说是一个需要长期面对的挑战，这不仅影响到金门地区的日常生活和经济活动，而且可能会引起两岸间的新一轮紧张。在本篇文章中，我们深入探讨了台军在金门海域执行实弹射击训练的背景和动机，并分析了这一行动对于两岸关系的潜在影响。我们可以看到，台军此次的军事行动不仅仅是一次常规训练，而是针对当前两岸紧张局势的有力表态。同时，我们还讨论了大陆方面的可能反应，包括对台当局挑衅行为的应对措施。总体来说，这次射击训练在一定程度上显露了台当局在两岸关系中的策略思维，而大陆方面的反应将进一步影响着两岸未来的走向。[免责声明]：文章描述过程、图片都来源于网络，此文章旨在倡导社会正能量，无低俗等不良引导。如涉及版权或者人物侵权问题，请及时联系我们，我们将第一时间删除内容！如有事件存疑部分，联系后即刻删除或作出更改。素材来源官方媒体/网络新闻（文章由AI生成）点个“分享”和“再看”的都是大大的好人！
66765f9ffb88ab4b048dd61d,https://mp.weixin.qq.com/s/gwsCzoy7Yfml6BebPpWUfw,金门撞船事件久拖不决形成强大反作用力，倒逼台海出现治理新常态,2024,03,22,2024-03-22,"    金门撞船事件未能迅速解决，持续升温的两岸关系使得海域争议更加尖锐，导致台海治理面临新的挑战和格局转变。【金门撞船事件背景】金门撞船事件是指一艘大陆的渔船与台湾海巡署的船只在金门附近海域发生碰撞的事件。这一事件成为两岸关系紧张的导火索，不仅引发了台湾方面对海上安全的担忧，而且反映出两岸之间缺乏有效沟通和危机管理机制的问题。【台海新常态】        在台湾海峡，目前已形成一种新常态，即大陆的海警、海监与渔政机构在该海域进行常态化的执法行动。这种常态化执法行动不仅增强了大陆对该区域的实际控制力，同时也对台湾方面的海上活动构成了一定的压力和挑战。【美国对厦金海域态度】美国在面对厦金海域紧张局势时，展现出了一种冷处理的态度。这可能是因为美国在处理台海议题时采取了更为审慎的姿态，同时也反映了美国在该区域的利益考量，以及对两岸冲突升级的担忧。【日本前防卫厅官员观点】日本前防卫厅官员对于台海紧张局势表达了担忧，强调日本避免卷入中美战争的必要性。他们认为，由于日本与美国之间存在同盟关系，台海的军事紧张对日本而言是一个敏感且复杂的议题，对此日本需要谨慎处理，以免被迫在冲突中采取立场，从而陷入同盟国的困境。【李义虎分析台海治理新形态】北京大学台湾研究院院长李义虎的分析强调台海治理新形态的重要性，将显著影响到实际的管控权。随着两岸关系的发展变化，台海地区的治理形态也面临着调整和变革，需要形成更加有效的管理和控制机制。新的治理形态将有助于减少两岸之间的摩擦和对抗，促进台海地区的和平稳定。一个合理、有效的治理新形态对于实际的管控权具有重要意义，能够更好地维护两岸人民的利益和地区的和平发展。【大陆执法范围扩展】未来大陆执法范围扩展至整个台湾海峡的可能性需要探讨。随着大陆综合国力的提升和海洋法治能力的增强，大陆在台湾海峡及其周边海域的法律管辖和执法行动可能会得到进一步的推进和实践。这种扩展意味着大陆将更加积极参与台湾海峡的事务管理，加强对该海域的治理，这对于确保海峡的航行安全、维护地区稳定等方面都有着积极的作用。【中美日根据中国实力变化的策略】中美日根据中国实力变化可能采取的不同策略及介入程度依据中国国力的强弱而有所不同。随着中国力量的增长，美日可能会重新评估其在东亚地区的战略部署和政策选择，以适应中国崛起所带来的地缘政治变化。中美日之间的策略调整将影响整个亚太地区的安全格局，同时也会对三方的经济、政治互动产生重大影响。【美日介入可能性的逻辑】中国展现出强大时，美日介入的可能性将降低，而中国如果显露出软弱，美日可能会采取得寸进尺的行为。这种逻辑基于实力对比和国际政治的现实主义视角，即国家间的互动往往以实力的对比为基础。中国的强大可能会使美日感到牵制和威胁，从而采取更谨慎的态度。相反，如果中国出现弱势，美日可能会认为有更多的空间来扩展其在地区的影响力，推动更为积极的介入政策。    在分析了金门撞船事件及其带来的海域治理新常态后，可以看出，台海局势的变化不仅是地区性的问题，更是国际力量博弈的体现。中国海警、海监、渔政在厦金海域的常态化执法，体现了中国对台湾海域主权的实际管控权的突破。同时，美国和日本的态度也是观察国际力量变动的重要窗口。美国的冷处理和日本的审慎立场，既反映了他们对中国日益强大实力的认知，也显示了在中国问题上的战略谨慎。未来，台海的治理形态将持续演变，而这一变化过程中，不同国家的政策选择将深刻影响地区乃至全球的安全格局。"
66765f9ffb88ab4b048dd61e,https://mp.weixin.qq.com/s/k1nL4X4sDQFFvEebpDJ25Q,台海风云再起！大陆渔船包围金门，民进党：这回真的玩大了！,2024,03,22,2024-03-22,▲▲ 新朋友--点击蓝字【涛涛闲谈说】关注时刻掌握热点动态哦请点击【在看】+【点赞】我们的文章能让您产生共鸣和愉悦，分享给更多的朋友看到。知识在路上，感恩您阅读！
66765f9ffb88ab4b048dd61f,https://mp.weixin.qq.com/s/QT2Lm7EpJVp7nogP9Lxb3A,字小事大！大陆正式没收金门海域执法权，国台办发声，民进党无力，台海风云起，渔船事件掀巨浪：历史的车轮岂容台独小舟阻挡？,2024,03,22,2024-03-22,在波涛汹涌的台海局势中，214渔船事件如同一块投入池塘的石子，激起了层层涟漪。我们仿佛能从这涟漪中窥见历史的巨轮缓缓转动，将台岛的回归之路推向了前所未有的速度。这绝非一场简单的海域争夺战，而是一场深刻影响两岸关系发展走向的重大事件。面对这一事件，民进党当局选择了沉默作为他们的盾牌，企图通过“三不”策略——不道歉、不追责、不赔偿来蒙混过关。这种态度不仅是对大陆方面的严重挑衅，更是对两岸关系的极大不负责任。然而，沉默并不能掩盖真相，更无法阻挡正义的步伐。大陆的回应迅速而坚定，正式没收了金门海域的执法权，这一行动如同利剑出鞘，直指民进党当局的软肋。与此同时，大陆海警舰艇的壮丽航迹在台海上空划出了一道道坚定的弧线。它们不仅是对民进党当局挑衅行为的直接反击，更是对国家主权和领土完整的坚定捍卫。当我们看到《海洋装备与公务船信息》公布的航迹图时，心中的敬意油然而生。那些勇闯禁限制水域的英勇身影，如同一个个坚定的战士，用他们的行动向世界宣示着大陆的决心和力量。而在这场风波中，中国海警队的官方声明无疑为我们揭示了更深层次的意义。他们强调在金门附近海域开展执法巡查的目的是“为维护包括台岛在内的中国渔民合法正当权益和生命财产安全”。这一表述不仅彰显了大陆对渔民权益的关怀与保护，更含蓄地表达了对台海及其周边海域的主权诉求。通过福建海警的执法巡查，大陆实际上是在向国际社会传递一个清晰而明确的信号：任何试图破坏台海和平与稳定的行径，都将面临坚决而果断的打击。陈斌华那铿锵有力的话语——“绝不容忍，绝不姑息”，如同战场上的檄文，激励着每一个有良知的中华儿女。在这股强大的气势面前，民进党当局试图“蒙混过关”的伎俩显得如此拙劣和可笑。大陆的立场坚定不移，追责到底，绝不留任何余地。这既是对台当局的严厉警告，也是对遇难家属和两岸民众的庄重承诺。海面上，PP-10083艇与大陆海警船的对峙成为了这场风波中的一道独特风景。虽然这艘小艇在物理力量上显得微不足道，但它的出现却象征着台当局的顽强抵抗和不自量力。然而，在大陆海警的强势回应面前，这种抵抗显得如此无力和可笑。大陆海警要求通报“出发港、目的港和来此海域目的”，这不仅是对台当局行为的严厉质疑，更是对他们所谓“主权”的无情嘲讽。最引人注目的是，大陆海警船舰勇敢地进入了所谓“禁限制水域线”约1.6海里范围内。这一行动无疑是在用实际行动告诉台当局：两岸之间的争议和矛盾需要更为直接和迅速的解决方式。任何拖延和阻挠都将面临严重后果。这一行动也让金门本岛感受到了前所未有的压迫感和危机感。民进党当局陷入了前所未有的困境之中，他们不得不重新审视自己的立场和策略。然而，无论结果如何，民进党当局都必须给遇难家属以及两岸民众一个明确的交代。这不仅是对于此次事件的负责态度，更是对于两岸关系未来发展方向的深思熟虑。在这一进程中，任何台独势力的挑衅和阻挠都注定是徒劳无功的。历史的巨轮已经滚滚向前，其强大的力量足以碾平一切阻碍前进的障碍。台独势力的小动作不过是在历史长河中掀起的一点微小浪花，最终都将被历史的洪流所吞噬殆尽。事实上，这次渔船事件只是两岸关系中的一个小插曲，但它却深刻地反映出了两岸关系的复杂性和敏感性。民进党当局的沉默和大陆方面的坚定回应形成了鲜明的对比。这种对比不仅体现在力量上的悬殊，更体现在道义上的高低。大陆方面始终站在历史和道义的高度来看待和处理两岸关系问题，而民进党当局则陷入了短视和自私的泥潭中无法自拔。展望未来，两岸关系的发展仍然充满着不确定性和挑战。但无论如何，我们都应该坚信历史的车轮是向前滚动的，任何企图阻挡历史潮流的行径都将是徒劳无功的。两岸同胞应该携手共进，共同推动两岸关系和平发展、共创繁荣辉煌的未来。让那些台独势力的小动作在历史的长河中消失得无影无踪吧！
66765f9ffb88ab4b048dd620,https://mp.weixin.qq.com/s/I28w2t5dyN6X_gyqQ4kMvw,就在刚刚，台“海巡署”又想扣押大陆渔船，金门守军将进行实弹演训,2024,03,22,2024-03-22,在台海局势持续紧张的背景下，近期发生的一系列事件再次引发了国际社会的关注。台海巡部门试图扣押大陆渔船的未遂以及金门守军即将进行的实弹射击演练，无疑再次点燃了台海地区的火药桶。首先，让我们来看看台海巡部门试图扣押大陆渔船的事件。在这起事件中，台海巡部门动用了力量试图扣押一艘大陆渔船，然而他们并未料到，大陆渔船上竟然配备了自制的“武装”，最终导致扣押行动以失败告终。虽然台海巡部门声称他们只进行了“强制驱离”，但这一事件再次揭示了台海地区的紧张局势以及双方之间的对抗态势。其次，台防务部门宣布金门守军即将进行的实弹射击演练也引发了广泛的关注。尽管官方声称这是例行性训练，但外界普遍认为这一举动存在明显的针对性，尤其是在与大陆海警在金门海域执法相关的背景下。这不禁让人担忧，实弹射击演练是否会引发更大规模的冲突，进一步加剧台海地区的紧张局势。另外，台防务部门关于“第一击”定义修改的澄清也引起了广泛的议论。尽管台方表示这只是一种技术性的修改，并不意味着会采取蛮干的态度，但这一举动仍然让人感到担忧。在台海地区的紧张局势下，任何一点的微妙变化都可能引发意想不到的后果，因此台方的澄清并未完全消除外界的担忧。此外，美国插手台海局势的举动也备受关注。美国特种部队向台军单位派遣军事顾问，以提供特战培训，这被视为对民进党当局的支持，同时也暗示了美国在关注台海局势，并可能会在适当时候采取行动。然而，美国的介入也引发了一些质疑和担忧，特别是在台海局势持续紧张的背景下，美国的举动是否会加剧局势的紧张程度，仍然存在很多不确定性。最后，值得一提的是，尽管美国特种部队派遣军事顾问给台军单位提供特战培训，但大陆海警在金厦海域执法的行动并没有停止。这再次表明，尽管台海地区的局势紧张，但双方仍在努力保持局势的稳定，避免局势进一步恶化。然而，如果民进党当局再次挑衅，可能会面临解放军的对付，这给台海地区的稳定带来了更多的不确定性和风险。综上所述，台海地区近期发生的一系列事件再次引发了国际社会的关注和担忧。面对台海地区局势的持续紧张，各方应保持克制和理性，通过对话和协商解决分歧，共同维护台海地区的和平与稳定。小编每日原创不易，若您还满意，可点左下角“分享”支持小编或点右下角，感激不尽！
66765f9ffb88ab4b048dd621,https://mp.weixin.qq.com/s/VTtiL2eoyRY5ExY2aw1dYQ,敢来就喷！台海巡在澎湖用水炮攻击大陆渔船，借口与金门一样,2024,03,22,2024-03-22,"狂风骤雨中，惊涛骇浪里，7艘大陆渔船在台湾海峡缓缓前行。突然，凌厉的水柱从天而降，狠狠地击打在渔船上，船体剧烈摇晃，渔民们慌乱不已。原来，台湾海巡署的屏东舰和巡防艇竟然在澎湖水域用高压水炮攻击我大陆渔船！而他们的借口，竟然和之前在金门事件如出一辙——""越界""！昔日金门惨案的血泪未干，今日澎湖海域的威胁又起。台湾当局一而再、再而三地挑衅大陆底线，到底是嚣张还是无知？是愚蠢还是不见棺材不落泪？台湾海巡署步步紧逼，""以武谋独""野心昭然若揭台湾海巡署对大陆渔船的袭击，绝非偶然，而是一场蓄谋已久的阴谋。他们先是以广播喊话为名，施以言语威胁；继而开启高压水炮，实施暴力攻击。10级大风、4米巨浪，台湾海警非但没有伸出援手，反而趁火打劫，大搞""以武谋独""，其卑劣嘴脸昭然若揭！但台湾海巡署却振振有词，声称大陆渔船""越界""，进入了他们所谓的""主权海域""，他们有权在自己的地盘上为所欲为。可笑至极！金门事件还历历在目，台湾当局的错误做法已经引起两岸民众的强烈愤慨，但他们非但不思悔改，反而变本加厉，把魔爪伸向澎湖海域，对大陆渔民赶尽杀绝。真是不见棺材不落泪，记吃不记打！大陆海警常态巡逻，台湾所谓""主权""已不复存在台湾当局还在沉醉于""主权""的美梦中不能自拔，殊不知，随着大陆海警船在金门周边海域的常态化巡逻执法，他们所谓的""主权""早已名存实亡。大陆挖泥船已经进入金门海域疏通航道，大陆渔船在""台湾海峡""自由航行捕捞，这一切都是铁的事实，也是祖国大陆对台湾行使主权的有力体现。面对祖国大陆的步步紧逼，面对""主权""的一点点流失，聪明的做法本应该是放下成见，更好地与大陆携手维护台海和平稳定。但台湾海巡署非但不思悔改，反而变本加厉，在澎湖海域大搞对抗，无疑是与民意和历史潮流背道而驰，最终也必将自取灭亡！澎湖不是台湾的私产，谁给你这么大的底气？台湾海巡署之所以在澎湖如此嚣张跋扈，无非有三个原因。一是坚持所谓的""主权原则""不放手，他们担心失去""主权""就会丧失在海上横行霸道的资本。二是台湾高层别有用心，他们不愿意看到两岸关系改善，企图利用海巡署挑起事端，破坏统一大业。三是他们认为澎湖不同于金门，离台湾本岛更近，是他们的""囊中之物""，大陆不敢轻举妄动。但台湾当局想得太天真了！台湾自古以来都是中国领土不可分割的一部分，澎湖、金门同属一个中国，岂容他们肆意切割？台湾海域就是中国的海域，大陆海警在其中维护海上执法权天经地义，台湾当局有什么资格说三道四？要知道，早在清朝收复台湾之时，我们就是从金门起步，兵临澎湖，再而席卷全台。历史的规律和民族统一的潮流，岂是区区台湾当局能够阻挡的？强化澎湖执法，一统金门澎湖，指日可待！对于台湾当局的嚣张气焰，我们绝不能姑息，必须以更加坚定的意志、更加有力的行动予以回击！金门执法力度的加强只是第一步，接下来，我们更要进军澎湖，彻底打碎""台独""分裂势力的狂妄迷梦。让台湾海巡署在澎湖如此猖狂，我们难辞其咎。大陆海警船在金门的常态化巡逻固然重要，但这远远不够。我们要以金门为根据地，向澎湖列岛辐射，逐步扩大海上执法范围，直至全面控制台湾海峡。我们要用实际行动告诉台湾当局：台湾海峡不是你们的私人领地，而是中国领土神圣不可侵犯的一部分！金门也好，澎湖也罢，都是我们迈向统一的一个个里程碑。台湾当局如果执迷不悟，一意孤行，那就只有死路一条。"
66765f9ffb88ab4b048dd622,https://mp.weixin.qq.com/s/1txr6UlvyPus0z_rkdt0Pw,渔船事件大陆再次反制，金门海域开启大基建，管碧玲道歉为时已晚,2024,03,22,2024-03-22,最近，台海局势再度紧张，源于一起渔船事件的谈判破裂。这一事件导致台湾当局面临着来自大陆方面的反制措施。本文将探讨这起事件的背景、经过以及可能带来的影响。这起事件的起因是一艘台湾渔船与大陆渔船在海域发生冲突。尽管双方曾试图通过谈判解决分歧，但最终谈判以失败告终。台湾当局开始意识到问题的严重性，因此开始采取道歉等措施以缓解紧张局势。面对台湾方面的道歉，大陆开始采取反制措施。特别是在金门海域进行了一系列大型基建工程，其中包括挖泥船疏浚刘五店航道。这些行动在一定程度上展示了大陆的决心，不愿容忍任何对其主权的挑衅。值得注意的是，大陆船只在进行行动时，并未受到台湾“海巡署”的干预。这一现象引发了人们对台湾当局在海域管理方面的能力和效力的质疑。台“海巡署”对大陆船只行动的限制及解释值得深入分析。刘五店航道位于特定的地理位置，具有重要的战略意义。它不仅是海上交通的要道，还对台湾当局控制的“限制水域”产生了直接影响。因此，刘五店航道的疏浚将带来政治、经济和安全等多方面的影响。刘五店航道的疏浚将增强大陆在海域管控上的实际掌控能力，挑战了台湾当局关于“限制水域”的主张。这一行动可能进一步影响两岸关系和台湾政治的发展。大陆的行动将为其在台湾问题上的立场带来更多支持，可能导致台湾在国际上的孤立。刘五店航道的疏浚将促进海上航运业和渔业的发展，并提升厦门港口货物吞吐量。这将对地区经济产生深远影响，并可能改变长期的发展格局。然而，对于台湾而言，这也意味着失去了一部分海域资源的控制权，可能影响其经济发展。大陆解放军在刘五店航道通行能力的提升将直接影响台湾的安全局势。台湾当局需警惕可能带来的军事防御挑战。此举可能加剧两岸军事紧张局势，增加台海冲突的风险。面对事件，台湾“海委会”主委管碧玲已发表道歉声明，但未直接向遇难者家属道歉。这一反应可能导致进一步的反制措施，并对两岸关系产生深远影响。台湾政府需谨慎处理，寻求与大陆的对话与合作，以避免进一步的紧张局势。刘五店航道事件凸显了台海局势的不稳定性。拖延和敷衍将使局势恶化。
66765f9ffb88ab4b048dd623,https://mp.weixin.qq.com/s/4ly5sEBqLRoJDNABwTYoHg,渔船事件第11次谈判失败，大陆强势再出手，金门告急，台军慌了,2024,03,22,2024-03-22,在最近的政治气候中，两岸关系再次成为全球关注的焦点。本文旨在探讨此次浯江饭店举行的两岸代表第10次和第11次闭门会谈的细节，以及随后的一系列事件，这些事件不仅加剧了两岸之间的紧张关系，还使得局势变得更为复杂和微妙。两岸代表在浯江饭店的闭门会谈期间，气氛沉重，双方都表现出对会谈结果的重视。这些会谈是在两岸关系紧张的背景下进行的，其重要性不言而喻。但遗憾的是，会谈并未取得预期的突破，第11次会谈的失败导致局势进一步紧张。 会谈结束后，大陆方面加大了在台湾周边海域的海洋巡逻和训练演习。这些活动被广泛解读为对两岸关系的新边界定义，尤其是陆方船只和飞机的频繁活动，在台湾引起了极大的关注和压力。对此，台湾也采取了反应措施，派遣飞机和船只应对大陆方面的行动。这种互动更像是一场心理战，不断加剧两岸的紧张关系。      在这种背景下，国台办对台湾当局发出了严厉的声明，强调对当前局势的忍耐是有界限的。这一表态显著提高了两岸关系的紧张程度。与此同时，台湾媒体也发出了警告，强调了对现状进行迅速审查和应对的重要性。 在两岸的战略布局中，大陆对金门、马祖等外岛的政策成为焦点。这被视作一种非直接的军事手段，旨在增加对台湾的压力，同时为未来的谈判留下余地。这一策略突显了两岸关系中策略性行动的重要性。      文章还描述了所谓的“反切香肠”策略，这是通过一系列战略性行动，逐步削弱对方的抵抗意志。这种策略的使用，表明了两岸关系中力量和策略的微妙平衡。 两岸关系的未来走向将取决于各方的理性和决心。大陆方面坚持一中原则，这表明了他们在两岸关系中的基本态度和长远目标。而两岸关系的和平发展需要基于相互尊重和平等协商。尽管存在分歧和紧张，但双方仍需努力寻找共同点，以和平和合作的方式解决问题。总体而言，这些会谈及其后的动态展示了两岸关系复杂且多维的本质。每一次动作和反应都在不断塑造和重塑这种关系。在这样的背景下，持续的对话和交流，尽管充满挑战，似乎仍是维持和平与稳定的关键。
66765f9ffb88ab4b048dd624,https://mp.weixin.qq.com/s/oJzopP6YXsqqbSRMG8Kyow,突发！大陆渔船逼近澎湖，台海巡出动，台军宣布金门海域实弹射击,2024,03,22,2024-03-22,来源：狗蛋家的故事
66765f9ffb88ab4b048dd625,https://mp.weixin.qq.com/s/g8gnZKUziDF1-qfC9PCDsQ,管碧玲道歉的话音刚落，又有渔民命丧金门，大陆立即采取行动,2024,03,22,2024-03-22,标题：《海峡之殇：金门渔民遭遇悲剧，台湾与大陆合作展开紧急救援》在波光粼粼的海面上，一场悲剧在金门岛上演。管碧玲刚刚道歉的消息传来，却被另一起意外所掩盖——数名金门渔民在海上作业时遭遇风暴，其中一名渔民不幸命丧黄泉。这起事故震惊了整个岛屿，也引起了两岸关系的关注。闻讯而动，大陆立即采取行动。军方组织了一支紧急救援队伍，携带着救生设备和医疗药品，火速前往金门。同时，台湾方面也积极响应，派出救援队与大陆合作，共同展开搜救行动。在波涛汹涌的海面上，救援队员们奋力搜寻着失踪的渔民。大陆和台湾的士兵并肩作战，展现出无与伦比的团结和合作精神。他们在风雨中穿梭，不畏艰险，只为将渔民们平安带回家。经过艰苦的搜救，救援队最终找到了受困的渔船。在波涛汹涌的海面上，渔民们顽强地坚守着最后的希望。救援队迅速展开救援行动，将他们一一营救上船，并进行急救处理。渔民们获救的消息传遍金门岛，岛民们纷纷涌向海边，目送着救援队带着渔民们安全归来。泪水在风中飘洒，感激和欣慰交织在心间。这场悲剧让人们深思。海上工作是金门岛渔民的生计来源，但也是生命安全面临的挑战。如何在恶劣的海况下保障渔民们的安全？这不仅是台湾当局和大陆政府的责任，更需要整个社会的关注和支持。或许，我们每个人都能从这次事件中得到启示。在面对生活中的风险和挑战时，团结合作、勇敢坚强是克服困难的关键。
66765f9ffb88ab4b048dd626,https://mp.weixin.qq.com/s/cnfkg0RSU90Gsl0RZs4gZQ,要收复澎湖？台海巡用水炮驱逐大陆渔船，解放军罕见夜航包围台湾,2024,03,22,2024-03-22,"在18日那天，有个陆籍渔船神出鬼没地出现在澎湖猫屿西南方海域。这画面，想必是颇为戏剧性的——北风呼啸，风力高达7、8级。那艘渔船在波涛中摇曳，而台海巡的巡检人员，恐怕是连近都难以靠近，更别说上船登检了，最后，台海巡采取了“强力驱离”的措施。然后，20日下午的时光里，又有戏码上演，这回不止一艘，而是五艘大陆渔船，而且还都将船名涂抹了，神秘兮兮的出现在七美南10海里处。同一天下午5时左右，台海巡的10087巡防艇又在澎湖草屿南2.8海里处发现了另外两艘大陆渔船，其中还有一艘是无船名的“神秘客”。那时候海象不佳，10087巡防艇只能通过广播和鸣笛来示警，最后甚至还用到了水炮，紧接着，一艘大陆公务船在金门岛海岸线0.2海里处穿越而过，这无疑是在无声中放送了一个明确的信号——这片海域的每一寸浪涛都在被密切注视。而紧跟其后，解放军的军机和军舰在台海的活动更是频繁到令人瞠目，尤其是20架次共机越过海峡中线，以及解放军军机的夜航出海，这不仅仅是在展示军事力量，更像是在进行一场没有硝烟的心理战。每一件事都像是在为下一步布局，就像看一场悬疑大片，每个镜头都让人揪心，但也禁不住想知道下一幕会发生什么。就在21日，解放军的“南京舰”与台湾军队的拉法叶级护卫舰在海上相对峙，这不禁让人想起了那句老话：“兵来将挡，水来土掩”，但这里面的""兵""和""将""，显然重量级不一样。拉法叶级护卫舰看起来有点“落魄”，3000吨的体积，加上临时装上的响尾蛇防空导弹，射程才5公里，真的敢和解放军的“南京舰”正面硬刚吗？讽刺的是，这场没有硝烟的对峙，早已超越了军事的层面，变成了一场心理战和政治博弈。台“防长”的声明，无非是一块保护色的斗篷，试图在强敌面前遮掩自己的脆弱。然而，这斗篷太过薄弱，遮不住内心的颤抖，掩不住策略的无力。不过，在这个舞台上，台军宛如一群站在巨人肩膀上的小人，即便拥有再大的勇气和决心，面对陆军的远程火箭炮，海空军的导弹雨，他们也不过是手中握着石子的大卫，对抗着手持巨石的歌利亚。而退役少将栗正杰一番话，简直就是给了台当局一堂生动的军事课。栗将军数落了一番，大陆的052D导弹驱逐舰，那可是7000吨的大家伙，配备的武器系统更是厉害得很，垂发系统64个，可谓是装备精良。栗正杰少将的话语中流露出的无奈与讥讽，仿佛在说：“大陆这边是个七千吨级别的大块头，那台当局呢？一个三千吨的小个子。大陆有着先进的垂发系统，台当局呢？就几门老旧的导弹。”这种比较，不仅仅是在数值上的碾压，更是一种战斗力的绝对优势，如同成年人与孩童的较量，结局似乎已注定。台海军的实力，按照栗将军的说法，似乎在数量上就已经处于下风，更不用说质的差距了。这番“不会率先开火，只会进行被动防卫”的声明，不禁让人想起了古老的成语“壮士断腕”，但在这里，他们连断腕的勇气都未必有，只能在无形的压力下，试图保持一丝丝尊严。台方的被动防御态度，从一定程度上反映了它们的战略困境，即使是“借他们1万个冬瓜壮胆”，也不敢轻举妄动。从民间渔船到政府公务船，再到军方的军机军舰，大陆在这三个维度上同时发力，展现出了一种全方位的压迫态势。有人甚至预言，如果这种压力继绀加大，持续一年半载，民进党当局和台军可能会不堪重负，最终不得不“躺平”。"
66765f9ffb88ab4b048dd627,https://mp.weixin.qq.com/s/dzkbJoVzZZuYu7ZYPxaonA,金门海巡紧急求助，大陆海警营救台岛民众，国台办第一时间回应,2024,03,22,2024-03-22,路路观察——不一样的观点，不一样的精彩，每天10点30为您实时推送国际军事要闻，请关注并分享给更多的人！我们将为您提供有价值的延伸阅能量石冰磁男士内裤： 嵌有2颗能量磁石，以及按摩颗粒设计，可以提升能量、保持健康活力；底裆使用的是石墨烯面料，自带“抗污自洁、抗菌抑菌”能力；其他部位使是冰丝面料，超级柔软舒服，弹性也很大，不紧不勒不卡档，包裹性很好，透气吸湿、天热时穿着十分冰爽，不会闷汗。原价89.9元/3条，现在活动价仅需59.9元/3条，不过福利数量有限，需要的趁优惠尽快下单！正文：大陆做了什么，让台当局一改强硬态度？大陆海警营救台湾民众后，为何在移交台岛时突然生变？最近，整个金门海域可谓是异象频出。继“2.14恶性撞船事件”导致两名大陆渔民遇难，本月14号2名大陆渔民因船体触礁遇难后，近日金门海域又发生了一起海上事故。17号，台湾两名男子出海钓鱼，因海上天气恶劣与外界失联，金门海巡部门在该海域搜救无果后，在当天半夜紧急求助福建海上搜救中心。随即，我海警展开营救，在18号凌晨救起了被困在泉州围头湾水域的2名台岛民众。好在这两人身体状况正常，之后，我海警又给这两名台湾同胞提供了热水、食物和棉服等，可以说是一应俱全。通过这件事，不难看出，虽然两岸因为“2.14恶性撞船事件”关系紧张，但在台湾同胞遭遇险情时，我海警基于两岸同胞之情，还是对台湾同胞抱以友好的姿态，果断开展救援，这反映出大陆是在“以德报怨”。对此，国台办发言人第一时间作出回应，两岸本就是一家人，守望相助是应该的，海上突发险情应当互相救援。一直以来，大陆的确是做到了两岸一家亲，可回想“2.14恶性撞船事件”，台当局的做法不免令人寒心和失望，直到如今仍没有给出应有的道歉、追责和赔偿，但凡台当局心中有所愧疚，就该立即拿出行动解决此事。值得一提的是，大陆本来是准备在18号中午就向台方移交这两人，但是突然生变，因为这其中一名台湾人竟然是金门防卫指挥部的现役士官。基于他的身份特殊性，而且台军方面刚刚宣布了一个消息，即4月份金门要进行实弹射击训练，这不免让我们怀疑，这名台军士兵是来打探情报和摸清我方的底线，所以大陆还要做更多的甄别工作，移交人员一事要暂停。有意思的是，这次台当局并没有任何回应，不知道是心虚还是害怕引起更大的事端。那台当局为什么现在不敢摆出强硬姿态了呢？这主要是因为大陆近期一连使出了3招。哪3招呢？第一招，日前大陆3艘渔船抵近台岛6海里，甚至还拆掉了台湾布设的渔网。第二招，大陆出动5艘挖泥船，进入金门所谓“禁、限制水域”疏通航道。第三招，解放军持续出动军机军舰在台海活动。大陆这3招不仅将金门海域的实控权掌握在手中，还压缩了台军的活动空间，可谓是金门和台海“两手抓”，这种情况下，台当局自然不敢再继续叫嚣大陆。更何况如今民进党当局恐怕也没那么多精力放在金门。距离台湾地区新一届领导人赖清德上台只剩2个月，在这个关键时刻，前台湾地区副领导人吕秀莲向赖清德“开战”，要求重新调查“319枪击案”，这无异于是给了赖清德当头一棒。要知道，如果没有这起事件，前台湾地区领导人陈水扁未必能赢得2004年的选举，而民进党更不会有如今的势头。当时这起案件震惊了岛内外，并且仍存在许多疑点，由于发生在2004年岛内选举前夕，或多或少都对那一届选举造成了不少影响。而通过这起案件也进一步说明，岛内选举其实就是赤裸裸地权利竞争。台湾尽早回到祖国怀抱才是正道，否则一旦赖清德上台，只会将两岸关系以及台海局势推向更危险的境地，这不符合台湾同胞的利益，更不符合台湾未来的发展。如果喜欢这篇文章，请点下方在看，后续推荐更多类似文章
66765f9ffb88ab4b048dd628,https://mp.weixin.qq.com/s/2Jq2qhedPqIShuhEjsAeOQ,福建渔船金门翻覆，这一次，台当局举动不简单，大陆反制开始见效,2024,03,21,2024-03-21,在金门水域连续发生的海域事件，成为考验两岸关系的焦点。最新的福建渔船翻覆事件不仅考验台当局的应急反应，也触动了大陆方面的反制措施，双方互动充满变数。【金门水域渔船翻覆事件的台当局反应】    针对金门西南水域发生的大陆渔船翻覆事件，在台海局势紧张背景下，台当局展现了明显的态度转变。此次事件中，台海两岸救援单位迅速响应救援行动，体现出了两岸之间的默契与协作，与以往台当局在类似事件中的反应相比，可以看出台方的态度有了明显转变。这种改变可能表明台当局在特定情况下愿意与大陆方面保持沟通与合作，从而在紧急情况下为人员安全提供保障。    【大陆方面反制措施见效】在“2.14恶性撞船事件”后，大陆方面采取了一系列反制措施，以回应台方的行动。根据台防务部门发布的消息，解放军在台岛周边的水域和空域加强了巡航执法行动。这些反制措施显然对台方产生了一定的影响，可能导致了台湾方面在安全及军事问题上的重新评估，并调整其应对策略。大陆方面的这些行动表明，在台海局势出现紧张时，大陆具备采取果断措施维护自身利益及地区稳定的能力。    【管碧玲道歉】    台海委会负责人管碧玲就“2.14恶性撞船事件”向遇难者家属公开道歉，表现出台方较之前态度上的软化。这一转变可能意味着民进党当局对于两岸关系持更加温和的立场，有助于降低两岸紧张关系，为未来的沟通打下基础。【台海局势缓和】民进党当局在先前展现出的强硬姿态有所收敛，显示出对台海现状的重新评估。这一态度上的变化为台海地区局势的缓和提供了可能性，暗示双方或许能够在更加平和的氛围中探讨问题，从而避免激烈对抗。【两岸协商合作】稳定的台海局势需要双方真正意识到各自的错误，并采取协商合作的方式解决分歧。这要求台方和大陆方面都放下成见，通过对话来达成共识，以和平方式维护两岸关系的长久稳定。【大陆反制举措】大陆方面的态度是继续采取反制措施，直到遇到问题得到妥善解决。这种决心和态度表明大陆对于台海和平稳定的承诺，同时也向台方传递出在重大原则问题上的坚定立场。在台海局势紧绷之际，金门水域渔船翻覆与“2.14撞船事件”凸显了两岸关系的敏感性。台方此次表现出较往常更为积极的救援态度，并有官员就处理失误向受害者家属致歉，彰显了两岸救援合作的潜力与台方的柔性回应。对岸的大陆则通过公开反驳“禁限水域”说法及加强周边警巡，表明了打击“台独”势力的决心。这些互动可能会促使台方反思，为两岸关系带来新的发展契机，未来双方能否通过增进沟通与合作，维护台海和平稳定，成为外界密切关注的议题。
66765f9ffb88ab4b048dd629,https://mp.weixin.qq.com/s/Hs0zLy5Xoa_L05FyK6HbAQ,道歉不到24小时，大陆渔民金门再遇难，台军一把手一语激起千层浪,2024,03,21,2024-03-21,两岸情势持续动荡，大陆渔民在金门海域再次遭遇不测。这是继2月14日”恶性撞船事件”后，短短一个月内，大陆渔民再次在台海遇难的悲剧。台防务部门负责人邱国正不当言论，更是一语激起千层浪，加剧了两岸间的紧张氛围。2月14日，大陆渔船在厦金海域被台”海巡”艇撞击翻覆，导致两名渔民遇难身亡。对此，大陆方面多次向台湾当局沟通，要求查明真相，追究责任。然而，民进党当局不仅迟迟不公布事发录像，还编造谎言隐瞒真相，企图推卸责任。直到3月13日，在岛内外舆论压力下，台”海委会”负责人管碧玲终于低头道歉。但让人不可思议的是，道歉不到24小时，又有2名大陆渔民在金门海域遇难。3月14日，大陆漳州”闽龙渔61222”号渔船在金门西南15里处海域，因大浪原因自行翻覆，6名船员落水。台搜救中心接报后，立即派遣4艘船只前往营救，最终4人获救，2人不幸遇难。对比两起事件可以看出，尽管都造成了大陆渔民的伤亡，但台湾当局的应对态度迥然不同。”2·14事件”中，民进党当局避重就轻、诿过推责，甚至恶语相向。而在最新事件中，台湾搜救力量能第一时间赶赴现场施救，体现了人道主义精神。大陆方面也在第一时间派遣海警船只前往搜救，这恰恰印证了，面对危难时刻，两岸同胞始终坚持”人命至上”，血浓于水的骨肉情深不可切断。遗憾的是，就在两岸同胞携手施救、合力减灾之时，岛内政治生态却在恶化。台防务部门负责人邱国正竟扬言，”即便大陆武力收复台湾，只要五星红旗没有插到台防务部门，仗都算白打”。此言一出，舆论哗然。邱国正的言论暴露了民进党当局穷兵黩武、蓄意挑衅的心态，与他们口口声声”维护台海和平稳定”的说辞相去甚远。试问，连遇难同胞的伤痛都无法唤起民进党当局的良知，他们还能指望两岸关系向何处去？攘外必先安内。当前最紧要的，是尽快查明事件真相，妥善安抚受害者家属，防止矛盾激化、局势恶化。从大局来看，两岸关系的改善需要民进党当局拿出诚意，以实际行动回应两岸同胞的期盼。只有秉持”国家人家”理念，以民族大义为重，放下成见，增进互信，才能重启两岸交流合作的大门，让两岸关系重回正轨。历史经验已经证明，”台独”分裂是祖国统一、民族复兴的最大障碍，是两岸关系和平发展的最大绊脚石。三次台海危机无不是”台独”势力挑动所致。岛内一些政客为一己之私，执意谋求”台独”，必将把台湾推向战争的深渊。邱国正之流叫嚣所谓”奉陪到底”，无非想把更多台湾民众绑上战争的”贼船”。两岸军事冲突一旦爆发，最大的受害者必然是广大台湾民众。在此，我们呼吁广大台湾同胞擦亮眼睛，明辨是非，坚决抵制”台独”分裂活动，共同捍卫台海和平。一寸山河一寸血，统一大业不可阻挡。任何”以武谋独”的行径，都动摇不了祖国统一的历史车轮。两岸同胞要携手努力，排除万难，推动两岸关系和平发展，共圆中华民族伟大复兴的中国梦。惟有如此，两岸才能拨开云雾见青天，实现永续发展、长治久安。
66765f9ffb88ab4b048dd62a,https://mp.weixin.qq.com/s/DD7CqwfRhqH9X-DHSF8jCQ,金门渔船事件惊动两岸！解放军竟不动武？背后原因太惊人！,2024,03,21,2024-03-21,金门渔船事件最近可是闹得沸沸扬扬，大家都以为这次解放军得动武了吧？可结果你猜怎么着，解放军那边可是稳如泰山，一点都没想动粗。这到底是咋回事呢？咱们就一起来聊聊这个热门话题。金门，那可是海峡里的一个关键地方，历来都是军事家们眼中的香饽饽。可谁也没想到，最近那边的一艘渔船竟然误闯了敏感海域，就像是闯进了一个大漩涡。这消息一传出来，两岸的民众都坐不住了，心里都在琢磨：这次解放军会不会动武呢？可解放军那边，就像是看穿了大家的心思，一点都没想动粗。他们选择了冷静和克制，通过外交渠道去沟通、去交涉。这让大家都挺意外的，毕竟在历史上，类似的摩擦往往都会引发大战。可这次解放军却偏偏不按套路出牌，让人摸不着头脑。那么，解放军为啥不利用这次事件动武呢？其实啊，这背后的原因可复杂了。你想啊，战争可不是闹着玩的，一旦打起来，那后果可是不堪设想。解放军深知这一点，所以他们选择了和平解决的方式。再说，解放军的克制也是一种战略智慧。他们知道，在这个全球化的时代，任何过激的行动都可能引发连锁反应，让局势变得一发不可收拾。所以，他们选择了保持冷静和克制，避免事态的进一步升级。而且，解放军的克制还基于对两岸关系的长远考虑。他们知道，金门渔船事件只是两岸关系中的一个小插曲，如果因为这点小事就动武，那岂不是因小失大？所以，他们选择了以大局为重，通过对话和协商来解决问题。这起事件中，美军四星上将马克·米利也发表了自己的看法。他觉得解放军之所以选择克制，是因为他们非常清楚自己的目标和定位，知道什么时候该用力、什么时候该保持克制。这可不是软弱的表现，而是一种对未来有着长远考虑的智慧。米利的这番话，可真是说到了点子上。解放军在处理这次事件时展现出的战略定力和远见卓识，让人不得不佩服。这也正是解放军能够成为一支伟大军队的重要原因之一。回顾这次金门渔船事件，我们可以发现其中蕴含的深刻启示。在这个充满变数的时代，我们需要的是冷静和克制，而不是冲动和鲁莽。我们需要的是对话和协商，而不是对抗和冲突。只有这样，我们才能共同维护好这个美好的世界。当然，也有人会问：如果解放军一直这样克制下去，会不会让人觉得他们软弱可欺呢？其实啊，这种担心完全是多余的。解放军的克制并不是软弱的表现，而是一种战略选择。他们知道，在这个多元化的世界里，武力并不是解决问题的唯一方式。相反，通过和平手段来解决问题往往能够取得更好的效果。所以，大家也别再瞎猜了。解放军之所以选择克制，是因为他们有着更高的目标和追求。他们不会因为一时的冲动而做出错误的决定，也不会因为一点小事就动武。这就是解放军的风格，也是他们的智慧所在。那么，对于这次金门渔船事件，你有什么看法呢？是不是也觉得解放军的克制非常明智呢？或者你还有其他想法和观点？快来评论区留言分享吧！让我们一起探讨这个热门话题，看看大家都有什么高见！
66765f9ffb88ab4b048dd62b,https://mp.weixin.qq.com/s/mhBz1WRe8uAUJThg2Ya45Q,台当局坚持不认错，台军在金门举行实弹演习，东部战区海空军有动作,2024,03,21,2024-03-21,“2·14”金门恶性撞船事件已过去一个多月，双方已经进行了十几轮磋商，但台当局始终拒绝认错，不反思检讨自身问题，还试图通过歪曲和抹黑大陆正当诉求来转移焦点，企图蒙混过关。台当局这副态度招致大陆的不满。出于对大陆渔民的保护，大陆海警在事发后就对台方所谓的“禁止、限制水域”展开常态化执法巡逻，台方声称的“禁止、限制水域”也就不存在了。复盘台当局在“2·14”金门恶性撞船事件中的所作所为，可谓是得不偿失，为了面子丢了里子，关键是面子也没有保住。岛内民众对台当局的处理方式非常不满。近日，台湾民意基金会进行了一项民意调查，调查课题是“如何看待台当局处理大陆渔船在金门海域翻覆事件”，结果只有32.1%的民众表示满意，高达46.4%的民众表示不满意。这份民调说明，岛内民众对台当局的处理方式非常不满，认为台当局在与大陆交锋中并没有取得实质性的好处， 就连“禁止、限制水域”也被大陆全盘否认，还导致两岸关系在短期内急剧恶化。为了找回面子，台当局宣布，金门守军将在近期举行实弹射击。岛内农业渔业部门发布消息称，金门守军将从4月开始在金门本岛、烈屿、猛虎屿、后屿等地进行对海实弹射击，射击期间周边海空域将进行警戒和管制，提醒台民众不要误入。很显然，这次实弹射击是冲着大陆对厦金海域进行常态化执法巡逻来的。当然，为了避免事态激化，台当局是不会承认的，声称此次射击与厦金海域局势无关，没有针对性，只是常态化的例行射击训练。但是，这种说辞显然没有说服力。金门举行实弹射击训练，势必会影响大陆海警船的执法巡查，此举无非是想试探大陆的底线。而就在台当局宣布举行实弹射击的前几天，台媒公布了美军教官即将入住金门的消息。两下印证，金门在此时举行实弹射击的真实目的就呼之欲出了。另外，岛内防务部门还放出风声称，台海军计划在台海区域举行一次实战演习，以回应解放军在灰色地带的各种“侵扰”。对于台岛的做法，解放军自然不会惯着。根据央视新闻报道，在19日，解放军东部战区就出动了海空力量，在台海附近举行大规模演习，联合海警开展多科目、跨昼夜实战化训练，提升军警之间的协作和联合打击能力。其实对于台海问题，大陆一直有一套连贯且明确的战略，那就是通过不断扩大军事影响力，增加美国军事介入台海的成本，最终使其放弃武力干涉台海。至于台岛，并不在主要考虑范围内，只要时机一到，自然迎刃而解，出于两岸感情考虑，大陆并不愿意对台岛实施太过强硬的政策。但是，如果台岛不知好歹，主动开第一枪，只会让大陆更加师出有名，最后吃亏的一定是自己。如果您赞同我的观点，喜欢此类资讯，请点击底部【在看】，将获得更多好文推荐！
66765f9ffb88ab4b048dd62c,https://mp.weixin.qq.com/s/8KN4dRUJGVBkMGvwC4I-qw,大动作来了！不止金门，大陆渔船进入澎湖海域，台当局没后悔机会了,2024,03,21,2024-03-21,大陆渔船不仅在金门捕鱼，而且还跑到了台岛海域捕鱼，而且还进入了台岛6海里处，然而大陆渔船整整在台岛海域待了一天一夜，第二天中午才走，台岛居民都可以目视到渔船的情况下，台伪海巡署还是没有出动。而最近，大陆渔船更是现身澎湖海域，这次台伪海巡署再也不好意思龟缩不出了，据悉，澎湖海巡队派出一艘巡逻艇赶赴事发海域，而大陆渔船却毫无惧色，与台海巡船进行对峙，台媒表示，这艘渔船的身份特殊，船舷有秘密武器。根据台媒的描述，这是一艘大陆闽龙渔籍大型铁壳渔船，外表漆成蓝白拖颜色，渔船两侧还特别装防登检铁杆，看来这艘渔船是做好了台伪海巡船出动的准备，甚至可以说，就是想要是台伪海巡船出动。实际上，从214福建渔民遇难事件发生以来，虽然台当局撒谎成性、拒不认错，态度强硬，中国台湾防务部门主管邱国正更是表示，台军已改变“第一击”要件，以往要对方开枪开炮后，蛙军才会“第一击”；现在对于“第一击”的界定为，只要有一个实体，不管是航空或航海的实体，逾越了规矩，就会“第一击”，也就是说大陆海警如果再敢擅闯台岛划定的所谓“禁限制水域线”，那么台军就会开第一枪。但是在我大陆海警常态化巡航以后，台伪海巡船可以说是龟缩不出，或者就派1艘一两百吨的小艇装个样子，台军军舰更是没有任何行动。而我大陆海警的行动却步步紧逼，而且我大陆渔船也不再被所谓非法“禁限制水域”线限制，闽龙渔00998，闽龙渔63886，闽晋渔05837更是直接靠着金门岸边打渔，台伪海巡署一声未吭，可以预见，在台岛以及澎湖海域，大陆渔船也会不断向岛边扩张，逐步接管台当局下辖海域。早有岛内学者郭正亮预言，大陆海警在金门海域的常态化无禁区执法巡查，肯定会慢慢扩展到马祖、东沙、澎湖海域。而且极有可能也是首先派大型大陆渔船打头阵，然后就是大陆海警船跟随进去，而这就是切香肠，一步一步蚕食台当局的活动空间和反应空间。对此，台绿营称大陆方面这种行为是“耍赖皮卑鄙”。大陆方面这种行为是“耍赖皮卑鄙”。在这个过程中，因为不涉及任何军事行为，台当局和美国都不敢翻脸摊牌，更不敢主动先开火。甚至台海巡会继续对大陆海警退避三舍。然而谁都没有想到，台伪海巡署会如此怂，大陆海警刚巡查澎湖、金门和台岛海域，伪海巡署就直接龟缩不出，甚至我大陆渔船捕鱼，也犹犹豫豫，基本没有抗争，大陆海警可以说不费吹灰之力就彻底剥夺了台伪海巡署的执法权。讽刺的是，214福建渔民遇难事件发生以来，大陆方面与台方进行了15轮磋商，但台当局始终没有拿出正确的回应态度，基本就是四个“没有”：台方没撞船、没有错、没责任、没证据，所以不赔偿。而我大陆渔船现身在台岛6海里之后，之前一直冷血且态度强硬的台伪“海委会主委”管碧玲在立法机构内务委员会亲自致歉，称对让家属在煎熬之中过了这么久的时间，至今事情未得到解决，感到十分抱歉。可以说，让台独势力色厉内荏的嘴脸原形毕露。此次，大陆渔船现身澎湖，台伪海巡署估计是承受不住台当局的压力了，台海巡艇出动，反而会是好事情，这样给了我大陆海警强制登船临检的机会，只有这样才能彻底让他们记住，中国台湾所有海域都是中国的，只有大陆海警才有执法权、管辖权。不然，他们就会心存侥幸，以为风头过去了，他们又可以出来兴风作浪。长期以来，伪海巡署的巡防艇，在所谓“禁止、限制水域”内，粗暴对待在此传统海域进行捕捞作业的大陆渔船，采取罚款、没收渔具和船只等手段中饱私囊，让大陆渔民蒙受巨大的经济损失，最终酿成出了214人命案的悲剧。例如在澎湖海域，这里也是我大陆渔船的传统捕鱼区，2020年的时候，东北季风强劲吹袭，有20余艘大陆渔船出现在澎湖西吉海域避风，台伪“海巡署”派出3000吨高雄舰前往，以发射水炮方式驱离大陆渔船并且带走我大陆渔船。如今台伪海巡署的执法权被彻底否定，也是在正告台当局，中国台湾的所有权利都是大陆赋予，你要不老实，我们就会不断升级反制措施。除此之外，中国海警宣称保护对象不仅有大陆渔民，还有台湾地区渔民。二者都是“中国渔民”。也就是说，无论是属地（金门）还是属人（台湾地区渔民），我海警都有明确的管辖权。台湾地区渔民如果在相关海域发生问题或需要帮助，完全可以直接找福建海警报警，不仅是剥夺了台为海巡署的执法权，而且还否定了台伪海巡署的渔政权，也就是说，只要在中国海域的渔船，不论是来自大陆还是来自中国台湾，台伪海巡署都没有任何权利。可以说，大陆海警现在的行动是彻底把台当局压缩在台本岛之上，而接下来，大陆海警配合解放军的行动，围岛行动将会不断升级，让我们拭目以待！
66765f9ffb88ab4b048dd62d,https://mp.weixin.qq.com/s/VqjM3QiJgAOzcn-cni5tpA,导弹驱逐舰现身金门，统一前奏打响？沉默一天，拜登呼吁台海和平,2024,03,21,2024-03-21,因为一场渔船事件，整个东南亚都在关注着这个台湾省这个小岛，台方拒不认错的态度也实在让人恼火的不行。于是大陆这边最近派出了一艘导弹驱逐舰前往金门，难道统一的前奏要打响了吗？在沉默了一天后，拜登开始呼吁台海和平，他又是安得什么心？起因是一帮渔民在金门附近捕鱼，结果被撞了个满怀。          这件事本来似乎只是小打小闹，但问题是，两岸关系已经紧张到了爆炸点，所以这次事件也被放大了。事后，两岸谈了15次，但都没能解决问题。         台岛方面的态度也变得特别强硬，一点也不愿意道歉，还故意歪曲事实，这简直是在挑衅大陆底线啊！    你说这种紧张局势能不让人担心吗？这个事情引发了两岸之间一直积累的矛盾问题，让人更加深刻地看到了两岸之间的真实关系。15次的谈判似乎并没有为这个问题带来解决，反而更加激化了双方的矛盾。          而大陆方面认为台湾此次事件的影响太过恶劣，于是直接向金门海域派遣了一艘052D型导弹驱逐舰，向台湾省表示了大陆对此次事件的坚决态度！这个事件让人不禁思考，金门渔船事件到底是一个小小的争端，还是两岸关系长期积累的问题的一次爆发。    大陆此次的强势出击与回应让整个局面变得更加紧张，而052D型导弹驱逐舰的出现，让整个台湾省都陷入了恐慌之中。          这艘军舰的到来不仅是为了维护金门海域的安全，更重要的是向台岛发出了一个明确的信号：大陆不再容忍任何对其主权的挑衅。解放军的军舰的出现被解读为大陆对台岛政策的明确转变。          过去大陆方面面对台湾的一些事情可能会用比较温和的手段进行处理，但现在情况与之前大不相同。大陆已经不再容忍台湾的挑衅了，这一点从军舰的到来已经明确的表现了。这次强势的表态，也被看作是大陆在向台岛释放一个信号：统一进程已经开始，台岛别无选择。    大陆这次派出052D型导弹驱逐舰，并不仅仅是为了显示武力，更多的是向台岛释放一个明确的警告信号。不惜一切代价坚决保证中国的土地完整和主权的不容侵犯，如果台湾省的政府方面持续执迷不悟，大陆将会采取强硬的措施！这一次驱逐舰的派遣举动，也被一些人认为是在为统一行程铺路。同时，美国在这事儿后一直都在打小算盘。          虽然在王毅外交部部长明确的表态之后，拜登终于站了出来回应了这个事情，强调要维护两岸之间的关系，但他国之前的沉默行为还是引发了不小的议论!首先，美国也许希望避免直接卷入两岸的纠纷，尤其是在目前全球局势复杂多变的情况下。         其次，美国或许希望通过保持中立的立场，来平衡其在亚太地区的利益，不希望引发更大的动荡。              最后，美国也可能在等待更好的时机出手，或者正在寻找更合适的方式来应对台海局势的发展。拜登的呼吁，虽然有些晚来的感觉，但也表明了美国对于台海局势的关切。          尤其是在当前大选期间，拜登必须确保台海局势不会失控，以维护美国在亚太地区的战略利益。总的来说，美国在金门事件中的角色还存在一定的不确定性，但可以肯定的是，美国对台海局势的发展持续关注，并可能随着情势的发展采取进一步的行动。    金门渔船事件的发生，恰巧将两岸局势的紧张问题从暗中给推倒了明面上。          大陆的强硬表态和美国的观望，都在为台海局势增添了不确定因素。          但不管这个事情的结局如何，都会为未来的台海关系造成巨大的影响。随着两岸关系的持续紧张，金门渔船事件可能只是一个开始。金门渔船事件虽然暂时平息，但其背后所蕴含的复杂性和敏感性仍然存在。          双方得冷静，要有点理智，得一起努力维持台海地区的和平和稳定。                             
66765f9ffb88ab4b048dd62e,https://mp.weixin.qq.com/s/xa34UEw0IFrkD3cGlKCTXg,看似简单的渔船事件，国台办发声，大陆正式没收金门海域执法权，大陆海警进入金门南面“禁限制水域”！,2024,03,21,2024-03-21,在风起云涌的两岸关系中，一起看似普通的渔船事件，却意外地成为了推动台岛回归进程的重要催化剂。2023年的“214渔船事件”不仅引发了两岸民众的广泛关注，更标志着两岸关系发展进入了新的篇章。这一事件凸显出台独势力的脆弱与无力，以及历史潮流的不可阻挡。事件的起因是一艘大陆渔船在金门附近海域遭遇不明身份船只的干扰。然而，事件的发展却远超出了简单的渔船纠纷范畴。民进党当局对此事保持了异常的沉默，既不道歉也不追责，更未提出任何形式的赔偿。这种明显的回避和逃避，无疑是对大陆方面的严重挑衅。他们似乎想要通过这种方式来试探大陆的底线，然而，他们错了。大陆方面对此事的态度十分明确：维护国家主权和渔民权益，不容任何挑衅和侵犯。面对民进党当局的沉默挑衅，大陆方面果断采取了行动。首先，正式没收了金门海域的执法权，这一举措不仅是对民进党当局挑衅行为的直接回应，也是向国际社会展示大陆维护国家主权的决心。其次，大陆海警舰艇进入了金门南面的“禁限制水域”，这不仅是对台当局挑衅行为的强硬回应，更是向台当局和国际社会传递了一个明确的信息：大陆方面将坚决维护国家主权和渔民权益，不容任何挑衅和侵犯。同时，大陆方面多次强调保护渔民的权益，维护国家的主权立场。在“214渔船事件”中，大陆方面不仅展现了坚定的决心，也展示了高超的策略和实力。通过没收金门海域执法权、海警舰艇进入“禁限制水域”等一系列行动，大陆方面不仅坚决维护了渔民的合法权益，更通过实际行动向台当局传递了一个明确的信息：任何挑战国家主权和领土完整的行为都将受到严厉打击。为了进一步强化这一信息，国台办发言人陈斌华也发出了严厉警告。他强调，对于任何挑衅和侵犯国家主权的行为，大陆方面都将追责到底，绝不姑息。同时，他也承诺，大陆方面将一如既往地维护渔民权益，保障两岸和平稳定。然而，面对大陆方面的坚决回应与行动，台当局并未善罢甘休。他们派出小型舰艇尝试与大陆海警船进行对峙，试图展现其所谓的“抵抗”与“执着”。然而，这种象征性的抵抗在大陆海警船的强势回应面前显得苍白无力。大陆海警船不仅要求台当局通报相关信息，更直接进入了“禁限制水域”，展示了强大的实力与决心。对于台当局的这种行为，大陆方面并未选择妥协或退让。相反，他们通过一系列措施进一步加大了对台当局的压力。这不仅让台当局感受到了前所未有的压力，也让台岛内的专家开始重新审视两岸关系的未来走向。他们开始意识到，台独势力的挑衅与阻挠在历史进程中显得如此脆弱无力，而两岸关系的和平发展才是大势所趋。回顾“214渔船事件”的整个过程，我们可以清晰地看到台独势力的脆弱与无力。他们试图通过挑衅和阻挠来阻止两岸关系的和平发展，然而历史潮流却不可阻挡。相反，大陆方面通过坚决的回应与行动，不仅维护了国家的主权和领土完整，更推动了两岸关系的和平发展进程。
66765f9ffb88ab4b048dd62f,https://mp.weixin.qq.com/s/3UHqHGznwCXDZRnk5p_nwQ,金门被“围”，渔船进新竹6海里无人敢挡，台“第一击”惨被打脸,2024,03,21,2024-03-21,在现代军事技术的日新月异中，台湾面临的海上安全挑战也日益突显。最近一系列事件的发生凸显了台湾“防务部门”在面对挑衅时的软弱表现，引发了社会各界的广泛关注和担忧。首先，让我们回顾一下最近发生的事件。3月9日，金门海域突然出现大量大陆渔船，这一情况被解释为这些船只装有AIS定位装置的浮网。然而，值得注意的是，台海巡部门并未采取任何行动来应对这一情况，这引发了岛内舆论的不满和担忧，甚至有人担心解放军可能会采取行动。对此，许多评论人士对台湾方面的软弱反应感到担忧，并指出台当局似乎只会进行口头威胁，而在实际行动中表现得软弱无力。分析人士认为，台海巡本应具备侦测渔船的能力，但他们的不作为引发了人们的质疑。而对于邱国正提出的修订“第一击”界定，也受到了质疑，认为这种做法不切实际，反映了台当局的软弱。这一系列事件不仅仅是台湾面对的单一挑战，更反映了台湾在处理挑衅问题上的软弱表现。因此，舆论普遍呼吁台方采取实际行动，以维护岛内的安全与稳定。在这样的形势下，台湾政府有必要审慎制定海上政策，并坚定维护领土主权和海洋权益的立场。为了有效应对这些挑战，我提出以下建议：首先，台湾应该提升海上监测和巡逻能力，以确保及时发现和应对任何潜在威胁。这需要投入更多资源和技术，提高台湾海上安全的整体水平。其次，台湾需要深化与友邦和国际组织的合作，共同维护海洋安全和秩序。通过与国际社会的合作，台湾可以获得更多的支持和帮助，增强自身在海上安全领域的影响力和话语权。最后，台湾还应该加强与周边国家的交流与合作，促进地区的和平与稳定。通过与周边国家建立良好的合作关系，台湾可以更好地应对海上安全挑战，实现共同发展与繁荣。总之，台湾面临着复杂的海上安全挑战，需要政府及时果断地应对，以维护国家的主权和利益。只有通过加强海上监测和巡逻能力，深化国际合作，以及加强与周边国家的交流与合作，台湾才能更好地保障自身的海上安全，实现国家的长治久安。
66765f9ffb88ab4b048dd630,https://mp.weixin.qq.com/s/Pd9sq7hZGr9Mkq7RbSDI3g,台军宣布在金门海域实弹射击，管制周边海空域，火力达厦门市中心,2024,03,21,2024-03-21,"点评：再不一举先发制人捏死这个跳蚤，还等何时？！台陆军金门防卫指挥部对外发布射击通报，表示台军将会在4月份在金门海域开展地面武器对海射击训练，周边海空域在射击训练期间将进行警戒、管制。台军这一招的确是高，首先，我们来看一下，台陆军公开的射击地点，狮屿、后屿面向厦门方向；虎屿(虎仔屿)、复兴屿(复鼎屿)靠近刘五店航道；烈屿东岗海域为小金门南方，金门本岛母屿方向为金门岛东南方，而前段时间大陆挖泥船也正好从母屿方向方向经过。尤其是狮屿，这是距离福建厦门最近的地方，距离福建厦门市中心仅仅不到4000米，而且面积非常小，只有0.007平方公里，中国台湾省金门岛只有驻军却没有居民的岛屿，其中就包括了狮屿，0.007平方公里的面积也就相当于一块比较大的礁石，是台军驻守的岛屿中最小的一个岛屿了。这也就意味着，台陆军的火力射击可以直接覆盖到厦门的市中心，下图可以很明显看到，狮屿背后高楼林立的就是厦门，而这可以说针对意味非常明显，是赤裸裸的挑衅！而刘五店航道位于厦门港东部海域，自厦门港主航道接入，经大担岛与虎仔屿之间的水道，沿厦门东侧水道向北至翔安港区。金门航段是位于台伪当局划定的所谓“禁、限制水域线”，就因为需要过金门海域，金门海域“禁、限制水域线”尽管大陆从未承认过，但是两岸都有默契，彼此维持楚河汉界，这也是中国大陆对中国台湾释放的善意。而如今214福建渔民遇难事件发生以来，这种默契就已经被打破了，我大陆自然要对金门航段进行疏浚，但是对金门海域进行开发，就意味着台当局不仅失去了金门海域的执法权，还彻底丧失了对金门海域的管理权，这是台当局所不愿意看到的事情。因此，台军宣布要对周边海域管制，而这的目的就是通过对海域的重新管制，我方目前正在开展刘五店航道的疏浚作业，相关作业船只不断通过刘五店航道虎仔屿水域，而台军的行动也是想中断大陆对金门航段的开发。不仅如此，还想要通过这样的方式，将大陆渔船和海警船重新逼出金门海域之外，重新获得对金门海域的渔政执法权和管辖权。而射击点刻意选在距离我厦门市中心如此近的地点，也是在给台岛台独分子打气，以强硬姿态正告我大陆，台岛台独分子会与大陆对抗到底，当然，台当局还是不够自信，既要挑衅大陆，又担心事态升级，从而引发军事对抗，因此台当局要求对台军加以管控，发掘潜在的危险因素，要务必在“安全第一”的前提下完成任务。这与台当局对台军的三大要求之一完全一致，都是要求军事演练必须在“安全第一”前提下完成。但无论怎么样说，台当局在这样的敏感气氛下搞""猛虎屿军事操练""，就是公然挑衅的敌对行为，必须严厉反制。而且，我们也要警惕，金门火力射击，火力打击到厦门的事情发生，因为这样的事情有着先例。那大陆的行动呢？首先，金门海域是中国的一部分，我们自然不会任由台军行动，我大陆海警、渔船自然不会退出金门海域。在大陆海警、海事等多部门的联合机动下，可以说金门已经被围成了铁桶，台海巡如果敢在演练期间出来活动，那么必将遭受我海警的驱离。不仅如此，如台军坚持对抗，我军还可以宣布同步进行海空实弹演习，射击区域覆盖蛙军公告区域。无人机飞越台军头顶，海军舰船进入所谓""禁限制海域""巡弋威慑。台当局之所以要选择在4月这个时间点，就是留出足够的时间，看大陆的反应和态度，如果大陆台独强硬，我们甚至不能排除，台军会取消演练的可能性。中国台当局不要想当然以为，大陆只是暂时剥夺金门海域的执法权，中国大陆的目的是整个台岛以及台岛下辖群岛海域永久性的内海化管理，也就是说台伪海巡署不再有任何任何渔政执法权，台伪当局不再对台岛海域以及下辖群岛海域具有管理权。这也是在向国际社会表明，中国台湾是中国无可置疑的一部分。而大陆也不可能会放弃对金门航段的修缮，随着对刘五店航道的重新疏通，刘五店港中远期功能将成为以国际大型集装箱干线运输为主，航运、经贸合作及交流的重要口岸，兼以发展临港工业、高科技产业、港口仓储、现代物流及客滚运输等多功能综合性港区。这将极大促进福建省经济的发展。"
66765f9ffb88ab4b048dd631,https://mp.weixin.qq.com/s/vJC6_L7rov180JlYIm3Jwg,台海风云再起：福建渔船事件还未有说法，韩国瑜就高呼：台美友谊万岁！,2024,03,21,2024-03-21,在平静的海面上，一场突如其来的悲剧打破了宁静。2月14日，台湾“海巡署”的一艘高速巡逻船在海上驱离福建渔船时，发生了严重的冲撞事故，导致两名无辜的渔民不幸遇难。这一事件不仅给遇难者家属带来了巨大的悲痛，也在两岸之间投下了沉重的阴影。然而，台湾“陆委会”对于这起事件的态度却令人心寒。他们不仅没有表现出应有的歉意和反思，反而指责大陆方面未对“三无”船只进行有效管理，试图将责任推给大陆。这种推诿责任的做法，无疑是对遇难渔民及其家属的二次伤害，更是对两岸关系的严重破坏。面对台湾方面的无理指责，福建海警迅速采取了行动。2月19日，他们开始在金门水域进行常态巡航执法，以实际行动维护国家主权和海洋权益。这一举措不仅展现了大陆方面的决心和实力，也向台湾方面传递了一个明确的信息：任何侵犯国家主权和海洋权益的行为，都将受到坚决的打击。然而，就在此时，台美关系却出现了新的动向。2月23日，一个名为“台美议员联谊会”的组织正式成立，国民党的韩国瑜和民进党的萧美琴等人参加了成立大会。在会上，韩国瑜甚至高喊“台美友谊万岁”，感谢美国对台湾的支持。这种明显的亲美倾向，不仅引发了外界的广泛关注和担忧，也进一步加剧了台海地区的紧张局势。国民党的这种“亲美和友日”路线，无疑是在给台湾的未来埋下隐患。他们似乎忘记了，台湾是中国不可分割的一部分，任何试图改变这一事实的行为都是徒劳的。而民进党当局则更是借此机会大做文章，试图通过炒作台美关系来转移视线，掩盖他们在处理福建渔船事件上的失职和不当。然而，事实胜于雄辩。台湾渔船事件的处理已经陷入了僵局，多次协商未能达成共识。遇难者家属和福建红十字会对台湾“海巡署”的结论和处理方式表示强烈不满，他们要求台湾方面给出一个公正、合理的解释和赔偿。在这个关键时刻，国民党副党魁夏立言于2月26日飞赴大陆，外界普遍认为这是为了降温福建渔船事件。然而，这种临时抱佛脚的做法，能否真正解决问题，还有待观察。我们强烈呼吁台湾当局正视福建渔船事件的严重性和影响，停止推卸责任、转嫁矛盾的做法。两岸同胞都是中国人，我们应该携手合作，共同维护两岸关系的和平稳定。任何试图破坏两岸关系、分裂国家的行为，都将受到两岸同胞的坚决反对和谴责。台湾是中国的台湾，两岸关系和平发展是人心所向、大势所趋。我们坚信，在两岸同胞的共同努力下，我们一定能够克服一切困难和挑战，实现两岸关系的和平发展、融合发展。
66765f9ffb88ab4b048dd632,https://mp.weixin.qq.com/s/f-_cZFUtesUpMlw2GWNthQ,等了10年大陆终于动手，金门海域执法权“消失”，洪秀柱预判真准,2024,03,21,2024-03-21,阅读前点击上方蓝色字体“罗列思维”进行关注，每日免费洞察国际热点资讯，建立深度阅读关系!等了10年之后，大陆终于在厦金海域展开了疏通计划，挖泥船已经在刘五店航道作业。大陆收回金门海域执法权，台当局只剩最后一条退路，洪秀柱痛批民进党的预言已经成真，这次民进党会选择迷途知返吗？尽管在前段时间，台“海委会”负责人管碧玲突然就“2.14大陆渔船翻覆事件”公开道歉，并且呼吁重启两岸谈判，但截止到目前，台当局依然拒绝归还渔船和遇难者遗体，显然是打算将其作为与大陆代表团讨价还价的筹码和资本。既然台当局执意颠倒黑白、推诿责任，那么两岸之间的紧张关系想要缓和完全就是异想天开。在这一背景下，大陆方面展开了三招反制行动。首先第一招就是疏通航道。据了解，由大陆生产的全球最大的挖泥船“金广号”已经开始在厦金海域的刘五店航道展开清淤工作。可能很多人都是在这次翻船事件发生之后才第一次听说这条航道，从地图上来看刘五店航道途经厦金海域，距离大小金门只有12公里，属于厦金海域一条比较重要的航道路线。之所以名声不显，主要是因为该航道内浅谈和暗礁较多，很容易发生触礁和沉船事件，大型船只基本上难以通行，早在10年前，也就是马英九执政期间，大陆方面曾计划疏通该航道，但考虑该航道有一部分位于台当局所谓的“禁限制水域”内，如果强行在该水域内施工，容易造成两岸关系进入紧张状态，不利于和平统一进程的推进，所以为了确保两岸之间的关系不发生重大变化，以及照顾到岛内的情绪，最终大陆方面还是暂停了航道疏通计划，以此向岛内释放善意信号。但在翻船事件发生之后，台当局的一系列做法让人气愤不已，所以在这个时间节点疏通刘五店航道，不仅未来可以保障渔船和商船的正常通行，而且还可以允许解放军大型水面舰艇穿航厦金海域，试想一下在055型导弹驱逐舰和数万吨级航母连续现身金门岛邻近海域，台军所面对的压迫感可想而知。然后第二招就是大陆海警部门的常态化巡检行动，有消息称，台“海巡署”对于大陆挖泥船疏通刘五店航道一事非常关注，甚至放言要将执行清淤工作的大陆挖泥船全部“驱离”。为此，台“海巡署”还特意出动了一艘名为“屏东”号的海巡船前往厦金海域，执行“监视和驱离”任务。与其他海巡船不同的是，“屏东”号海巡船不仅吨位更大，而且还搭载了多门速射机炮，威胁不容小觑。对于台“海巡署”如此嚣张的举动，大陆海警部门自然不会惯着。根据船舶AIS信号轨迹图显示，大陆海警部门的三艘大型执法船已经齐聚厦金海域，配合其他执法船展开常态化巡检行动，这三艘大型执法船是由解放军053型导弹护卫舰改造而来，除了舰炮和反舰导弹等主武器被拆除以外，大量的副武器得以保留，因此拥有不俗的战力。并且它们此前一直被部署在钓鱼岛海域，与日本海上保安厅“斗智斗勇”，拥有丰富的执法经验。毫不夸张的讲，只要台“海巡署”的巡防船敢主动来挑衅，那么大陆海警部门绝对会给其一个终生难忘的教训。事实证明，大陆海警部门是言出必行。在进入所谓的“禁限制水域”行驶期间，台“海巡署”舰船“平行监控”，但很快就遭到了反制，特别是在大陆海警执法船的舰炮防护衣被揭开之后，台“海巡署”舰船第一时间选择后撤，基本上金门海域执法权已经被大陆收回，台“海巡署”除了观望以外，没有任何可趁之机。最后第三招就是解放军的赴台战巡。在最近这段时间，解放军舰机持续在台海周边展开战略巡航，期间不少军机直接越过所谓的“海峡中线”，抵近台湾本岛巡航飞行，并且直接突进24海里处，这个直线距离意味着什么，相信大家都很清楚。在绝对实力面前，解放军已经慢慢掌握了整个台海地区的主动权，这次是24海里，下次可能就是12海里，台军那所谓的“最终防线”注定只会土崩瓦解。对此，有媒体人士指出，如今台当局只剩下最后一个选择，那就是老老实实低头认错，公开事件真相，认真赔礼道歉，配合大陆相关部门妥善处理此事，给遇难者家属和两岸民众一个满意的交代。正如国民党前主席洪秀柱之前在社交媒体上所说的那样，民进党政客就是“草螟弄鸡公”，但最终结果可想而知。这番痛批在某种意义上来说，就是在警告民进党最好早日迷途知返，停止一切挑衅行为，否则只会是玩火自焚。
66765f9ffb88ab4b048dd633,https://mp.weixin.qq.com/s/RopSXuSTtaDPs8-8P_9ZRQ,管碧玲刚道歉，金门外海，又有大陆渔船沉没，台方态度大变,2024,03,21,2024-03-21,"台湾金门外海的大陆渔船沉没事件在两岸关系的紧张背景下显得尤为敏感。台方在事发后表现出与大陆进行联合搜救的积极态度，与之前的冷漠或对立形成鲜明对比。这一转变可能是由于台方在大陆的压力下做出的务实考量，也可能是双方在人道主义方面的共识达成，或是台方意图通过这一事件为两岸关系降温。【闽龙渔61222事件】        2023年3月27日，属于福建省的渔船“闽龙渔61222”在台湾海峡翻船，该船船只档案信息和落水船员人数未在大纲中提及。台湾方面在大陆的强力施压下，态度出现了显著转变。台湾“海巡署”不仅积极参与了海上救援行动，还改变了之前的态度，展现出两岸在紧急情况下的团结和合作精神。【管碧玲道歉】        在所谓的“2·14恶性撞船事件”中，民进党“立委”管碧玲最初的态度对两岸关系产生了负面影响。后来，在经历了一系列的批评和压力之后，管碧玲进行了公开道歉，并且改变了自己的态度。她承诺会对船员家属展现人道关怀，并在两岸协商中寻求共识，以积极促进事件的后续处理。【两岸一家亲】        大陆始终坚持""两岸一家亲""的理念，致力于为台湾同胞打造实际利益，体现在推出的""31条措施""和""26条措施""中，这些政策旨在为台湾同胞提供同等待遇，深化两岸经济文化交流合作。大陆对台湾同胞持有友善态度，并希望台湾同胞能以相同的友好心态回应，民进党在执政期间却反复犯错，影响了两岸关系的正常发展。【倚美谋独】民进党采取的""倚美谋独""政策错误导致了两岸关系的紧张，此举不仅对两岸和平发展构成威胁，也不被国际社会所认同。大陆对此表示决心，通过政策调整，明确将""打独""纳入工作报告中，坚决表明有足够的能力挫败任何形式的""台独""分裂活动，保证国家的主权和领土完整不受侵犯。本文全面梳理了“2·14恶性撞船事件”之后的两岸关系态势，以及随后发生的金门渔船倾覆事故。通过叙述两岸在新的海难事故中的联合搜救行动，展现了台湾方面态度的转变。同时，文章对大陆方面一贯的“两岸一家亲”政策进行了概述，强调了两岸关系和平发展的重要性，并批评了民进党当局的政策错误。文章呼吁两岸共同努力，为实现国家统一与区域稳定作出贡献。"
66765f9ffb88ab4b048dd634,https://mp.weixin.qq.com/s/wrVqngUNZAT0DSXJaeEXjQ,管碧玲道歉话音刚落，大陆渔民金门再遇难！我方要求登岛搜救遭拒,2024,03,21,2024-03-21,"    台海两岸关系复杂微妙，管碧玲就渔船事件道歉，虽未完全满足大陆预期，却意味台方态度松动。但厦金海域新的渔船悲剧再度发生，台方拒绝大陆救援团队登岛搜救，显示两岸互信尚需加强。【管碧玲道歉】    台地方当局在所谓“渔船事件”中的态度出现软化，所谓“海洋委员会主委”管碧玲公开道歉，表明了当局对此事件处理的立场变化。【台当局让步迹象】        台当局道歉并不诚恳，未就惩办肇事者、赔偿损失等关心的问题作出回应，但显示出让步迹象，体现了台方在压力下的妥协态度。【“闽龙渔61222”翻沉】我方渔船“闽龙渔61222”在厦金海域倾覆，造成人员伤亡，我方积极救援，反映了我方对渔民的关怀与迅速反应能力。【质疑台方动机】        疑问渔船为何翻沉，台地方当局拒绝我方登岛搜救，引发对其动机的质疑，凸显了两岸在海上搜救合作方面存在的问题。【美军在金门岛活动】        有消息指出美军特种作战群可能已经进驻在金门岛，这个位置与一艘渔船沉没的海域非常接近。这一行动可能影响到该地区的安全局势，引发地缘政治的关注和紧张。【台当局拒绝救援】台当局拒绝大陆方面提供的救援援助，这一决策被外界解读为是为了隐藏美军的活动，或是为了防止其他潜在的阴谋被发现。这种做法引发了对于台当局意图和策略的猜测。【台当局心态分析】台当局此举将自身的私利置于人道主义之上，忽视了救援和救人的基本原则，这反映了其政策的本质。此种心态令人质疑其对于区域安全和人道主义的真正承诺。【担心美军暴露】台当局可能担忧美军进驻行为的暴露，以及其他可能被揭露的阴谋问题，因此采取了拒绝救援的措施。这表明台当局在处理敏感事件时的谨慎和防范心理。本文对台地方当局在处理渔船事件中的态度转变进行了剖析，并指出了台方在新的渔船倾覆事故中拒绝提供救援的问题。管碧玲的公开道歉原本是一个积极信号，但对“闽龙渔61222”渔船倾覆事件的处理却暴露出台方的矛盾做法。台方的拒绝救援请求不仅引发了对其动机的质疑，也忽略了人道主义的基本原则。这种行为让人不禁对台方的真正意图产生怀疑。"
66765f9ffb88ab4b048dd635,https://mp.weixin.qq.com/s/kLKSVZ7-NbHHCUCqVtD0fw,管碧玲道歉，话音刚落，又有渔民命丧金门，大陆立即采取行动,2024,03,21,2024-03-21,马英九主政期间，中国国民党坚持和接受体现一中原则的“九二共识”，台海出现前所未有的和平发展，融合发展的光明前景。但蔡英文2016年上台后，特别是重新当选以来，人们谈到台海时总是用到“兵凶战危”，认为“当前两岸关系是40年来最严峻的时刻”。这绝非是有人故意在炒作涉台议题，而是民进党当局“倚美抗中”，“以武谋独”，主动配合美国，不断试探和挑衅一个中国原则所造成的后果。实际上，两岸之间并不是第一次出现“兵凶战危”。冷战后的第一次台海危机是由李登辉窜美导致的，但最后导致中美几乎兵戎相见的严重后果，却是美方始料未及的。台海问题对中美关系的这一次严重冲击，促使美国朝野明确认识到，台湾问题作为中美之间最复杂，最敏感的问题，一再引起中美之间的麻烦，冲突，甚至严重对抗，不符合美国的利益。1999年，李登辉抛出“两国论”再次导致台海危机，解放军战机穿越所谓的“海峡中线”，美方只好费尽心机在两岸之间斡旋。2000年5月陈水扁上台，台海进入高危期，以致美国不得不出手压制“台独”。三次台海危机，虽然没有发生战端，这既是大陆审时度势、坚持和平统一政策的结果，也是美方对“台独”约束所致。不过，当前台海“兵凶战危”与以往有很大的不同。2022年佩洛西执意窜台后，民进党当局推动“台独”进程变得更加坚决，美方则借机持续加大“以台制华”的力道。特别是赖清德当选后，美台政治合作与军事勾连不断升温，美军甚至进驻金门协训台军。因此，民进党当局在美国发起对华战略竞争的险峻环境中，不认为“谋独”会导致灭顶之灾或台海由乱生战的风险更大了，而是认为出现了“台独”的”“最后的机会之窗”，企图借力使力，推进“拒统谋独”进程。即便把“台独”搞砸了，将来顶多移民美国。因此，民进党当局比以往任何时候都更加激进，甚至主动制造摩擦和冲突。今年大年初五，大陆渔船在厦金海域被台“海巡”艇撞击翻覆，导致两人遇难身亡，两岸多次沟通未果。台方不仅拒不公布事发过程的录像视频，而且还一再编造谎言，隐瞒事件真相，妄图推卸责任。台“海委会”负责人管碧玲不仅连一句歉意都没有，甚至还对遇难者恶语相加，极为冷血、为人不齿。就连国民党和民众党都表示，姑且不说两岸都是中国人，即便从人道出发，民进党当局也要将心比心；国民党方面还要求民进党当局比照台“广大兴号”渔民被菲律宾枪杀事件，两岸一起验尸、验船，尽速查明真相，追究责任。但民进党当局拒不承认撞击渔船的事实，拒不公布事发录像。故有评论人士不断追问，即使当下没有录影，至少有雷达航迹图以及海巡艇与指挥中心通联记录，究竟是谁下令扣船，导致悲剧发生？是管碧玲想要有业绩更上一层楼，或是更高层人士刻意要制造两岸冲突？面对民进党当局的消极态度，大陆海警船持续在厦金海域展开常态化巡查执法，这意味着台“海巡署”的管辖权已被没收。解放军舰机赴台警慑频次和规模也不断上升，对“台独”施压态势明显。面对来自岛内外压力，管碧玲终于道歉了，称因台“海巡”部门没有录像收集证据，让此事件在处理的过程中无法迅速昭公信，也让家属在煎熬之中过了这么久的时间，至今事情未得到解决，发生这样令人感到伤痛的过程，确实要痛加检讨，她要表达歉意。这番表态明显是想让撞船事件尽早平息，不再硬拗。管碧玲道歉的话音刚落，不到24小时，大陆一艘“闽龙61222”渔船翻覆，在收到渔船求救信号后，大陆海警船立即采取行动进行搜救，台方也出动搜救船只，最终6名落水渔民全部被找到，但仍有2人不幸命丧金门，获救人员已经安全抵达厦门港。事情发生后，台“海巡署”负责人周美伍立即表态称，不知翻覆原因，但对方并没有遭到台方舰船驱离，追撞的问题，可能是海象问题。据悉，台方一共出动了6艘舰船帮助救援，这显示台方的积极态度。话说，如果台方若在处理“2·14撞船事件”中，有这样积极的态度，也不至于拖一个多月还没有结果。不过，管碧玲公开道歉无疑是一个积极的信号，对于台方来说，接下来的唯一正确解决方案便是尽快重启两岸协商，追究肇事者的责任，对遇难者家属进行积极赔偿，以求获得谅解。[免责声明]：文章描述过程、图片都来源于网络，此文章旨在倡导社会正能量，无低俗等不良引导。如涉及版权或者人物侵权问题，请及时联系我们，我们将第一时间删除内容！如有事件存疑部分，联系后即刻删除或作出更改。
66765f9ffb88ab4b048dd636,https://mp.weixin.qq.com/s/6kp_ZSDs5oD81-IRihvLJg,大陆海警4舰封锁金门震惊台海！台军竟无反应，渔民权益保卫战打响！,2024,03,20,2024-03-20,在浩瀚的台湾海峡，金门县以其特殊的地理位置和丰富的历史背景，始终牵动着两岸人民的心。这座岛屿，不仅见证了两岸的交往与互动，更是国家主权和领土完整的象征。然而，近期金门海域却发生了一系列令人震惊的事件，大陆海警的强势行动引发了广泛关注。金门县，这个拥有“固若金汤、雄镇海门”美誉的县份，自古以来便是中国不可分割的一部分。尽管现由台湾当局实际控制，但其作为中国领土的地位从未改变。金门与大陆的距离近在咫尺，最近处仅2310米，这样的地理条件使得两岸人民的交往变得尤为密切。然而，随着近年来两岸关系的复杂变化，金门海域的局势也日趋紧张。金门海域发生了一件引起轩然大波的恶性撞船事件。在这一事件中，台当局的态度引起了广大渔民和两岸同胞的强烈不满。面对台当局的沉默与强硬，金门地区的渔民开始感到不安，他们担心自己的生命安全和合法权益无法得到保障。正是在这样的背景下，大陆海警决定采取更为强硬的措施，以维护金门海域的秩序与稳定。于是，在不久前的行动中，福建海警派出了4艘海警船编队，进入了所谓的“限制水域”，并在金门附近进行了长时间的停留和巡查。这一行动震惊了台海两岸，引发了广泛关注和热议。福建海警部门对此次行动给予了明确的回应。他们表示，这次执法巡查是完全正常的，目的是为了维护包括台湾地区在内的中国渔民的合法权益和生命财产安全。这一表态不仅回应了外界的关切，也进一步强调了国家主权的重要性。值得注意的是，在这次行动中，台当局所谓的“第二海军”并没有做出任何反应。这一事实无疑显示出台军在面对大陆海警的强势行动时的无能与软弱。这也进一步证明了台湾是中国的一部分这一铁的事实，任何企图挑战这一事实的行为都是徒劳的。事实上，大陆海警在金门海域的执法行动并非个例。近年来，随着两岸关系的不断发展，大陆方面在维护国家主权和领土完整方面采取了更加积极的措施。这不仅体现在对金门海域的执法行动上，也体现在对台湾其他地区的关注和保护上。我们也要看到，金门地区的局势变化并非孤立存在。在全球化和区域一体化的今天，两岸关系的发展不仅关系到两岸人民的福祉，也影响到整个亚太地区的和平与稳定。因此，我们应该以更加开放和包容的心态看待两岸关系的发展，推动两岸和平发展进程不断向前迈进。在这次事件中，我们不仅要看到大陆海警的强势行动和台军的软弱无力，更要看到国家主权和领土完整的神圣不可侵犯。作为中华儿女，我们应该坚定维护国家主权和领土完整，为祖国的统一和繁荣而努力奋斗。展望未来，我们希望两岸关系能够继续朝着和平、稳定、合作的方向发展。通过加强两岸人民的交流与合作，增进相互了解和信任，推动两岸关系不断向前发展。同时，我们也希望台当局能够正视现实，尊重两岸关系的事实，为两岸和平发展作出积极贡献。大陆海警在金门海域的执法行动是一次彰显国家主权和渔民权益保护的重要行动。它不仅维护了金门海域的秩序与稳定，也向外界展示了中国政府和人民在维护国家主权和领土完整方面的坚定决心。让我们携手共进，为祖国的统一和繁荣而努力奋斗！我们深刻感受到国家主权和领土完整的神圣不可侵犯。这不仅是大陆海警的职责所在，更是每一位中华儿女应尽的责任。通过此次事件，我们更加坚定了维护国家主权和领土完整的决心。展望未来，我们期待两岸关系能够继续和平发展，两岸人民能够加强交流与合作，共同推动中华民族的伟大复兴。让我们携手共进，为实现祖国统一和繁荣贡献自己的力量！
66765f9ffb88ab4b048dd637,https://mp.weixin.qq.com/s/liqiMeMXr1jpdJ1VhinKRg,"大陆渔船现身澎湖海域,台海巡出动,台军宣布在金门海域实弹射击",2024,03,20,2024-03-20,"大陆渔船悍然闯入澎湖海域,这无疑是对台湾当局的一记响亮耳光。因为那里,俨然就是台湾渔政船只长期在的""大本营""。而如今居然被大陆渔船生生踩了地盘,台湾当局是悻然无地自容啊!紧接着,台""海巡""也闻风而动,舰船如影随形般奔袭而来,准备一展""主权""的雄风。但令人啼笑皆非的是,当亮出军威时,大陆那艘渔船早已扬长而去,只留下茫茫大海的回音。而在台军方面,更是一意孤行直扑火燄。他们宣布要在金门海域掀起实弹射击的狂飙,霎时间硝烟弥漫,火光冲天而起。可谁又能告诉我们,这莽撞一时的举动意味着什么?真想唬人,还是竹筒倒豆子自我娱乐?嘶,看看这一役,又是一回""英雄所见略同""。台军的目的其实昭然若揭:一边压制大陆渔民的海上活动,一边竭力给台海问题火上浇油。可笑的是,他们挥舞着铁蹄,却并未引起半点渔船的惧色。是啊,对于这样咄咄逼人、蓄意激化矛盾的荒唐行为,大陆从不屑与回应。二、冷嘲热讽,台湾执迷不悟锲而不舍但台湾当局似乎就是不知收手。在操纵军队狂轰滥炸的同时,他们对大陆渔船的无视反而愈演愈烈。就一个普通渔船而已,有什么好惊慌失措的?难道我们的军事力量连这点小儿科都无法应付吗?有台湾网民如是反问。的确,如此咄咄逼人的言辞简直就是在小看大陆的武力。而台军方面的得意洋洋也让人不齿。在举行实弹射击时,台军一再炫耀其""先发制人""的决心,大言不惭地扬言一旦大陆舰艇越过24海里,他们就实施先制攻击。而一旦台军的子虚乌有再次应验,只怕就不知该如何自圆其说了。看看这些令人哭笑不得的言行,又何尝不是台湾当局对大陆的彻底蔑视?他们宁可相信自己单枪匹马的虚张声势,也不愿意正视这位""不受欢迎的邻居""正在悄然崛起的事实。可笑至极啊!滑天下之大稽,岂有如此狂妄自大之人?面对大陆强劲的气场和凛人的实力,台湾当局的偏执何时才是个头?他们只会继续自说自话吗?还是终有一日,能清醒认知到在硝烟腾腾的乌云之下,和平才是避免人祸的最佳出路?三、暗流汹涌,台海矛盾源远流长其实,台海此役再次暴露出两岸根深蒂固的矛盾遗留问题。纵使一方锲而不舍,一方处变不惊,但究其根由,仍是源于一个概念分歧无法抒解。""2.14""撞船事件,其实就是一枚导火索。事发之后,两岸谈判延续至今,台湾当局却执迷不悟,提出""三不原则""拒绝承认错误。大陆方面只能在对等原则上推出自己的""三不""政策,正面反制台湾的官僚主义。于是,理所当然的矛盾就此生发。大陆方面认为""海峡中线""和台湾的""禁限水域""都是不合法的,只有全面主导台海才符合主权国的尊严。而台湾当局显然是无法接受这一前提的。由此所引发的,就是后来大陆海警船在金门、马祖、澎湖海域的骑阗而过,视台湾划定的""禁区""为无物。更恐怖的是,随着鱼汛期的临近,大量渔船即将入场,台湾当局将无计可施。而届时如果大陆海警船竟要登临检查台""海巡""舰队,岂不是又要掀起一场外交风波了?令人痛心疾首的是,这一切都源于一个概念分歧。可相较之下,台湾的偏执何其盲目?台湾当局岂不知,其固步自封与大陆的现实力量相比,实在是暴戾恣睢了吗?就因为一意孤行的偏执,它们难道真的就能置身事外,逃避大潮的吞没吗?四、探囊取物,技术之光终将注入战火然而台海之战远非单单一两枚导火索就能决其胜败。在现代高科技战火的注入下,它的热度和影响力正在不断升级。据悉,台湾当局正在引入先进人工智能、大数据等技术,试图全方位把控台海局势。一旦真的通了这层关,它们就能预先掌握大陆军力动向,提前布防。届时大陆的优势只怕就将荡然无存了。可现实是残酷的。据台军出身的退役少将栗正杰说,大陆武器早已深入台湾腹地,无所遁形。于是,台军后备的人工智能就只能是缘木求鱼,毫无用处了。这也从侧面证明了一个事实:大陆的技术力量正在不断壮大。从天空侦察无人机到隐形战机,再到反舰弹道导弹甚至航母编队,都已是炉火纯青。无论台湾方面如何添置防御系统,恐怕已很难覆杀大陆的全方位打击之力了。更为可怖的是,技术创新恰恰是大陆保住优势的根基所在。随着人工智能、大数据等领域取得突破,大陆只会在技术优势上越攀越高,离登峰造极只是指日可待了。台湾的技术补给,很可能只是一场徒劳的自我安慰。五、世界因你而美丽,和平是最大馈赠看到这儿,相信你我都已动容。为什么两地子民就注定要热火朝天,派阀林立?为什么我们不能珍惜当下的和平时光,共同建设更加富足的明天呢?我们极目望去,全球方兴未艾的和平洪流才应是我们追求的方向。而台海也终有一日会享有这分馥郁的馨香吧?为此,我们需要做出通情达理的努力,创造建设性对话,而非武戈相见。尤其在当下,各国都需在国防现代化和地区稳定中寻求一个平衡点。我们既要提高防卫力量,确保国土安危,又不能大打出手,违背人类和平共处的大义。这才是军事战略的终极体现。但愿,在未来的岁月里,每个人都能洞见局中的小节。不再有对抗,不再有漫天硝烟,取而代之的是温情脉脉的对话与宽容。那时,台海将不复是导火线,而是一方浩渺的水域和每一个人相连;亦不会有战事惊扰,而只有和平的脉动永恒跳动。"
66765f9ffb88ab4b048dd638,https://mp.weixin.qq.com/s/OgeRApfCUmlJL2Wtcwkdaw,突发！大陆渔船逼近澎湖，台军宣布金门海域实弹射击！,2024,03,20,2024-03-20,本公众号原来的名称为《军武参阅网》，现在改名为《战地黄花胜春光》，名称来源于毛主席的诗词《采桑子·重阳》，主旨还和以前一样，每天早上6：30发布战友们关心的台海问题、南海问题、中美问题等精彩的内容，感谢战友们的长期关注和支持。在民进党当局和台海巡部门摆出一副“死猪不怕开水烫”的姿态后，大陆该出手时就出手，果断加大对金门“禁限制海域”的巡查力度，同时加速疏通“刘五店航道”，金门区域的台军守军已经快紧张到窒息了。更加让蔡英文和赖清德想不到的是，大陆对马祖和澎湖也出手了。马祖南引岛神不知鬼不觉就插上五星红旗，惊得台军方和台海巡互相甩锅，想要撇清关系。在民进党当局惊魂未定的时刻，澎湖海域也有大事发生。多家台媒报道，3月18日白天，有台渔民报警称，在澎湖海域有大陆渔船出现捕鱼。澎湖“海巡”立刻气势汹汹地出动500吨级船只澎湖舰，前往拦截抓捕。但到了现场才发现，大陆渔船在船身两侧加装了各约3米长的铁杆，铁杆横在外面，台方的船只一旦靠近，就会被刺穿划破。最后，“海巡署”借口海象不好及有安全隐患，声称“安全起见，澎湖舰最后强制将对方驱离”。台媒也跟着叫嚣说，为了拒绝登船检查，大陆渔船发生了“进化”，就算“海巡署”想要登船拦检，也是心有余而力不足。基于大陆在金门、马祖、澎湖三大海域都有动作，民进党当局坐不住了，除了让台军实战备战外，又有更大的动作。据悉，日前台军方对外宣布重大决定，台军4月份将在金门海域实弹射击，具体地点是金门本岛、烈屿、猛虎屿、后屿等地，方式是地面武器对海实弹射击，周边海空域进行警戒、管制。至于最大弹道高度，金门本岛最大弹道高度是1000尺，猛虎屿1000尺，烈屿6600尺。对于这么大规模的实弹射击，台军方的说明是，只是例行性常态训练射击，没有针对性，和厦金海域大陆海警执法无关。但是，台军方如此说明太过苍白，台军4月金门实弹射击，就是冲着大陆来的，冲着大陆海警来的，想要寻求反制。台军这样的举动，恰巧说明，蔡英文赖清德为首的民进党当局还想升高局势，和大陆继续寻求对抗升级，不想承认台海巡执法错误。也就是说，4月份的台海局面，将更加白热化，擦枪走火的可能性更大，两岸爆发冲突都是有可能的。◆往期热点内容◆1:刚刚！台岛放出大消息！大陆动真格了！2:要求俄归还百年前黄金，欧洲出了好主意，这给中国提了个醒！
66765f9ffb88ab4b048dd639,https://mp.weixin.qq.com/s/7feJkJ7srEYpoPpt84-N9g,自作自受！金门事件迟迟不处理，中国大陆金门模式台湾自食恶果,2024,03,20,2024-03-20,金门“214”事件发展到今天，已经到了3月20日。3月18日美国国务院针对两岸的局势发表了一份声明，这个声明里面就是敦促两岸要克制，不要去片面地改变现状，当然这些话台湾只有欢迎两个字。事实上金门“214”事件发展到了今天有足足一个多月，这一个多月归纳中国大陆的做法就可以看出这个脉络的迹象，所谓脉络的迹象就是第一个金门模式已经确立。中国大陆采行的新闻模式，海巡海警执法，疏浚船出入，渔船进出，这种模式对台湾来讲压力实在是太大了。中国大陆的海警执法现在固定就有3到4艘船只在台湾金门的料罗湾外海，一个是它的东南部，一个是它的西南部，一个是它的南部，这三个地点都已经进行所谓的固定巡航执法。中国大陆认为自己也有法源依据，但台湾的海巡单位就因为中国的海警船太大，台湾海巡艇太小，以大逼小，弄得台湾海巡单位无所适从，只能够伴航，也不敢过于取缔。从这里可以看得出来中国大陆的执法，现在已经制造台湾极大的难题。有人去问陈建仁要不要派台湾3000吨以上的海巡舰常驻金门，陈建仁的答复耐人寻味。中国大陆的海警船已经频繁进出金门水域，这个时候台湾不派大型的海巡舰显然里面应该是有美国的因素。美国不希望在金门“214”事件发生以后，升高两岸冲突的局势，所以要视情况而定。讲白了就是不派，金门海巡单位的船只相对于中国大陆来讲多是太小，太小要怎么执法，这是第一个。第二个，不派大型船舰去，光是用小型船舰完完全全抵挡不了中国大陆对于厦门水域的执法。第三个，大巡舰只真的是过去万一发生冲突的话，反而会使情势升高，所以海巡吃了哑巴亏。中国大陆已经吃了秤砣铁了心，就是要从防区穿越，大担岛、二担岛跟小金门，这三个地方就要进行疏浚。当进行疏浚的时候刚好是在台湾地区海巡的执法界内，台湾地区海军执法界内也阻挡不了这万吨疏浚船，岸上的也不敢炮击，所以弄得无所适从。金门的渔船数量大概四五十艘，最多的时候是60多艘，现在只有四五十艘船只，他们是尽量向南岸跟东岸去捕鱼。因为金门岛的东岸岛礁密布，岛礁都在水面以下，鱼群在这个地方繁殖生衍。南部就贴近了料罗湾区，他们就经常可以出海。他们出了廖罗湾或者到金门东岸去捕鱼的时候，很少会跟中国大陆的船只发生竞争的现象。现在问题在于说中国大陆的渔船，因为渔季还未到，所以现在的船只也并不怎么多。可是一过清明以后，这些渔船纷纷出港，台湾要怎么处理这些问题。金门模式等同没收了台湾近海的“执法权”，因为不单是金门如此，连澎湖和桃竹苗沿岸，还有台湾的西北部沿岸都有中国大陆的海警船，甚至于渔船的出没，况且渔船的吨位都很大。在这种情况之下，当中国大陆确立了金门模式，台湾海巡只能伴航，虽然双方不至于发生冲突，但是这是一种紧张的态势。现在大家讲炮衣卸下是准备打仗，其实不是，这是海军术语叫做战斗巡航。战斗巡航就要针对现况进行处置，过去叫“无害通过”的时候一般来讲是不卸炮衣的。战斗巡航卸了炮衣就是说你态度强硬的话我也强硬，如果你要发动所谓的冲突的话，他也一路奉陪到底，这种战斗巡航是具有一种挑衅的韵味。在这种情况之下台湾如何处置？现在看台湾的处置不外乎四项。第一个大型舰只尽量不要出没在金门、马祖水域，当你不派的时候就等同示弱。第二个，对于未来的执法，这已经不是“海巡署”可以决定的，而是要透过两岸去对谈，避免发生误判。但是两岸沟通管道也断，既然两岸沟通管道通通都断的时候要怎么处理这个难题。第三个，“海巡”长期的伴航不是一个解决的方式，这个是徒增“海巡”的压力。而且上级单位又不处理的时候，海巡还能做什么事，这必然会影响台湾海巡的士气。第四个，当中国大陆并不顾及台湾感受的时候，会发生什么事大家都无法预料。所以金门“214”的问题不解决对台湾的伤害最大，看台湾能够做出什么样的决断的时候，再决定下一步的动作。台湾现在对于中国大陆的“金门模式”已经是无计可施。所以不要小看金门“214”事件的发展，这个“214”事件的发酵如果在近期内没有办法解决的话，那台湾受到的损伤反而更大。
66765f9ffb88ab4b048dd63a,https://mp.weixin.qq.com/s/jwftJWDEnZPvax9y47YrNQ,2人丧生！金门海域悲剧再现！,2024,03,20,2024-03-20,2月14日令人痛心的渔船事故阴影尚未散去，仅仅一个月后的3月14日，同样的海域再次发生了这样的悲剧事件！为什么中国的渔船在自己熟悉的海域发生翻覆事故呢！
66765f9ffb88ab4b048dd63b,https://mp.weixin.qq.com/s/4Y-IbnX7xopgV9CovjJykg,国民党林郁方：当年我们杀了误入金门的大陆渔民，对岸也忍下来了,2024,03,20,2024-03-20,近日，一起惨痛事件再次将两岸关系推向风口浪尖。一艘大陆渔船在金门海域遭遇台湾海巡船冲撞，导致船只翻覆，两名渔民不幸遇难。台湾当局对此事的处理态度令人失望，不但消极追责，还缺乏诚意进行赔偿和道歉，激起大陆民众的愤怒情绪。这场悲剧发生在一个平静的清晨。大陆渔民驾驶着他们的渔船，以期丰收归来。然而，他们的航程却在金门海域遭遇了不幸。一艘台湾海巡船突然出现，不顾警告与避让，愤怒地直冲而来。渔船被撞击，瞬间翻覆，两位渔民被卷入深海，永远地沉默了。这起事件震惊了两岸社会。人们不禁追问，为何一个本应是渔民和平捕捞的地方，会成为如此悲剧的发生地？为何一个邻近的岛屿，对于两岸同胞的生命如此漠视？台湾当局对此事的处理态度更是令人心寒。他们没有及时展开调查，也没有追究责任。更遗憾的是，他们缺乏诚意进行赔偿和道歉。这种消极的态度引发了大陆民众的愤怒和不满。他们认为，生命的尊严不分国界，每一个生命都应该受到尊重和保护。更令人痛心的是，台湾一些政客对此事件态度轻佻，甚至对大陆渔民进行嘲讽，彰显出对生命的冷漠和漠视。他们甚至在言论中提及1985年的金门狮屿惨案，试图用历史来辩解他们的无情行为。回顾1985年1月金门狮屿惨案，令人心惊肉跳。当时，国民党驻军对待大陆渔民采取了残酷手段，实行“格杀勿论”政策。一艘大陆渔船误入金门海域，遭到国民党士兵的无情扫射，导致八人死亡，两人被残忍处决。这一幕幕惨剧，至今仍然鲜活地存在于历史的记忆之中。然而，尽管这些历史罪行已被披露，但由于两岸关系的微妙，事件并未引起足够的讨论和反思。大陆民众对国民党的冷血行径仍然愤怒不已，呼吁追究责任，让历史的伤痛得到正义的昭示。对比起大陆对待台湾人的救助态度，台湾对待大陆人的冷漠显得格外突出，凸显出台湾政府的虚伪与冷漠。民进党继承国民党的敌视大陆思维，继续抹黑大陆形象，加深了两岸之间的对立。在未来，人们期待国民党血债得偿，呼吁追究涉事政客的责任，以正义换取安抚。历史将会揭示真相，国民党的罪行终将被揭露，为受害者讨回公道，也为两岸关系的和平与发展铺平道路。因此，我们呼吁所有正义的人们，不论身在何方，都应该站出来，为生命的尊严和平的发展发声。两岸同胞应该携手合作，共同创造一个和平、友好的环境，让我们的子孙后代能够生活在一个没有战争、没有仇恨的世界里。
66765f9ffb88ab4b048dd63c,https://mp.weixin.qq.com/s/kEFQLHeh8hO-xbW-Km_h9Q,福建渔船又翻，金门主动伸援手两岸联合搜救，对岛内不认错要施压,2024,03,20,2024-03-20,在一次普普通通的夜里，发生了一件让人揪心的事。就在金门东碇岛西南方那片海域，一艘名叫“闽龙渔61222”的渔船不幸触礁沉没了，船上的6位船员顿时陷入了生与死的边缘。这件事很快就传遍了海峡两岸，让很多人都挂怀着。紧接着，两岸就像是约好了似的，立马开始了救援行动。大陆这边调动了各种救援力量，包括S-76C型直升机，围绕事发海域开展了大规模的搜索。而台湾这边，金门县政府也没闲着，金门的“海巡队”和“金门防卫部”迅速出动，舰船潜水员齐上阵，加入了搜救。这样的跨海合作，不仅让人看到了人性的光辉，也暂时缓解了两岸那本就紧绷的气氛。    金门县长陈福海，在这个关键时刻指示“海巡队”全力以赴的举动，获得了广泛的好评。这不仅展示了陈县长个人的领导力，也体现了金门人民和大陆渔民间的深厚友情。这次联合搜救最后救回了2名船员，但也有2人遇难，另外2人至今下落不明。虽然结果有喜有悲，但两岸的这次合作无疑为两岸关系带来了一丝温暖。这次事件背后，是两岸在面对共同挑战时展现出来的团结和合作。尤其是在“214恶意撞船事件”之后，这样的合作对于缓和两岸关系，具有重要的意义。同时，也让我们见到了金门地区人民的善良和大陆渔民间的深情厚意。    通过这次联合搜救，不仅展现了两岸人民之间相互理解和支持的精神，也反映了即使在两岸关系紧张的大背景下，基本的人性善良和互助的精神依然存在。金门，在这次事件中扮演了非常关键的角色。作为两岸交流的重要窗口，这次它通过实际行动展示了两岸人民同舟共济的精神。金门县长陈福海的迅速反应，不仅显示了地方领导的责任感，也反映了金门人民对两岸和平与合作的强烈愿望。虽然搜救行动没有能够救回所有船员，但两岸的共同努力和互助精神却获得了广泛的认可。这次跨越海峡的团结和合作，为两岸关系的未来发展开启了新的可能，提供了新的思路。    这次事件深刻启示我们，在两岸关系中，民众的福祉和安全是最重要的。两岸的合作不应仅限于经济文化，更应在紧急救援、灾害应对等领域深化合作，保障人民生命财产安全。这次由海上意外引发的两岸联合搜救行动，不仅展现了两岸面对共挑战时的团结，也为两岸关系的未来注入了希望。期待两岸未来能有更多这样的合作，共同努力促进两岸人民的福祉，以及地区的和平稳定。大家觉得这次两岸联合搜救行动还有哪些值得深入探讨的地方呢？欢迎在评论区留言交流你的看法。    
66765f9ffb88ab4b048dd63d,https://mp.weixin.qq.com/s/RLi7YLniBtwhz0u6Bs2upA,道歉不到24小时，大陆渔民金门再遇难，台军一把手一语激起千层浪,2024,03,20,2024-03-20,在最近发生的金门海域渔船翻覆事件中，六名大陆渔民的不幸遇难再次牵动了人们的心弦。这一悲剧如同黑夜中的一道闪电，瞬间打破了人们对于两岸关系的思考和讨论。当渔船在汹涌的海浪中翻滚时，六名渔民成为了无助的囚徒，他们的命运悬而未决，投入了未知的深渊。台湾地区的海巡部门迅速做出了反应，派出船只进行救援，最终成功地营救出了四人，但仍有两名渔民不幸溺亡。这是一场对生命的悲剧，海上的波涛宛如无情的岁月，无情地夺走了两名渔民的生命。           然而，就在这一悲剧发生之际，台湾军方高层的一番言论却像一颗炸弹般引发了更大的争议。据报道，台湾防务部门负责人邱国在事件发生后发表了一系列挑衅性言论，声称即使大陆动用武力收复台湾，只要五星红旗没有插到台湾防务部门，战争就是徒劳的，还称大陆要打多久，台方都会奉陪。这种言论不仅令人震惊，更是对生命的不尊重和对战争严重后果的轻视。这种挑衅性的态度不仅不符合两岸共同重视人命安全的骨子里，更加加剧了两岸关系的紧张局势。               然而，在这片尚未平静的海域上，渔民的生命被视为至高无上的宝藏。尽管民进党当局一直推动着“台独”政策，试图割裂两岸关系，但事实上，当台海发生意外事件时，两岸的第一反应仍然是一致的——那就是救人。这一次的救援行动再次印证了“两岸一家亲”的现实，以及两岸人民对生命的珍视。然而，值得警惕的是，民进党当局的“台独”政策正在加剧两岸关系的紧张程度。国台办发言人曾明确指出，任何“以武谋独”的行径都无法动摇大陆实现祖国完全统一的决心。台湾问题是中国的内政，任何外部势力的干预都是不容忍的。民进党当局应该从这次事件中醒悟，放弃挑衅和分裂的行径，回归两岸关系和平发展的正轨。    综上所述，两岸渔船翻覆事件揭示了台湾局势的复杂性和两岸关系的紧张性。在这样的关键时刻，我们期待民进党当局能够停止挑衅和分裂的行为，与大陆共同努力，共同维护两岸关系的和平稳定，共同为两岸人民的安全和福祉负责。这不仅仅是一场对话，更是一场对于人类文明与尊严的坚守，希望人们能在这个关键的十字路口做出正确的选择。生命，永远是最重要的，而和平，则是我们共同的追求和承诺。为了进一步深入探讨这一事件的背景和可能影响，我们需要回顾一下近年来台湾海域的动荡局势。台湾海域一直是两岸关系的敏感地带，历来都是一片风云变幻的区域。近年来，随着两岸关系的紧张，台海局势愈发复杂，各种挑衅行为不断涌现。对于台湾地区而言，民进党执政后一直坚持“台独”倾向，试图拉开与大陆的距离，加强与外部势力的联系。这种政策不仅引发了大陆的警惕和反感，也在台湾本岛内部引发了分歧和争议。然而，不可否认的是，台湾在国际舞台上的地位受到了一定程度的提升，但这也引发了更多的争端和纷争。在此背景下，每一起台湾海域的意外事件都可能被解读为两岸关系的象征性事件，成为两岸争议的导火索。因此，金门海域渔船翻覆事件不仅仅是一场悲剧，更是一次政治意义上的震荡。这一事件不仅暴露了台湾政府在处理两岸关系上的复杂性和敏感性，也提醒了大陆方面需要更加审慎地处理与台湾的关系。                   
66765f9ffb88ab4b048dd63e,https://mp.weixin.qq.com/s/Oujj15r0M31Ge4rtFugG-g,金门海域遭围，渔船进新竹6海里无人敢挡，台军“第一击”被打脸,2024,03,20,2024-03-20,金门海域近日成为紧张的焦点，随着渔船在新竹海域的活动激增至6海里范围内，无人敢于干预，台湾军方的所谓“先发制人”策略受到质疑。在这个充满压力的背景下，台湾的防务负责人邱国正在公开场合表达了他对当前形势的深切担忧。他的直言不讳不仅在岛内引起了轰动，而且也让民进党的高层领导感到尴尬和愤怒。邱国正的坦白反映了他对可能即将到来的冲突的真实感受，他表示自己夜不能寐，暗示如果他无法安睡，那么台湾民众也应该感到不安。此外，报道指出邱国正在民进党政府中的地位正逐渐动摇。他拒绝按照美国的要求提高台湾军队的战备状态，这一立场显然与赖清德政府的期望背道而驰，导致他可能不会在当前政府中继续担任防务部门的负责人。邱国正的发言几乎瞬间破坏了民进党试图营造的安全氛围。尽管民进党及其政治盟友一直强硬地对抗大陆，邱国正的这些公开声明被视为对他们行为的公开批评。他明确表示，台湾军队不会介入任何可能导致严重后果的冲突，这种态度在岛内引发了强烈的不满，特别是在主张台独的团体中。邱国正的警告和立场表明，他对民进党政府可能引发不必要冲突的行为感到担忧。他似乎试图通过明确界定“先发制人”的条件，来警告民进党政府不要轻率行事。然而，民进党看起来并没有减轻其对抗大陆的姿态，而是继续采取挑衅行动，加剧了台海的紧张局势。最近，新竹海域的一起事件引起了广泛关注，大陆渔船进入台湾附近水域，但民进党政府未能有效应对。这种犹豫不决被视为政府无力和无能的表现，加剧了岛内对民进党当局的不满。在“政治豪赌”的背景下，民进党当局的行为显得更加冒进。他们不仅挑战大陆的底线，而且似乎试图通过军事对抗来加强其政治立场。这种策略不仅增加了军事对抗的风险，也在岛内引发了对和平解决两岸问题的呼声。尽管面临内部和外部的压力，民进党似乎仍旧坚持其对抗性的策略。他们依靠外部力量，试图加强台湾的军事能力，而忽视了岛内对和平的强烈愿望。这种行为与广泛的公众意愿背道而驰，增加了岛内的政治和社会紧张。民进党当局的这种行为不仅与岛内主流民意背道而驰，而且还在国际上引发了关于台海稳定和平的担忧。台湾社会日益增长的反战和亲和平情绪与民进党当局的行动形成鲜明对比。越来越多的台湾民众和政治观察家强调需要通过对话和外交手段来缓解两岸紧张局势，而不是依靠军事力量。民进党当局的好战立场，特别是在加强与外部势力的军事联系方面的努力，遭到了越来越多人的质疑。在此背景下，邱国正的立场和发言显得尤为重要。他的坦率和明确的反战立场不仅展示了台湾军方内部对当前政治方向的担忧，也反映了岛内对和平解决两岸问题的广泛渴望。邱国正警告民进党当局不要进一步加剧局势，也暗示了需要更加理性和平衡的方法来处理两岸关系。同时，邱国正的言论暴露了民进党政府内部的矛盾和冲突。这种内部的不一致性不仅削弱了他们的外部立场，还在台湾社会内部引发了更深层次的不安和质疑。尽管民进党当局试图通过内部宣传和信息控制来维持其立场，但这种做法日益受到岛内外的批评。最后，台湾问题的核心在于两岸关系的和平与稳定。虽然民进党当局试图通过强硬的外交政策和军事姿态来确立其立场，但这种策略却可能适得其反，引发更大的地区不稳定和国际社会的担忧。台湾与大陆之间需要建立更加坚实的对话桥梁，寻找共同点，以避免不必要的紧张和冲突。邱国正的发言提醒了所有相关方面，必须采取更加审慎和负责任的态度来处理两岸关系，避免任何可能导致严重后果的行动。只有通过理解、沟通和合作，才能确保台海地区的和平与稳定，这也符合所有人的最佳利益。
66765f9ffb88ab4b048dd63f,https://mp.weixin.qq.com/s/VHLE9OyfXItm_IoNEDEJDQ,​金门海域又起风波！大陆渔民接连遇难，幕后黑,2024,03,19,2024-03-19,刚过去一个月，台湾海巡署那边管碧玲等人就忙着给遇难渔民家属道歉了。这本是好事，本以为能平息风波，可谁想到啊，这道歉声还没落呢，金门那边又传来噩耗，大陆渔民又遇难了！这连环事件，让人心里直犯嘀咕：这背后是不是有啥大阴谋啊？图片说到“闽龙渔61222”号渔船，就在管碧玲道歉后不到一天，也就是3月14日那天，这船就在金门东碇岛附近出事了。船突然倾覆，6个渔民掉进了海里，虽然救起了两个，但还有两个不幸遇难，另外两个至今下落不明。想想那些等在家里的亲人，真是让人心疼啊。搜救工作那是没日没夜地进行着，台湾金门海巡队出动了4艘巡防艇，大陆也派了6艘救援船舰过去。咱们都祈祷着，希望那两位失踪的渔民能平平安安地回来。图片回顾这一个月，大陆渔船在金门这地方已经是第二次出事了，而且都是在3月14日这一天。你说巧不巧？这哪是巧啊，分明是有人在背后搞鬼！现在大家都猜，是不是有啥外部势力在搞破坏，想要挑拨两岸关系啊？对于“214恶性撞船事件”，台湾那边已经道歉了，也承认在搜救和响应上搞得不好。他们说会好好反思，给咱们一个交代。可大陆这边呢，觉得光道歉哪行啊，得拿出点实际行动来，给遇难者家属一个满意的答复。图片可咱们这等着等着，悲剧又发生了！这次“金门渔民遇难事件”，到底是啥原因呢？现在官方还没给出个明确的说法。但你看看啊，有迹象显示，这背后可能跟某些外部势力有关系。他们想利用这事儿，让两岸关系变得更紧张。这种分析，可不是咱们凭空想象的。你看那海洋气象报告，出事那天金门海域风平浪静的，其他渔船都正常捕鱼，就“闽龙渔61222”号遇到了问题。再说机械故障吧，那也不太可能。这些渔民都是老把式了，每次出海前都会仔细检查船只，哪那么容易就出问题啊？图片更奇怪的是，这两次事故都发生在几乎相同的地点、日期和背景下。你说这概率得多低啊？而且啊，现在台当局正忙着跟大陆搞好关系呢，哪敢再惹事儿啊？所以啊，真正的嫌疑方，很可能是其他国家，比如美国。现在，国际形势那么紧张，俄乌冲突、巴以矛盾都把大家的注意力给吸引过去了。美国这个全球大佬呢，自然也不会放过这个机会，想在其他地方制造点紧张局势，分散大家的注意力。那中国大陆跟台湾的关系，不就成了他们的一个好靶子吗？图片说到“闽龙渔61222”号渔船倾覆，它发生在离金门东碇岛只有1.1海里的地方。那么近的地方，水下活动不是挺方便的吗？而且啊，今年2月份还有消息说，美军特种部队“绿色贝雷帽”进驻了金门岛。这事儿啊，让人不得不联想到，是不是美国特工搞的鬼啊？所以，现在有两种可能：一种是真的有外部势力插手了这次事件，那可就严重了，不仅是对大陆的挑衅，更是对地区和平的威胁；另一种可能呢，就是单纯的海难事故。咱们啊，还是得等官方调查结果出来再说。图片这314“金门渔民遇难事件”咱们可以等等看真相咋样，但美军在台湾的动作可是不等人的！近期啊，美台双方搞起了军事合作，美国军事顾问要长期驻扎在台湾金门和澎湖地区，美军的特种部队还要直接参与台湾的军事训练。这摆明了就是想把台湾当成个棋子，用来牵制和对付咱们大陆。
66765f9ffb88ab4b048dd640,https://mp.weixin.qq.com/s/2tIZQQCbS5SBuloOeYNNHg,台湾竟拒大陆审案？金门渔船惨案真相何时水落石出？,2024,03,19,2024-03-19,Hi！我是可心，点击下方 可心谈事 了解更多科技圈的事~👇👇👇亲爱的朋友们，今天咱们来聊点热乎的——金门渔船惨案。这起事件，就像一块石头投进了平静的湖面，一下子让两岸关系变得紧张起来。大家都在猜，这事儿到底会怎么解决呢？喜欢请点【分享】【在看】【点赞】👇，感谢支持
66765f9ffb88ab4b048dd641,https://mp.weixin.qq.com/s/dSouwNZxebLOo5hRCIkF6Q,​金门渔船再遭翻覆，歼20霸气逼退外机，网友：谁还敢惹咱大国风范！,2024,03,19,2024-03-19,各位朋友们，你们听说了吗？最近金门那边可真是闹得沸沸扬扬的，渔船翻覆的事故又发生了！真是让人心里捏了一把冷汗啊！你说这天气好好的，船怎么就会翻了呢？真是让人摸不着头脑。就在大家还在议论纷纷的时候，台海那边又传来了一个劲爆的消息！说是有一架外国的军机竟然敢逼近咱们的领空，这不是明摆着挑衅嘛！不过咱们的大国风范可不是盖的，空军精锐“王海大队”的歼20战机立马就迎了上去，一个急转动作就把那外机给逼退了！真是大快人心啊！这歼20战机可真是咱们国家的骄傲啊！之前就多次和美国的F-22、F-35这些五代机“交锋”，每次都让对方刮目相看。美太平洋空军司令都曾夸赞过咱们的歼20呢，说它令人印象深刻，飞行员也十分专业。看来咱们国家的空军实力真的是越来越强大了！说到这外机进逼的事，我就想起了之前台海渔船翻覆的事情。你说这两件事怎么就凑到一起了呢？有网友就分析说，这背后可能有第三方搞鬼，是他们派出特工对大陆渔船动了手脚。唉，这世道真是越来越不太平了，连渔船都成了目标。不过咱们也别太担心，毕竟咱们国家有强大的军事实力做后盾。就像这次歼20战机逼退外机一样，咱们有能力保护好自己的领土和人民。再说了，这次事故也让我们看到了两岸人民共同救援的温暖画面，说不定还能为两岸关系的缓和产生积极影响呢！这F-35战机可是美国空军的主力五代战机啊，近年来在咱们周边地区可是频繁出没。日本、韩国这些国家都买了F-35战机，美国还宣称要在印太地区部署超过220架的F-35。这明显就是针对咱们中国来的嘛！不过咱们也不用怕，咱们的歼20战机也不是吃素的，未来有望成为咱们在东南沿海拒止外敌的主力装备。总之，这次金门渔船翻覆和歼20逼退外机的事情，虽然让人捏了一把冷汗，但也让咱们看到了国家的强大和人民的团结。咱们要相信国家，相信我们的军队，他们一定会保护好我们的家园和人民。同时呢，我们也要保持警惕，不能掉以轻心，毕竟这世道还是不太平的。最后，我想说一句网络用语：这世道真是越来越魔幻了，不知道接下来还会发生什么离奇的事情呢？不过咱们也不用怕，只要团结一心，就没有过不去的坎儿！你们说是不是啊？
66765f9ffb88ab4b048dd642,https://mp.weixin.qq.com/s/7u3X5N2-D-twHHCmJyNi9w,又有大陆渔船在金门海域翻覆，已致两人遇难，两岸联合搜救,2024,03,19,2024-03-19,3月14日清晨，一则关于大陆渔船在金门海域遭遇不幸的消息，迅速引起了社会各界的广泛关注。据南都记者从金门海巡队获悉，当天清晨，一艘名为“闽龙渔61222”的大陆渔船在金门附近海域不幸被巨浪袭击，导致船体翻覆，船上6名辛勤的船员瞬间落海，生死未卜。消息一出，两岸相关部门立即启动应急机制，展开了一场与时间赛跑的联合救援行动。台海巡部门迅速反应，调派了4艘船舰前往事发海域，希望能够尽快找到落水的船员。与此同时，大陆方面也迅速动员，多艘舰艇及直升机迅速集结，在海上形成了一道坚实的搜救网。两岸的救援力量紧密配合，共同执行着这一艰巨的搜救任务。金门县长陈福海在得知消息后，立即指示相关单位保持高度关注，并提供必要的支援。他深知海上的每一分钟都至关重要，因此要求各部门全力以赴，确保救援行动的高效进行。陈县长的关切和指示，无疑为整个救援行动注入了强大的动力。  随着时间的推移，搜救工作逐渐取得了进展。经过两岸救援人员的共同努力，落海的6名船员最终被全部寻获。然而，不幸的是，其中2人因长时间浸泡在海水中，已经失去了生命体征。另外4名船员虽然生命垂危，但经过紧急送医救治，他们的生命得以挽救。这一事件的发生，再次引发了人们对于海上安全的深思。金门海域作为两岸交流的重要通道，其海上安全问题一直备受关注。然而，尽管两岸在救援行动中展现出了高度的合作与默契，但如何进一步加强海上安全管理，防止类似事件的再次发生，仍然是一个亟待解决的问题。回顾此次事件，我们不难发现，两岸在应对海上突发事件时展现出了高度的责任感和合作精神。无论是台海巡部门的迅速反应，还是大陆方面的全力支援，都体现了双方在维护海上安全方面的坚定决心。这种合作不仅有助于提升两岸在海上救援方面的能力，也为未来两岸在更多领域的合作奠定了坚实的基础。当然，我们也不能忽视这次事件所暴露出的问题。在救援行动中，虽然两岸合作紧密，但仍然存在一些需要改进的地方。比如，如何进一步提高搜救效率、如何加强海上通讯联络、如何完善海上救援体系等，都是我们需要深入思考和解决的问题。此外，对于海上作业的渔民来说，提高自身的安全意识和自救能力也至关重要。他们应该充分了解海上安全知识，掌握基本的自救技能，以便在遇到突发情况时能够迅速做出反应，降低风险。此次“闽龙渔61222”渔船翻覆事件的妥善处理，不仅展现了两岸在海上救援方面的合作成果，也为我们提供了一个反思和改进的契机。我们应该以此为契机，进一步加强两岸在海上安全领域的交流与合作，共同推动海上安全管理体系的完善和发展。展望未来，我们期待两岸能够在更多领域展开合作，共同推动两岸关系的和平发展。同时，我们也希望广大渔民能够加强自身的安全意识和自救能力，确保自身的生命安全。毕竟，生命无价，安全重于泰山。只有当我们共同努力，才能构建一个更加安全、和谐的海上环境。综上所述，此次大陆渔船金门海域翻覆事件虽然带来了沉重的伤痛，但也让我们看到了两岸在海上救援方面的合作与努力。我们应该以此为鉴，加强海上安全管理，提升救援能力，共同守护这片蓝色家园的安宁与和谐。
66765f9ffb88ab4b048dd643,https://mp.weixin.qq.com/s/xdtqxUKt05_XhLcPTioKjA,台海局势突变，两岸罕见联手，大陆渔船包围金门，民进党改口道歉,2024,03,19,2024-03-19,台海风云再起！渔船翻沉，谁是真凶？两岸联手救援揭秘民进党真面目亲爱的朋友们，你们好！在这个信息爆炸的时代，咱们一起来聊聊那些发生在台海的小船上的大事儿，这些事儿啊，虽然发生在海上，却牵动着两岸人民的心。就在不久前，金门海域上演了两出截然不同的戏码，真是让人看了又气又暖。一幕是民进党的海巡船像失了智一样，猛地撞向大陆渔船，导致船翻人落。哎呀，这事儿真是让人痛心疾首！你说这民进党当局，怎么就这么不讲道理、不顾同胞生死呢？另一幕则是一艘大陆渔船不幸触礁沉没，但这次，两岸的海巡队却像亲兄弟一样联手出击，共同救起了那些落水的渔民。这事儿又让人看到了两岸同胞的团结和互助精神。说起这事儿，真是让人感慨万千。就在3月14日那个早晨，一艘载着6名福建渔民的船儿在厦金海域遭遇了不幸。船沉了，两个人被迅速救起，但还有两个人却永远地离开了我们，剩下两人至今下落不明。这是多么令人心痛的消息啊！但就在这悲痛之中，我们却看到了两岸同胞的团结和互助精神。得知事故消息后，两岸相关部门没有互相指责、推诿，而是迅速联手展开了搜救行动。金门海巡队出动了四艘船只参与搜救，还通过金门渔会向过往船只发出了求救信号，呼吁大家一起帮忙搜救那些落水的渔民。这样的场景让我们想起了上个月那起令人愤慨的渔船倾覆事件。在那次事件中，民进党当局的海巡船故意撞击了大陆渔船，导致船翻人落。幸运的是，附近的渔船及时伸出了援手，否则后果真的不堪设想。这种明显的侵权行为却遭到了民进党当局的否认和狡辩，他们不仅拒绝承认错误、赔偿损失，还借机挑起两岸对立，企图破坏两岸关系的和平发展。这种行为真是让人看了生气！在此次不幸事故中，两岸却展示出了截然不同的态度。双方携手合作、共同面对困难，这种积极合作的态度或许能在金厦海域局势紧张的当下，稍稍缓和一下两岸之间的紧张情绪。这也再次印证了两岸同胞血浓于水的事实。在我们关注这起沉船事件的同时，也不能忘记2月份那起渔船倾覆事件给两岸关系带来的冲击。那次事件已经引发了两岸的强烈反应，也导致了两岸谈判陷入了僵局。不过话说回来，虽然两岸关系持续紧绷，但咱们两岸同胞的心却始终紧紧相连。无论是哪一方遇到困难，另一方都会伸出援手、共同面对。这种血浓于水的亲情是任何政治势力都无法割舍的！与此同时呢，解放军在东海部分海域进行的实弹射击演习也无疑给对岸带来了不小的震慑。哎呀，这解放军的军演啊，就像是在给民进党当局敲警钟一样！告诉他们：大陆对台海的和平与稳定不会让步、对台湾的主权与领土不会妥协、对“台独”的图谋与行径更不会容忍！如果民进党当局还想继续玩火的话，就必须要承担严重的后果哦！最后啊，我想说两岸关系的发展不应该受到民进党当局的干扰和破坏而应该顺应两岸同胞的心声和愿望。我们都是中华民族的一份子、都是血脉相连的亲人、都是共同的利益相关者。让我们携起手来相互尊重、理解、支持和帮助共同应对各种挑战和风险共同分享各种机遇和成果共同维护两岸关系的和平发展和台海的和平稳定吧！只有这样才能够实现中华民族的伟大复兴和共同利益哦！你们说是不是啊？台海海域的渔船事故让我们看到了两岸关系的复杂性和敏感性，但也让我们看到了两岸同胞的团结和互助精神。民进党当局的行为真是让人看了生气，但解放军的军演又给我们带来了希望。最后啊，我想说两岸关系的发展需要大家的共同努力和维护，只有这样才能够实现和平稳定和共同繁荣哦！那么问题来了：你们怎么看待两岸关系的发展呢？快来评论区留言告诉我们吧！
66765f9ffb88ab4b048dd644,https://mp.weixin.qq.com/s/ra9r3hSvnO_j5tmO4MPqNQ,大陆动真格？渔船再翻覆，台海舰想驶往金门，解放军舰机三面围台,2024,03,19,2024-03-19,"随着台海地区的紧张局势不断升温，一起大陆渔船翻覆事故不仅考验了两岸的应急联动机制，也暴露出军事摩擦的潜在风险。台海巡署的应对措施和解放军对台海周边的军事演练，显露出两岸在安全互信上的巨大分歧，同时也反映了大陆在维护海峡稳定中的坚定立场和策略。    【渔闽龙61222翻覆事件】        3月14日清晨，大陆渔船“渔闽龙61222”在金门海域东碇岛附近发生翻覆事故，造成船上6名船员落水。经过紧急的两岸联合搜救行动，最终有2人被发现已不幸罹难。据初步分析，渔船翻覆的原因可能是触礁。目前，渔船的残骸已沉没在水下。【两岸联合搜救】台海巡署在得知“渔闽龙61222”翻覆事故后，立即调派4艘巡防艇赶往事故海域展开救援行动。台海委会亦参与搜救工作，金门防卫指挥部更是动用了特战海龙蛙兵潜入水中对船舱进行搜索。在本次事故的搜救中，台海巡署展现出了与“2·14恶性撞船事件”时不一样的积极合作态度，未对大陆渔船展示出任何驱离或追撞的举动。    【台海巡署与大陆海警对峙】台海巡署派出的CG-135号“屏东舰”首次抵达金门以东的“海峡中线”西侧，与对岸的大陆海警2304舰进行了隔海对视。这一事件发生在台海巡署的宜兰舰被大陆海警的054A版3306舰怼回后，进一步展示了两岸执法舰艇之间的实力对比。    【解放军军机和军舰常态化活动】解放军在台海周边的军机与军舰常态化活动加剧，11架解放军军机及8艘舰艇在台海展开行动，其中一部分军机和舰艇逾越了所谓的“海峡中线”。这些行动突显了解放军对台海制空权和制海权的掌控，并且限制了台湾的战略空间。同时，这也标志着“海峡中线”在实际操作中的消失。    台海地区的紧张局势持续存在，双方通过军事实力的展示彰显立场。""渔闽龙61222""渔船事故及随后的联合搜救行动，台海巡署的救援态度和行动，以及舰艇部署都体现了两岸在海峡中线争议上的军事警戒。解放军在台海周边的军事动态，与台湾军力的对比，都是这一紧张气氛的具体表现。通过这些事件，我们可以观察到两岸各自的应对策略，以及实力展示已成为台海地区常态的事实。        "
66765f9ffb88ab4b048dd645,https://mp.weixin.qq.com/s/ucPRI8dhLOHRBEgSZmNo1g,管碧玲道歉不到24小时，又有大陆渔民“金门遇难”，凶手竟同时指向一个国家！,2024,03,19,2024-03-19,请您点击上方蓝字关注“乡农世界”，点评台湾时事，分析台海形势，爆料国际热点秘闻。“214恶性撞船事件”刚过去一个月，2名遇难渔民家属终于等到了台海巡署包括管碧玲、许静芝等人的道歉。然而，就在管碧玲道歉不到24小时后，同样的地点，同样的日子，却传来大陆又有两名渔民在海上遇难的消息。最具嫌疑的幕后的凶手竟指向了一个国家！这是否意味着背后隐藏着更大的冲突和危机？3月14日，在金门东碇岛1.1海里处，大陆的“闽龙渔61222”号渔船倾覆，6人落水，其中2人获救，2人不幸遇难，还有2人下落不明。搜救工作仍在紧张进行中，台湾金门海巡队的4艘巡防艇与大陆6艘救援船舰齐心协力。我们只能祈祷，希望那两位失联的渔民能够平安归来。令人费解的是，这已经是大陆渔船一个月内第二次发生渔民遇难事件，而且都发生在14日。这种巧合背后是否存在阴谋？台海两岸的未知危机正在逐渐升级。让我们首先回顾一下台方对于214恶性撞船事件的道歉！据台媒报道，3月14日，台湾“海委会主委”管碧玲承认搜救和紧急响应操作存在疏漏。缺乏关键视频资料导致事件处置不力，不仅拖延了时间，也缺乏透明度，使得遇难者家属在煎熬中等待真相，内心承受了巨大的痛苦。同时，管碧玲表示需要对此进行彻底反思，并再次向公众道歉。她进一步表示，台湾“海洋委员会”已经下令“海巡署”设立专责小组，彻查工作程序及装备管理流程。这表明台湾当局已经意识到需要在报告系统和证据搜集方面进行改进。然而，中国大陆方面不仅希望台湾当局口头道歉，更希望他们采取实际行动，给予遇难者家属和两岸民众一个令人满意的解释。然而，就在我们期待台湾当局进一步交代的时候，悲剧再次降临！对于3月14日的“金门渔民遇难事件”，究竟是什么原因造成的，目前尚无官方通告。但有迹象显示，某些外部势力似乎有意利用此事件煽动两岸关系的紧张。当然，这种猜测并非毫无根据。据海洋气象报告，在事故发生时，金门海域并无大风大浪，其他渔船也在正常捕鱼，没有出现类似情况。机械故障的可能性也几乎可以排除，因为进行捕鱼网的渔工们拥有丰富的从业经验，每次启航前都会彻底检查渔船，导致因机械故障导致的倾覆事件极为罕见。事实上，几乎在同一地点、日期和背景下，两次相同的事故发生的概率极低。而在解放军空海演习的威慑下，台当局刚刚因担心激怒大陆而道歉，更不可能在这个关键时刻再次冒险，挑衅大陆。因此，真正的嫌疑方可能是其他国家，比如美国。眼下，俄乌冲突和巴以矛盾已经将国际社会的焦点聚集在欧亚大陆，作为西方世界的领袖，美国对全球战略资源分配和外交策略的影响力不容小觑。因此，可以合理猜想美国可能有意无意地在其他地区制造紧张局势，以分散对手的注意力，中国大陆与台湾岛之间的关系就是一个明显的切入点。具体到“闽龙渔61222”号渔船倾覆案件，该事件发生在距离金门东碇岛仅1.1海里的地方，靠近海岸线，这理论上确实为潜水员的水下活动提供了方便。同时，我们也注意到今年2月份关于美军特种部队“绿色贝雷帽”进驻金门岛的消息，这为一些人怀疑美国特工可能牵涉其中提供了可疑的背景。针对上述情况，有两种可能性：一种是确实存在外部势力干涉此次事件，如果这种情况最终被证实，那将是对中国大陆的严重挑衅，这种行为无疑将对区域和平构成威胁，并加剧两岸的紧张关系。此事件若被认定为美国所为，将进一步损害中美之间本已紧张的关系，并可能激起中国方面的反应。另一种可能是这只是一个单纯的海难事故，我们应该在官方调查结果出炉后再做判断。无论结论如何，我们都应保持较为客观和理智的态度。事件背后的真相需要通过深入调查才能得以澄清，任何早期的猜测都可能因缺乏证据而导致错误的判断。在此，观察者呼吁公众保持冷静，等待权威的调查结果，同时保持警惕，关注可能对区域稳定产生负面影响的外部势力干预行为。观察者认为，3月14日的“金门渔民遇难事件”，我们可以等待事件真相，但美军近期在台湾的动作可不等人!最近，美国和台湾展开了一系列重大的军事合作计划。这些计划不仅包括美国军事顾问长期驻扎在台湾金门与澎湖地区，还涉及美军特种部队直接参与台湾的军事训练。这种举措显然拉近了美台之间的军事联系，并呈现出对中国大陆的公然挑衅。台海局势因此变得更加紧张，大陆方面对这些行动的回应是加强在金门及台湾周边水域的军事演习，以及进行航道疏浚等活动。此外，大陆各部门也表示将采取更有力的实际行动推进统一。“214恶性撞船事件”将成为影响两岸关系发展的重要转折点。如果这一事件继续升级，可能会加速大陆寻求其他非和平手段解决统一问题。同时，我们必须清醒认识到，民进党当局持续依赖美国的军事支持来推进“台独”活动，他们似乎误以为通过与美国的军事接近可以获得安全保障或提高政治地位。然而，现实往往更为复杂，不是所有的国际支持都能转化为实际的战略优势。依赖外部力量的策略可能会引发不稳定局势，若无法正确评估形势和后果，台湾必定会为此付出沉重代价。欢迎您下方左侧一键分享至朋友圈，同时点击右侧【点赞】与【在看】，获得更多好文推荐！
66765f9ffb88ab4b048dd646,https://mp.weixin.qq.com/s/mGm95ebCdQC8TXFHfxUQIQ,管碧玲道歉后不到24小时，又有大陆渔民金门遇难，警惕第三方捣乱,2024,03,19,2024-03-19,又出大事儿了！又有大陆渔民在金门遇难，已有2人失去生命，这距离管碧玲发声道歉还没过去一天的时间。距离上次大陆渔民遇难事件刚刚好就过去了一个月的时间，不禁让人猜测是不是有第三方势力在中间捣鬼呢？在经历了15次谈判破裂后，大陆对台湾方面进行了一系列的反制措施。这下管碧玲，这位台湾海事部门的大佬，终于忍不住了给大陆的渔民家属道了个歉。可是，道歉内容让人有点儿匪夷所思，她似乎是在找借口而不是真心道歉。说什么录像找不到，执法程序有问题，海巡队员工作方式欠缺之类的，听起来就像是推卸责任的借口。这样的道歉能算数吗？这场道歉，虽然迟到了一个月，虽然也不够真诚，但至少还是个道歉啊。    因此，很多大陆网友在看到这一消息后，还是都往积极地方面去看待了。他们觉得这是台湾开始改变态度的一个信号，也许这事儿最后还能圆满解决呢。可令人难以置信的是，就在管碧玲道歉后不到一天的时间，大陆渔船事件满一个月之际，金门海域又发生了一起渔船惨剧。是的，没错，又有大陆的渔船在那里遭遇了不幸，有2人不幸遇难。看上去有点巧合，时间、地点、受害者，都和上次的事件十分相似。有人开始推测，这看起来好像是是有着什么阴谋，背后可能藏着第三只手。毕竟，大陆和台湾之间的关系一直不太平，有人可能想趁机制造更多的混乱。而且，事件发生地点离金门岛这么近，这么近的距离，再加上金门岛上有美军的存在。或许是他们想要搅局，让大陆和台湾的关系更加紧张。    为什么有人猜测背后可能有第三只手在搅局呢？首先，网友们推测的有最大可能性的国家就是美国，他们一直都在默默地关注着亚太地区的动态。而近期，美国的大部分精力可能更多地集中在其他地方，比如说，俄乌冲突和巴以冲突。但是，这并不代表他们会忽略“监视”亚太地区的事务。相反，他们可能会想方设法利用这样的局势来影响亚太地区的局势，特别是在涉及到两岸关系的问题上。    那么，如果是这样的话，他们为什么会选择在这个特殊的时间搞这种小动作呢？首先，这两起事件发生的时间正好是在管碧玲公开道歉后不久。这个时间点看起来就像是在试图扰乱台湾和大陆之间的关系，制造更多的紧张局势。其次，这两起事件发生的地点都离金门岛非常近，这种近距离使得可能的第三方势力更容易操作，而且更不容易被察觉。所以，如果真的有第三方势力在搅局，他们可能会有多种动机。    比如说试图阻止大陆和台湾之间的关系缓和，或者试图制造更多的混乱，从而牵制住大陆的注意力，让其无法全力应对其他地区的挑战。这些猜测听起来可能有些离奇，总之，这件事还有很多不明朗的地方，只能等待官方调查的结果了。所以，我们不妨拭目以待，看看官方调查结果会给我们带来什么样的答案。    那么，岛内对于这件事情又是什么样的看法呢？一些人在社交媒体上开始散布关于大陆渔船倾覆事件的各种传言，甚至刻意将事态渲染为“大陆企图渗透台湾”的一种手段。有人将大陆渔船倾覆事件与历史上的卢沟桥事变进行了类比。声称大陆军方可能会以渔船倾覆为借口试图登陆金门东碇岛，从而制造类似卢沟桥事变的局面。这种言论势必会影响到两岸之间的关系，给两岸的民众们造成紧张的影响。同时，政治人物也开始就事件展开了一系列的讨论和交锋。民进党立委王定宇针对此事向台陆军司令部参谋长陈建义发问，询问大陆是否曾通过无线电要求登陆东碇岛进行搜索。陈建义对此进行了否认，表示没有任何登岛需求，并强调了台军的立场，即不会允许大陆军队登陆搜索。这些交锋和质询表明了岛内政治势力对于如何处理这一事件的分歧和立场，也反映了岛内政治舞台的复杂性和敏感性。    结语这次大陆渔船倾覆事件搞得满城风雨，不仅在两岸之间掀起了一番波澜，还勾起了许多人对第三方势力的猜测。面对这样的事件，我们得保持冷静，别太惊慌失措，尽量理性对待，避免瞎猜和瞎猜测。希望这次渔船事件的调查能快点儿出结果，让受害者家属有个交代，也为维护两岸关系的和平稳定做点实事。                
66765f9ffb88ab4b048dd647,https://mp.weixin.qq.com/s/e5zRNEopfOj9gAK3ACiMKQ,顶不住压力，蔡英文、赖清德拟为金门撞船事件后续政治效应拆弹？,2024,03,19,2024-03-19,金门渔船被恶意撞击之后，双方虽然进行了十几轮的闭门会议，但是都没有得到一个妥善的解决方方案，甚至于台湾当局连个基本的道歉都没有。面对台湾当局的这种态度，甚至是他们还要在这件事强调其“合法性”的意图，中国大陆的态度是十分坚决的。面对台湾方面派出的海巡舰，大陆方面的更是直接派出了052D导弹驱逐舰，大陆如此强硬的态度，已经迫使台湾当局已经开始服软。3月13日，海巡署上级部门海委会主委的管玲玲就此事进行了道歉，管玲玲的发声某种意义上是代表了台湾蔡英文和赖清德这两位当局人物。从近期大陆的强势态度中，台湾当局以及美国方面已经感受到问题的严重性，因此想要通过一些手段来缓和目前的政治影响。但是从管玲玲的发声来看，台湾方面还是意图在这件事情上和稀泥，我们可以来一起看看管玲玲的发声内容。其一，管玲玲致歉的对象是台湾所谓的“立委”以及当地民众，认为是他们事情处理不当造成如今的后果。从这里可以看出，管玲玲意图在道歉这件事上模糊对象，在金门渔船撞击事件中，最应该接受道歉的是两名遇难渔民的家属，但是管玲玲巧妙的更换了主体，看似是出来道歉，但是实际上依然不承认台湾在此次事件上的问题。其二，管玲玲将此次事件最大的问题归咎于没有及时找到当时的视频信息，她认为这是台湾相关部门做的不到位的地方，让公众对此产生了极大的误解。管玲玲这样的发声可以看到，其背后的台湾当局虽然迫于时局不得不做出一些让步，但是为了绿营的支持度，他们还是想要维持自己在金门水域所谓的“合法性”。从他们的角度来看，道歉可以，但是事件发生的过程中并没有什么错，这一点我们可以继续看管玲玲的第三个观点。其三，此次采访中，管玲玲表示愿意给遇难渔民家属“人道补偿”，在这里管玲玲对台湾海巡部门的蛮横操作绝口不提，甚至认为台湾海巡部门在这一件事做的并没有错，她将这一事件更多的归咎于意外之上，因此以所谓的“人道补偿”来进行混淆视听。其四，在这个过程中，她没有提到追责问题，也没有对这个事件给出时间节点的问题，这里就可以很清晰的感受到台湾当局意图搅浑水的目的，企图利用这样的道歉方式来糊弄两岸群众，用这样的方式缓和两岸目前针锋相对的气势！其五，此次管玲玲的发声只是面对“质询”时进行的表态，并没有召开记者发布会，这是最不能接受的一点。如今两岸人民都将目光集中在这一事件上，台湾当局想用这样的方式蒙混过关，很显然是痴人说梦的行为。不管是遇难家属，还是两岸的人民，目前都需要一个真相，一个问题处理的真正节点，更重要的是遇难家属在等一个迟迟不到的道歉。面对台湾此次的说法，国台办发言人进行了回应，台湾想要在这个事件上蒙混过关，是不会得到好的结果的，他们现在需要的是端正态度，正视问题，只有这样金门渔船撞击事件的善后问题才会得到重启。从此次台湾方面“不情不愿”的表态中，我们其实可以看到其背后美国的影子，面对两岸关系的持续紧张气氛，台湾当局以为背靠着美国可以为所欲为，因此在这个问题上一直顾左右而言他。但是如今美国的处境并不好，而且他们也并不想直接参与到台海问题之中，为了避免矛盾进一步升级，白宫方面应该是向台湾当局进行过一定的压力施加，否则的话也不会出现这样的“道歉”场面，不过从现在的情况来看，台湾当局还是心存侥幸心理，不然也不会出现如今的荒唐局面！
66765f9ffb88ab4b048dd648,https://mp.weixin.qq.com/s/z2_d1gSdRj9TWRW28iyUgA,台军想开“第一枪”？大陆渔船包围金门，台退将：民进党进退两难,2024,03,19,2024-03-19,觉得不错请点个【在看】↓↓↓
66765f9ffb88ab4b048dd649,https://mp.weixin.qq.com/s/XvurRbzqzO-up_wP354C_w,台湾重磅消息：大陆海警抵近金门，美国海警配合台当局，强登中国渔船“执法”！,2024,03,19,2024-03-19,近日，台海局势再次成为国际舆论的焦点。大陆海警力量在厦金海域的强化执法行动引发了广泛关注，而美国却借机炒作中国渔船事件，试图在台海问题上制造声势。这一系列事件不仅展现了台海地区的复杂局势，也凸显了中美之间在地区安全问题上的深刻矛盾。在厦金海域，大陆海警力量的加强是对台海局势变化的积极应对。长期以来，台海地区一直受到各种复杂因素的影响，包括台湾当局的“台独”行径、美国的干预以及地区国家的立场变化等。面对这些挑战，大陆方面始终坚持一个中国原则，通过加强海警执法来维护台海地区的和平稳定。此次大陆海警的强化执法行动，不仅是对台湾当局挑衅行为的有力回应，也是对外部势力干涉的明确警告。通过派遣大吨位执法船参与行动，大陆方面展示了维护国家主权和领土完整的坚定决心。同时，官方通报中公布的执法照片也向外界传递了明确的信息：大陆方面在台海问题上不会退让，任何试图破坏台海和平稳定的行为都将受到严厉打击。然而，就在大陆海警加强执法的同时，美国却借机炒作中国渔船事件。据报道，美国海岸警卫队与基里巴斯海警在基里巴斯海域进行了联合执法行动，并登上了两艘悬挂中国国旗的渔船。美国方面将此事件解释为例行海上执法活动，但明眼人都能看出其背后的政治意图。美国此举无疑是在向中国施压，试图通过炒作中国渔船事件来干扰中国在南太平洋地区的正常合作。近年来，随着中国综合国力的提升，越来越多的南太国家选择与中国合作，共同推动地区的发展和繁荣。然而，美国却视之为对其霸权的挑战，不惜动用各种手段来阻挠中国的合作进程。这次炒作中国渔船事件就是美国干涉南太地区事务的又一例证。美国试图通过联合执法行动来展示其在南太地区的存在和影响力，并向中国传递一个明确的信号：美国不会坐视中国在南太地区的扩张。然而，这种干涉行为不仅侵犯了南太国家的主权，也破坏了地区的和平稳定。对于美国的干涉行为，中国方面表示了坚决反对。中国外交部发言人指出，中国渔船在基里巴斯海域正常作业，没有违反任何国际法和地区规则。美国方面的炒作行为是对中国渔民权益的侵犯，也是对地区和平稳定的破坏。中国呼吁有关方面尊重事实，停止对中国的无端指责和炒作。台海局势和南太地区的合作问题，都是当前国际关系中的热点问题。对于这些问题，我们应该坚持客观公正的态度，尊重地区国家的主权和选择，推动各方通过对话和合作来解决分歧和矛盾。同时，我们也应该警惕外部势力的干涉和破坏行为，维护地区的和平稳定和发展繁荣。在当前国际形势下，中美之间的关系尤为关键。作为两个大国，中美应该摒弃零和博弈的思维，加强相互理解和合作，共同应对全球性挑战。只有通过对话和合作，才能实现互利共赢，推动世界的和平与发展。总之，台海局势和南太地区的合作问题都是当前国际关系中不可忽视的重要议题。我们应该坚持客观公正的态度，推动各方通过对话和合作来解决分歧和矛盾。同时，我们也应该警惕外部势力的干涉和破坏行为，维护地区的和平稳定和发展繁荣。在这个充满挑战和机遇的时代，只有加强合作，才能实现共同发展和繁荣。小编每日编辑不易，若您还满意，可点左下角“分享”支持小编或点右下角“在看”，感激不尽！
66765f9ffb88ab4b048dd64a,https://mp.weixin.qq.com/s/-MysXnLipERR114eyGDk0Q,大陆渔船逼近澎湖，台海巡出动，台军宣布金门海域实弹射击,2024,03,19,2024-03-19,"硝烟再起,枪火即将交加!台海地区再度剑拔弩张,两岸较量一触即发。这一次,引燃危机导火索的不是别处,正是宝岛本土的珍珠之母——澎湖列岛!就在最近,一艘装备了防登检铁栅栏的大陆""闽龙渔""号钢铁巨舰,孤勇逼近了澎湖周边海域。这艘硕大无朋的渔船仿佛一头不顾一切的斗牛,正咄咄逼人地向着台海之门开疆扫穷而去。面对异军突起的狂傲铁船,台当局仓皇失措。它们匆忙派出了一批战力单薄的巡逻艇想要""驱离"",却哪里是这头斗牛的对手?分明就是自取其辱的可笑举动。想来,台军不过是在为保住最后一点自尊心而徒做无谓的挣扎罢了。然而,这仅仅是一个开端。随后更大的节奏已然拉开:台军方宣布,4月将在金门附近海域展开为期一个月的实弹射击演习。其目的无疑是向大陆方面亮剑示威,意在维护在台海的最后一分存在感。台当局别有居心,言辞中自是掩饰不住。它们固然标榜着""正常训练、无针对性""的说辞,却也难掩内心的踌躇满志。其口中所谓""无针对性"",岂非是对大陆实力的戏谑?台军的这一无谓舞台戏,其实不啻是一记响亮的耳光,狠狠抽打在大陆坚持和平统一的理念上。细想起来,台当局这般锱铢必较的根源其实并非出于对抗大陆的勇气。相反,它们不过是因为看到了自身失势的现状,被迫不得不拉起最后的遮羞布而已。事实上就在最近,大陆方面一系列的战略行动已让台海主导权彻底易手。第一步是出动挖泥船,在台军鼻子底下对刘五店航道进行疏浚作业。这无疑是突破了台当局荒谬的""禁限制水域""规定,公开扬言向台海再下一城。更为关键的是,这一航道的打通,将是大陆下月重夺金门附近海权的最有力砝码。届时,台湾当局根基所在的金门群岛岌岌可危,岛上岛外都将被大陆分庭抗礼地纳入战略包围圈。而刚刚誓师实弹射击的台军部队,又有何勇气敢于反抗大陆这种狼烟四起的战略布局?于是乎,台当局今番拔剑相向的勇气,不过是最后的权宜之计而已。它们将会在大陆合围之下,最终被迫就范并承认新的版图重划。届时,长期被台当局拉扯操控的澎湖诸岛,也势必将名正言顺地回归祖国的怀抱。这场台海决战虽已暗云密布,但更令人心痛的是:双方毕竟同为一家人,最终必将陷入自相残杀的窘境。台湾当局今日卖力挣扎,不啻是待宰羔羊临死前的垂死挣扎。然而结局却早已注定,大陆有能力有信心全面拥抱台湾同胞,绝不会容忍任何分裂的种子生根发芽。所以,让我们希冀吧:一旦硝烟散尽,双方定将走向最终的团圆。虽然夺目的枪林弹雨可怖无比,但统一是注定的大势所趋。我们期盼大陆方面能以无上的勇气和智慧,为整个中华儿女谱写出温情脉脉的和解乐章。唯有团结,方能共克时艰!"
66765f9ffb88ab4b048dd64b,https://mp.weixin.qq.com/s/vuutp4WJGheUroFrdWfT9Q,沉寂7天时间，蔡英文终于释放渔民，大陆派人赴金门，可惜已晚了,2024,03,19,2024-03-19,沉寂了整整7天，蔡英文终于在星期三宣布释放被扣押的渔民。这一消息传出后，在台湾引发了一阵轰动。然而，让人遗憾的是，大陆派遣的救援人员已经抵达金门时，渔民们已经被释放了。这起事件始于一周前，当时两艘台湾渔船在金门岛附近的领海内被中国军方扣押。渔民们无辜地走入了一场政治纷争的漩涡，他们只是想在海上谋生，却成了两岸关系紧张的牺牲品。这几天来，台湾的媒体一直在报道这起事件，将焦点聚集在蔡英文及其政府的应对上。许多人指责蔡英文对此事的处理过于软弱，没有保护自己国家的渔民。然而，真相并非如此简单。蔡英文政府在第一时间采取了外交途径，与中国政府进行了磋商。然而，由于两岸关系的敏感性，谈判进展缓慢。双方在领土主权和海洋权益等问题上存在分歧，难以找到共同的解决方案。在外交途径无果后，蔡英文决定采取更为激进的措施。她下令派遣海军舰艇前往金门附近海域，以示台湾对自己国民的坚决保护。这一举动立刻引起了中国方面的警觉，他们也加大了在附近海域的军事部署。紧张的局势持续了几天，两岸之间的气氛越来越紧张。然而，在周二的夜晚，突如其来的消息打破了这种紧张。有媒体报道称，蔡英文政府已经同意释放被扣押的渔民，并且正在安排他们的返回。这一消息引发了台湾社会的激烈讨论。有些人认为，蔡英文政府的这一举动是出于对中国的妥协，是对自己国民的不负责任。然而，另一些人则认为，这是一个明智的决定，避免了进一步升级两岸关系的风险。无论如何，蔡英文政府的决定并没有得到大陆方面的认同。周三早上，中国政府宣布派遣救援人员前往金门岛，以确保渔民们的安全。然而，当他们抵达时，却发现渔民们已经被释放，已经返回台湾。这一事件引发了广泛的思考。许多人开始反思自己国家之间的关系问题。他们意识到，两岸关系的紧张不仅仅影响到政治和军事领域，更牵动着普通人的生活。在台湾，许多人依靠渔业为生。他们每天都在海上努力工作，为了维持自己的家庭和社区。然而，当政治矛盾加剧时，他们却成了最容易受到牵连的群体。这次事件让人们意识到，两岸关系的紧张不仅仅是一个抽象的概念，更是直接影响到普通人的生活。在未来，我们需要更加关注政治决策对个体生活的影响，并积极参与到解决问题的过程中。无论是台湾还是大陆，我们都是同一个民族的一份子。我们应该通过对话和合作解决分歧，而不是通过对抗和冲突来解决问题。只有通过共同努力，我们才能实现两岸关系的和平稳定，为普通人创造更好的生活。
66765f9ffb88ab4b048dd64c,https://mp.weixin.qq.com/s/lMg_BHBVJ25N4bsVqfcEaQ,两岸统一已成定局，金门渔船事件中方不断施压，台湾专家却发现大陆已经开始行动！,2024,03,18,2024-03-18,近日，金门海域发生的渔船事件犹如一颗重磅炸弹，瞬间将两岸关系推向了风口浪尖。两艘福建渔船在正常作业中，竟被台湾海巡无理盯上，最终导致渔船翻覆，两位无辜渔工不幸遇难。这一悲剧不仅令大陆同胞痛心疾首，更让国际社会震惊不已。事件发生后，台湾方面的反应令人咋舌。他们不仅没有表现出丝毫的歉意和悔意，反而变本加厉，加强了海上巡逻和军事动作，一副剑拔弩张的态势。然而，面对台湾的挑衅，大陆方面却展现出了惊人的克制和冷静。我们深知，战争不是解决问题的最佳途径，和平与稳定才是两岸同胞的共同心愿。在这场没有硝烟的较量中，台湾分析家邱毅敏锐地捕捉到了大陆的变化。他观察到，大陆的渔船开始频繁出现在厦门与金门、马祖及澎湖等海域，这些地方以往并非大陆渔船的常客。而随着海警和渔政部门的支持，大陆渔船在这些海域的活动愈发活跃，仿佛在宣示着某种主权和存在。与此同时，台湾海巡的态度却发生了翻天覆地的变化。他们似乎被大陆的行动所震慑，开始选择避让，甚至关闭了船只的自动识别系统，以避免与大陆发生正面冲突。这种“自闭”的行为，无疑是台湾海巡对大陆实力的一种无奈认怂。这一切的背后，是大陆海上执法力量的强大与先进。我们的执法船在技术和规模上都远超台湾，无论是机动性还是火力都占据绝对优势。而台湾的海巡船只在面对大陆的海警船时，显得如此单薄和无力。更何况，大陆海警的训练和能力都是世界顶尖水平，台湾方面自然是望尘莫及。除了海上力量的对比，大陆的海军和空军也在空中给台湾施加了巨大的压力。我们的军机频繁飞越台海中线，而台湾的空军却显得犹豫不决，不敢轻易出手。这种空中力量的对比，无疑让台湾方面更加感受到了大陆的威慑力。大陆的这种温和策略，虽然看似平和，但实则效果显著。它不仅避免了直接冲突的发生，更在心理上对台湾方面形成了巨大的压力。这种压力并非来自武力威胁，而是来自大陆坚定的决心和强大的实力。相比之下，美国的军事干预往往只会带来破坏和灾难，不仅消耗了国力，还导致全球经济比重不断下降。回顾历史，我们不难发现大陆在国际争端解决中的成熟和稳健。以钓渔岛事件为例，当外界普遍认为中国会采取强硬手段时，我们却选择了避免直接冲突。通过设立东海防空识别区等措施，我们不断侵蚀日本的战略空间，让其在战略上越来越被动。而这一切都是在不战而屈人之兵的情况下实现的，既维护了国家主权和尊严，又避免了不必要的损失和牺牲。如今，金门渔船事件再次证明了大陆温和策略的有效性。通过一系列温和而有力的行动，我们不仅压缩了台湾的战略空间，还展现了大陆在军事、经济等多方面的实力和智慧。我们坚信，在未来的日子里，大陆将继续保持战略耐心和智慧，以更加成熟和稳健的姿态应对各种挑战和机遇。最后，我们要强调的是，大陆的温和策略并非软弱可欺的表现。相反，它是一种深思熟虑、高瞻远瞩的战略选择。我们愿意与台湾同胞携手共进，共同推动两岸关系和平发展、实现民族伟大复兴。而那些试图挑衅和破坏两岸和平统一的势力，必将自食其果、付出沉重的代价。与此同时，台湾海巡的态度却发生了翻天覆地的变化。他们似乎被大陆的行动所震慑，开始选择避让，甚至关闭了船只的自动识别系统，以避免与大陆发生正面冲突。这种“自闭”的行为，无疑是台湾海巡对大陆实力的一种无奈认怂。这一切的背后，是大陆海上执法力量的强大与先进。我们的执法船在技术和规模上都远超台湾，无论是机动性还是火力都占据绝对优势。而台湾的海巡船只在面对大陆的海警船时，显得如此单薄和无力。更何况，大陆海警的训练和能力都是世界顶尖水平，台湾方面自然是望尘莫及。除了海上力量的对比，大陆的海军和空军也在空中给台湾施加了巨大的压力。我们的军机频繁飞越台海中线，而台湾的空军却显得犹豫不决，不敢轻易出手。这种空中力量的对比，无疑让台湾方面更加感受到了大陆的威慑力。大陆的这种温和策略，虽然看似平和，但实则效果显著。它不仅避免了直接冲突的发生，更在心理上对台湾方面形成了巨大的压力。这种压力并非来自武力威胁，而是来自大陆坚定的决心和强大的实力。相比之下，美国的军事干预往往只会带来破坏和灾难，不仅消耗了国力，还导致全球经济比重不断下降。回顾历史，我们不难发现大陆在国际争端解决中的成熟和稳健。以钓渔岛事件为例，当外界普遍认为中国会采取强硬手段时，我们却选择了避免直接冲突。通过设立东海防空识别区等措施，我们不断侵蚀日本的战略空间，让其在战略上越来越被动。而这一切都是在不战而屈人之兵的情况下实现的，既维护了国家主权和尊严，又避免了不必要的损失和牺牲。如今，金门渔船事件再次证明了大陆温和策略的有效性。通过一系列温和而有力的行动，我们不仅压缩了台湾的战略空间，还展现了大陆在军事、经济等多方面的实力和智慧。我们坚信，在未来的日子里，大陆将继续保持战略耐心和智慧，以更加成熟和稳健的姿态应对各种挑战和机遇。最后，我们要强调的是，大陆的温和策略并非软弱可欺的表现。相反，它是一种深思熟虑、高瞻远瞩的战略选择。我们愿意与台湾同胞携手共进，共同推动两岸关系和平发展、实现民族伟大复兴。而那些试图挑衅和破坏两岸和平统一的势力，必将自食其果、付出沉重的代价。
66765f9ffb88ab4b048dd64d,https://mp.weixin.qq.com/s/zmoTeRm58k9dKUoxzeCunQ,大陆渔船金门再遇难，东海上空现激烈对峙，歼20急转逼退外机,2024,03,18,2024-03-18,"最近,在台海和华东地区军事动向总是让我们牵肠挂肚。就在金门岛附近海域连续发生了大陆渔船倾覆事故后,我们还没来得及喘口气,美军战斗机又在东海上空与我国歼击机上演了一场惊心动魄的对峙和遭遇战。这一切,都源于一连串近期在我国周边海空发生的引起高度关注的事件。让我们从最早的金门海域翻船事故说起。根据台湾媒体报道,3月16日清晨6点半左右,一艘大陆渔船在距离金门岛东碇岛仅1.1海里的海域突然沉没,6名船员全部落水。事发获知后,两岸海警和军方迅速出动直升机、救援船等大量力量前往搜救。截至目前,已有4名船员获救,但仍有2人下落不明。值得注意的是,在这次罕见的联合搜救行动中,双方团队通力合作、密切配合,现场可谓是难得一见的""和谐景象""。不过,台湾当局对此却仍旧存在一些防范和担忧。其中,台湾海巡部门负责人周美伍态度强硬,明确表示不允许大陆救援人员登上东碇岛。而台湾防务负责人邱国正更是紧张到已经命令全军""戒备""并展开监控,生怕大陆借机""有所动作""。这种心理或许可以解释,但也未免有些杞人忧天了。毕竟在事关同胞生命的人道主义救援行动上,双方本应放下嫌隙、携手合作,而非仍将彼此视作""假想敌""般戒备重重。然而就在金门海域风波未平的当下,又一桩更加骇人的军事事件接踵而至,源于美军战机在我国东部近海的又一次疯狂挑衅。根据央视报道,我空军驻芜湖某歼-20战斗机王牌飞行员部队,在完成例行训练任务后准备返回基地之时,意外遭遇了一架不明身份外国军机的违规逼近。于是,飞行员们只能紧急中途重新整装复飞,驾驶歼-20战机升空迎战。面对来势汹汹的敌机,我机组操作娴熟，施展精湛的急转弯动作,将外机的突袭行为逐一化解。最终,对方不敢再逞凶,只能仓皇逃离我方领空。从细节来看,这次违规逼近的敌机极有可能是美军在我东部海空广泛部署的F-35战斗机。近年来,正是为了遏制中国在西太平洋的影响力,美国不断加大向亚太地区输送先进武器装备的力度,包括大量引进F-35这款低空飞行、隐形性能俱佳的五代机。据美国空军透露,到2025年,亚太地区的F-35战机数量将超过220架。除了日韩购买的订单,还包括后续美军所计划的临时部署和搭载航母的F-35。如果再算上老将F-22的补充,美军在亚太的五代机数量恐怕还要更多。很明显,美军正在我国东部海空集结庞大的现代化战力,旨在寻求制空权的绝对优势。而这其中,台湾地区更是被当作了西太平洋的""不沉航母""在利用。台军当局早就向美国狂求购买F-35B型垂直起降战机,以期发挥其在狭小空间的机动性优势。一旦美军真的付诸行动,把F-35部署到台湾地区,势必会进一步破坏台海地区的微妙平衡局势。也正因为如此,我军最新型主力歼击机歼-20就显得如此弥足珍贵。虽然它在数量上暂时还无法压倒美军五代机的规模优势,但从近期多次与F-22和F-35的遭遇战中获得的战绩来看,歼-20绝对有资格撑起我国在东部战区的制空权。甚至在美国前任太平洋空军司令的言论中,他们也承认了歼-20的优秀品质,并对中国飞行员的专业水准表示赞赏。这无疑令所有军迷和国人为之骄傲。然而,让我们更进一步思考,频繁发生的台海军事事端、美军战机在东部海空的一再挑衅,真的只是单纯的军事对峙那么简单吗?一些军事评论人士提出了一个令人不安的猜想:这两起事件的背后,是否隐藏着第三方蓄意破坏的阴谋目的?比如他们派遣特工、蛙人暗中对我渔船实施蓄意破坏,导致不幸倾覆。同时,也通过武装力量从中搅浑我东部海空的安全环境,给中美两国带来军事冲突的风险,以期在混乱局面下达到某种企图。诚然,这只是一个猜测,但的确存在一些很反常理的细节让人费解。毕竟大陆渔船偏偏在这个时间节点接连发生两起倾覆意外,时间和地点太过巧合。同时美军战机也在此期间对我东部海空进行明目张胆的挑衅和逼近。这背后是否另有蹊跷,包括动机和目的都有待进一步查证。不过,有一点是可以确定的,那就是无论什么样的幕后黑手,只要它们一旦触碰了中国的核心利益和底线,我们都必将予以最强硬的回击和打击。台海问题上,我们绝不能容忍任何分裂势力和外部势力对国家主权和领土完整的挑衅和伤害。同理,在国家东部地区的主权防空范围内,任何外国军机的蓄意威胁和逼近都将受到我军的坚决回击,必将付出沉痛的代价。我们将高度关注局势发展,无时无刻不做好应对一切威胁的准备。祖国的领土完整和国家安全,是不容侵犯的红线,谁都不要轻举妄动。我们将捍卫好祖国每一寸领土,无一例外!"
66765f9ffb88ab4b048dd64e,https://mp.weixin.qq.com/s/eVYcjp74Xx5sp5G13op-Mg,渔民家属失望返陆，大陆工程船现身金门,2024,03,18,2024-03-18,在台海发生的“2·14恶性撞船事件”过去20天，事态愈演愈烈，两岸谈判屡次破裂，渔民家属失望而归，大陆工程船的出现更是给整个事件投下了变数的阴影。【遇难家属失望归，责备台方态度】3月5日，大陆代表团及遇难渔民家属在金门处理后续事务及谈判之后，回国的船上充满了沉重的氛围。在殡仪馆上香的过程中，遇难船员家属情绪激动，多次哽咽，直指台方无人担责，甚至连个道歉都没有。大陆代表团团长、泉州市台办副主任李朝晖也在离别时炮轰台湾方面，指责其在谈判中谎话连篇、出尔反尔，完全缺乏诚意。谈判过程中，台方表示愿意赔偿每位遇难渔民10万元人民币，然而在离开时，家属仍未收到这笔钱。台方对大陆人员离开只是轻描淡写地表示“非常遗憾”，这种态度引发了更多的不满情绪。李朝晖表示，台民进党当局在3日就离开金门，将大陆人员“晾”在那里，彰显了其对解决问题的不诚意和逃避态度。他强调，由此引发的一切后果，应由民进党当局负责。【大陆工程船现身金门，震慑台方】与此同时，大陆工程船的出现在金门海域引起了广泛关注。从3月4日开始，多艘挖泥船在金门岛东部和南部海域集结，这一异动是否意味着大陆要“清理航道”，以便“大型船舶”进入，目前尚不得而知。这个“大型船舶”是解放军的军舰还是大型货轮，令人猜测不已。然而，这一系列动作表明，大陆方面并未放弃就此事采取进一步行动的可能性。【两岸紧张升级，蓝营人物发出警告】对于台海局势的不断升级，岛内蓝营多位“重量级”人物纷纷发出警告。他们认为，如果民进党当局继续采取强硬立场，大陆方面可能直接“动武”。台“防务部门”负责人邱国正也表达了担忧，称“台军”虽不会介入，但随着事态的发展，大陆可能逐步收回“管辖权”，台湾将陷入何种困境尚不可知。实际上，大陆当前的做法正是邱国正担心的，他强调，大陆反制的力度与岛内“台独”势力的高涨程度密切相关。在这一紧张局势中，有三个方面的问题需要着重考虑。首先，台方的态度难以平息民愤，道歉成为解决问题的首要条件。其次，相关责任人必须受到处理，以显示对法治的尊重。最后，单纯“拿钱了事”并不可取，需要通过真诚的谈判解决分歧。【未来展望：大陆是否采取更有力举措】然而，由于台方不愿继续谈判，大陆代表团已经返回。在这个阶段，大陆是否会延伸管辖海域，甚至采取更有力的举措，成为外界关注的焦点。对于台当局的逃避、漠视、无理行为，社会各界纷纷表达关切之情。在这个紧张的时刻，我们需要冷静对待，同时也呼吁各方通过对话解决分歧，避免事态进一步升级。总的来说，台海风云愈演愈烈，渔民悲剧引发了两岸紧张。
66765f9ffb88ab4b048dd64f,https://mp.weixin.qq.com/s/QntM2wY_EmoZpE3nixy06A,美特种兵进驻金门不到10天，金门海巡队驱逐大陆渔船，致2人死亡,2024,03,18,2024-03-18,美军特种兵的进驻金门以及金门海巡队在执法过程中引发的悲剧事件，均体现了台海紧张局势与复杂的地缘政治关系。这两起事件虽然表面上看似独立，但实际上都与两岸关系的敏感性紧密相连，展现了军事介入和执法行动背后深层次的政治与安全考量。【美军特种部队进驻金门】        美军特种部队“绿色贝雷帽”在金门岛的部署象征着美国对台湾的坚定支持，这一举动不仅在政治上具有重要意义，也可能预示着美国未来在军事上加大对台湾的支持力度。特种部队的存在，将金门岛塑造成为美国在亚太地区对抗中国战略布局的前哨站，这一战略举措无疑会加剧区域内的紧张局势，并对台海现有的相对稳定环境构成潜在威胁。【金门海巡队事件】        金门海巡队驱逐大陆渔船的事件凸显了台湾当局对大陆渔民采取的冷漠态度，反映出两岸在人道主义关怀方面存在显著差异。台湾方面在处理海上纠纷时表现出的双重标准，特别是在对待大陆渔民时的不公正处理，进一步加深了台湾与大陆人民之间的情感隔阂，对两岸关系的和谐发展产生了负面影响。【美军特种部队部署】        美军特种部队在亚太地区的部署行为可能是出于策略考虑，这种部署旨在考验中国大陆对于其行动的反应，同时可能提供了信心支持，使得台湾当局在美军的保护下显得更加大胆。此举是对两岸现状的一种试探，并通过军事行动来评估大陆的可能反应。【金门海巡队行动】        金门海巡队的具体行动，作为策略一环，可能也旨在挑战两岸现状，通过在敏感海域的活动来测试中国大陆的边界和忍耐程度。这些行动容易触动两岸人民的敏感神经，增加两岸之间的紧张感，并可能对周边地区的和平稳定构成威胁。【大陆的坚定理性回应】面临美军特种部队部署和金门海巡队行动的挑战，中国大陆的回应需在坚定维护国家主权和领土完整的同时，还要表现出充分的理性和责任感。大陆的反应要恰当平衡国家利益与对台湾同胞的关切，同时向国际社会传递出负责任的态度。【两岸共维和平稳定】为了未来两岸关系的发展，大陆与台湾应努力加强彼此间的沟通与理解，共同维护中华民族的根本利益和地区的和平稳定。对于任何试图分裂中国的举动，都应有必要的、坚决的回应，以保证两岸关系朝着更加和谐的方向发展。在台海局势的微妙演变中，金门岛的两起事件成为了焦点。美军特种部队的进驻不仅彰显了美国对台湾的坚定支持，更为岛内安全添了一份保障。相对地，台湾海巡队对大陆渔船的驱逐行动则反映了对两岸关系的冷处理念。这些动作无疑给区域稳定带来了挑战，并对两岸民众情感产生了影响。在此关键时刻，大陆的回应将至关重要，必须在坚持原则与展现克制之间找到恰当的平衡点，以确保两岸和平与共同发展的未来。面对这些挑战，增进两岸之间的沟通与理解，促进民族团结和地区和谐，显得尤为迫切。    
66765f9ffb88ab4b048dd650,https://mp.weixin.qq.com/s/jPfmLroFXtqM_SV_E25xAA,金门海域又有2名大陆渔民身亡，美专家：中美若战，只有两种结局,2024,03,18,2024-03-18,请您点击上方蓝字关注“春秋点将台”，点评大国防务军情，爆料国际热点秘闻。2月14日，台湾海巡部门与大陆渔船发生冲突，该事件不仅导致一艘大陆渔船倾覆，更悲剧的是造成2名大陆渔民的遇难。随后双方进行了至少15轮协商，然而，长时间内都未见台湾民进党当局提出有效解决方案，直至3月13日，在强烈的公众压力之下，台海洋事务部门负责人管碧玲才公开道歉。更令人气愤的是，在管碧玲道歉不足24小时之后，又有大陆渔民在金门海域遇难，这一悲剧无疑又增加了两岸之间紧张的气氛。这次是漳州“闽龙渔61222”号渔船在金门西南15里处因海浪原因翻沉，两岸一同展开搜救，并最终救起4人，但仍有2人不幸溺亡。事件发生以来，不光两岸人民在时刻关注事件的走向，国际上也对台海地区发生的事件表示关注。前段时间，大陆方面在声明中坚决否认了台湾方面所谓的“禁止、限制水域”的措施，并明确表示将金门水域以及台岛周边的空域纳入大陆巡航执法的范围。这一行为在一定程度上表明了大陆对于保护自身领土主权和海域安全的坚定立场，同时也显示出对台湾地区单方面不作为的强烈不满。此外，自2.14撞船事件以来，大陆还出现了很多“通过武力实现两岸统一”的声音。在如此敏感的时刻，台湾的态度，将影响事件的后续发展。14日，台湾防务部门负责人邱国正大言不惭的表示，如果大陆想要武力收台，台湾将会奉陪，只要五星红旗没有插到防务部门，仗就没白打。邱国正公开表态，无所谓的态度挑起了大陆很多人的怒火，他为何突然如此有底气呢?原来，近日有报道称美国已经驻兵台湾，而美国也声称“台湾有事就是美国有事”。不可否认，围绕台湾问题，中美之间的紧张局势已经成为全球关注的焦点，且激发了一系列担忧和猜测。两个超级大国之间的冲突，不管是出于何种原因，都将给世界带来不可估量的影响。近期，有关中美可能因台湾问题而爆发战争的议题，一直是国际社会热议的话题之一。国际关系专家，包括美国学者阿什福德等人，已经对可能因台湾问题而引发的中美冲突进行了深入分析。他们提出，中美若战，有两种结局：美国必须彻底失败或者无奈之下选择和解。在台湾问题上的根本利益来看，中美两国出发点完全不同。台湾是其固有领土的一部分，这一点无需争议。多年来，尽管中国大陆在台湾问题上保持了一定程度的克制，但中国统一台湾的决心是毋庸置疑的，一直以来，中国都想以一种和平的方式来收复台湾。但倘若台湾海峡发生军事冲突，中国将不遗余力地进行战斗。然而，对于美国而言，他们与台湾的关系更多是出于地缘政治的考虑。在美国的外交政策中，台湾被视作一个重要的棋子，用来遏制中国大陆的发展。这也意味着美国不可能为了保护台湾而将自身置于一场胜负未卜的全面战争之中，事实上，美国的战略利益是避免与中国直接军事冲突，以保持其全球领导地位的稳固。如果美国选择参战，势必会消耗巨大的能量，而战争过后，美国的实力也将会被削弱，国际地位也将受到影响。但无论是国际专家，还是美国，他们都明白，台湾海峡的未来始终掌握在中国手中，别人无权置喙。欢迎您下方左侧一键分享至朋友圈，同时点击右侧【点赞】与【在看】，获得更多好文推荐！
66765f9ffb88ab4b048dd651,https://mp.weixin.qq.com/s/6I-omI4t2XQfB3kDnZaIDA,大陆渔船在金门外海沉没，海巡署出动了，这次他们很“积极”,2024,03,18,2024-03-18,据媒体披露，日前大陆1艘渔船在金门东碇岛西南1.1海里处沉没，6名大陆船员落海。大陆则出动了海警、海事船只和直升机进行了搜救，最新消息显示，大陆方面已经救起2人，附近岛上找到两名船员的遗体，另有两人失踪。　　值得注意的是，这次对岸海巡署出动了4艘船参与了搜救;从媒体的报道来看，这次对岸表现得“非常积极”，表现也“中规中矩”。在之前海巡署杀害我渔民事件仍未得到妥善解决的背景下，海巡署这次参与搜救，显然有明显的政治考量。　　图片　　首先，对岸无疑是把搜救行动视为“示好”的机会，以降低之前海巡署杀害我渔民事件的机会;其次，海巡署这些天一直在码头“装死”，只敢偶尔出海表示一下，这次借人道救援的机会，海巡署派出4条船，也是为了证明自己的“存在”;　　最后从现场消息来看，渔船遇险后，大陆海警海事部门第一时间赶到现场施救，对岸海巡署是数个小时后才得知消息、更晚时间才宣布参加救援，而大陆这边放出的现场视频中，并没有出现对岸海巡署的身影，所以也不能排除对岸自我加戏的可能性。　　那么我们应该如何看待这件事?　　我觉得，首先大前提是，人命大于天。遭遇海难、船员落水，已经有船员遇难，搜救行动刻不容缓;这种情况下，对岸海巡署愿意参加救援，只要不是来捣乱的，即便是作秀，也没必要过于苛责，至少能多一分力量。　　其次，这次搜救与之前海巡署杀害我渔民事件无关，一码归一码，之前的事情翻不了篇，海巡署该给交代还是得给一个交代;大陆方面不可能由此就认可海巡署的存在，该取消执法权的，必须坚定执行，厦金海域只能由我们说了算。　　对岸也有观点认为，大陆不可能因为海巡署的一两件事，就改变之前的立场。对岸的退役将领栗正杰日前接受采访时表示，大陆可能会采取“军民区分”的策略，在军事和政治方面，继续对台当局施压，但不会在民间交流方面采取限制措施。　　不过据我的观察，大陆这边的反制措施，可能不仅是军事方面，而是寻求“事实上的统一”;比如在厦金海域，大陆除了执法巡查之外，还在厦金海域实施航道疏浚工程，对岸别说巡查执法，就连水域的一般管理权都不留给对岸。　　对岸应该收起侥幸心理，而是做好这样的心里准备：无论发生什么、也无论对岸怎么说、怎么做，大陆将脚踏进厦金海域后，既不会再收回去，也不会止步不前，接下来只会不断向前，推动两岸关系向“统一”的方向前进。　　经过这次事件后，我们有一个很大的收获，那就是对岸第一次真切感受到“统一”这个概念;可能有人觉得，大陆没有直接动手，放过这次机会实在可惜，但我觉得，这种一步步靠近的手段，其实是“温水煮青蛙”的策略，解放军完成了圈地，海警海事开始了实质性的管辖，对岸当局再怎么跳也跳不出锅里。
66765f9ffb88ab4b048dd652,https://mp.weixin.qq.com/s/Z92fftikBKY0RYRo0x7AcQ,时隔一个月，大陆渔船再在金门沉没，岛内盛传“解放军登岛搜查”,2024,03,18,2024-03-18,亲爱的朋友们，你们好！今天，我要跟大家聊的，是一起发生在金门海域的翻船事故。这次事故，不仅让两位大陆渔民失去了生命，更让我们看到了两岸关系中的一些微妙变化。就在不久前，金门海域再次上演了翻船的悲剧。一艘大陆渔船在距离金门东碇岛不远的海域沉没了。听到这个消息，我的心都揪紧了。好在，大陆方面第一时间出动了救援力量，成功救起了落水的六个人。但遗憾的是，其中两人还是没能挺过来，永远地闭上了眼睛。这次事故发生后，台湾方面也展现出了积极的态度。他们出动了四艘“海巡船”，前往事发海域参与救援。这本来是件好事，但仔细一想，这四艘“海巡船”不就是上次造成“2·14金门翻船案”的金门“海巡队”吗？这不禁让人有些担心，他们的救援是否真心实意，还是只是为了应付舆论？   在救援行动的同时，两岸关系的微妙变化也引起了人们的关注。大家都知道，前段时间两岸关系可是有些紧张。民进党当局的态度消极，导致两岸谈判陷入僵局。可这次事故发生后，民进党当局的态度似乎有所软化。他们不仅公开道歉，还喊话大陆要恢复谈判。这看似是个好兆头，但背后是否真心实意，还有待观察。值得一提的是，在大陆救援力量搜寻落水人员的时候，台湾的“防务部门”却给台军下了命令，要求他们加强监控力度，紧盯大陆方面的一举一动。这不禁让人感叹，两岸之间的信任危机依然存在。而民进党的一些政客更是借题发挥，炒作“大陆要登岛”的消息。这种无中生有的炒作，只会加剧两岸之间的紧张氛围。面对这些纷繁复杂的情况，大陆方面展现出了冷静和理性的态度。国台办发言人陈斌华在例行发布会上怒斥民进党当局“无情、无义、无理”，指出他们对待遇难者家属的态度冷漠，还想用所谓的“调查程序”来拖延时间。陈斌华还强调说，要想两岸谈判重启，民进党当局必须道歉、追究责任、公布真相并进行赔偿。这番话可谓是一针见血，直接点出了问题的关键。   当然啦，我们也不能一味地指责民进党当局。毕竟两岸关系的发展是一个复杂的过程，需要双方共同努力。我们期待两岸能够加强沟通、增进互信、扩大合作，共同推动两岸关系和平发展、造福两岸同胞。最后啊，我想说的是，虽然这次金门翻船事故给我们带来了沉痛的教训，但也让我们看到了两岸关系中的一些积极变化。只要我们坚持和平、合作、共赢的原则，相信两岸关系一定能够迎来更加美好的未来！   好了，今天的话题就聊到这里吧。叔叔阿姨们如果有什么想法或者意见，欢迎在评论区留言哦！让我们一起为两岸关系的和平发展贡献一份力量吧！总结来说，这次金门翻船事故再次提醒我们，两岸关系的和平稳定是多么重要。虽然民进党当局的态度有所软化，但要想真正实现两岸关系的和谐发展，还需要双方共同努力。我们应该加强沟通、增进互信、扩大合作，共同推动两岸关系向前发展。同时，我们也要警惕那些无中生有的炒作和煽动，保持冷静和理性的态度。那么，关于这次金门翻船事故和两岸关系的发展，你有什么看法呢？欢迎在评论区留言讨论，让我们一起为两岸关系的和平发展出谋划策吧！   
66765f9ffb88ab4b048dd653,https://mp.weixin.qq.com/s/4m4WLZbSzq2MpcXUkVsWHw,突发！大陆渔船逼近澎湖，台海巡出动，台军宣布金门海域实弹射击,2024,03,18,2024-03-18,3月18日，据台媒报道，有澎湖渔民发现约在经纬度东经119度13分、北纬23度17分（猫屿西南方海域），有1艘大陆闽龙渔籍大型铁壳渔船，外表漆成蓝白拖颜色，渔船两侧还特别装防登检铁杆，似乎是有备而来，防止台海巡队巡防艇靠近登检。据悉，澎湖海巡队已经派出一艘巡逻艇赶赴事发海域，可以预测得到双方即将开始一场对峙和追逐驱赶的海上追逐战。不过，这个时候敢深入澎湖“禁限制水域”的大陆渔船，都是有两把刷子的。船上渔民是不是统一短发寸头不知道，但是附近肯定会有大陆海警船在保护。此前就有3艘这样的大陆铁壳大型渔船，直接深入到台岛新竹外海6海里处，正常进行撒网捕鱼。而台军和台海巡一直“视而不见”，一直到有新竹渔民发出“求助”电话后，才不得已出动了一艘巡逻艇前往，不过很快又直接取消任务返航了，理由是当时海上“风浪太大”。日前早有岛内学者郭正亮预言，大陆海警在金门海域的常态化无禁区执法巡查，肯定会慢慢扩展到马祖、东沙、澎湖海域。而且极有可能也是首先派大型大陆渔船打头阵，然后就是大陆海警船跟随进去。这种“灰色地带”非军事化的蚕食手段，目前民进党当局还真是没有办法阻止。对此，有民进党“立委”称大陆方面这种行为是“耍赖皮卑鄙”。据郭正亮的推测，大陆目前的策略就是一步步先事实实现台海的常态化行政执法，第一步先是双方共同“执法”的模式，彼此井水不犯河水，两岸渔民捕鱼都不受限制，台海巡也不能驱离大陆渔船。第二步就是常态化对台海的非民用舰船进行强制登船临检。第三步才是大家最想看到的，不允许台海巡在台海水域进行“执法”，取消其所谓“执法权”。我们大陆这一招叫做“温水煮青蛙”，也是反切美国和民进党当局的香肠。在这个过程中，民进党当局和美国都不敢翻脸摊牌，更不敢主动先开火。甚至台海巡会继续对大陆海警退避三舍。只要我们大陆硬起来，那么民进党当局和美国就肯定会退缩下去。因为其实现在我们大陆早就想收回台岛，现在没有动手，只是因为缺少一个合理的理由而已。此前，台“防长”邱国正公然叫嚣，“一旦大陆舰船飞机越过24海里，台军就有权发动第一击”。不过才没过几天，3月17日，台“国防部”召开记者招待会，紧急澄清，并宣称不管怎么样，台军绝对不会先打第一击，第一击是由“敌方”发动，台军只会“自卫反击”。不过，再怎么样，民进党当局和赖清德还是会垂死挣扎一下的。3月18日，台陆军金门防卫指挥部突然发布射击通报：4月份将在金门本岛、烈屿、猛虎屿、后屿等地进行地面武器对海实弹射击，届时周边海空域在射击训练期间将进行警戒、管制。虽然台军方人士指出，此为例行性常态训练射击，没有针对性。但是只要不是傻子都能看出来，这是民进党当局和台军对大陆的示威。大陆早已经宣布金门岛周围相关水域都是我国的内水。而目前我们大陆正在疏浚金门海域的刘五店航道，预计最快下个月就能启用。台军突然宣布4月份将在金门岛附近海域进行实弹演练，还要对相关海域进行管控管制，这不仅是示威，其实更是打脸大陆，企图反将大陆一军，阻止我们大陆启用刘五店航道。
66765f9ffb88ab4b048dd654,https://mp.weixin.qq.com/s/6YrTyEyQ90AdTLfkO8idGA,两岸传来重磅消息：金门再次出现沉船事故，东海上空现激烈对峙，歼20急转逼退外机,2024,03,17,2024-03-17,点击上方蓝字“龙哥观点”每天分享最新资讯！金门，这座历史悠久的小岛再次成为两岸关注的焦点。这一次，不是因为旅游胜地的风光，而是因为一场沉船事故的发生。同时，在东海上空，一场激烈的对峙也让人们不寒而栗，我国的歼20战机紧急出动，迫使外机退避三舍。这一系列事件的发生，不禁让人们思索，这究竟是一场偶然的意外，还是某种更深层次的冲突正在酝酿？大陆渔船翻覆事件的发生，首先令人们震惊。在周四的清晨，一艘大陆渔船在厦金海域翻覆，这场事故不仅造成了六名船员的生死未卜，更让两岸的关系再度陷入紧张。虽然两岸相关单位纷纷出动救援力量，包括台海巡和大陆海救船，但是台方的态度却相对强硬。他们虽然准许大陆救援人员到达事发现场，但却限制他们在海面上的活动，不允许他们登上东碇岛。这种态度显然带有一种明显的政治色彩，将救援人员的范围限制在海面上，似乎在暗示着台湾对于大陆的不信任和警惕。与此同时，在东海沿岸，一场空中对峙也在悄然上演。我国的空军不得不应对外国军机的逼近，这场对峙的地点正好位于安徽芜湖驻地附近。据了解，我国空军“王海大队”飞行员奋勇应对，迅速出动歼20战机，与外机进行了激烈的对峙。而这些外机据称可能是美国部署在周边的F-35战机，这一举动让人们不禁感叹，周边安全环境的紧张程度已经到了令人忧心的地步。关于F-35战机的部署情况，更是令人们担忧。据了解，美国F-35战机逐渐成为主力五代战机，年产量已经接近150架，而且南海周边国家也已经购买了这种战机。更令人担忧的是，美国计划在2025年在印太地区部署超过220架F-35，这无疑会进一步加剧地区的紧张局势。台湾也在向美国求购F-35战机，这无疑会给台海地区的局势带来更多的不确定性和风险。这一连串事件的发生，不禁让人们对周边的安全环境感到担忧。大陆渔船翻覆事件的发生，可能并非偶然，而是某种不可告人的阴谋。有分析认为，可能存在第三方介入，例如蛙人对大陆渔船动手脚导致翻覆。这一事件被视为非天灾，而是“人祸”，可能是为了在东亚搅浑水，制造更多的混乱和不确定性。在这样的背景下，我国的安全形势异常严峻。外国军机的挑衅行为，暴露了我国周边安全环境的紧张局势，尤其是美国在印太地区部署F-35等战机的举动，更是对我国安全构成了巨大的挑战。我们不能被动地等待，而是应该采取积极的措施，坚决捍卫国家的主权和领土完整，维护地区的和平与稳定。因此，我们呼吁，各方应该保持克制，不做任何可能加剧紧张局势的举动。同时，我们也要加强与周边国家的沟通与合作，共同维护地区的和平与稳定。只有这样，我们才能够确保自己的安全，实现国家的发展与繁荣。 免责声明：本号对所有原创、转载文章陈述与观点均保持中立，内容仅供读者学习和交流。文章、图片等版权归原作者享有，如有侵权，请留言联系更正或删除（文中图片来自网络，侵删）   小编每日原创不易，若您还满意，可点左下角“分享”支持小编或点右下角，感激不尽！
66765f9ffb88ab4b048dd655,https://mp.weixin.qq.com/s/YF5AH4h9g3OstbQeBRSacg,两岸统一必在志得！金门渔船事件没改变，网友表示看不懂！大陆直接行动,2024,03,17,2024-03-17,点击上方蓝字关注我们近日，金门海域的一幕令人动容，一艘福建籍渔船在此水域作业时意外翻覆，两名渔工不幸遇难。这一事件在两岸引发了激烈的关注与讨论，台湾方面在事件发生后，不仅没有表现出应有的悔意，反而加强了海上巡逻力度，并展开军事动作。然而，面对此类挑衅，大陆展现出了非凡的克制与智慧，选择不以武力回应，展现出的是一种包容与战略定力。台湾的海巡行动似乎也在大陆的冷静与克制面前逐渐收敛，他们在大陆海警船只的面前选择了避让，并关闭船只的自动识别系统，避免与大陆的海警船直接对峙。这种行为似乎暗示了台湾海巡对大陆海警的敬畏。    台湾海巡之所以采取避战策略，并非一时冲动，而是基于对大陆海警船在技术、规模和人员素质方面的全面优势的认识。面对大陆海警船的军事规格、机动性和火力，台湾海巡显然感到自己的力量相形见绌，不得不采取更为谨慎的态度。在海上策略的同时，大陆的空军和海军也在空中施加压力，中国的军机已经敢于越过台海中线，而台湾的空军则显得犹豫，不愿轻易采取行动。大陆的这种策略虽不直接，但效果显著，它更像是一场心理战，让对手在不战而屈的情境中自行退缩。    与美国动辄以军事力量解决问题的做法不同，中国保持战略耐心，不轻易参与冲突，从而促进了经济的稳步发展和外资的吸引。中国在处理国际争端时展现出的智慧与耐心，无疑为全球提供了新的解决方案，这种策略在钓鱼岛事件中已有显著成效，避免了直接冲突，同时侵蚀了日本的战略空间，让对方在战略上逐渐陷入被动。    在金门渔船事件后，大陆通过一系列策略，不仅展现了军事、经济等方面的实力，更彰显了在国际争端解决中的智慧与耐心。这种温和而有效的做法，是对台湾战略空间的逐步压缩，同时也是对国际社会的一种负责任的表现。    中国大陆在处理此次金门海域事件中的克制，不仅是对台湾方面的一种战略压力，更是对国际社会的一种沉着应对。这种策略的背后，是对和平发展道路的坚定信念和对国家利益的深思熟虑。大陆的行为显示出，在维护国家主权和领土完整的同时，也在为区域稳定和世界和平做出贡献。在国际舞台上，中国的这种行为模式也为其他国家提供了借鉴。在全球化的今天，通过对话与合作来解决争端，避免冲突与对抗，是国际社会共同追求的目标。中国在金门海域事件中所展现出的智慧与定力，无疑为国际关系的和平发展提供了积极的案例。    在这个多变的世界中，中国的每一步棋都牵动着国际社会的神经，而其背后深思熟虑的战略选择，更是对国际新秩序构建的重要贡献。轮到中国行动了，俄乌不用打了？特殊时刻，中方一大人物抵欧，外交部毛宁回应信息量很大   点个在看你最好看
66765f9ffb88ab4b048dd656,https://mp.weixin.qq.com/s/NDH3PBss5BX68Vq1CYj0gA,疑似台湾“海鲲”潜艇所为？2·14金门渔船事件尚未结案，3·14又有2名大陆渔民在该海域翻船遇难,2024,03,17,2024-03-17,2月14日金门渔船事件尚未结案，3月14日又有2名大陆渔民在该海域翻船遇难。这两起事件引发了广泛的关注和猜测。让我们来分析一下这些事件的情况，并探讨究竟是什么原因？首先，来回顾一下2月14日金门渔船事件，台湾海巡队在金门县北碇东0.5里海域发现1艘大陆籍快艇“越界”作业捕鱼。该大陆船只在海巡队追缉过程中翻覆，船上4人落海，后被全数救起，2人送医抢救后不治，生还的两名船员下午从金门返回泉州。令人震惊的是，还不到一个月时间，3月14日又发生了一起类似的事件，悲剧再次上演，而且都发生在金门近海。“闽龙渔61222”渔船在东碇岛附近海域沉没，船上6人。目前已救起2人，其余4人正在搜救中。这两起事件的相似之处引发了人们的关注和疑问。我们不得不联想到可能存在某种程度的人为因素。首先，这两起事件都发生在14日，我们不禁要问，为什么都会发生在14日？这种巧合让人不禁思考这个日子会不会有特殊的含义？而且会发生在同一个地点？3月14日的事故发生的地点似乎离金门岛更近了一点，仅仅1.1海里远。哪怕远一点，网友担心是不是台湾“海鲲”潜艇所为？2月1日4金门渔船事件尚未结案，3月14又有2名大陆渔民在该海域翻船遇难，网友难免出现了疑虑，希望这是巧合。这时间，这地点，这也增加了人们对事件之间的关联性的猜测，那到底谁在制造了这两起事故呢？然而，我们必须强调的是，尽管这两起事件在时间和地点上有一定的相似性，但它们是两个独立的事件，没有直接联系。我们只是一种猜测，事情的真相还需要等待官方调查的结果。在没有充分证据下，我们不能轻易下结论，更不能盲目指责任何一方。但两岸渔民生命安全至关重要，任何涉及人命的事件都值得引起高度重视。对待台湾问题，大陆一贯立场是“和平统一，一国两制”。我们应该保持冷静和理性。作为公众，我们应该关注事实，避免被不实信息和情绪所左右。只有搞清真相，才能给受害者家属带来公正和安慰，才能保障同胞安全，维护两岸人民感情。同时，我们也希望相关部门对这两起事件进行全面公开调查，也希望类似的悲剧不再发生，让渔民能够安全地从事捕捞工作。最后，我认为，这两件事情还在调查中，在结论还没有出来之前，希望网友要给予多多理解。台湾是中国不可分割的一部分，是中国的领土。只有互相理解互谅，才能共同进步。我们要加强对海域安全的监管，确保渔民的生命和财产安全。让我们共同努力，为海域的安全和稳定做出贡献。
66765f9ffb88ab4b048dd657,https://mp.weixin.qq.com/s/Sab9N7mILiypzqs9aOLcUw,台湾最新消息：大陆海警抵近金门，美国海警配合台当局，强登中国渔船“执法”！,2024,03,17,2024-03-17,在南太平洋的波涛之下，一场涉及大国博弈的风暴正悄然酝酿。最近的一起事件，美国海岸警卫队与基里巴斯海警联合对中国渔船进行的所谓“执法”行动，不仅是对无辜渔民的不公，更是大国政治角力的一个缩影。  这一行动，虽表面上看似例行公事，实则蕴含着深层次的意图。美国，作为世界上唯一的超级大国，长期以来一直试图在南太平洋地区维护其霸权地位。随着中国在该地区影响力的逐渐增强，美国感到了前所未有的压力。因此，美国利用各种手段，包括与基里巴斯等国的海上执法合作，试图对中国进行遏制，确保其在该地区的利益不受威胁。与此同时，中国在南太平洋的合作策略则显得更为人道和务实。通过建设基础设施、提供医疗援助等方式，中国不仅帮助了当地国家改善民生，还加强了与这些国家的友好关系。   这种合作方式，无疑是建立在平等和互利的基础上，与美国的霸权主义和强权政治形成了鲜明对比。  然而，真正让人担忧的是，这种博弈并非局限于南太平洋。近期，台湾海峡的局势也变得日益紧张。大陆海警抵近金门的行动，以及美国海警配合台当局强登中国渔船的事件，无疑是这场博弈的又一表现。美国此举，旨在通过展示力量，试图在台海问题上占据道德高地，为台湾当局打气。但实际上，这种行为不仅没有解决任何问题，反而加剧了地区的紧张局势。美国的这种做法，显然是出于一种深层次的焦虑和失控感。在亚太地区，美国感受到了前所未有的挑战。中国的快速崛起，不仅挑战了美国的地区霸权，更在全球范围内对美国的领导地位构成了威胁。因此，美国试图通过在南太平洋和台海的行动，来对中国施压，希望通过这种方式来维持其全球霸主的地位   但历史的车轮是滚滚向前的，任何试图阻挡历史发展潮流的行为，最终都将被证明是徒劳的。中国，作为世界上最大的发展中国家，其和平崛起的趋势不可逆转。在面对外部压力时，中国展现出了高度的克制和战略定力。未来，中国与南太平洋国家的合作将继续深化。通过共建“一带一路”，实施共赢战略，中国将与这些国家携手前进，共同应对全球挑战，促进地区和平与发展。与此同时，中国也将继续坚持走和平发展道路，坚定不移维护国家主权和领土完整，为实现中华民族伟大复兴的中国梦贡献力量。
66765f9ffb88ab4b048dd658,https://mp.weixin.qq.com/s/CK-oajY-rDr56svX2CMYjA,大陆渔船再次在金门海域翻覆，台当局称没有驱离，不许陆方登岛搜救,2024,03,17,2024-03-17,据环球网报道，金门水域再次发生了大陆渔船翻覆事件，事发地点位于金门东碇岛西南1.1海里处，大陆渔船“闽龙渔61222”上一共6人，已经救起2人，其余四人正在搜救中。台湾方面或许是汲取了金门恶性撞船事件的教训，也积极主动派人派船参与救援，金门海巡部门派了四艘船赶往事发地点。大陆方面也出动6架救援直升机，以及海救船前往救援，在沉没点20海里半径范围内执行搜救任务。民进党当局则在这种人命关天的事情上，第一时间发声撇清责任，并放话不允许大陆方面登上东碇岛，搜救可能游到岛上的生还者。根据台媒的报道，台海巡部门负责人周美伍在台立法机构备询时，就大陆渔船翻覆一事表示，东碇岛距离金门有15海里远，大陆渔船翻覆在所谓的“禁限制海域”里，台巡防艇是在金门附近海域巡逻，没有针对该艘渔船，巡防艇距离渔船很远。至于大陆渔船翻覆的原因，周美伍则表示暂时不清楚，并强调没有台海巡船只驱离、追撞的问题，有可能是因为海上气象问题，因为近些天海上状况时好时坏，渔船发生翻覆的可能性非常大，过去几年也经常有这种情况出现。对于周美伍给出的解释，国民党籍民代王鸿薇没有穷追猛打，转而询问如何处理大陆渔船搁浅东碇岛的问题，以及会不会同意大陆人员登船搜救生还者。周美伍对此表示，基于人道、救生救难的立场，台航管单位应该会同意大陆人员到现场去，但仅止于海面，应该是不会让陆方登岛。换而言之，在此次大陆渔船翻覆事件上，民进党当局依然对大陆严防死守，拒绝任何在其看来“不合理”的要求，例如登上东碇岛搜救生还者。脸书上传出的一则消息也称，东碇岛上的台军驻兵拒绝大陆军队登陆搜索。但相较于周美伍的说法，脸书上传出的消息应该是虚假信息，因为大陆进行海上搜救的，最多是由海警出面处理。另一方面，金门防卫指挥部也驳斥了脸书上的传闻，指出该消息是误传，并称该部门没有直接接获陆方任何要求，岛上驻军则秉持人道立场，以救人为先协力环岛搜救。与此同时，金门县长陈福海亲自下达救援指示，要求金门当地部门密切关注大陆渔船翻覆事件，并及时给予必要的支援，希望大陆渔民能平安获救。与金门恶性撞船事件相比，此次大陆渔船翻覆事件中，民进党当局的反应明显更为迅速，不再是只有令人愤慨的推诿卸责，以及拿岛内法律当借口拖延。尽管大陆渔船翻覆地点，位于所谓的“禁限制水域”内，但此次没有以此为借口，强行拒绝大陆进行搜救活动，这种既不明智也损害两岸善意的举动。从这一角度来讲，民进党当局应该是意识到，在金门恶性撞船事件还未妥善处理的情况下，不能再度以不近人情的方式，妨碍大陆方面对翻覆渔船及渔民的搜救工作。这在一定程度上展现出，民进党当局希望缓和事态，缓和两岸紧张关系的意愿。但民进党当局还需清楚的是，只有正视金门恶性撞船事件这一问题，拿出彻底解决问题的诚意，给大陆遇难渔民家属和两岸同胞一个满意交代，才能得到皆大欢喜的结果，否则大陆多次强调的后果自负，绝对不是一句虚言。
66765f9ffb88ab4b048dd659,https://mp.weixin.qq.com/s/caSbmSOJjcIZ7-HHL2TWiQ,实控金门海域？中国海警：维护“包括台湾地区”在内的渔民安全,2024,03,17,2024-03-17,一觉醒来，看到了中国海警的重磅发声，字少事大需要划重点。3月15日，中国海警发布通告：“福建海警在金门附近海域依法开展执法巡查。为维护包括台湾地区在内的中国渔民合法正当权益和生命财产安全，中国海警将持续加强执法巡查。”通告中其中提到“包括台湾地区在内”，结合展示的海警舰艇编队执法巡查现场视频，我们不难发现，大陆实际已经接管了厦金海域的执法权和管辖权，实控了该海域的安全局势。不过，尽管大陆并未明确表示该态度，但是结合大陆最近的一系列行动，可以理解为“实控”。2月14日的“渔船事件”发生后，我方海警、海监、渔政等多个部门已经在金门、大担群岛、马祖列岛等地进行了常态化的执法巡航，东部战区也多次发声，表达坚决捍卫海疆权益的决心。尤其是元宵节发布的重磅海报《回家》，释放了强劲的统一愿望：小手抓大手，携手出火坑；点灯驱恶魔，回家才会赢。紧接着东部战区开展了一系列昼夜实战化演训，组织舰艇编队围绕对海作战、协同搜攻潜和联合防空反导等课目开展专攻精练。与此同时，海警方面也加大了厦金海域常态化巡航的力度，一方面宣布该海域不存在禁止和限制水域，另一方面加大了巡航力量和频率。从区域上看，中国海警续航区域并不局限于厦金海域，还包括了附近海域。另外从3月15日公布的视频看，中国海警已经挺进了金门3海里范围内。据台媒体报道称，16日，大陆海警14608、2202、2203、14604编队上午再度编队航入金门“禁限制水域”，台海巡署试图“广播驱离”，但是大陆海警并未理会，执法1个多小时后离开。此前一天，还对台方喊话“请通报你船出发港、目的港，和来此海域目的”。对此，此前一直十分高调和态度强硬的台方海巡署，现在服软起来。一方面“吁请”大陆海警船停止类似行为，另一方面派出海巡艇远远张望，舰炮被炮衣裹的紧紧的。前几天，台“海委会”负责人管碧玲还试图通过对金门撞船事件中没有进行录像进行道歉，还试图驱离正在厦金海域进行航道清淤作业的多艘大陆挖泥船。但是，中国海警加大巡航力度之后，再也没有吱声了。岛内媒体人赖岳谦表示：大陆已经实质性抹除了所谓“台海中线”，现在正在收回厦金海域的执法权。3月11日，东部战区某队纪念“渡海登岛作战胜利74周年“，致敬为解放海南立下头功的英雄前辈，官兵们郑重表示一定传承好渡海先锋的精神，向战奋发。我们一直秉承着“两岸一家亲”的理念，但是“2·14”恶性撞船事件发生以来，民进党当局不闻不问，试图蒙混过关，已经引起了两岸同胞的强烈愤慨。因此，大陆海警在厦金海域常态化巡航，保护包括台湾地区在内的中国渔民合法正当权益和生命财产安全，即是两岸同胞共同的心愿，也是在收回“执法权”的必然行动。从某种程度来说，完成祖国统一大业已经进入了倒计时，让我们一起期待“大手拉小手，一起向未来”。同意的“点赞”+“在看”！
66765f9ffb88ab4b048dd65a,https://mp.weixin.qq.com/s/CfCvz--iqH8x3dITZO9zCw,蔡英文赖清德叫板！大陆60艘渔船包围金门，台海危机再度升级？,2024,03,17,2024-03-17,在台海这个特别敏感的时候，台湾方面是真的加大力度在军备上做文章了，他们下水了两艘崭新的军舰，就是想让大家看看，他们在海防上是多么的坚决。而对面的大陆，他们的渔船群也不是吃素的，在金门周边海域活动得挺欢的，这就形成了一种你来我往的海上力量对峙。这不光是军事上的动作那么简单，更像是两岸关系紧张气氛的一个缩影，是不是让人不由自主地想问：这背后会不会有更深层的含义？图片金门海域疏浚作业中国大陆在金门海域的刘五店新航道进行疏浚作业，以改进该区域海上交通条件，这一行动被外界解读为对台湾当局实施的“禁限制水域”规定的直接挑战，并可能标志着大陆对台策略的调整与强化。通过此次疏浚作业，大陆不仅显示了对相关海域的控制能力，也可能预示着对台湾所宣称的“五项权利”逐步实施削弱，从而在区域乃至国际层面上，进一步强化和重申自身的主权立场。   台湾海巡舰下水台湾海军加速服役了两艘名为“云林舰”和“台北舰”的4000吨级巡防舰，旨在提升岛内的海上防御能力。台湾地区领导人蔡英文在舰只下水仪式上强调，这一行动展现了台湾对于维护“坚定民主、自由”的决心，并可能被解读为对中国大陆的一种政治叫板行为。就整体军事实力而言，这两艘巡防舰与大陆军力仍存在显著差距，关于台湾海巡舰存在的质量问题，已在岛内引起了广泛的舆论关注，并暴露了台湾军事行动在实际效能上可能受到限制的现实。    大陆海警展示实力近日，约60艘大陆渔船聚集在金门海域，这一举动引起了台湾方面的高度关注及误解，大陆海警的实力备受瞩目。在全球范围内，大陆海警舰队的规模和装备居于领先地位，中国目前拥有的70艘3000吨级以上的海警船，不仅数量庞大，而且技术先进，充分展现了中国维护海洋权益的决心与实力。大陆海警力量的不断扩充和现代化进程，使得其与台湾海警力量之间形成了显著的对比，进一步凸显了其在区域内的综合国力。美军售影响两岸关系美国近期向台湾军售了价值7500万美元的武器，这一行为加深了中美之间的紧张关系。中方对美国的军售行为表示坚决反对，强调台湾问题是中国的内政，不容任何外部势力干涉，中方同时警告，对于任何形式的挑衅，都将给予坚决的回击。图片台湾地区空军副司令张延延也指出，对于这种军售，台湾的抗议是无效的，唯一的出路在于两岸关系的和平发展。大陆方面对于国家统一的决心坚如磐石，面对任何分裂行为和挑衅，都会显示出强烈的维护国家主权和领土完整的态度。尽管台湾方面在海上防御力量上做出了一定的努力，但与大陆的海警实力相比，差距明显。在此背景下两岸关系的未来可能将伴随着更多紧张与互动，同时也需要各方智慧与努力来寻找和平发展的途径。
66765f9ffb88ab4b048dd65b,https://mp.weixin.qq.com/s/P6G431R359dYrZq0aq3sVA,金门海域渔船遇险，两岸联手生死救援，同胞情深共克时艰,2024,03,17,2024-03-17,在波涛汹涌的海面上，每一次的航行都是对生命的考验。然而，就在3月14日清晨，一场突如其来的海难打破了这片海域的宁静。大陆渔船“闽龙渔61222”在金门海域不幸遭遇恶浪袭击，船体翻覆，船上6名船员瞬间落入汹涌的大海，生死未卜。这起事故发生后，两岸同胞的心都被紧紧牵动。毕竟，两岸一家亲，血脉相连的情感在灾难面前更显深沉。台海巡部门闻讯后迅速行动起来，4艘船舰像利剑一般划破海面，疾驰而来。而大陆方面更是动员了多艘舰艇和直升机，一场跨海的生死救援行动迅速展开。在这片海域上，两岸的搜救力量紧密配合，共同寻找失踪的船员。海面上，搜救船只穿梭往来，直升机在空中盘旋搜索，每一个细节都不放过。金门县长陈福海心系落海的渔民，他焦急地等待着消息，祈祷着他们能够平安获救。经过搜救人员的全力搜救，确认落海的6名船员中有2人已经不幸遇难。这一消息传来，让所有人都感到痛惜和惋惜。我们为遇难的同胞深感悲痛，同时也为那些仍在搜救中的船员祈祷平安。这次海难再次提醒我们，海洋的险恶不容小觑。每一次出海都是对生命的考验，我们应该倍加珍惜生命，注意安全。同时，我们也要为两岸同胞在这次事件中展现出的团结和互助精神点赞。在灾难面前，两岸同胞能够携手并肩，共同面对困难，这充分体现了中华民族的传统美德和同胞情谊。两岸关系经历了风风雨雨，但同胞之间的情感却始终如一。无论是大陆还是台湾，我们都是中华儿女，都拥有着共同的血脉和文化传承。在面对灾难时，我们更应该团结一心，共同应对挑战。我们也要看到，这次海难也暴露出了一些问题。比如海上安全管理是否存在漏洞？救援体系是否足够完善？这些问题都需要我们深入思考和解决。我们应该加强海上安全管理，提高救援能力，确保每一位出海者的生命安全。这次金门海域渔船遇险事件，不仅是一场生命的考验，更是一次情感的凝聚和力量的展示。两岸同胞用实际行动诠释了团结、互助、勇敢和担当的精神。我们相信，在未来的日子里，两岸关系将会更加紧密，同胞情谊将会更加深厚。让我们再次为遇难的同胞默哀，为仍在搜救中的船员祈祷平安。同时，我们也希望相关部门能够加强海上安全管理和救援体系建设，确保每一位出海者的生命安全。两岸同胞团结一心，共同守护这片海洋的安宁与和平。在海洋资源日益重要、海洋活动日益频繁的今天，我们如何更好地保障海上安全，避免类似悲剧的再次发生？这不仅是对两岸相关部门的考验，更是对每一个中华儿女责任感的呼唤。我们期待两岸能够进一步加强合作，共同构建更加完善的海上安全体系，为每一位出海者保驾护航。此次金门海域渔船遇险事件，不仅是一场生死救援的行动，更是一次同胞情感的凝聚和两岸团结的展现。让我们铭记这次事件中的教训，珍惜生命，加强合作，共同守护海洋的安宁与和平。
66765f9ffb88ab4b048dd65c,https://mp.weixin.qq.com/s/C0GO3KgrRa4e-OMkRK9Cig,金门被“围”，渔船进新竹6海里无人敢挡，台“第一击”惨被打脸,2024,03,17,2024-03-17,亲爱的中老年朋友们，今天咱们来聊聊点有趣的事儿——台湾那边最近发生的一些小插曲。哈哈，别紧张，不是战争，而是台湾当局自己搞出来的一些笑话。首先，咱们听说台湾“防务部门”的邱国正先生放话了，说什么只要发现航空、海航的实体、无人机舰或气球侵入他们的“领空”，不用开枪开炮，就可以直接击落。哎呀，这口气真大呀！可惜啊，话音刚落，就被现实狠狠打了脸。据报道，金门渔民突然发现了一大群“渔船”出现在金门所谓的“禁限制”水域，看起来就像是把金门海域给包围了。结果台湾“海巡”部门出来辟谣，说这些不是大陆渔船，只是大陆渔民放的浮网，上面还有定位装置呢。这明显就是警告啊，告诉台湾那些“禁限制”水域可不是闹着玩的。那金门“海巡”敢过去“取缔”吗？事实证明，他们还真不敢。还有更有趣的，新竹渔民也说在海上发现了三艘挂五星红旗的大陆铁壳船。有个疑似台湾渔民还说，看到这些大船，心里都发慌，感觉硬碰硬肯定会输。哈哈，看来台湾渔民也知道大陆渔船的厉害啊！这些事儿一出来，台湾那边可就热闹了，大家议论纷纷。因为之前台湾的政要和“海巡”部门都表态要强硬执法，结果现在机会来了，却没人敢动。这不是直接打了邱国正“防务”部门的脸吗？    其实啊，这些事情让我们看清了台湾当局的本质，就是只会说大话，实际行动却一点都不敢。他们口口声声要“第一击”，结果连几艘渔船都不敢动。这种空心萝卜大嘴炮，真是让人哭笑不得。岛内的一些“名嘴”也看出了问题，纷纷表达担忧。他们觉得解放军近期肯定有动作，而台湾方面却不敢有所作为。这岸基雷达系统花了那么多钱，连小舢板都能侦测到，怎么渔船就侦测不到了呢？这“海巡署”怎么就不出来“执法”呢？说实话啊，这些事情都让我们看到了台湾当局在处理两岸关系上的软弱和无奈。他们想挑衅，却又怕惹事，这种“地癞子”行为真是让人哭笑不得。所以啊，打“独”促统才是对待这种“瘶子”最有效的方式。咱们大陆这边可是一直都保持着理性和克制，但也不能让他们一直这么嚣张下去。好了，今天的话题就聊到这里。希望大家看了这篇文章能感到轻松和愉快，同时也能对两岸关系有个更清晰的认识。记住啊，和平统一才是两岸人民的共同心愿，任何挑衅和分裂行为都是不得人心的。        
66765f9ffb88ab4b048dd65d,https://mp.weixin.qq.com/s/wGSiBpdBzst6YcMmGRCjxw,台海局势突变，两岸罕见联手，大陆渔船包围金门，民进党改口道歉,2024,03,16,2024-03-16,阅读前点击上方蓝色字体“罗列思维”进行关注，每日免费洞察国际热点资讯，建立深度阅读关系!台海局势突生变数，一场意外的发生，让两岸罕见联手，而先前大陆渔船“包围”金门的行动起了效果，民进党官员终于改口道歉。上个月发生的金门海域渔船倾覆事件还没解决，金门海域又发生了新的意外。3月14号上午，一艘载有6人的福建渔船在厦金海域沉没，目前已救起两人，另发现了两名遇难者的遗体，仍有两人没能找到。说到这里，肯定很多朋友会觉得这是不是民进党当局搞的鬼？两岸关系会不会进一步恶化？考虑到之前刚刚发生了台海巡部门恶意撞击，导致大陆渔船倾覆的事件，大家如今有这样的猜测也很合理，但这一次的情况有所不同。目前经初步调查，判定渔船沉没原因为触礁，和人为因素无关。不仅如此，在这艘福建渔船发生事故之后，两岸相关部门罕见展开了联手合作，迅速发起了共同搜救行动。金门海巡队不仅调集了四艘船只参与搜救，还通过金门渔会向过往的船只发出信号，呼吁各方共同协助搜救大陆渔民。应当说，在两岸关系紧张的背景下，这一回两岸能够联手搜救落水渔民，再度印证了两岸同胞血浓于水的事实。渔船发生事故是常有的事，本来两岸之间就应保持这种互相帮助的默契，上个月发生的渔船倾覆事件，完全是民进党当局恶意行为的结果。但在此次不幸事故中，两岸却展示出了积极合作的态度，在金厦海域局势紧张的当下，这或许能稍稍缓和一下两岸之间的敌视情绪。说了那么多刚刚发生的渔船事故，我们再把目光转回之前，看看2月份发生的渔船倾覆事件进展如何。先前，两岸经过15轮谈判协商未能达成共识，大陆渔民家属已经返回，等待两岸新的谈判重新展开。在等待谈判重启期间，发生了一个值得注意的插曲，金门渔民一度发现周边出现大量大陆渔船，似乎金门瞬间已被“包围”。虽然后续查明是金门渔民误判，他们把大陆渔船撒下的浮网识别成了渔船，但大陆渔船和执法船在金门附近海域加强活动是不争的事实。岛内许多分析都认为，大陆接下来会常态化推进在金门附近海域的执法，彻底收回这片海域的执法权。如何应对这一局面，已经够让民进党当局头疼了，而解放军近日发起的行动或许更让对岸担忧。3月12日至14日的每日8点至下午5点，解放军在东海部分海域进行实弹射击演习，相关区域禁止进入。虽然从持续时间看是一次例行演训，但在台海局势紧张的背景下，解放军这一轮实弹军演无疑具有特殊的威慑意义。解放军在东海打出的实弹，无疑蕴含着对民进党当局的警告。值得注意的是，在两岸关系持续紧绷的时刻，台“海委会”负责人管碧玲终于做出了一番公开道歉。此前，管碧玲在谈及金门渔船倾覆事件时表示，台“海巡署”没有“执法录像”，使得金门撞船案不能迅速公布实情，她对此道歉。不得不说，这样的“道歉”完全是避重就轻，看着是在道歉，实际传递的意思就是台海巡部门没有错，只是忘记开执法录像了而已。显然，民进党当局秉持这样的态度，两岸之间的协商自然谈不出什么结果来，毕竟对岸没有丝毫承认错误的诚意，就更别说拿出改正错误的行动了。看起来，厦金海域乃至台海的紧张态势还会持续下去，民进党当局看上去还没有吃够教训，但伴随着解放军和大陆海警的行动持续，他们接下来又能嘴硬多久呢？
66765f9ffb88ab4b048dd65e,https://mp.weixin.qq.com/s/nJFNaMvcPkS7-LZTBwJAYw,管碧玲刚为撞船事件道歉，金门又有大陆渔船翻覆，台方态度变了,2024,03,16,2024-03-16,“2·14恶性撞船事件”发生近一个月后，台湾有关部门终于顶不住压力公开道歉。刚道完歉，金门外海又发生一起大陆渔船翻覆事件，这一次，台当局的态度变了。据台海网报道，2·14”恶性撞船事件发生即将满一个月，3月13日，台“海委会主委”管碧玲终于态度放软公开致歉。尽管大陆等来了台方的道歉，但蔡英文当局对此事的处理方式引起了各界的不满和质疑，就连绿营自己人都开始看不下去了。据悉，管碧玲在台立法机构内务委员会亲自致歉时表示，由于没有搜证影带，使得此次事件的处理过程无法迅速公开，也让家属在煎熬之中等待了许久，至今事件未得到解决，发生这样令人感到伤痛的过程，对此事再度表达歉意。她还指出，台“海委会”对社会、对死者家属就这件事的部分，确实要痛加检讨。对此，民进党籍“退辅会”副主委李文忠直接批到：台海巡船没有配备录影装备令人“匪夷所思”，并表示过去8年里蔡英文政府一直在犯这样的错误，每次都是出现状况后一个劲地解释而不是解决问题。抛开岛内绿营的批评不谈，管碧玲的这次“道歉”仍然是缺乏诚意，她致歉的核心并非恶意冲撞大陆渔船致渔民死亡一事，其实是为台方没有配备录像装备，没有及时将整件事告知大众而道歉。眼看大陆施压的力度越来越大，台当局相关的负责人才勉强出来道这个歉。死亡大陆渔民的遗体目前还在金门，台当局仍未想到要归还的意思，说到底，台当局就是企图想要“拖时间”，等到大陆舆情退去，大陆的“怒火”散去，他们就可以更好地进行“冷处理”。但他们没有想到的是，这件事已经在大陆造成非常恶劣的影响，台当局不给个交代，大陆的民众不会善罢甘休。让人没想到的是，就在管碧玲刚刚道歉之际，金门再次发生大陆渔船翻覆事件，不过这一次，台当局的处理方式变了。根据环球网报道，3月14日凌晨，福建龙海籍渔船“闽龙渔61222”轮在东碇岛附近海域沉没，船上6人遇险。截至当天下午，已有2人获救，2人不幸遇难。目前，搜救行动及事故调查仍在紧张进行中。由于事发地位于金门附近海域，不少人联想起“2.14撞船事件”。不过与一个月前不同的是，大陆派出了6架直升机以及3艘船只前去搜救，而金门海巡部门也积极响应，迅速出动4艘船只前去救援，并通知附近的商业渔船协助搜救。金门县县长陈福海表态，要求相关单位保持关注并给予必要的支援，希望落海的漳州渔民能平安获救。自“2.14撞船事件”发生以来，厦金海域被两岸民众重点关注，一点风吹草动都会让人高度紧张。尽管台湾有关方面这次的道歉没有大陆想要的诚意，但金门对“二次翻船”事件的处理态度还是不错的，体现了“两岸一家亲”这句话的内涵。同根同族，命运与共，希望岛内各方和广大民众的心，能够早日回归本初。
66765f9ffb88ab4b048dd65f,https://mp.weixin.qq.com/s/ffHEMK0wj0qpmSTLJBqqtQ,管碧玲道歉话音刚落，大陆渔民金门再遇难！我方要求登岛搜救遭拒,2024,03,16,2024-03-16,点击上方蓝字·关注我们 探索台湾政治风云：从管碧玲到金门渔民在台湾政治的喧嚣中，时常有着让人意想不到的转折和戏剧性的事件。最近，一连串关于管碧玲和金门渔民的事件再次将台湾的舆论聚焦在了一起。让我们一起深入探索这些动人心魄的故事，了解其中的内情和背后的故事！🌊 金门渔民遭遇难：搜救之路最近，金门再次成为了关注焦点，不是因为其美丽的风景，而是因为一群勇敢的渔民面临着生死考验。他们在海上作业时遭遇了意外，但当他们急切需要救援时，却遭到了一系列政治上的阻碍，令人心生愤慨。管碧玲等台湾官员请求登岛搜救，然而遭到了拒绝。这一事件引起了广泛的关注和愤怒，也让人们对于政治与人命之间的博弈再次深思。🤝 两岸关系再度紧张：管碧玲的道歉与反应管碧玲作为台湾政治界的重要人物，因为她的一番表态，成为了这次事件中的焦点。她的道歉被一些人视为台湾政治博弈的一部分，而另一些人则认为这是一种政治上的表演。无论如何，她的言论和态度都再次点燃了两岸关系的火焰，引发了更多的猜测和争议。这次事件对于台湾和大陆之间的关系将会有怎样的影响，值得我们深入思考。🔍 事件背后的政治博弈：探寻权力与责任除了管碧玲的道歉和金门渔民的遭遇，这次事件还暴露了台湾政治中的一些深层次问题。权力与责任之间的较量，以及政治利益与人民安危之间的冲突，都值得我们深入思考。这次事件不仅仅是一次渔民遭遇意外，更是政治力量之间的博弈与较量，让我们一起审视这其中的真相和背后的动机。无论你站在哪一边，这次事件都引发了广泛的思考和争议。台湾政治的风云变幻，时刻让人猜测着下一步的走向。让我们共同关注这一事件的发展，也希望金门渔民能够尽快脱离险境，平安归来。🌟
66765f9ffb88ab4b048dd660,https://mp.weixin.qq.com/s/fnREEgXZ-KarY4SdkRqaFw,金门水域再次翻覆大陆渔船，台当局强硬放话，不允许大陆登岛搜救,2024,03,16,2024-03-16,近日，金门水域再次发生了令人揪心的事件，一艘大陆渔船在东碇岛附近翻覆，船上6名渔民陷入危险。台湾和大陆方面都迅速展开了救援行动，但民进党当局的态度却让人感到不解和失望，不仅没有承担任何责任，还拒绝大陆方面登岛搜救，暴露出其在人道主义和两岸关系方面的不足和矛盾。据环球网报道，事发地点位于金门东碇岛西南1.1海里处，大陆渔船“闽龙渔61222”上一共6人，已经救起2人，其余四人正在搜救中。台湾方面或许是汲取了金门恶性撞船事件的教训，也积极主动派人派船参与救援，金门海巡部门派了四艘船赶往事发地点。大陆方面也出动6架救援直升机，以及海救船前往救援，在沉没点20海里半径范围内执行搜救任务。然而，民进党当局却在这种人命关天的事情上，第一时间发声撇清责任，并放话不允许大陆方面登上东碇岛，搜救可能游到岛上的生还者。根据台媒的报道，台海巡部门负责人周美伍在台立法机构备询时，就大陆渔船翻覆一事表示，东碇岛距离金门有15海里远，大陆渔船翻覆在所谓的“禁限制海域”里，台巡防艇是在金门附近海域巡逻，没有针对该艘渔船，巡防艇距离渔船很远。至于大陆渔船翻覆的原因，周美伍则表示暂时不清楚，并强调没有台海巡船只驱离、追撞的问题，有可能是因为海上气象问题，因为近些天海上状况时好时坏，渔船发生翻覆的可能性非常大，过去几年也经常有这种情况出现。对于周美伍给出的解释，国民党籍民代王鸿薇没有穷追猛打，转而询问如何处理大陆渔船搁浅东碇岛的问题，以及会不会同意大陆人员登船搜救生还者。周美伍对此表示，基于人道、救生救难的立场，台航管单位应该会同意大陆人员到现场去，但仅止于海面，应该是不会让陆方登岛。这样的回答，无疑暴露出民进党当局在事件中的态度和表现，既不负责任，又不合理，更不人道。一方面，民进党当局没有承担任何责任，只是一味地推诿和辩解，试图把自己摆脱出事件之外，而不是积极地与大陆方面沟通和协调，共同解决问题。另一方面，民进党当局也没有表现出任何的人道主义精神，不仅没有对大陆渔民的遇难表示同情和慰问，还拒绝大陆方面登岛搜救，甚至还有脸书上传出的虚假消息称，东碇岛上的台军驻兵拒绝大陆军队登陆搜索。这样的做法，不仅无视了大陆渔民的生命权利，也无视了两岸同胞的血缘情感，更无视了国际社会的公理和道义。此次事件，也再次暴露出民进党当局在两岸关系方面的不足和矛盾。一方面，民进党当局想要缓和两岸紧张关系，避免更多的冲突和摩擦，因此在此次事件中，没有像之前那样，以所谓的“禁限制水域”为借口，强行拒绝大陆进行搜救活动，这种既不明智也损害两岸善意的举动。另一方面，民进党当局又不愿意放弃其“台独”立场和政治诉求，因此在此次事件中，还是对大陆严防死守，拒绝任何在其看来“不合理”的要求，例如登上东碇岛搜救生还者。这样的做法，不仅没有体现出任何的诚意和善意，也没有体现出任何的尊重和理解，只会让两岸关系更加僵化和对立。此次事件，也可以与之前的金门恶性撞船事件进行比较，看看民进党当局的进步和问题。在金门恶性撞船事件中，台湾方面的表现令人愤慨，不仅没有及时救援，还拖延了大陆方面的救援，导致大陆渔民失去了宝贵的生命。在此次事件中，台湾方面的表现有所改善，不再是只有推诿卸责，以及拿岛内法律当借口拖延，而是积极主动派人派船参与救援，也没有阻止大陆方面的救援。这在一定程度上展现出，民进党当局希望缓和事态，缓和两岸紧张关系的意愿。但这还远远不够，民进党当局还需清楚的是，只有正视金门恶性撞船事件这一问题，拿出彻底解决问题的诚意，给大陆遇难渔民家属和两岸同胞一个满意交代，才能得到皆大欢喜的结果，否则大陆多次强调的后果自负，绝对不是一句虚言。此次事件，也可以看出两岸关系的未来走向。在当前的形势下，两岸关系面临着严峻的挑战和危机，不仅有来自美国的干涉和挑衅，还有来自民进党当局的挑战和抵抗。这些因素都可能导致两岸关系的恶化和冲突的升级，甚至引发不可预测的后果。因此，两岸关系需要更多的理性和沟通，更多的合作和互信，更多的包容和尊重，以及更多的善意和诚意，才能够维持和平稳定的发展，造福两岸同胞，实现中华民族的伟大复兴。总之，金门水域发生的大陆渔船翻覆事件，是一个令人惋惜和反思的事件，也是一个检验和考验两岸关系的事件。民进党当局在事件中的态度和表现，虽然有所改善，但还是存在着很多的不足和矛盾，需要进一步的调整和改进。只有民进党当局正视问题，改善两岸关系，避免更多的悲剧发生，才能够赢得两岸同胞的尊重和信任，才能够为两岸关系的和平发展创造更好的条件和环境。
66765f9ffb88ab4b048dd661,https://mp.weixin.qq.com/s/tyRw2ipllBmacnhBihOXjA,金门外海翻覆渔船2人不幸身亡，仍有2人正在搜救中！大陆要求登岛搜救遭拒绝？台军回应,2024,03,16,2024-03-16,据央视新闻报道，记者从相关部门了解到，3月14日2时58分，“闽龙渔61222”渔船在东碇岛附近海域沉没，船上6人。目前已救起2人，其余4人正在搜救中。而据央视新闻最新报道，前方救援人员表示，目前失联4人已有2人被找到，不幸身亡。另有2人还在搜救中。初步判定渔船为触礁沉没，具体情况还需进一步调查。福建多部门已出动救援船艇、救援直升机进行搜救工作，并通知周边的渔船、商船帮助救援。另据台湾媒体报道：3月14日，大陆渔船翻覆酿2死案至今天刚好发生满一个月，两岸关系恶化之际，今天清晨6点又传出一艘大陆籍渔船“闽龙渔61222”，在金门东碇岛西南1.1里沉没，船上6名陆籍船员落海。最新的消息，在双方搜救单位及东碇驻军共同努力下，目前陆方救起2人，也在东碇岛附近寻获2具尸体，目前仍有2人失踪。现场持续由台金门海巡队的4艘巡防艇与陆方6艘救难船舰共同搜救中。希望老天保佑，仍处于失联的2名渔民兄弟能够平安归来。值得一提的是，大陆籍渔船“闽龙渔61222”于3月14日凌晨3:35分，在金门东碇岛西南方1.07里处翻覆沉没，目前原因不明。而事发当时，海面上的气象也不算恶劣，更没有台风袭来。而距离事发海域最近的是金门附属的小岛东碇岛，其面积为0.016平方公里，距金门料罗湾18海里，距漳州火山岛仅8海里。东碇岛上目前驻扎有不明数量的台军。有消息称，当时大陆方面的搜救人员要求登上东碇岛进行搜救，结果却遭到了岛上驻军的拒绝。对此，金门防务部门澄清称登岛是误传。台陆军司令部参谋长陈建义称驻军跟金防部都没有接收相关频道。而表示，台“海委会”表示，大陆此次围岛搜救之前，有向台岛地区海难救护委员会台北任务管制中心通报过的，也有与海巡联系。那么此事跟台海巡有没有干系？今天上午，台海巡署长、海委会副主委周美伍在立院备询时还原事发经过，称台海巡巡防艇当时在15海里的地方，不知陆船翻覆原因，但对方没有遭海巡驱离、追撞。周美伍进一步补充说明，目前已发现陆船沉没在东碇西南0.05海里的位置，只剩下桅杆露出海面。海巡方面的专业潜水人员，已到船舱内搜查，东碇岛守军也都在岸际加强搜索，若有发现会立刻通知海巡。周美伍强调，基于人道、救生救难的立场，可能会允许大陆的人也到现场去，但“仅止于海面”，应该是不会让陆方登岛。按照常规推理，渔船不外乎3种沉没可能，第一种海上风浪太大船被打翻；第二船被外力撞击导致翻覆，可能是水面撞击也有可能是被潜艇撞击；第三渔船被水鬼蛙人破坏导致进水沉没。据台媒报道，金门岛上驻扎有一支台军的两栖作战特种部队，据台媒透露这支部队，目前正在秘密接受美军特种作战小组的培训（延伸阅读 警惕！美启动对台“重大军事合作”）。台海巡的人和潜水员已经第一时间抵达现场了。而因为这个地方距离东碇岛只有1.07公里，大陆方面的人无法直接进入。
66765f9ffb88ab4b048dd662,https://mp.weixin.qq.com/s/M9dtgX9OUfzlo86v5bkiEA,【事故】金门又一渔船沉没， 致2人罹难,2024,03,15,2024-03-15,浪袭致渔船倾覆，两船员不幸离世3月14日一早6点多，福建渔船“闽龙渔61222”在厦门-金门海域遭浪袭翻覆，船上6名船员落海行踪不明。据悉，目前落海的6名船员已全部寻获，4人送医、2人不幸罹难。两岸救援单位第一时间展开救援事发后，海事救援组织在第一时间发现相关的求救信号后，立即前往出事的地点展开营救。期间，派遣了厦门S-76C型直升机6架次、海救船“1130”、海巡舰“08707”及“08805”等于沉没点20里半径范围内执行搜救任务。而据台湾《联合报》报道，“闽龙渔61222”在金门东碇岛西南1.1海里（距离翟山西南15海里）翻覆。报道称，金门海巡队也曾派出4艘船前往救援，台海巡在7时24分也通知渔会广播在航的商渔船前往搜救。事发地位于福建省漳州市龙海区东碇岛附近，由金门县实际控制，离金门岛约27公里左右，离漳州龙海海岸仅15公里左右。东碇岛正处于厦门港主航道进出台湾海峡的海域，来往船只络绎不绝，航道繁忙。东碇岛水况复杂，自然灾害层出不穷，两岸也有必要通过沟通来制定一整套完备的相互救助计划。此前台湾海巡队暴力执法至两渔民离世2024年2月27日，“2.14台撞击大陆渔船致渔民死伤恶性事件”发生后，事件生还渔民证实，是台海巡部门舰艇冲过来将渔船撞翻。而金门地检署已确定两船不只一次碰撞，与海巡队伪证词完全不符！台湾方面对恶性撞船事件 无情、无义、无理！3月13日，中华人民共和国国台办举行例行新闻发布会，发言人陈斌华就“2·14”恶性撞船事件相关提问回答记者。陈斌华表示，遇难者家属和相关人员为什么离开金门，他们当天已经作了完整说明，相信大家都已了解。人命关天，明明是台湾方面粗暴对待大陆渔民导致渔船翻覆、人员死伤，但事发至今，家属连一句道歉都等不到，连一个真相也得不到，台湾方面还在以所谓“调查程序”来拖延问题解决，以所谓“执法”来推诿卸责，他们才是真正的“三无”：无情、无义、无理！民进党当局只有正视问题、端正态度，拿出解决问题的诚意，“2·14”恶性撞船事件的善后协商才能重启。企图拖延时日蒙混过关，恐怕是打错了算盘。 陈斌华表示，对民进党当局无视大陆渔民生命财产安全、伤害两岸同胞感情的粗暴行径，我们决不容忍、决不姑息。我们再次严正要求台方尽快公布事实真相，严惩相关责任人，向遇难者家属道歉，满足遇难者家属合理诉求，给遇难者家属和两岸同胞一个交代。
66765f9ffb88ab4b048dd663,https://mp.weixin.qq.com/s/W0Emjexs1YdpP6xDmrZpGw,又2人遇难，大陆渔船在金门翻船，这次台海巡积极营救，不敢怠慢,2024,03,15,2024-03-15,点击上方蓝字“娱乐嗨嗨嗨” 3月14日！金门海域再次上演惊心一幕。一艘大陆渔船“闽龙渔61222”在金门东碇岛附近海域遭遇不测，船体翻沉，六名大陆籍船员陷入生死未卜的境地。这一消息迅速传遍海峡两岸，引起广泛关注。据了解，这起事故发生在清晨，当时海面上风高浪急，给搜救工作带来了极大的困难。但是，在这危急时刻，两岸同胞再次展现了血浓于水的深厚情谊。金门海巡队立即出动四艘海巡船前往事发海域进行搜救，同时通知金门渔会，发动在航的金门渔船加入搜救行动。而大陆方面也不遗余力，迅速派出多架次直升机和海救船“1130”、海巡舰“08707”、“08805”等舰艇，展开了一场大规模的海上营救行动。经过紧张而有序的搜救，落水的六名船员最终被全部救出。但是，令人痛心的是，其中两名渔民来代文和于青松已经不幸遇难。他们的离去让人深感惋惜，也让这起事故更加引人深思。值得注意的是，这起事故与之前的“214恶性撞船事件”仅相隔一个月的时间。在那起事件中，由于台方的傲慢和狂妄态度，导致事件处理陷入僵局，备受指责。而如今，“314沉船事件”再次发生，无疑给两岸关系带来了新的考验。但与“214事件”不同的是，在这起事故中，台方表现出了更为积极和负责任的态度。他们不仅迅速出动海巡船进行搜救，还主动通知金门渔会发动民间力量参与营救。这种变化不仅体现了台方对生命的尊重和对两岸关系的重视，也为今后解决类似问题提供了有益的借鉴。当然，我们不能因为台方在这次事故中的表现就对其过去的错误视而不见。事实上，“214恶性撞船事件”仍然是一个悬而未决的问题。台方必须正视自己的错误，彻底查清事实真相，给遇难者家属和两岸同胞一个公正、合理的交代。只有这样，才能真正赢得两岸人民的信任和支持。同时，我们也应该看到，这起事故虽然给两岸关系带来了一定的冲击，但也为双方提供了加强合作、增进互信的机会。在未来的日子里，两岸应该继续加强在海洋渔业、海上搜救等领域的合作与交流，共同维护海上秩序和安全稳定。此外，有观察人士指出，美国因素也可能对这次事件产生一定影响。随着美国大选的临近，拜登政府可能不希望看到两岸关系持续紧张而影响自己的选情。因此，他们可能会通过某种方式向台方施压，促使其在处理这类事件时采取更加理性和负责任的态度。这种外部因素的变化也为两岸关系的未来发展带来了新的变数和挑战。总之，“314沉船事件”是一起令人痛心的海上事故，但它也为我们提供了反思和进步的机会。让我们共同期待两岸同胞能够携手合作、共克时艰，共同开创美好未来！
66765f9ffb88ab4b048dd664,https://mp.weixin.qq.com/s/iGaHWRrztxvXfNqpc66hjg,大陆渔船在金门外海翻覆2人不幸罹难，翻船的原因是什么？,2024,03,15,2024-03-15,金门外海的海域，一艘名为“闽龙渔61222”的大陆渔船不幸遭遇翻覆，导致两名船员悲惨罹难。这起事件发生在3月14日清晨，当时船上共有6名船员，他们在东碇岛西南1.1海里处的海域突然落入冰冷的海水中。金门海巡队接到消息后，迅速展开了搜救行动。两岸的相关单位在这次突发事件中展现了紧密的合作，共同投入救援工作。金门海巡队派出4艘船只，而大陆方面也紧急调派了直升机和海救船，全力搜救落海船员。经过一系列紧张而有序的搜救努力，6名落海船员终于全部被找到。其中4人及时被送往医院治疗，但令人痛心的是，还是有2人未能幸存。目前，这起翻船事故的具体原因仍在进一步的调查之中。这起悲剧不仅牵动了两岸人民的心，也引发了对海洋安全的深刻反思。金门县长陈福海表示，县政府将密切关注事态的进展，并提供必要的支援。网友们的声音也高涨，他们要求彻底调查翻船的原因，以防止类似事件的再次发生。海洋作业的艰辛与风险在这场意外中再次被凸显。渔民们为了生计，常在风浪中拼搏，面对无数未知与危险。一次小小的意外就可能导致不可挽回的损失。因此，两岸正在进行深入调查，无论是设备故障还是其他人为因素，都必须找出真相。同时，这起事故也提醒我们，海洋安全不容忽视。每一次出海对渔民来说都是一次生死较量。因此，加强海洋安全教育，提高渔民的自我保护意识，以及完善救援体系，是确保在紧急情况下能够迅速有效救援的关键。在这次不幸的海难中，两岸的紧密合作和迅速反应展现了人道主义精神的力量。救援行动的成功是两岸关系和合作的一个缩影，显示了在紧急情况下的团结和协作。事故发生后，金门县政府和相关部门迅速启动了应急机制，确保救援工作的顺利进行。此外，县长陈福海的积极参与和关注，体现了地方政府对民众安全的重视和对受害者家属的关怀。网友们的呼声也不可忽视，他们要求彻底调查事故原因，以防止未来发生类似事件。这种公众参与意识的提高，是社会进步和民主参与的体现。海洋作业的风险性再次被这起事故所凸显。渔民们在海上的艰辛工作和面临的风险，应得到社会的更多关注和尊重。同时，这也是对相关部门一个警示，需要加强对海洋安全的投入，提升应对突发事件的能力。在未来，两岸应继续加强合作，共同提高海洋作业的安全标准，完善救援机制，以保护那些在海上辛勤劳作的渔民们。只有这样，我们才能确保每一次出海都是安全的，每一位渔民都能平安归来。
66765f9ffb88ab4b048dd665,https://mp.weixin.qq.com/s/qApqX4NgP0eDXfBz02fqeA,突发！大陆渔船再度于金门外海翻覆5人落海，台海巡台军严阵以待,2024,03,15,2024-03-15,免责声明：本号对所有原创、转载文章陈述与观点均保持中立，以上内容资料、相关数据等均来源于网络，本文作者就以上或相关所产生的任何问题概不负责，亦不承担任何直接与间接的法律责任。内容仅供读者学习和交流。文章、图片等版权归原作者享有，如有侵权，请留言联系更正或删除。
66765f9ffb88ab4b048dd666,https://mp.weixin.qq.com/s/KMuSoaOKolWJ5Znd42HqzQ,管碧玲道歉不到24小时，又有大陆渔民金门遇难，凶手指向一个国家,2024,03,15,2024-03-15,请您点击上方蓝字关注“上海热线观察”，点评台湾时事，分析台海形势，爆料国际热点秘闻。“214恶性撞船事件”刚过去一个月，2名遇难渔民家属终于等到了台海巡署包括管碧玲、许静芝等人的道歉。然而，在管碧玲道歉不到24小时，同样在14日，同样的地点，又传来大陆2名渔民遇难事件的消息，最具嫌疑的幕后凶手指向了一个国家！背后是否隐藏着更大的冲突和危机?3月14日，金门东碇岛1.1海里处，大陆的“闽龙渔61222”号渔船倾覆，其中6人落水，2人获救，2人遇难，还有2人至今下落不明。搜索工作仍在进行，由台湾金门海巡队的4艘巡防艇与大陆6艘救援船舰协力执行。我们祈祷天佑，希望失联的两位渔民能够安然无恙地返回。令人诧异的是，这已经是大陆渔船在一个月内连续发生的第二起渔民遇难事件，且都发生在14日。怎么看都有些阴谋的味道，台海两岸一场未知的危机正逐渐酝酿。先让我们回顾一下台方对“214恶性撞船事件”的道歉！3月14日，据台媒报道，台湾“海委会主委”管碧玲指出在搜救和紧急响应操作上有所疏漏。缺少关键视频资料使得事件的处置不仅慢而且缺乏透明度，导致遇难者家属在煎熬中等待真相，并遭受了极大的心痛。另外，管碧玲承认需要进行彻底的反思，并向大众再度道歉。她进一步说明，台湾“海洋委员会”已命令“海巡署”设立专责小组去彻查工作程序及装备管理流程。这表明台当局已经意识到需要在报告系统以及证据搜集方面进行改善。然而，中国大陆方面希望台湾当局除了口头道歉之外，也采取更多实际行动，给予遇难者家属以及两岸民众一个令人满意的解释。正在我们等待台当局进一步给出交代之时，悲剧再次发生!对于3.14日的“金门渔民遇难事件”，到底是什么原因引起的，目前还有官方通知。但有迹象显示，某些外部势力，似乎正有意的利用此事件煽动两岸关系的紧张。当然，这样的分析也并非空穴来风。据海洋气象报告，在事故发生时，金门海域并无大型风浪，且其他渔船正常捕鱼，没有出现类似情况。关于机械故障的情况也几乎可以排除，因为执掌捕鱼网的渔工们拥有丰富的从业经验，他们习惯在每次启航前对渔船进行彻底的检查工作，导致船只倾覆由于机械故障的事件极为罕见。事实上，在几乎相同的地点，日期和背景下，两次相同的事故发生，其概率极低。而在解放军空海演习的威慑之下，台当局刚刚因为害怕惹怒大陆而道歉，更不会在这个紧要关头再次冒险，挑衅大陆。那么，真正的嫌疑方反而可能是其他国家，比如美国。观察当前形势，俄乌冲突和巴以矛盾已经将国际社会的焦点集中于欧亚大陆，美国作为西方世界的领导者，其对于全球战略资源分配和外交策略自然毋庸置疑。因此，不难想象美国能有意无意地在其他区域制造紧张局势从而分散对手的注意力，如中国大陆与台湾岛之间的关系便是一个典型的切入点。具体到“闽龙渔61222”号渔船倾覆案件，该事件发生在距离金门东碇岛仅1.1海里之处，接近海岸线的地点理论上确实为蛙人的水下活动提供了便利。同时，我们也注意到今年2月份有关美军特种部队“绿色贝雷帽”进驻金门岛的消息，这为一些人揣测美国特工可能牵涉其中提供了可疑的背景。针对上述情况，有两种可能：一种是确实存在外部势力干涉此次事件，如果这种情况最终被证实，那将是对中国大陆的严重挑衅，且这种行为无疑将对区域和平构成威胁，加剧两岸的紧张关系。此举若被认定为美国所为，将进一步损害中美之间原本即处在紧张氛围中的关系，并可能激起中国方面的反应。另一种可能是这只是一个单纯的海难事故，我们应待官方调查结果出炉后再做判断。无论结论如何，我们都应保持较为客观和理智的态度。事件背后的真相需要通过深入调查才能得以澄清，任何早期的猜测都可能因缺乏证据而导致错误的判断。在此，观察者呼吁公众保持冷静，等待权威的调查结果，同时保持警惕，关注可能对区域稳定产生负面影响的外部势力干预行为。观察者认为，314“金门渔民遇难事件”，咋们可以等一等事件真相，但美军近期在台湾的动作可是不等人!近期，美台双方启动了重大的军事合作计划。其内容不仅包括美国军事顾问在台湾金门与澎湖地区的长期驻扎，而且美军的特种部队将直接参与台湾的军事训练。此类举措无疑进一步拉紧了美台之间的军事纽带，并呈现出一种对中国大陆的明显挑衅。台海局势因此愈发紧张，大陆方面对此类行为的回应是增强在金门以及台湾岛周边水域的军事演习，加上疏浚航道等活动，此外大陆多部门也表示将用更有效的实际行动推动统一。“214恶性撞船事件”，将成为影响两岸关系发展轨迹的重要节点。如果此事件继续发酵，它可能加速促使大陆寻找其他非和平方式，来解决两岸统一的问题。同时，我们必须清醒的认识到，民进党当局持续依赖美国的军事支持搞“台独”，他们似乎误以为通过与美国的军事接近能够获得安全保障或者提高其政治地位。然而，事实往往更为复杂，并不是所有的国际支持都转化为实际的战略优势。依赖外部力量的策略可能会引发不稳定，而且若无法正确评估形势和后果，台湾可能会为此付出沉重的代价。欢迎您下方左侧一键分享至朋友圈，同时点击右侧【点赞】与【在看】，获得更多好文推荐！
66765f9ffb88ab4b048dd667,https://mp.weixin.qq.com/s/60TlD-DU6zOvCg0Iip2kMQ,【震惊！】大陆渔船金门翻覆，2人不幸丧生，救援行动仍在进行中！,2024,03,15,2024-03-15,【震惊！】大陆渔船金门翻覆，2人不幸丧生，救援行动仍在进行中！今天一早，我们听到了一个令人痛心的消息。据台湾《联合报》报道，3月14日6点多，大陆渔船“闽龙渔61222”在金门东碇岛西南1.1海里处翻覆，船上5名大陆船员落海。尽管救援行动正在紧张进行，但令人痛心的是，已有2人不幸罹难。在这起令人痛心的事件中，我们首先要关注的是那些勇敢的海上救援人员。金门海巡队已派出4艘船前往救援，大陆方面也出动了直升机与救援船。中时新闻网称，大陆已派遣直升机6架次、救援船等，在沉没点20海里半径范围内执行搜救任务。两岸相关单位都在全力以赴，希望能够尽快找到失踪的船员，并尽可能减少伤亡。接下来，让我们了解一下这起事件的背景信息。据报道，这艘大陆渔船是在金门东碇岛附近翻覆沉没的。金门县长陈福海闻讯后，要求相关单位保持关注与必要的支援，并希望落海的漳州渔民能够平安获救。然而，不幸的是，尽管救援行动进行得十分迅速和有效，但仍然有2人失去了生命。在这起事件中，我们需要关注几个关键点。首先，我们需要了解事故的具体原因，以便预防类似事件再次发生。其次，我们要关注失踪船员的搜救情况，希望他们能够尽快被找到并脱离危险。最后，我们要对参与救援的人员表示敬意和感谢，正是他们的勇敢和付出，才使得搜救行动得以顺利进行。面对这起令人痛心的悲剧，我们深感惋惜和悲痛。我们向那些不幸罹难的船员表示沉痛的哀悼，向他们的家人和朋友致以诚挚的慰问。同时，我们也要向那些参与救援的人员表示敬意和感谢，正是他们的勇敢和付出，让我们看到了希望和力量。在这起事件中，我们看到了两岸同胞之间的团结和友爱。无论是金门海巡队还是大陆救援人员，都在全力以赴地搜救失踪船员。这种跨越海峡的救援行动，不仅展现了同胞之间的深厚情谊，也让我们更加坚信，在困难和危险面前，两岸同胞会携手共进，共同面对挑战。让我们为那些参与救援的人员点赞，为他们的勇敢和付出致敬。同时，让我们也为那些不幸罹难的船员默哀，愿他们在天堂安息。希望失踪的船员能够尽快被找到，希望这样的悲剧不再发生。最后，我们要呼吁广大网友，关注这起事件的进展，为失踪船员祈祷，为救援人员加油。同时，我们也要反思这起事件，提高安全意识，共同维护海上安全。让我们携手努力，为创建一个更加安全、和谐的社会贡献自己的力量！让我们在评论区留下你的看法和祝福，为失踪船员祈祷，为救援人员加油！同时，也别忘了分享这篇文章，让更多的人了解这起事件的进展，共同关注海上安全！
66765f9ffb88ab4b048dd668,https://mp.weixin.qq.com/s/q7Z_yDAg_qjzNlMywPrUDw,台军退将称：无论如何，大陆都不可能停止给金门供水，原因很简单,2024,03,15,2024-03-15,据环球网援引台湾《联合报》3月14日报道，（14日）一早6点多，大陆渔船“闽龙渔61222”在金门东碇岛西南1.1海里（距离翟山西南15海里）翻覆，船上5名大陆船员落海，目前大陆方面已救起1人，仍有4人待救。中时新闻网称，大陆已派遣直升机6架次、救援船等，在沉没点20海里半径范围内执行搜救任务。金门海巡队也已派出4艘船前往抢救中。金门县长陈福海闻讯后也要求相关单位保持关注与必要的支援，并希望落海的漳州渔民能够平安获救。对于这一突发事件，目前金门县县长及中国国民党“立委”都做出了表态。国民党知名政客陈玉珍就表示：“如果是台湾人不幸出了这种事，相信大陆的船只也一定会协助搜救的，这是我们的默契”。而金门县县长陈福海在得知船翻覆后，也是第一时间通知相关人员迅速支援，并表示：期盼所有人都能平安。如此情形下，不知大家发现没有，对于2月14日金门海域发生的撞船事件中，一个值得关注的现象是，中国国民党和金门当地官员对此事表达了关切，而民进党当局却保持沉默。此外，台湾“海委会”和台军高层在事件发生后仍然持有强硬立场。金门地方官员与福建地区一直保持良好关系，他们与民进党当局并非一条心。金门民众对民进党的行为表示不满。台湾军退将栗正杰对此问题提出了两个观点：首先，栗正杰认为大陆对民进党采取了两手策略，即“军方吃紧，民众紧吃”。这表明大陆军方对台军及“分裂”势力保持高度警惕。例如，在台湾“副总统”萧美琴访问美国期间，大陆很快就得知了这一消息，并随即派出战机进入所谓的“台领空”。其次，栗正杰认为，无论事态如何发展，未来福建也并不会停止对金门供水。栗正杰认为，所谓的“军方吃紧”是指大陆军方对台军及“台独”盯得很紧。这两天，台未来所谓的“副总统”萧美琴去了一趟美国，她本来是打算保密的，谁知很快北京就知道了。于是，我军战机起飞，14架次战机进入所谓的“台领空”。而所谓“民众紧吃”，指的是自大陆宣布金门水域不存在限制后，大陆渔民的活动范围比之前可就大多了，个个都打算加开业务。在这种情况下，栗正杰认为福建不会停止对金门供水，原因很简单：没必要。一方面，金门离福建非常近，大陆什么时候想收回来都很方便。金门的中心离厦门仅有10公里的距离，但离台湾本岛则有210公里。现在金门人很多在当地有房子，在厦门也有房子，可以说他们是加强两岸交流的最好使者。因此，大陆不可能断掉金门的供水。另一方面，虽然金门还有台军驻军，但也仅有3000多人而已，这与顶峰时期的“台军10万人守金门”已经完全不一样了。因此，大陆也完全没有必要为了打击这么一丁点台军而为难金门百姓。栗正杰的判断是有道理的，自2月14日金门海域发生撞船事件以来，中国大陆方面的态度始终明确：并未打算对金门民众施加困难。尽管许多大陆网友因事件中两位渔民的遇害，而义愤填膺呼吁采取断水断电等手段作为报复，但官方的态度显然更加冷静和审慎。在这一点上，我们要相信政府会给出更合适的处理方式。局势会变化，手段会变化，但中国维护国家统一和领土完整的决心是坚定不移的。
66765f9ffb88ab4b048dd669,https://mp.weixin.qq.com/s/6F_TM8cMlutEkOJAd9O20Q,渔船事件大陆再次反制，金门海域开启大基建，管碧玲道歉为时已晚,2024,03,15,2024-03-15,"在这场渔船事件和随之而来的谈判中，看到了台当局的拒不配合的态度，一副“摆烂”的样子。台当局在面对大陆方面的举动时，其反应可以说是步步失策，最终导致了谈判的破裂和对方进一步的反制措施。而台当局的这种敷衍态度，直到事态严重时才开始尝试道歉，无疑是“临时抱佛脚”，远远不够看的。大陆渔船在台岛外海6海里挺进并插旗宣誓主权的行为，无疑是一次明显的领土主权宣示。面对这一行为，台“海巡署”的无动于衷，无异于对这种宣示的默认。而随后，大陆方面在金门海域派出多艘挖泥船进行疏浚，这不仅是对海洋权益的进一步行使，更是在地缘上的一种深远布局。金门海域的刘五店航道疏浚项目，从表面上看似乎只是一个普通的海洋工程，但其实质意义远远超出了工程本身。疏浚完成后，厦门地区的船只能自由进出所谓的“限制水域”，这无疑会削弱台军在小金门和大胆岛上的联系与防御能力，进一步改变两岸的军事平衡。台“海巡署”对这一行动的无力回应，更是暴露了其能力上的不足和战略上的短视。而台“陆委会”的表态，似乎是在试图为自己的无作为找寻一个合理的解释，但这样的解释在明显的事实面前显得苍白无力。更何况，当大陆方面出动全球顶尖的大型挖泥船“金广号”时，其技术和规模上的优势。让台“海巡署”面对这样的“庞然大物”时只能望船兴叹，这不仅是实力上的差距，更是策略上的落后。当前,大陆在金门海域的大基建计划正如火如荼地展开,这对两岸关系无疑将产生深远影响。第一,政治上的考量那是相当不一般。大陆这是在明目张胆地""秀肌肉"",生怕对岸的那些人看不到似的。别看人家以前只是派海警船在金门溜达,现在直接动真格的了——疏浚航道,还把小金门和大担岛一分为二。这叫什么?这叫""先礼后兵""!台当局这下子有苦说不出,只能在一旁干瞪眼。第二,经济利益那也是杠杠的。厦门这个国际大港口,货物吞吐量那是相当可观,这不,大陆经济蒸蒸日上,货运量只会越来越多。这个时候搞航道改造,那是必须的!现在航道太浅,大船过不去,等疏浚完了,万吨巨轮那也是随便来。你想啊,大船一来,货运量蹭蹭往上涨,这个经济效益,那是相当可观的!第三,捕鱼业也沾光不少。随着渔船吨位越来越大,像刘五店这种浅水航道,那是捞不到大鱼的。等疏浚完了,大渔船也能来捞一票了。你想啊,大渔船一来,那渔获量,还不是噌噌噌地往上涨?渔民们的钱袋子,那是要鼓起来咯!第四,还有安全因素。这个航道一疏通,那可不得了。解放军的大家伙们,像两栖登陆舰、驱护舰什么的,那是能随便来去了。万一哪天要""武统"",直接杀个回马枪,从侧面登陆,那对面还不是一个措手不及?总之,这个大基建呐,那是利国利民的好事，两岸同胞都拍手称快。受到目前的情况，管碧玲不得不低下头道歉。她的道歉就跟没道歉一样,只字不提渔船事件,只是为自己办事拖拉表示歉意。这种敷衍了事的态度,真让人觉得台湾当局根本就没把大陆渔民的生命放在心上。要知道,这可是人命关天的大事啊!渔船倾覆那么多人不幸遇难,家属们伤心欲绝,你们就这么一点诚意都没有?就算渔船真的越界了,你们也应该先表达哀悼之意,再谈其他吧?可这回连个诚恳的道歉都没有,真让人哭笑不得。台当局是不是把自己逼上梁山了，才知道悔恨当初。大陆方面肯定会对此事采取反制措施,到时候可就玩大了。你们现在这种敷衍塞责的做法,除了将来吃亏,根本就没有任何好处。本来以为管碧玲这次会有个痛改前非的机会,谁知道还是这副死不认错的老毛病。真不知道台当局是怎么想的,难道就这么看不起大陆渔民的生命吗?只能说,你们要是再这样下去,迟早会为自己的傲慢付出代价的!"
66765f9ffb88ab4b048dd66a,https://mp.weixin.qq.com/s/usP0CzITkDrlPI6za5sWpA,金门撞船事件：真相披露与责任追究,2024,03,15,2024-03-15,       金门渔船撞船事件震惊两岸，台湾海峡风云再起，舆论哗然。在这场由误导、隐瞒和争议构成的风暴中，台湾“海委会”负责人管碧玲的道歉是否能平息民怨？国台办的指责是否能迫使民进党当局认清问题所在，追究责任？让我们深入探讨事件真相，审视责任边界，共同见证金门事件的解决之路。       2月14日，一场悲剧在厦金海域悄然上演，一艘渔船与海巡船相撞，导致4名船员落海，其中2人不幸遇难。随后，事态逐渐升级，民间对事件真相的追问与台当局的沉默形成鲜明对比。事件处理过程中，各种指责与猜疑交织，舆论哗然，民怨沸腾。       面对民众质疑，台湾“海委会”负责人管碧玲在台湾“立法”机构内务委员会上发表致歉声明，表示对此事件的处理存在疏漏，并承诺对相关工作进行全面检讨。然而，这份道歉是否能够平息民怨，消解舆论的质疑，尚待时间的检验。       事件的背后是两岸关系的微妙交织。国台办发言人朱凤莲对管碧玲的态度表示不满，指责其推诿责任、冷漠对待遇难者家属，要求其停止伤害遇难者家属，给予一个交代。两岸交锋，民怨情绪，这场撞船事件的复杂性超出了我们的想象。       撞船事件的真相始终笼罩在迷雾之中。台当局的回应虽有所改变，但在真相披露和责任追究方面，尚未有实质性的进展。随着时间的推移，舆论的压力与社会的期待将会促使事件的真相浮出水面，责任的界定将成为舆论关注的焦点。       在处理这一事件中，各方应该勇于担当，追究责任，以实际行动向遇难者家属和社会公众交出一个满意的答卷。只有通过真相的披露和责任的追究，才能给受害者家属以慰藉，也才能为两岸关系的和平发展铺平道路。       金门撞船事件的处理将成为两岸关系发展的一个里程碑。无论是台湾当局还是大陆方面，都需要以更加开放和负责的态度来面对问题，真诚地解决矛盾，推动两岸关系的发展。希望通过各方的努力，金门撞船事件的阴霾能够尽快散去，两岸关系能够走向更加稳定与和平。       金门撞船事件的处理既是一场挑战，也是一次历练。我们期待各方能够以更加负责、开放的态度，推动事件的解决，为两岸关系的和平发展贡献力量。在真相披露和责任追究的道路上，让我们共同努力，共同前行。
66765f9ffb88ab4b048dd66b,https://mp.weixin.qq.com/s/vCjN8tpfRZoE7viUD06Ijw,2艘4000吨军舰入列，蔡英文赖清德公开叫板！大陆60艘渔船包围金门,2024,03,14,2024-03-14,👆点击上方蓝字，关注“杧果视点”，第一时间获取更多国际资讯动态！台当局这回果真是狂过头了！金门惨案已过去一个月，台当局至今拒绝道歉，究其根本是台当局“台独”心思作祟，但就在蔡英文赖清德公开叫板后，大陆60艘渔船包围金门，两岸关系何去何从？2艘4000吨军舰入列，蔡英文赖清德公开叫板国人聚焦于两岸局势之际，大陆采取了一系列有着重要战略意义的举措，包括展开刘五店新航道的疏浚作业等。岛内认为大陆的行动意味着，台当局所谓的“五权”将会被大陆逐步削弱直到消除，即海权、航权、空权、外交权以及主权。更多精彩内容
66765f9ffb88ab4b048dd66c,https://mp.weixin.qq.com/s/9QAUJzTHPWe3YF7bkBT2gQ,【事故】金门又一渔船沉没， 致2人罹难丨海员之家,2024,03,14,2024-03-14,浪袭致渔船倾覆，两船员不幸离世3月14日一早6点多，福建渔船“闽龙渔61222”在厦门-金门海域遭浪袭翻覆，船上6名船员落海行踪不明。据悉，目前落海的6名船员已全部寻获，4人送医、2人不幸罹难。两岸救援单位第一时间展开救援事发后，海事救援组织在第一时间发现相关的求救信号后，立即前往出事的地点展开营救。期间，派遣了厦门S-76C型直升机6架次、海救船“1130”、海巡舰“08707”及“08805”等于沉没点20里半径范围内执行搜救任务。而据台湾《联合报》报道，“闽龙渔61222”在金门东碇岛西南1.1海里（距离翟山西南15海里）翻覆。报道称，金门海巡队也曾派出4艘船前往救援，台海巡在7时24分也通知渔会广播在航的商渔船前往搜救。事发地位于福建省漳州市龙海区东碇岛附近，由金门县实际控制，离金门岛约27公里左右，离漳州龙海海岸仅15公里左右。东碇岛正处于厦门港主航道进出台湾海峡的海域，来往船只络绎不绝，航道繁忙。东碇岛水况复杂，自然灾害层出不穷，两岸也有必要通过沟通来制定一整套完备的相互救助计划。此前台湾海巡队暴力执法至两渔民离世2024年2月27日，“2.14台撞击大陆渔船致渔民死伤恶性事件”发生后，事件生还渔民证实，是台海巡部门舰艇冲过来将渔船撞翻。而金门地检署已确定两船不只一次碰撞，与海巡队伪证词完全不符！台湾方面对恶性撞船事件 无情、无义、无理！3月13日，中华人民共和国国台办举行例行新闻发布会，发言人陈斌华就“2·14”恶性撞船事件相关提问回答记者。陈斌华表示，遇难者家属和相关人员为什么离开金门，他们当天已经作了完整说明，相信大家都已了解。人命关天，明明是台湾方面粗暴对待大陆渔民导致渔船翻覆、人员死伤，但事发至今，家属连一句道歉都等不到，连一个真相也得不到，台湾方面还在以所谓“调查程序”来拖延问题解决，以所谓“执法”来推诿卸责，他们才是真正的“三无”：无情、无义、无理！民进党当局只有正视问题、端正态度，拿出解决问题的诚意，“2·14”恶性撞船事件的善后协商才能重启。企图拖延时日蒙混过关，恐怕是打错了算盘。 陈斌华表示，对民进党当局无视大陆渔民生命财产安全、伤害两岸同胞感情的粗暴行径，我们决不容忍、决不姑息。我们再次严正要求台方尽快公布事实真相，严惩相关责任人，向遇难者家属道歉，满足遇难者家属合理诉求，给遇难者家属和两岸同胞一个交代。免责申明：本文来源网络，整理获得；仅代表作者观点，不代表中国海员之家立场。其真实性及原创性未能得到中国海员之家证实，在此感谢原作者的辛苦创作，如转载涉及版权等问题，请作者与我们联系，我们将在第一时间处理，谢谢！联系邮箱：cnisu@54seaman.com
66765f9ffb88ab4b048dd66d,https://mp.weixin.qq.com/s/gUhng1zVc10llD0MSrSaHA,一渔船金门海域翻覆，两岸联手救援，2人不幸遇难,2024,03,14,2024-03-14,大家好我又飞来传消息啦一福建籍渔船在金门海域翻覆船上2名船员遭遇不测具体内容请大家继续往下看↓↓↓新闻回顾3月14日，从金门海巡队获悉，当日清晨一艘大陆渔船“闽龙渔61222”在金门海域遭浪袭翻覆，船上6名船员落海行踪不明。又有福建渔船在金门海域翻覆，随后两岸展开联合救援。据悉，事发后台海巡部门出动4艘船舰前往事发海域救援。大陆也动员多艘舰艇及直升机，共同执行搜救任务。金门县长陈福海闻讯后也指示相关单位保持关注与必要的支援，并盼落海的渔民能够平安获救。根据金门海巡队最新消息指出，落海的6名船员已全部寻获，4人送医、2人不幸罹难。金门海巡队初步判定，渔船为触礁沉没，具体情况还需进一步调查。福建多部门已出动救援船艇、救援直升机进行搜救工作，并通知周边的渔船、商船帮助救援。愿逝者安息希望所有出海船只都能平安归来今天的内容到这儿就结束了关注我获取更多海事资讯看完的大哥留个赞吧· 👉货船被台风吹上滩涂搁浅走红，游客攀船打卡 · 👉一钓鱼船遇大风浪，珠海通过打击非法海钓行为· 👉苏州一老人下渔网失足落水，消防员营救
66765f9ffb88ab4b048dd66e,https://mp.weixin.qq.com/s/YWP28XT81v40wu8deJarJw,一福建渔船在金门外海翻覆，6人落海！目前已救起2人,2024,03,14,2024-03-14,据央视新闻：记者从相关部门了解到，3月14日2时58分，“闽龙渔61222”渔船在东碇岛附近海域沉没，船上6人。目前已救起2人，其余4人正在搜救中。另据环球网报道：据台湾《联合报》3月14日报道，“闽龙渔61222”系在金门东碇岛西南1.1海里（距离翟山西南15海里）翻覆。报道称，金门海巡队已派出4艘船前往救援，大陆也出动直升机与海救船前往救援，目前搜救任务进行中。来源：央视新闻、环球网回南天：我又要回来啦！@广西人 你的衣服都晒好了吗？隧道内打开车门恶意别车？交警通报：拓某(男，14岁)，无证驾驶！我国首次！恭喜，他们结婚了！全网祝福
66765f9ffb88ab4b048dd66f,https://mp.weixin.qq.com/s/oAtMANTUygUCmJf5GyMY2A,又有大陆渔船在金门海域翻覆，已致两人遇难！两岸联合搜救,2024,03,14,2024-03-14,据南都报道，3月14日清晨一艘大陆渔船“闽龙渔61222”在金门海域遭浪袭翻覆，船上6名船员落海行踪不明。据悉，目前落海的6名船员已全部寻获，4人送医、2人不幸罹难。大陆渔船金门海域翻覆，两岸展开联合救援。据悉，事发后台海巡部门出动4艘船舰前往事发海域救援。大陆也动员多艘舰艇及直升机，共同执行搜救任务。金门县长陈福海闻讯后也指示相关单位保持关注与必要的支援，并盼落海的渔民能够平安获救。金门海巡队最新消息指出，落海的6名船员已全部寻获，4人送医、2人不幸罹难。南都此前报道，2月14日下午，福建一艘渔船在金门海域被台方驱离，导致船上4人全部落海，其中2人死亡。此前，因存在台方声称执法过程无录影搜证、涉事海巡艇与巡防区的无线电通联录音公布不完整等情况，舆论不断发酵。来源：南方都市报-内容仅代表笔者观点，不代表搜狐立场--点击左下角 “阅读原文”看更多精彩新闻评论-
66765f9ffb88ab4b048dd670,https://mp.weixin.qq.com/s/xePH21y5XINn7sQKs3c2pw,台媒：​大陆渔船金门外海翻覆，两岸联手搜救，生死未卜！,2024,03,14,2024-03-14,今天一早，一个震撼的消息迅速在两岸传开：大陆渔船“闽龙渔61222”在金门东碇岛西南海域翻覆，船上5名大陆船员瞬间落海，生死未卜。这起突发事件不仅牵动着两岸同胞的心，也再次提醒我们海洋渔业的风险与挑战。据悉，事发时正值清晨，海面上雾气弥漫，能见度极低。渔船突然翻覆，5名船员瞬间被巨浪卷入大海。在这生死攸关的时刻，两岸迅速行动起来，展开了一场与时间赛跑的搜救行动。大陆方面反应迅速，立即派遣直升机与海救船前往事发海域。天空中，直升机盘旋搜索，海面上，救援船只穿梭疾行。而金门海巡队也紧急出动，派出4艘船只前往救援。两岸搜救力量在海上会合，共同展开搜救行动。此时的海面波涛汹涌，搜救工作异常艰难。但两岸搜救人员毫不退缩，他们克服重重困难，冒着生命危险，在海上展开了一场生死大营救。随着搜救行动的深入，一条条搜救信息不断传来。但令人揪心的是，截至目前，仅有1名船员被成功救起，其余4人仍下落不明。这4名船员的生死牵动着所有人的心，也考验着两岸搜救人员的耐心和毅力。在这关键时刻，两岸同胞纷纷伸出援手，通过各种渠道关注着搜救进展。金门县长陈福海也亲自过问此事，要求相关单位保持关注与必要的支援，并希望落海的漳州渔民能够平安获救。这起事件再次让我们看到了两岸同胞血浓于水的深厚情谊。在生死面前，两岸同胞不分彼此，携手共渡难关。这种亲情与友爱，是任何政治分歧都无法割舍的。同时，这起事件也提醒我们，海洋渔业是一项高风险行业。渔民们常年在海上劳作，面临着恶劣天气、海况复杂等多重挑战。我们应该加强对海洋渔业的安全监管，提高渔民的安全意识，为他们提供更加完善的保障措施。此外，两岸之间的合作与交流也是解决海洋渔业问题的关键。通过加强两岸在海洋渔业领域的合作，我们可以共同应对海洋渔业面临的挑战，推动海洋渔业的可持续发展。在这场搜救行动中，两岸同胞展现出了团结一心、共克时艰的精神风貌。我们相信，在两岸同胞的共同努力下，一定能够找到失踪的船员，让他们平安回到家乡。这起事件不仅让我们看到了两岸同胞的团结与友爱，也让我们对海洋渔业的安全问题有了更加深刻的认识。我们应该珍惜这份情谊，加强两岸交流与合作，共同推动海洋渔业的健康发展。最后，让我们再次为参与搜救的两岸同胞点赞！他们的勇敢与担当，让我们看到了人性的光辉。同时，也让我们为失踪的船员祈祷，希望他们能够尽快被找到，平安归来。这场搜救行动还在继续，我们将持续关注事件的进展，为大家带来最新的消息。同时，也希望大家能够关注海洋渔业的安全问题，为渔民们的安全保障贡献一份力量。在这个特殊的时刻，让我们携手并肩，共同为失踪的船员祈祷，为两岸的和平与发展贡献力量。相信在两岸同胞的共同努力下，我们一定能够克服一切困难，迎来更加美好的未来！
66765f9ffb88ab4b048dd671,https://mp.weixin.qq.com/s/36d0dfKAC_xeJOtDxtKQow,台媒：大陆渔船金门外海翻覆，5人落海，两岸都出动力量搜救,2024,03,14,2024-03-14,据台媒体3月14日报道，今天（14日）一早6点多，大陆渔船“闽龙渔61222”在金门东碇岛西南1.1海里（距离翟山西南15海里）翻覆，船上5名大陆船员落海，目前大陆方面已救起1人，仍有4人待救。报道称，金门海巡队已派出4艘船前往救援，大陆也出动直升机与救援船前往救援，目前搜救任务进行中。报道称，14日一早6点多，一艘大陆渔船在东碇岛附近翻覆沉没，目前两岸相关单位都在救援中，台海巡在7时24分也通知渔会广播在航的商渔船前往搜救。中时新闻网称，大陆已派遣直升机6架次、救援船等，在沉没点20海里半径范围内执行搜救任务。金门海巡队也已派出4艘船前往抢救中。金门县长陈福海闻讯后也要求相关单位保持关注与必要的支援，并希望落海的漳州渔民能够平安获救。
66765f9ffb88ab4b048dd672,https://mp.weixin.qq.com/s/TGU66B-Otk0VwDN6-dFKMw,大陆渔船金门翻覆，多个细节彰显“先救人”共识，两岸默契仍在 - 凤凰观察,2024,03,14,2024-03-14,据台湾媒体报道，台湾搜救指挥中心3月14日接报称，一艘大陆漳州渔船“闽龙渔61222”于金门西南15里处遭浪袭自翻沉没，船上6名陆籍船员落海。两岸相关单位展开救援，有4人获救，2人不幸溺亡。‍‍
66765f9ffb88ab4b048dd673,https://mp.weixin.qq.com/s/00kcUnqJqWKSRd4-0wSvgA,惊人！金门海域大陆渔船翻覆，两人不幸丧生，两岸紧急联手搜救！,2024,03,14,2024-03-14,两岸携手救援，金门海域翻覆渔船船员终获救3月14日清晨，金门海域的一则消息牵动了无数人的心——大陆渔船“闽龙渔61222”遭遇海浪袭击翻覆，船上6名船员瞬间落海，生死未卜。在紧急关头，两岸海巡部门迅速反应，联手展开了一场惊心动魄的搜救行动。事发后，台海巡部门迅速调集4艘船舰，冒着风浪疾驰事发海域。与此同时，大陆方面也紧急动员，多艘舰艇及直升机迅速出动，与台方船只协同作战，共同执行搜救任务。两岸救援力量在海面上紧密配合，形成了一道坚实的救援防线。金门县长陈福海在得知消息后，立即指示相关单位保持高度关注，并提供必要的支援。他深知，每一分每一秒都关乎着落海渔民的生死，因此要求救援人员全力以赴，尽快找到失踪的船员。经过紧张而有序的搜救，好消息终于传来——落海的6名船员已全部寻获。4名船员被及时送往医院接受治疗，而另外2名船员则不幸罹难。这一消息让所有人都松了一口气，同时也为那两位逝去的生命感到痛惜。回顾这次事件，我们不禁为两岸救援人员的迅速反应和高效协作点赞。在生死攸关的时刻，他们挺身而出，用实际行动诠释了“生命至上”的理念。同时，我们也要为那些勇敢的渔民点赞，他们在面对危险时，依然坚守岗位，保护着渔船和同伴的安全。然而，这起事件也给我们敲响了警钟。金门海域作为两岸交往的重要通道，安全问题不容忽视。近年来，该海域已经发生了多起渔船翻覆事故，其中不乏人员伤亡的情况。这些事故的背后，既有天气、海况等自然因素的影响，也有人为因素的作用。因此，我们呼吁两岸相关部门加强合作，共同制定更加严格的安全规范和管理措施。一方面，要加强对渔民的培训和教育，提高他们的安全意识和应对突发事件的能力；另一方面，要加强海上监管和巡逻力度，及时发现并处理安全隐患。此外，对于涉及两岸关系的敏感问题，我们也应该保持冷静和理性。在处理类似事件时，应坚持事实为依据、法律为准绳的原则，避免过度解读和炒作。同时，要加强两岸之间的沟通和交流，增进相互理解和信任，为两岸关系的和平发展创造更加良好的氛围。在这场搜救行动中，两岸携手并肩、共克时艰的精神得到了充分体现。我们相信，在未来的日子里，两岸将继续加强合作与交流，共同推动两岸关系的和平发展。此次事件也让我们深刻认识到，生命是如此的脆弱和宝贵。在面对自然灾害和人为事故时，我们需要更加珍惜生命、关爱他人。同时，我们也应该积极参与到各种安全宣传和公益活动中去，提高自己的安全意识和应急能力。让我们携手共同努力，为创建一个安全、和谐、美好的社会环境贡献自己的力量。在这个过程中，我们不仅能够体验到团结合作的力量和温暖，更能够收获到成长和进步的喜悦。最后，让我们再次为那些参与搜救的救援人员点赞，为那些勇敢的渔民祈祷。愿逝者安息，生者坚强；愿两岸关系更加和谐融洽，共同迈向更加美好的未来。在这场惊心动魄的搜救行动中，我们不仅看到了两岸救援人员的英勇无畏和高效协作，更感受到了生命的脆弱和宝贵。让我们铭记这次事件带给我们的教训和启示，以更加积极的态度面对生活中的挑战和困难。同时，也让我们期待两岸关系在未来能够继续朝着和平、稳定、繁荣的方向发展，为两岸同胞带来更多的福祉和希望。原创不易，如果您觉得这篇文章对您有所启发和帮助，请点赞、分享，让更多的人看到并感受到两岸同胞之间的深情厚谊和团结力量。
66765f9ffb88ab4b048dd674,https://mp.weixin.qq.com/s/1ecWPlBLIM9PpBdqlf6tPg,突发！台媒称大陆渔船在金门外海翻覆，5人落水,2024,03,14,2024-03-14,据台湾《联合报》3月14日报道，今天（14日）一早6点多，大陆渔船“闽龙渔61222”在金门东碇岛西南1.1海里（距离翟山西南15海里）翻覆，船上5名大陆船员落海，目前大陆方面已救起1人，仍有4人待救。报道称，大陆已派遣直升机6架次、救援船等，在沉没点20海里半径范围内执行搜救任务。金门海巡队也已派出4艘船前往抢救中。金门县长陈福海闻讯后也要求相关单位保持关注与必要的支援，并希望落海的漳州渔民能够平安获救。
66765f9ffb88ab4b048dd675,https://mp.weixin.qq.com/s/nJEfqk5gq1rsdjikXRFCzA,突发！台媒称大陆渔船在金门外海翻覆，5人落水，两岸都在搜救,2024,03,14,2024-03-14,台媒：大陆渔船金门外海翻覆，5人落海，两岸都出动力量搜救据台湾《联合报》3月14日报道，今天（14日）一早6点多，大陆渔船“闽龙渔61222”在金门东碇岛西南1.1海里（距离翟山西南15海里）翻覆，船上5名大陆船员落海，截至目前，已有2名遇险人员获救，寻获2名遇难人员遗体，仍有2人失联。搜救行动仍在紧张进行。台媒称，大陆渔船“闽龙渔61222”14日早在金门东碇岛西南1.1海里翻覆沉没，船上5名陆籍船员落海，金门海巡队出动4艘船前往救援。台湾《联合报》报道配图报道称，金门海巡队已派出4艘船前往救援，大陆也出动直升机与海救船前往救援，目前搜救任务正在进行中。台媒称，大陆渔船金门海域翻覆5人落海，两岸进行海空搜救。台湾中时新闻网报道配图报道称，14日一早6点多，一艘大陆渔船在东碇岛附近翻覆沉没，目前两岸相关单位都在救援中，台海巡在7时24分也通知渔会广播在航的商渔船前往搜救。中时新闻网称，大陆已派遣直升机6架次、救援船等，在沉没点20海里半径范围内执行搜救任务。金门海巡队也已派出4艘船前往抢救中。金门县长陈福海闻讯后也要求相关单位保持关注与必要的支援，并希望落海的漳州渔民能够平安获救。
66765f9ffb88ab4b048dd676,https://mp.weixin.qq.com/s/2Cpo-4YUCIPJ9uYHHohDrQ,突发！大陆一艘渔船在金门海域翻覆，已致2人遇难,2024,03,14,2024-03-14,这世上到处都是危机，没有人能预测到什么时候会有意外发生。2024年3月14号，一条关于“中国大陆渔船倾覆金门”的消息，在网上引起了极大的反响，也让很多人为之揪心。根据@南方都市报发布的消息，“闽龙渔61222”大陆渔船于今年三月十四日凌晨，在金门海面遭遇巨浪，发生倾覆，造成6人落水失踪；事发后，台海警局派出四艘船只，赶赴事发地点进行营救，而中共也动用了数艘军舰和直升飞机，协助搜寻。在搜救工作继续进行的过程中，6名落水人员已经获救，其中两人不幸遇难，另外四人正在医院接受治疗。关于这次事故的详细信息，我们现在还不清楚，请大家关注正式发布的信息。一次沉船事故，两名水手失去了宝贵的性命，这是一件非常可悲的事情，希望死者的家人能够安息，节哀顺变。对于“闽龙渔61222”在金门海域翻覆这一事件，作为新闻评论员，我认为该事故首先突显出海上作业安全的重要性。渔民们在保障国家粮食安全和海洋资源开发的同时，其自身的生命安全也不容忽视。渔船遭遇极端天气或其他突发状况时的应对能力、船只的安全维护与检验制度、以及船员的安全培训和应急演练等方面应当得到进一步加强和完善。两岸共同参与救援行动不仅体现了人道主义精神，也展现了在紧急情况下合作解决危机的可能性和必要性。搜救行动的成功展开，是两岸在非政治领域开展合作的一个缩影，尽管存在复杂的两岸关系背景，但在关乎人命安危的重大时刻，双方能够迅速响应并协调行动，这一点值得肯定和借鉴。此外，对于此类安全事故，事后调查同样至关重要。查明事故原因，厘清责任归属，可以有效预防类似悲剧的再次发生。建议相关主管单位在后续工作中，不仅要做好遇难者家属的抚恤与援助工作，还应深入细致地进行事故原因分析，提出改进措施，并加强对渔业安全管理法律法规的宣传与执行力度。最后，提醒公众关注海洋气象变化，提升安全意识，呼吁相关部门建立更加完善的信息预警机制，确保渔民在出海前能及时获取准确的气象信息，从而避免或减少因恶劣天气导致的海难事故。同时，推动建立更有效的两岸海上遇险联合救助长效机制，以保护更多海上作业人员的生命安全。
66765f9ffb88ab4b048dd677,https://mp.weixin.qq.com/s/kpesJ5ppTeoPNytjpqtAIw,突发！大陆渔民又在金门海域遇难！,2024,03,14,2024-03-14,作者 | 燕赤侠非常突然，上月14号发生的金门撞船恶性事件还没到底，一个月之后，同样的地点再次发生渔民遇难的悲剧！今天凌晨，福建龙海籍渔船“闽龙渔61222”轮在厦金海域沉没，船上6人落水。巧合的是，这两起悲剧刚好相隔1个月，都发生在14号，都是在厦金海域出的事。不过对岸的态度却在这一个月的时间里，发生了天差地别的变化。在过去很多年中，对岸一直用所谓的“海巡船”去袭扰大陆渔船。尤其是在民进党上台后，对岸挑衅的次数直线上升，还多次扣押大陆渔民进行罚款。从2016年开始到2023年，在民进党上台后的几年里，足足有83艘大陆渔船被对岸非法没收，对大陆渔民共造成2.88亿台币罚款，期间渔民出现不止一次的死伤情况。民进党的那点小心思大家都知道，就是因为“海巡船”不属于军事单位，这样不仅能挑衅大陆，还能控制局势，不会升级成军事对抗，从而无法收场。特别是在赖清德当选后，民进党当局大概率会做出进一步的挑衅，但是明面上的“台独”行为不敢做，就只能继续用这种方法。这也是美国方面希望看到的，只要不是军事对抗，美国都乐于在台海对大陆造成极限施压。只是这次大陆不再忍让，直接派出中国海警接管厦金海域的巡查执法权。我方也向台当局发出最后通牒，凡是与撞船事件有关的台方人员，必须一个不漏地交给大陆讯问。同时在本次两会的工作报告中，对于台湾的态度只剩下“统一”，“和平”二字已经不见踪影。对于大陆这次半步不让的强硬态度，台当局已经开始不知所措。就在今天凌晨的这次沉船事件中，台方的态度相比于之前，直接发生了180度的大转变。台媒表示，在大陆渔船沉没后，金门海巡队派出4艘船前往救援，大陆则是出动直升机与海救船前往救援，两岸共同进行搜救任务。金门县长陈福海闻讯后要求相关单位保持关注与必要的支援，并希望落海的漳州渔民能够平安获救。以上就是台媒对于这起事故的报道，其实早上刚看到的时候，还是挺感叹的。毕竟一个月前，台当局对待我大陆渔民的态度，甚至比海盗还恶劣。可经过大陆方面的不断敲打，短短一个月以后，台当局就开始主动上演了一出“两岸一家亲”的画面。如果台媒所言属实，对岸的这个态度确实有改进。但是我们要明白一点，台当局的态度转变不是出于对撞船事件的悔改，而是出于对大陆雷霆手段的畏惧。更何况我说的是如果，也就是说，台媒描述的“两岸一家亲”画面，并不一定是真的。果不其然，很快我方对这次事故的详细报道就出来了，只不过在对于救援的报道上，和台媒完全不一样。在我方的报道中能看到，大陆渔船沉没后，福建省海上搜救中心立即启动应急预案，组织开展搜救行动，调派海事、救助等专业力量赶赴事发海域开展海空搜寻救助，协调周边渔船、过往商船参与救助。据前方救援人员表示，初步判定渔船为触礁沉没，具体情况还需进一步调查。截至目前，已有2名遇险人员获救，寻获2名遇难人员遗体，仍有2人失联，搜救行动仍在紧张进行中。至于台媒所谓的两岸共同救援则是提都没提，倒不是我们不去说，而是台方压根就没有救援船前来搜救。根据事发海域的船舶自动识别系统图像所示，并没有发现一艘台方的船只，只有大陆的救援船在现场搜救。这就尴尬了，对岸本想塑造一个“两岸一家亲”的氛围，以此来缓和关系。但我方丝毫不给这个面子，直接戳穿了台方的把戏。尽管对岸这次被狠狠打脸，但确实可以看出台当局的态度变化，毕竟对于塑造“两岸一家亲”这种事情，以往都是大陆方面做的。可这次台方并没有搜救船只前来救援，却捏造出“两岸共同搜救”的假消息，硬要创造出“两岸一家亲”的和谐画面，这可真是前所未见。对岸的小心思无非就是想借坡下驴，但是我方的态度很明确，上次的撞船事件还没完！要知道，在今年5月20号，对岸台伪政权就将开始交接，到时蔡英文卸任，赖清德上台。如今赖清德高喊“蔡英文路线”，并以此作为自己未来几年的基调。不过大陆方面早已对所谓“蔡英文路线”做出定性，这就是完完全全的“台独”路线、对抗路线、害台路线，是导致台湾兵凶战危、民众利益受损、危及地区稳定的最大乱源。2016年以来，民进党当局顽固坚持“台独”分裂立场，拒不承认一个中国原则和“九二共识”，制造贩卖“两国论”，勾连外部势力谋“独”挑衅，肆意破坏两岸关系和平发展，粗暴阻挠限制两岸交流合作，不断推高台海形势紧张动荡。延续“蔡英文路线”，走谋“独”挑衅的邪路，走两岸对抗的老路，只会让台湾离和平、繁荣越来越远，离战争、衰退越来越近。现在距离赖清德接任还剩两个月时间，民进党本想借撞船事件挑衅大陆，借此表达自己的“台独”立场。可现在大陆态度坚决，并借此开始逐步接管厦金海域执法权，甚至开始在澎湖和台岛周边巡查执法。这是民进党当局完全没有想到的，此时最着急的就是准备接任的赖清德，这当头一炮直接把他打懵了。毕竟在两岸绝对的实力差距面前，民进党的那点小心思，没有任何用武之地。届时赖清德就会明白，他最大的作用，就是用来促进两岸统一！- End -文章写尽天下事，只为俯首看苍生！@关注和转发，就是最大的支持@为防失联，请添加小编微信：gss15732022
66765f9ffb88ab4b048dd678,https://mp.weixin.qq.com/s/owgbcbOYrrX8RGTQC0RT3A,突发！金门又出事了：大陆渔船又在金门海域翻船，已有二人遇难，两岸联合搜救！,2024,03,14,2024-03-14,请点击上方蓝色字体“阿贵读书”进行关注，每日免费洞察国际热点资讯，建立深度阅读关系！右上角“...”设为星标⭐3月14日清晨，金门海域，风高浪急，一艘大陆渔船“闽龙渔61222”在清晨的曙光中遭遇了突如其来的巨浪袭击，瞬间翻覆，船上6名船员落入波涛汹涌的大海，生死未卜。消息一出，立即牵动了亿万同胞的心，两岸再次联手展开了一场与时间赛跑的生死救援。事发后，台海巡部门迅速出动了4艘船舰，冒着风浪疾驰事发海域。与此同时，大陆方面也毫不迟疑，动员了多艘舰艇及直升机，共同执行搜救任务。两岸救援力量在海上会合，携手展开了一场惊心动魄的搜救行动。金门县长陈福海在得知消息后，立刻指示相关单位保持高度关注，提供必要的支援。他心系落海渔民，祈祷他们能够平安获救。海巡队的最新消息显示，经过紧张的搜救，落海的6名船员中已有2人不幸罹难，其余4人仍下落不明。这场意外不仅是对遇险船员的严峻考验，也是对两岸救援能力的重大检验。面对险情，两岸救援力量没有丝毫犹豫，迅速展开行动，彰显了同胞情深、血浓于水的真挚情感。回顾过去，类似的海上救援行动在两岸之间并非个例。每一次的携手合作，都见证了两岸同胞在面对自然灾害时的团结与互助。这次“闽龙渔61222”渔船翻覆事件，再次让我们看到了两岸同胞在危难时刻的守望相助。当然，我们也不能忽视这次事件背后所隐藏的深层次问题。为何渔船会在金门海域遭遇如此巨大的风浪？渔民的安全措施是否到位？这些问题都值得我们深入思考和探讨。对于渔民来说，海洋既是他们赖以生存的家园，也是充满未知与危险的战场。他们需要面对恶劣的天气、复杂的海况以及可能的非法捕捞等问题。因此，加强渔民的安全教育和培训，提高他们的自救能力，显得尤为重要。同时，两岸之间也应该加强合作，共同维护海上安全。通过加强信息共享、建立联合救援机制等方式，提高应对海上突发事件的能力。这样，当类似事件再次发生时，我们能够更加迅速、有效地展开救援行动，减少人员伤亡和财产损失。此外，我们还应该关注海洋环境保护问题。随着人类活动的不断扩展，海洋污染和生态破坏问题日益严重。这不仅影响了海洋生物的生存，也对渔民的生计造成了威胁。因此，加强海洋环境保护，实现可持续发展，是我们共同的责任和使命。在这场搜救行动中，我们看到了两岸同胞的团结与互助，也看到了人类面对自然灾害时的渺小与无力。让我们共同祈祷剩余落海的船员能够尽快被找到并安全获救，也让我们携手努力，为构建一个更加安全、和谐的海上环境而共同努力。最后，感谢所有参与搜救行动的人员，你们的付出与努力让我们看到了人性的光辉与温暖。让我们一起为这些勇敢的救援人员点赞，也期待两岸能够继续加强合作，共同书写更多感人至深的故事。如果你对这篇文章有任何看法或想法，欢迎在评论区留言讨论。同时，也请你关注我们的账号，我们将继续为你带来更多有趣、有价值的社会新闻内容。让我们一起关注世界的变化，共同见证人类社会的进步与发展！请点击【在看】+【点赞】我们的文章能让您产生共鸣和愉悦，分享给更多的朋友看到。知识在路上，感恩您阅读！
66765f9ffb88ab4b048dd679,https://mp.weixin.qq.com/s/4TaFFm3i0dDEbnhjiaAE5Q,突发：金门海域大陆渔船再次翻覆，台媒：4人救起送医，2人死亡,2024,03,14,2024-03-14,金门海域再现惊魂一幕：大陆渔船翻沉，台海两岸紧急联动救援在风起云涌的大海上，生与死的距离或许只有一线之隔。3月14日清晨，当晨曦刚刚点亮金门海域的天际，一艘编号为“闽龙渔61222”的大陆渔船在这里遭遇了惊心动魄的险情。突如其来的巨浪无情地击打着渔船，最终在金门西南方向15里处，这艘渔船不幸翻沉，船上的6名渔民全部落入冰冷的海水中。这是一场与死神赛跑的生死救援。在接到求救信号后，两岸的救援力量迅速行动起来。台海巡部门第一时间调派了4艘海巡船赶往事发海域进行紧急救援，而大陆方面也毫不犹豫地出动了包括S-76C型直升机在内的多架次航空力量，以及海警船和渔政船等水上救援力量，共同参与这场争分夺秒的搜救行动。在这场紧张而有序的救援中，两岸的救援人员展现出了高度的专业素养和协作精神。他们在恶劣的海况下冒着巨大风险进行搜救，每一个环节的衔接都紧密而高效。这样的救援场景无疑让人感叹：在生命的尊严面前，政治和意识形态的隔阂显得如此微不足道。然而，就在这场救援行动紧张进行的同时，我们也不得不面对一个沉重的现实：已经有两名渔民不幸罹难，他们的生命永远定格在了这片波涛汹涌的海域。这起悲剧再次敲响了海上安全的警钟，也让我们对渔民的生命安全产生了更深的忧虑。事实上，这已经是近期金门海域发生的第二起大陆渔船翻沉事件了。就在不久前的2月14日，另一艘大陆渔船在这里遭遇了不测风云，导致多名渔民落水失踪。那起事件的处理过程和结果都引起了社会各界的广泛关注和争议。而如今，相似的悲剧再次上演，这无疑是对两岸海上安全管理的一次严峻考验。对于这起事件，我们应该从多个层面进行深入反思和总结。首先，从安全管理层面来看，两岸相关部门应该加强对海上渔业生产的安全监管和预警机制建设，确保渔民能够在一个安全、有序的环境中进行作业。此外，对于渔船的建造和维护标准也应该进行严格把关，防止因船舶质量问题导致的安全事故发生。其次，从救援协作层面来看，这起事件再次证明了两岸在海上紧急救援方面的合作的重要性和必要性。在今后的工作中，两岸应该进一步加强在海上救援领域的沟通与协作，建立健全的联合救援机制和应急预案，确保在类似事件发生时能够迅速、有效地展开救援行动，最大限度地减少人员伤亡和财产损失。最后，从人文关怀层面来看，我们应该对渔民这个特殊群体给予更多的关注和支持。他们在海上辛勤劳作，为社会的经济发展和海洋资源的开发利用做出了巨大贡献。然而，他们却常常面临着恶劣的自然环境和艰巨的生产生活压力。因此，我们应该从政策、法律、社会保障等多个方面为他们提供更多的支持和帮助，让他们能够在一个更加安全、公正、有尊严的环境中生存和发展。总之，“闽龙渔61222”号渔船的翻沉事件再次提醒我们：海上安全无小事，渔民生命大于天。在未来的日子里，让我们共同努力，为渔民的生命安全和海洋的和谐发展筑起一道坚实的屏障吧！
66765f9ffb88ab4b048dd67a,https://mp.weixin.qq.com/s/eO_ijpRbo5PrB_kOzB2ijg,统一进度表：再有大陆渔船在金门海域翻覆，警惕岛内“蓝变绿”,2024,03,14,2024-03-14,统一台湾进度表（517）3月14日早上，再有一则金门海域附近渔船翻覆的不幸消息传来。据央视新闻报道，3月14日2时58分，“闽龙渔61222”渔船在金门东碇岛附近海域沉没，船上6人。最新消息是2人遇难。正值2.14金门恶性撞船事件一个月之际，再有大陆渔船在相关海域沉没，这其中有何联系？而台当局所称的已经派出搜救船协助搜救又是哪出戏？从目前综合消息分析，3月14日失事的这艘渔船大概率是一起意外。因为台金门“海巡”在2.14事件后已经不敢随意靠近大陆渔船了，特别是在大陆方面已经宣布所谓“禁限制”线不存在的前提下。但此次意外事件发生后，金门“海巡”部门却表现“活跃”，派出了数艘舰艇参与“搜救”。值得玩味的是，台“海巡署”署长周美伍今天在台“立法机构”介绍此事时称：“接报一艘大陆渔船沉没，在“我方”东碇岛“禁限制”水域内0.6海里的位置，接报后“海巡署”立刻派出4艘舰艇救援。周美伍的说法与今天岛内媒体对此事件的报道风向一致，就是强调是在所谓“禁限制”水域沉没及台“海巡署”参与了救援。但岛内媒体的报道内容明显存在错误信息，比如“联合报”称该船是在早上6点多沉没的，而根据“央视新闻”等媒体报道事故是在凌晨2点多发生的。从表面看，此次的渔船翻覆事件更像是一次意外，包括“玉渊潭天”等公号的说法是“触礁”沉没，但由于该事件的发生地点仍是在金门方面所称的“禁限制”水域，所以仍有诸多的事情需要还原。而需要警惕的是一些岛内媒体却在借机操纵所谓“两岸共同救援”的话题，其目的无非是想掩盖由2.14恶性撞船事件，及台当局在处理相关问题的恶劣态度所导致的两岸关系紧张的局面，妄想借此次事件来搞“公关危机”，帮助台当局度过难关。但这是不可能的，更是一种痴心妄想。首先此次事件之所以会发生一个主要的原因还是因2.14恶性事件所起，可以想象近期有很多大陆渔民怀着朴素的想法是用实际行动支持对厦金海域所谓“禁限制”水域的废除。或者说若没有2.14事件，这个悲剧就不会发生了。所以，金门“海巡”想在这个时候来通过“救援”来抹去2.14事件的粗暴执法给大陆渔民造成的伤害是不可能的。两件事是不能放在一起掺和的。但一个现象需要引起注意了。从上午岛内媒体的报道风向看，就是在用这种“两岸救援合作”来尝试打消台“海巡”部门的罪恶历史，以帮助民进党当局解套。这种力量是“强大”的，甚至包括“凤凰卫视”都出来讲这是“两岸同步协作展开救援，是彰显‘先救人’共识。”这些都是比较诡异的。而事实是，民进党“民代”王定宇之流则在借机炒作“卢沟桥”事件，说什么大陆要求登上东碇岛搜救，被岛上台军拒绝云云。而在大陆针对民进党当局这种掩盖事实真相，拒不认错、究责的嚣张态度采取了系列反制措施后，特别是3月6日3艘渔船进入新竹6海里后，“绿媒”依旧嚣张，但比较微妙的是岛内的“蓝媒”似乎也开始转向，向“绿媒”靠拢。看一下这些标题：“中国大陆渔船又越界，持续挑衅”“陆3船入侵6海里”“鱼被抓光了，大陆渔船侵门踏户”“嚣张，陆国籍渔船进我‘领海’，越界捕鱼”当你第一时间看了这些标题后，一定会以为是来自“绿媒”的报道，但正相反，这些都是所谓“蓝营”下的标题。包括公认的蓝媒中天，及以标榜立场偏蓝的“TVBS”。这意味着以往对大陆新闻报道相对公正的“蓝媒”已经开始改口了。这是一个很微妙的时刻。或者也可以理解“蓝媒”已经归队了，不管他们平时在节目中如何骂蔡英文、赖清德，但关键时刻的选择还是在替民进党当局表达对大陆这些反制措施的不满。他们此前对台“海巡”的“批评”也微妙地调整为一种“恨铁不成钢”。
66765f9ffb88ab4b048dd67c,https://mp.weixin.qq.com/s/Jj3ddLYK_xRR_d1KbcEQLg,大陆渔船在金门海域再遭翻覆，迄今已有两人遇难亡！两岸急刻度展开协同搜救行动！,2024,03,14,2024-03-14,今天，我们再次被一个悲惨的事件唤醒，那就是大陆渔船“闽龙渔61222”在金门海域遇到浪袭翻覆的不幸事故。这艘满载着6名勇敢的渔民的船只，在冷酷无情的海浪面前瞬间崩溃，所有的船员都跌入了寒冷的海水中，任何人的生命都悬于一线。让人心痛的是，目前已经有两位渔民不幸罹难。这件令人悲痛的事情是如何发生的呢？在2月14日下午，福建的一艘渔船在金门海域被台方驱离，导致船上4人全部落海，使两人丧生。显然，这起事件的爆发并非偶然，而是长期以来台海纷执的必然结果。值得注意的是，此次事故发生后，两岸迅速响应，共同出动了数艘船舰和直升机，展开了紧张而有序的搜救工作。台海巡部门出动4艘船舰前往事发海域进行救援，大陆也迅速调动了多艘舰艇和直升机共同执行搜救任务。金门县长陈福海闻讯后也指示相关单位保持关注并提供必要的支援。从这起事故中，我们看到了两岸在面对生命的重大危机时，可以联手共济，丝毫不顾政治分歧与争执。这充分展示出两岸人民对生命的尊重以及对人道的坚守。这是一幅在痛苦、悲剧和困难面前共同应对的两岸人民的图画。然而，从另一个角度看，这起事件也揭示了两岸关系中的一些深层次问题。在台方驱离福建一艘渔船的事件中，存在着一些不明确和争议的地方，如执法过程无录影搜证，涉事海巡艇与巡防区的无线电通联录音未能完整公布等，引发了舆论的关注。这些问题的存在，间接地加剧了两岸间的纷执和误解，给两岸关系增添了新的不稳定因素。这无疑是一个我们需要深思的时刻，让我们在深自反省中寻找出路，避免类似事件的再度发生。虽然无法让罹难的渔民重生，但我们有责任让他们的生命的价值得到尊重，他们的牺牲应当引导我们珍视和维护两岸的和平稳定，遵循人道原则，拥抱宽容与理解，推进两岸关系向更为稳定和谐的方向发展。正如我们所知，两岸关系的历史沉淀与复杂性使其成为了全球关注的焦点。对于平民来说，两岸关系不仅关系着他们的生活，更关乎他们的生存。如今，当金门海域上的渔民在危险面前求救时，两岸政府和社会的反应，无疑为我们提供了一个观察和思考的窗口。事故发生后，尽管政治风向如何变化，生命始终是最值得尊重的。面对生命垂危的情况，两岸都尽快出动救援力量，竭尽所能抢救落水的渔民，展现了人道主义精神的积极面。这一情形向世界展示了，尽管台海之间的政治较量依然存在，但人民的生命与安全始终是最重要、最不能忽视的议题。然而，回顾历次类似事件，我们又不禁要问，为何这些生命威胁的事故会如此频繁地在金门海域发生？这些人为因素引发的海上灾难，是否真的难以避免？在此，我们必须直面这一问题：台海之间的政治分歧是否加剧了这种灾难的发生频次？如果答案是否定的，我们恐怕需要对台海之间的关系进行更为深入的反思。无论是大陆渔民，还是台湾本地居民，他们都是台海这片广阔水域的使用者和照顾者。任何一起船只翻覆事故，不仅仅是船员个体的生命危险，更是对两岸人民平安生活的严重威胁。这不仅要求我们在面对事件时能迅速、有效地进行搜救，更要在事前采取全面的、多方面的措施，预防这种事件的发生。例如，制定和公布清晰的海事法规，加强海洋执法力度，实施有效的船员教育和训练等。同时，为了防止舆论的偏颇和误导，我们也必须始终维护信息的透明度。例如，在此次事件中，台方在实施执法过程中的无录影搜证、涉事海巡艇与巡防区的无线电通联录音公布不完整等问题就引起了人们的疑虑和担忧。要解决这类问题，就必须做到开放、公正和透明的信息公开，让事实真相得以揭示，避免误解和纷争。相信通过共同的努力，我们能够在海洋的这一片广阔水域，更好地协调和管理两岸的资源使用和执法活动，以保护这里的海洋生态，维护两岸人民的共同利益，推动两岸关系和平、稳定、和谐地发展。文章描述过程、图片都来源于网络，此文章旨在倡导社会正能量，无低俗等不良引导。如涉及版权或者人物侵权问题，请及时联系我们，我们将第一时间删除内容！如有事件存疑部分，联系后即刻删除或作出更改。  
66765f9ffb88ab4b048dd67d,https://mp.weixin.qq.com/s/gKJWyVF8oxq8TRbs252Lfw,大陆渔船金门海域翻覆2人遇难,2024,03,14,2024-03-14,SPRING HAS ARRIVED点击上方蓝字关注我们大陆渔船金门海域翻覆，生死边缘情难续金门海巡队最新消息指出，落海的6名船员已全部寻获，4人送医、2人不幸罹难。点个在看你最好看
66765f9ffb88ab4b048dd67e,https://mp.weixin.qq.com/s/I-aP5uZJ_TwHd9XZlo0vKg,巧合？时隔一月，大陆渔船在金门再次翻覆！,2024,03,14,2024-03-14,据台媒报道，3月14日清晨，一艘大陆渔船在金门东碇岛西南方向翻覆后沉没，导致船上的5名大陆籍船员落海。面对这一突发情况，两岸相关单位迅速展开联合搜救行动。大陆方面出动6架次直升机和多艘海警船，在沉没点20海里半径范围内展开搜救。金门“海巡队”也派出4艘巡逻艇前往救援。根据最新消息，大陆方面已经成功救起了2人，并在东碇岛附近寻获了2具遗体，但仍有船员失踪。一个月前，2月14日，台海巡部门对大陆渔船的粗暴驱逐，导致渔船翻船，两名渔民丧生。而随着谈判的进行，两岸间的紧张关系不断加剧，谈判陷入了僵局。面对大陆提出的四大诉求，台湾方面坚决予以拒绝。就在昨天，台“海委会”主委管碧玲，刚刚发言向大陆渔民家属“道歉”，就发生了又一起渔船翻覆事件。虽然她表达了对于无法及时公布真相的歉意和哀悼之情，但台方并未采取实质性的行动，渔民家属的要求仍未得到满足。随后就被民进党推辅会副主任李文忠痛批，声称管碧玲的道歉“匪夷所思”，台海巡署第一时间连有无碰撞都无法统一说法，至今未给出真相，太不合理。自2月14日渔船事件以来，大陆在厦金海域的执法活动明显增加。据报道，大陆展开了大规模的“常态化巡查”，加强对该海域的监管力度。这一举动引起了台海巡部门的紧张，因为大陆的海警船不断进入他们所谓的“禁限水域”，展开巡查活动。对于大陆来说，根本不存在所谓的“禁限水域”，出动大批海警船在金门周边巡查，是为了维护在该区域的权益。对于大陆加强在厦金海域的执法活动，台湾方面表示强烈的反对和不满。台退将栗正杰认为，大陆目前采取的措施是在有意制造“灰色地带”，通过军事和民间交往等手段加强对金门的控制。他指出，大陆采取了一系列的行动，包括实施“仁爱礁模式”、持续出动军机、使用船海战术等，这些都是对台湾的挑衅行为。近期，美台之间的军事合作日益密切，美军事顾问长期驻扎在金门、澎湖地区，接下来美特种部队将参与在台的军事训练活动，这些行为可能会进一步加剧两岸关系的紧张程度。在这种背景下，渔船事件可能成为加快统一进程的导火索。台湾方面需要认清当前形势，审慎处理和应对各种挑战，避免陷入更加复杂和危险的局面。大陆的表态已经非常明确了，“和平统一，一国两制”是我们解决台湾问题的基本方针，愿意以最大诚意、尽最大努力争取和平统一，但我们决不承诺放弃使用武力。时隔整整一个月，又是金门海域，同样是2人身亡，这么多巧合汇在一起，难免有些说不清。感谢阅读，欢迎【赞】【在看】支持！文章素材取自网络媒体、新闻，以上内容仅代表个人的观点和思考，本号观点保持中立，内容仅供学习、参考。
66765f9ffb88ab4b048dd67f,https://mp.weixin.qq.com/s/xN_2-gegRHymPQTyII9y8A,时隔一个月，又有大陆渔船在金门海域翻覆，4人获救2人不幸溺毙,2024,03,14,2024-03-14,时隔一个月，又有大陆渔船在金门海域翻覆，最新消息是，4人获救2人不幸溺毙！2月14日，大陆渔船遭台方撞翻致两人死亡事件发生一个月仍未落幕之际，又一艘大陆渔船今天早上6时27分在金门东碇岛西南1.1海里沉没，船上6名大陆籍船员落海，两岸相关单位联合搜救，落海的6名船员已全部寻获，4人送医、2人不幸罹难。据台媒报道，这艘名叫“闽龙渔61222”的渔船沉没位置大约“海峡中线”以西37.2海里处，金门海巡队派出四艘船前往救援，并通知渔会广播在航的商渔船前往搜救，大陆也出动直升机与海救船前往抢救。台防务部门已请空作部、舰指部及金防部等单位持续监控密注。台湾民众党金门县长陈福海闻讯后指示相关单位保持关注与必要的支援，并盼落海的漳州渔民能够平安获救。2月14日，一艘大陆渔船在离金门北碇岛0.86海里（约1.6公里）的海域，遭台湾海巡艇追缉后翻覆，船上四人全落海，两名渔民不治身亡。两岸代表在金门针对善后处理进行了15轮协商仍无结果，死者家属和陆方代表3月5日返回大陆，临走前痛斥等不到真相和道歉。国台办发言人陈斌华昨天在例行记者会痛批民进党当局“三无”：无情、无义、无理，“企图拖延时日蒙混过关，恐怕是打错了算盘。”他强调，民进党当局只有正视问题、端正态度，拿出解决问题的诚意，“2·14”恶性撞船事件”的善后协商才能重启。大陆渔船再次翻覆2人死亡，台官员回应！一艘大陆渔船今天在金门西南方15海里处自翻沉没，船上6名陆籍船员落海，两岸协力救助，4人获救，2人溺亡。台“海委会副主委”兼任“海巡署长”周美伍今天回应“绿委”林楚茵质询说，救生救难是我们任务之一，金厦水域是很狭窄的水域，如果两岸双方不能合作很多事情很难处理。他强调，过去二十多年跟对方海事单位有沟通通联机制，发生事情我们第一时间能互通有无，他们派遣救援是哪些，我们派遣是哪些。今天我们全力救援”。林楚茵追问，这是否可能有涉及军事、安全防卫，中国大陆一定会派出搜救机，救援会不会进行侦查？台“防长”邱国正表示，的确，灰色地带事件这种过滤，不是不可能，但是我们不认定，要保持监控情报交换。他称，已经很确定机具不是军用，人员不是进犯，我们完全是人道救援。另外，针对一个月内大陆渔船两次翻覆致死事件，国民党金门籍“立委”陈玉珍表示，这件事情可以看出金门、厦门真的非常接近，两岸除了有共同打击犯罪的机制以外，也有共同搜救的机制，毕竟人命关天。她强调，假设事情不幸发生在“我方”海域，大陆也是会协助搜救，两岸需要更多默契、同理心，这对两岸和平才更有帮助。大陆渔船再次翻覆2人死亡，台官员回应！一艘大陆渔船今天在金门西南方15海里处自翻沉没，船上6名陆籍船员落海，两岸协力救助，4人获救，2人溺亡。台“海委会副主委”兼任“海巡署长”周美伍今天回应“绿委”林楚茵质询说，救生救难是我们任务之一，金厦水域是很狭窄的水域，如果两岸双方不能合作很多事情很难处理。他强调，过去二十多年跟对方海事单位有沟通通联机制，发生事情我们第一时间能互通有无，他们派遣救援是哪些，我们派遣是哪些。今天我们全力救援”。林楚茵追问，这是否可能有涉及军事、安全防卫，中国大陆一定会派出搜救机，救援会不会进行侦查？台“防长”邱国正表示，的确，灰色地带事件这种过滤，不是不可能，但是我们不认定，要保持监控情报交换。他称，已经很确定机具不是军用，人员不是进犯，我们完全是人道救援。另外，针对一个月内大陆渔船两次翻覆致死事件，国民党金门籍“立委”陈玉珍表示，这件事情可以看出金门、厦门真的非常接近，两岸除了有共同打击犯罪的机制以外，也有共同搜救的机制，毕竟人命关天。她强调，假设事情不幸发生在“我方”海域，大陆也是会协助搜救，两岸需要更多默契、同理心，这对两岸和平才更有帮助。
66765f9ffb88ab4b048dd680,https://mp.weixin.qq.com/s/g9Yoqm_68JuLn8gKjlg_hw,突发！大陆一艘渔船在金门海域翻覆，已致2人遇难,2024,03,14,2024-03-14,在这个世界上，危险无处不在，我们谁都无法预料意外会在哪一刻降临；2024年3月14日，有关“大陆渔船在金门海域翻覆”的爆料在网络上引发了广泛关注，也牵动着无数人的心。据@南方都市报 的爆料：2024年3月14日清晨，一艘大陆渔船“闽龙渔61222”在金门海域遭浪袭翻覆，致使船上的6名船员落海失踪；事故发生之后，台海巡部门出动4艘船舰前往事发海域救援，大陆方面也动员了多艘舰艇及直升机，共同执行搜救的任务。随着救援工作的持续推进，目前落海的6名船员已全部被找到，其中2人已不幸遇难，另有4人被送往医院进行救治。事故的具体情况目前我们还不得而知，一切要以官方的消息为准。一起覆船事故，2名船员丢掉了宝贵的生命，着实令人感到痛心和惋惜，愿逝者安息家属节哀，也希望有关部门能够做好善后处置工作。
66765f9ffb88ab4b048dd681,https://mp.weixin.qq.com/s/qjWhOcbqle9L78tctm51qg,突发！大陆渔船再度于金门外海翻覆5人落海，台海巡台军严阵以待,2024,03,14,2024-03-14,今晨，台湾媒体报道了一则紧急新闻：位于金门东碇岛西南方海域的中国（大陆）渔船“闽龙渔61222”在未知情况下意外翻覆并沉没。事故发生时，船上五名船员均落水，其中一人已被救起，另外四人的安危成谜。大陆方面迅速响应，派遣了直升机、海救船以及海巡舰紧急赶往现场进行搜救工作。台湾“海巡署”也未置身事外，迅速调派4艘船只加入搜救行动。厦门海事局更是调动了6架次直升机、海救船“1130”、海巡舰“08707”及“08805”等力量，在事发海域20海里范围内展开密集搜索。目前，两岸搜救力量都在全力以赴寻找失联的船员，但四名船员的具体位置仍然不明。一般而言，海上搜救的黄金时段通常不超过24小时，这意味着如果今日内无法找到这些船员，他们的生存机会可能会大幅降低。渔船的直接翻覆可能导致船员被困船内，或者甚至被卡在驾驶室。此外，受伤流血的可能性也不能排除，这可能会吸引鲨鱼等海洋生物的注意。台湾媒体进一步透露，台军方也已经要求包括“空作部”、“舰指部”、“金防部”在内的相关单位保持高度警觉，防备任何不测事件。这表明台湾当局对台海可能出现的意外情况保持高度警惕，准备随时应对。然而，大陆方面的态度则是克制而明确的。解放军作为一支以仁义为原则的军队，并不会采取任何不光彩的行动。即便在面对收复台岛、金门马祖等地的问题时，也将坚持正当和透明的行动原则。台军或许因长期接受美军的影响而产生了某种误解。这次意外事件可能成为两岸关系改善，缓解当前紧张局势的转机，关键在于台湾当局能否展现出积极的姿态。从另一个角度看，考虑到大陆目前的军事能力，对于金门、马祖等外岛的收复，可能仅需海警力量即可完成，前提是没有台湾空军的干预。目前，海警尚未配备战斗机等重型武器，相较之下，美国的国民警卫队则装备有F-22等高端战斗机。这次金门海域的渔船翻覆事件带有一丝神秘色彩，具体原因尚待查明。当前，四位渔民兄弟依然下落不明，我们怀着希望与祈祷，期待他们能够平安无事地返回家中。● 死伤惨重！“地狱炸弹”横扫乌阵地，一声巨响炸出15米弹坑，现场惨不忍睹● 事情大了，大批乌军杀进非洲利用我国造96坦克火箭炮：攻击瓦格纳● 4人负伤，中菲南海发生激烈对抗，菲4艘舰船强闯仁爱礁，遭我方28船包围来源：澎湃新闻
66765f9ffb88ab4b048dd682,https://mp.weixin.qq.com/s/kWq_RJM2724q4KODXF2D0Q,岛内传来最新消息！管碧玲刚“道歉”，大陆渔船再次 翻覆，台退将：大陆准备两手策略,2024,03,14,2024-03-14,自上月起，2月14日的渔船事故引发了两岸间的广泛关注。一起涉及大陆渔船被台湾海巡机关强硬逐出导致翻覆，进而造成两位船员遇难的悲剧。经过双方十五轮谈判，对于大陆提出的四项主要诉求，台湾方面均予以拒绝，导致谈判进展陷入停滞。最近，台湾“海洋委员会”主任管碧玲就此事发表了声明，对于未能及时公开搜证视频以揭示事故真相，向大陆渔民家属表示道歉，并对是否存在海巡部门的过错表示将进行审查。她提到，之前未能在两岸谈判中达成一致的问题，可能需要通过司法途径来解决。然而，管碧玲的道歉被视为缺乏诚意，尤其是在大陆渔民遗体仍被留在金门，台方显然无意归还，而是意图拖延，希望随着时间推移，大陆的愤怒能逐渐平息，进而冷处理整个事件。出乎意料的是，一个月后的金门岛再次发生了渔船翻覆事故。根据台湾媒体报道，3月14日凌晨，一艘来自大陆的渔船在金门东碇岛的西南区域沉船，导致导致五名船员落水。两岸立即组织了紧急救援行动，根据最新消息，已经救起两人，并在附近海域找到两具遗体，仍有一名船员下落不明。这一事件让许多人回想起之前的2月14日渔船事故。尽管这两次事故发生地点相距较远，具体原因尚未明确，但它们都引起了人们对两岸渔业安全的关注。据报道，大陆方面派出了六架S-76C直升机和数艘海救船参与搜救，显示了对此事的重视。同时，金门海巡部门也迅速响应，派遣多艘船只参与救援，并协调在海上作业的渔船加入搜救行动。自2月14日事件以来，大陆海警和渔船在厦门至金门海域的执法与巡查活动显著增加，形成了一种“常态化巡查”。大陆的海警船只直接驶入了台湾所划定的“限制水域”，这毫无疑问地激化了海上两岸之间的紧张局势。金门，作为离大陆最近的地区，其周边海域的“禁限范围”成为两岸渔业作业的争议焦点。对大陆而言，“禁限水域”的概念本就不存在，因此大陆对台湾施加压力，频繁派遣海警船在金门周边海域巡查。台湾的一位退役将领认为，大陆正在有意创造“灰色地带”，采取双管齐下的策略对待金门。这包括对金门和马祖实施包围但不攻击的策略，持续派遣军机扰台，以及利用船海战术，让大量渔船在海警船的护送下进入台湾12海里领海区进行捕鱼，干扰台湾渔民的正常作业。同时，大陆也在放宽对两岸民间交易的管制，呼吁自己的渔民保持克制，避免影响金门渔场，以此关照金门当地民众的生计。在美台突然启动“重大军事合作”的背景下，包括美军事顾问在金门、澎湖长期驻扎，以及美特种部队参与台湾的军事训练，这些行动无疑对大陆构成了直接的挑衅。在这种情况下，大陆在金门及台湾周边的军事与民事活动只会进一步增加。2月14日的渔船事件可能成为加速两岸统一进程的一个触发点。如果民进党当局继续对美国抱有不切实际的希望，最终可能会为自己的错误决策付出沉重的代价。● 俄罗斯遭大规模袭击！数百无人机打过来，英国：再给10000架● 事情大了，大批乌军杀进非洲利用我国造96坦克火箭炮：攻击瓦格纳● 4人负伤，中菲南海发生激烈对抗，菲4艘舰船强闯仁爱礁，遭我方28船包围来源：央视新闻  环球时报
66765f9ffb88ab4b048dd683,https://mp.weixin.qq.com/s/lH3XTy_Mzhf9ThBt-fMRuQ,突发！一大陆渔船金门外海翻覆，两岸同步搜救！,2024,03,14,2024-03-14,据台湾“联合报”报道，3月14日6时27分，大陆籍渔船“闽龙渔61222”在金门东碇岛西南1.1海里（距离翟山西南15海里）沉没，船上6名陆籍船员落海。台媒报道称，目前陆方救起2人，另在东碇岛附近寻获2具遗体，目前仍有2人失踪。金门海巡队已派出4艘船前往救援中，大陆方面也出动直升机与海救船前往抢救，目前搜救任务进行中。金门县长陈福海闻讯后也指示相关单位保持关注与必要的支援，并盼落海的漳州渔民能够平安获救。另据央视新闻记者从相关部门了解到，3月14日2时58分，“闽龙渔61222”渔船在东碇岛附近海域沉没，船上6人。目前已救起2人，其余4人正在搜救中。北京时间10时43分更新：据前方救援人员表示，目前失联4人已有2人被找到，不幸身亡。另有2人还在搜救中。初步判定渔船为触礁沉没，具体情况还需进一步调查。福建多部门已出动救援船艇、救援直升机进行搜救工作，并通知周边的渔船、商船帮助救援。此前一艘大陆渔船于2月14日在该海域遭台湾海巡艇碰撞后翻覆，船上4人落海，两名渔民不治身亡。两岸代表在金门针对善后处理进行了15轮协商仍无结果。大陆国台办发言人陈斌华13日就此批评民进党当局“无情、无义、无理”，并说，民进党当局只有正视问题、端正态度，拿出解决问题的诚意，“2·14”恶性撞船事件的善后协商才能重启。 责编：张帆编辑：十一来源：观察者网、参考消息等综合
66765f9ffb88ab4b048dd684,https://mp.weixin.qq.com/s/PkWOYSkGbzDRpV4orHIZ_Q,突发！又一大陆渔船在金门外海沉没，两岸联合搜救,2024,03,14,2024-03-14,据央视新闻消息，记者从相关部门了解到，3月14日2时58分，“闽龙渔61222”渔船在东碇岛附近海域沉没，船上6人。目前已救起2人，其余4人正在搜救中。“闽龙渔61222”14日早在东碇岛附近海域沉没。 台湾《联合报》报道配图据台湾《联合报》3月14日报道，金门海巡队已派出4艘船前往救援，大陆也出动直升机与海救船前往救援，目前搜救任务正在进行中。台媒称，两岸进行海空搜救。台湾中时新闻网报道配图中时新闻网称，大陆已派遣直升机6架次、救援船等，在沉没点20海里半径范围内执行搜救任务。金门海巡队也已派出4艘船前往抢救中。金门县长陈福海闻讯后也要求相关单位保持关注与必要的支援，并希望落海的漳州渔民能够平安获救。责编：张帆编辑：栗子来源：央视新闻客户端、环球网
66765f9ffb88ab4b048dd685,https://mp.weixin.qq.com/s/hElIdrSIlev1cIk4TsQiVg,邱进益语中评：金门渔船事件 台湾会付代价,2024,03,13,2024-03-13,前海基会副董事长邱进益接受中评社访问。（中评社张嘉文摄）前海基会副董事长邱进益接受中评社访问。（中评社张嘉文摄）前海基会副董事长邱进益接受中评社访问时表示，金门渔船事件从2月14日发展至今快一个月，后果是没办法估量的，现在大陆两会结束，此事会再被重新聚焦，台方必须尽快公布所谓的真相调查，否则下一步大陆可能采取在控制范围内让台湾付出代价的动作。邱进益举例说，大陆海警船进入台方水域会变成常态，另外他担心的是军事动作，譬如用很小的代价，把东沙岛或太平岛拿下，这对大陆是轻而易举的事，而为了一个小岛，美国会花很大的代价来干预吗？必须打个很大问号，这是非常值得忧虑的事情，也是为什么“国防部长”邱国正近来说他晚上睡不好觉的原因之一。外交官出身的邱进益曾于李登辉任内担任“总统府”副秘书长、发言人；国家统一委员会研究委员会召集人、执行秘书，也曾任驻斯威士兰代表、驻新加坡代表等。30年前举世瞩目的辜汪会谈，当时身兼海基会副董事长和秘书长的邱进益，是谈判主力之一，协助辜振甫打开两岸交流的僵局。前海基会副董事长邱进益接受中评社访问时表示，金门渔船事件从2月14日发展至今快一个月，后果是没办法估量的，现在大陆两会结束，此事会再被重新聚焦，台方必须尽快公布所谓的真相调查，否则下一步大陆可能采取在控制范围内让台湾付出代价的动作。邱进益举例说，大陆海警船进入台方水域会变成常态，另外他担心的是军事动作，譬如用很小的代价，把东沙岛或太平岛拿下，这对大陆是轻而易举的事，而为了一个小岛，美国会花很大的代价来干预吗？必须打个很大问号，这是非常值得忧虑的事情，也是为什么“国防部长”邱国正近来说他晚上睡不好觉的原因之一。外交官出身的邱进益曾于李登辉任内担任“总统府”副秘书长、发言人；国家统一委员会研究委员会召集人、执行秘书，也曾任驻斯威士兰代表、驻新加坡代表等。30年前举世瞩目的辜汪会谈，当时身兼海基会副董事长和秘书长的邱进益，是谈判主力之一，协助辜振甫打开两岸交流的僵局。对于金门渔船事件后续问题，邱进益接受中评社访问时表示，这事件民进党政府开始的时候就有点荒腔走板，泉州台办副主任也是晋江红十字会高级顾问李朝辉率团过来协调，是属于大陆地方级官员且以红十字会名义来，理论上来讲，台方应该也派红十字会相关单位人士去对接，让整件事情降温、降级，当成偶发意外事件处理。邱进益说，但现在的民进党政府有点走火入魔拉高官方层级，这是一个错误的处理方法。第二个错误方法，民进党政府让自己没有回旋的余地，如果委由红十字会出面，代表民间，牵涉到官方需要道歉、赔偿等事宜，要如何处理还有一点回旋空间。第三个错误则是整起事件匆忙交给检方处理，走司法程序后，很多事情都不能动，更何况对方如果质疑你们司法不公，事情更难处理。邱进益强调，民进党政府在应对这件事上，方向都错误，然后再加上“海委会主委”管碧玲三不五十把这事拉高到政治层面，整个事件就政治化，产生后遗症太多，这是至今无法善了的原因。邱进益提到，这事件至今已快一个月，现在因进入司法程序而停止任何动作，可是这当中引起了大陆民众相当高的仇台感觉，这后果是没办法估量的。对于金门渔船事件后续问题，邱进益接受中评社访问时表示，这事件民进党政府开始的时候就有点荒腔走板，泉州台办副主任也是晋江红十字会高级顾问李朝辉率团过来协调，是属于大陆地方级官员且以红十字会名义来，理论上来讲，台方应该也派红十字会相关单位人士去对接，让整件事情降温、降级，当成偶发意外事件处理。邱进益说，但现在的民进党政府有点走火入魔拉高官方层级，这是一个错误的处理方法。第二个错误方法，民进党政府让自己没有回旋的余地，如果委由红十字会出面，代表民间，牵涉到官方需要道歉、赔偿等事宜，要如何处理还有一点回旋空间。第三个错误则是整起事件匆忙交给检方处理，走司法程序后，很多事情都不能动，更何况对方如果质疑你们司法不公，事情更难处理。邱进益强调，民进党政府在应对这件事上，方向都错误，然后再加上“海委会主委”管碧玲三不五十把这事拉高到政治层面，整个事件就政治化，产生后遗症太多，这是至今无法善了的原因。邱进益提到，这事件至今已快一个月，现在因进入司法程序而停止任何动作，可是这当中引起了大陆民众相当高的仇台感觉，这后果是没办法估量的。接下来怎么办的问题，邱进益说，只希望检方尽快公布调查真相，因为有真相才可以谈后面所谓的道歉、赔偿，假如海巡有责任，就要道歉、赔偿。另外一方面，当然因为两岸目前没有沟通管道，否则应想办法托人向大陆方面表达，现在因进入司法程序，所以行政机关还不能做任何动作，只要等到结果出炉，后续该道歉就道歉，该赔偿就赔偿。这样对方也许可以接受、理解，不会让恶意螺旋继续上升。谈到这事件对两岸关系的影响，邱进益说，现在金厦海域的禁限制水线不但没了，陆方还要逐渐行使管辖权，大陆海警船临检台方的观光艇就是一例，等于民进党政府是“主权”没有，管辖权也没有了，面子、里子都失掉。后续不只是进一步压缩台方的空间，邱进益强调，敌意螺旋的上升是非常危险的事。现在大陆两会过了，这事件重新回到焦点，下一步大陆会采取什么动作，是他最担忧的事，“国安局长”蔡明彦说，陆方是用逼迫的姿态来希望你就范，但他觉得这还不够，陆方绝对不会满意如此。邱进益认为，大陆下一步可能采取行动，在控制范围内，不至于引起美国介入，但会让台湾付代价，因为如果金门检方迟不公布调查结果，拖下去的话，大陆对老百姓没办法交代。所以最怕的是采取军事行动，譬如用很小的代价，拿走东沙岛、太平岛。接下来怎么办的问题，邱进益说，只希望检方尽快公布调查真相，因为有真相才可以谈后面所谓的道歉、赔偿，假如海巡有责任，就要道歉、赔偿。另外一方面，当然因为两岸目前没有沟通管道，否则应想办法托人向大陆方面表达，现在因进入司法程序，所以行政机关还不能做任何动作，只要等到结果出炉，后续该道歉就道歉，该赔偿就赔偿。这样对方也许可以接受、理解，不会让恶意螺旋继续上升。谈到这事件对两岸关系的影响，邱进益说，现在金厦海域的禁限制水线不但没了，陆方还要逐渐行使管辖权，大陆海警船临检台方的观光艇就是一例，等于民进党政府是“主权”没有，管辖权也没有了，面子、里子都失掉。后续不只是进一步压缩台方的空间，邱进益强调，敌意螺旋的上升是非常危险的事。现在大陆两会过了，这事件重新回到焦点，下一步大陆会采取什么动作，是他最担忧的事，“国安局长”蔡明彦说，陆方是用逼迫的姿态来希望你就范，但他觉得这还不够，陆方绝对不会满意如此。邱进益认为，大陆下一步可能采取行动，在控制范围内，不至于引起美国介入，但会让台湾付代价，因为如果金门检方迟不公布调查结果，拖下去的话，大陆对老百姓没办法交代。所以最怕的是采取军事行动，譬如用很小的代价，拿走东沙岛、太平岛。邱进益说，对大陆来讲，如果拿下东沙岛，对整个南海战略发展很有帮助，一方面也能测试美国对于协防台湾的决心，又能影响台湾民心士气，因此这是非常值得忧虑的事情，也是为什么邱国正说他晚上睡不好觉的原因之一。邱进益提到，陆委会或者是“国安局”都对外说，台海目前没有任何危险的迹象，这些判断是有问题，邱国正讲的才是接近真实状况。邱进益说，对大陆来讲，如果拿下东沙岛，对整个南海战略发展很有帮助，一方面也能测试美国对于协防台湾的决心，又能影响台湾民心士气，因此这是非常值得忧虑的事情，也是为什么邱国正说他晚上睡不好觉的原因之一。邱进益提到，陆委会或者是“国安局”都对外说，台海目前没有任何危险的迹象，这些判断是有问题，邱国正讲的才是接近真实状况。记者：林淑玲（台北）责编：若若来源：中评网
66765f9ffb88ab4b048dd686,https://mp.weixin.qq.com/s/LX58LBE8-e2nqXrDz-Fb1A,丢掉幻想！两岸谈判无果后，美国果然出手了，东部战区火速回应,2024,03,13,2024-03-13,"          据环球网报道，“2·14恶性撞船事件”延烧，大陆代表及家属5日下午赴殡仪馆上香后搭船返回大陆。遇难渔民家属批评称，台湾方面没人愿意承担，“连一句最简单的道歉都没有”。身为代表团团长的泉州台办副主任李朝晖说，15天过去了，台方依然没有令人信服的说明，且谎话连篇，根本没有诚意，家属们也没必要继续留下，“相关后果由民进党当局负责”。台撞击大陆渔船致渔民死伤恶性事件发生后，家属到金门处理后续事宜，但最后仍未与相关单位有共识。          “2月14日中午，我们开船出海，结果看到他们（台湾海巡部门）的船来了，我们按照对方要求停船，但他们直接冲过来把我们撞翻，我们钻到水里才幸免于难。”徐仲安气愤表示，两岸渔民打渔，以前台湾渔民也曾过来，“我们对他们很好”，这次台海巡部门这样对大陆渔船，“太残酷了！”那一天，恰逢农历正月初五，是所有中国人迎福纳祥的好日子，而对徐仲安而言，却成为内心中永远无法抹平的一道伤痛。          14日，一艘福建渔船正式开工，这艘船上的四名渔民正在金门附近海域进行捕捞作业，他们的工作还没展开多久，台“海巡队”的人就盯上了他们。根据台方的说法，这是一艘“无名”船，发现他们的时候他们已经“越界”了，台方随即采取了“执法措施”，也就是强行登船检查。大陆船只拒绝了台方的无理要求，台方不依不饶步步紧逼，大陆渔船在蛇行摆脱台方船只尾随的途中不慎翻覆，四名渔民全部落海。台“海巡队”见势不妙赶紧救人并紧急送医，不幸的是，两名大陆渔民最终还是没能醒过来。    然而事件发生后，台海洋事务主管机构负责人管碧玲等一众民进党政客信口雌黄，声称大陆渔船“穿越限制水域进到禁止水域”，台方行为是“依法行政，没有什么恶性”。言语之中毫无对生命的尊重，引起大陆各界强烈愤慨。对此，北京联合大学台湾研究院教授朱松岭在接受南都记者采访时介绍，“所谓的‘禁止、限制水域’是1992年台湾军方划定的禁止、限制大陆船舶进入台湾当局控制水域的单方行政命令，大陆根本不承认。”          台当局嚣张跋扈冥顽不灵，大陆会如何作出反应？第一，2月17日，据环球网报道，国台办发言人朱凤莲表示，两岸渔民自古以来在厦金海域传统渔场作业，根本不存在所谓“禁止、限制水域”一说。第二：理站在了大陆这一边后，将为大陆的反制行动增添正当性。2月18日，大陆祭出第一记重拳，据中国海警发布的消息，海警局新闻发言人甘羽表示，福建海警局将加强海上执法力量，在厦金海域开展常态化执法巡查行动，进一步维护有关海域作业秩序，维护渔民生命财产安全。              现在距离金门渔船事件发生已过去半个月，两岸现在争执的点主要就两个：谁负责，谁道歉。大陆这边的要求是对相关人员进行追责，并且就渔船事件向受到伤害的4名大陆渔民公开道歉。而台当局那边则要将渔船事件定性为意外事故，为此还拒绝将渔船和两名遇难的大陆渔民交给大陆，而是声称要按照台当局自己的“司法程序”，判断是否要对台有关人员进行处罚。台当局现在想的就是大事化小，小事化了，殊不知，台当局的信誉正迅速下降。3月5日中午，在第15轮协商无果后，正在金门的大陆渔民家属及代表在中午拜祭了死者后离开了金门返回大陆。协商将告一段落。这意味着，金门2.14事件或继续发酵，将会成为一个标志性事件，不排除直接发展成“金门小门将推开统一大门”的局面。在大陆代表离开金门前，台所谓“海巡署”相关人员也到达现场，而眼见陆方人员去意已决，台“海巡署”有人当众拿出了一大包现金准备以“慰问金”的形式先交给大陆家属，但被家属拒绝。              遇难者家属表示，他们来这边很多天，台方一直没给真相，船明明被撞翻，没有人承担责任，甚至连一句最简单的道歉都没有，心里很难过。更离谱的是，台方还拒绝将遇难者遗体归还给家属。“这次没有带着亲人的遗体，心里很悲伤，希望尽快能解决这个问题。”而台伪当局“海巡署”分署长陈泗川则表示，虽然事情还没有谈成，但20万元是“海巡署”的一个心意，希望安抚家属。即便家属没有收，后续也会通过红十字会来转交。可以看出经过15轮的谈判，最终两岸谈判还是破裂。          在两岸就“渔船事件”谈崩之际，美军派出“菲恩”号驱逐舰过航台湾海峡，无疑是在为民进党增加底气。美军的阿利伯克级驱逐舰“菲恩”号驱逐舰在今年已经不是第一次穿过了台湾海峡，在今年的一月、二月“菲恩”号驱逐舰都穿过了台湾海峡。美军之所以敢单舰过航台湾海峡，是因为美军第“菲恩”号驱逐舰相当自信。据悉，“菲恩”号驱逐舰满载排水量9600多吨，拥有96单元导弹垂直发射装置，可以配备防空导弹，还能装填战斧巡航导弹，以及反舰导弹等，对地、对海、对空打击能力很强。          不过，对于美国海军在台海的挑衅，解放军东部战区不会惯着，根据东部战区发布的公告显示，解放军在美国海军发起挑衅的时候，动用了战机和军舰，对于美国海军的导弹驱逐舰进行了全程的围观，从而体现了解放军敢于硬碰硬的决心和实力，面对解放军东部战区的动态，美国海军DDG113菲恩号导弹驱逐舰是不敢放肆的，如果跨过红线，解放军东部战区会用强力手段来对付，解放军具备应对的能力和决心。    此外，尽管美国在台海问题上不断挑衅，但他们的胆量依然不足以军事介入台海。美国长期以来坚持的“支持一中原则政策”和反对“台独”的立场表明，他们害怕触碰中国的底线，引发无法控制的局面。考虑到美国在国际舞台上地位的下滑，甚至连伊朗、委内瑞拉和朝鲜等国家都不敢轻易动手，更别说在台海问题上了。因此，美国只能采取战略上的模糊态度，偶尔在台海问题上耍些小动作。          总而言之，可以毫不掩饰地说，美军第七舰队此刻的介入只会沦为笑柄。当初大陆行动时他们保持沉默，如今厦门与金门海域的主权归属已定，尘埃落定之际，美军单舰的亮相非但未能撼动大局，反而突显了他们欺软怕硬的本质，对大陆毫无实质影响，对台海现状更是无足轻重。对于台当局防务部门来说，他们的采购记录堪称闹剧，巨额资金换来的武器寥寥无几。美军能否突破第二岛链尚属未知，而台湾军队的""草莓兵""和过时装备，困兽犹斗只会徒增伤亡。                                     "
66765f9ffb88ab4b048dd687,https://mp.weixin.qq.com/s/NzE1SnGG8704Ar8Eo05aBw,驱逐渔船事件后，金门县长发声，侯柯露出真面目，美NASA飞机抵达台军机场,2024,03,12,2024-03-12,在亚太地区，台湾海峡的浪潮不仅仅拍打着两岸的岸边，也在敲击着区域和平与稳定的大门。最近，台湾地区的局势因为一系列敏感事件而再次成为全球关注的焦点。从台湾的政策变动到国际动态，每一个细节都可能引起波澜。最近的一次冲突是关于一艘来自福建的渔船被台湾海域的执法机构追逐的事件，这一不幸事件造成了两名船员的死亡。此事件不仅引发了两岸之间的悲痛和愤怒，也暴露出了深层次的管理和沟通问题，成为了两岸关系中的一个痛点。 在此紧张背景下，金门县的反应格外引人关注。金门县长的态度呈现了一种不同的声音，他提出了通过和平对话来解决问题的方法，这反映了即使在紧张局势下，仍有人士寻求对话和理解，试图找到共同点，这是一种寻求和平与理解的力量。      然而，台湾地区的动态变化不仅仅局限于本地事件。美国国家航空航天局（NASA）的一架飞机近期在台湾上空进行了超低空飞行，这一行动虽然被标榜为科学研究，但却引发了地区内外对安全的担忧。在一个已经充满紧张的地区，任何国际动作的微小变化都可能被放大解读，被视为加剧现有紧张情况的因素。 对此，中国大陆方面的回应是明显的，我军在台湾周边区域的军事活动有所增加，这被解释为对外部行动的回应，显示出对地区稳定和安全的关注。这种力量的展示，无疑加剧了地区紧张的氛围，也提醒人们，任何外部干预都需要谨慎考虑其对地区稳定的潜在影响。      这些事件和动作是台湾地区及其周边复杂局势的缩影。它们反映出深层次的历史、文化和政治因素的交织，同时也突显出解决这些紧张情况需要各方的沟通、理解和合作。 对话和妥协似乎是追求和平与稳定的关键。尽管挑战重重，但通过真诚的对话、增强互信和理解，找到共同点和解决方案是可能的。每个行动和决策都不应仅仅基于立即的利益或反应，而应考虑长远的和平与合作。当前的局势充满了变数和挑战，但也提供了一个机会，让所有相关方重新考虑和评估他们的立场和策略，以促进长期的和平与稳定。在这个过程中，理解和尊重对方的历史、文化和政治背景至关重要。只有这样，才能建立起一种基于相互尊重和理解的对话环境，从而为和平与共存铺平道路。
66765f9ffb88ab4b048dd688,https://mp.weixin.qq.com/s/0uAI3tESJbRAzRnq0oD8ZA,准备打战？解放军备战打“独”话音刚落，传大陆渔船包围金门？台海巡署表态,2024,03,11,2024-03-11,根据国防部的官方消息，国防部发言人吴谦在全国两会期间就台海局势发表了明确的立场。吴谦明确表示，民进党与外部势力勾结，推动“台独”分裂行径，是造成台海紧张局势的根本原因。他强调，所有由此引发的后果都将由民进党负责。大陆方面坚决不允许任何形式的“台独”分裂活动，解放军将通过实战化训练，坚定地打击“台独”分裂势力，推进国家统一。在这一表态中，两个信息点尤为显著。首先，台海紧张局势的所有后果将由民进党承担，这一表述预示着大陆对民进党可能采取的行动。在大陆采取反制措施的背景下，明确台海局势紧张的根源，即认定责任方，是基础举措。台湾被视为中国领土的组成部分，这一立场既有历史依据，也是二战结束后建立的国际体系所认可的。任何试图改变这一现状、侵犯中国主权的行为，都是来自岛内“台独”势力。大陆反制措施所引发的一系列后果，应由破坏“一个中国”原则的民进党承担。其次，从反“独”促统到打“独”促统的转变，标志着解放军行动的升级。赖清德当选后，岛内外环境发生了变化，赖的胜选向“台独”分子发出错误的信号，增加了他们对台海形势的错误判断和铤而走险的风险。在这样的背景下，解放军将行动级别提升为打“独”促统，以应对形势的变化。尽管两岸和平统一的可能性依然存在，但对于那些试图深化分裂的岛内势力，大陆显然需要采取更有力的措施。今年元宵节，东部战区发布了《回家》海报，象征性地展示了解放军力量在保障下，大陆与台湾的紧密联系。2月末，辽宁舰携带新型舰载机再次进入公众视野。升级后的辽宁舰，与山东舰共同执行战备任务的能力得到提升。中国第四艘航母的相关信息也即将发布。解放军的持续军事建设，为大陆推进统一进程提供了坚实的支持。在未来，解放军将重点推进新型作战力量的发展。台湾当局在与美军勾连的过程中，美国对台军售的一大动机是增强台军的所谓不对称战力，试图将台军变为前线，通过先进装备如毒刺导弹、火山布雷系统等增加两岸统一的成本，给大陆造成困难。无人机、电子战等新型作战力量的整合，为解放军在冲突中提供了更多的选择。在必要时，大量无人机群在城市战环境中的运用，将成为大陆消除“台独”幻想的有效工具。目前，台军已经表现出避免与解放军冲突的意愿。金门事件后，大陆海警船在金门海域的执法行动，标志着台当局对海域主张的实质性变化。台军的克制表态和海巡署对大陆海警船执法行为的默认，进一步表明了两岸力量对比的变化。最近，通过船舶动态资讯系统发现，金门水域出现了大量渔船聚集的现象，疑似大陆渔船对金门实施了包围。台当局海巡署回应称，实际上并非数十艘渔船集结，而是大陆渔船使用的多个AIS标号的渔网导致了误判。岛内退役将领对此的态度变化，从过去的没收到现在的不敢采取行动，反映了两岸实力对比下，统一进程正在逐渐推进。● 台当局担心的来了，3艘3000吨炮艇现身台东，“围台”进入新模式● 事情大了，大批乌军杀进非洲利用我国造96坦克火箭炮：攻击瓦格纳● 4人负伤，中菲南海发生激烈对抗，菲4艘舰船强闯仁爱礁，遭我方28船包围来源：央视新闻  环球时报
66765f9ffb88ab4b048dd689,https://mp.weixin.qq.com/s/xPMkk52Q0JiM9uDe-bXY6Q,百万渔民百万兵！60艘大陆渔船包围金门，台“海巡署”不敢应战,2024,03,11,2024-03-11,温馨提示如果你喜欢本文，请分享到朋友圈，想要获得更多信息，请关注我。简介：数十艘大陆渔船驶入金门海域捕鱼作业，甚至开始驱赶台湾渔民渔船。欺软怕硬的台湾当局“海巡署”不敢出兵，因为附近有10艘以上大陆海警船巡逻。台媒“中时新闻网”报道，3月10日，金门当地民众发现“台湾海域船舶动态”信息系统上，有大批大陆渔船出现在“禁限制海域”，数量约50至60艘。从地图上来看，这批渔船出现在金门周边海域各个方向，将金门完全包围，视觉效果相当震撼。台媒报道称，大陆渔船这次深入金门海域，最近的距离只有6海里，在岸上基本就能目视到一大批大陆渔船。甚至有新竹渔民出海捕鱼的时候，碰到大陆渔船进入海域，并将新竹渔民放在海里的笼子拖走。大陆渔船突然如此强硬，驱赶台湾渔船，引发岛内舆论的一片哗然。为什么会出现这样的情况，而且一次有数十艘之多？这时候台当局“海巡署”在干什么，为什么不派出巡逻舰，进行所谓的“执法”？台当局海巡艇对此，台当局“海巡署”辩解说，推测这些不是全部是大陆渔船，其中一部分是大陆渔船放置的渔网。渔网上有AIS讯号标，才引发误会。但是问题是，即便是渔网，那么也得大陆渔船深入厦门海域6海里才能放置？对于为何不派出巡逻艇驱赶大陆渔船，台当局“海巡署”方面则彻底装死，对这个问题拒绝回答。其实台湾海巡方面不敢出兵驱逐大陆渔船，很容易想得出来，理由无非几个。台海巡负责人周美伍（中）第一，也是最重要的，目前大陆海警方面在金门渔船的常态化执法行动仍旧在进行，并且力度还在加大。最新消息显示，有多达11艘大陆海警船在金门周边活动，其中不乏2000吨级的军舰改装的海警船。有这样的强大后盾支持大陆渔船，台湾当局海巡压根就没有碰瓷的资格。虽然民进党方面屡屡叫嚣要继续“正当执法”。但是大陆动真格的时候，他们除了把脑袋埋进沙子，没有任何别的办法。更不要说，现在大陆052D型导弹驱逐舰也在金门附近海域活动，只需要在台海巡面前转一圈，就直接能让对方举白旗投降。052D南京舰其次，这次大陆有数十艘渔船组团去金门海域周边捕鱼作业，本身在数量上就占据优势。台海巡在金门的巡逻艇恐怕最多不过10艘，即便全部开出来，在数量上也是劣势。大陆海警船就在旁边看着不出手，台海巡也碰不过大陆渔船。有一个细节可能大家没有注意，上个月14号被撞翻的大陆渔船，其实吨位和个头比台海巡艇要大。只是由于台海巡人员穷凶极恶，而且手上拿着手枪等武器，所以当时大陆渔船只能逃离，而并非台当局所谓的“畏罪潜逃”。这次数十艘大陆渔船组团，在气势上就占据了上风。台海巡舰艇再来驱赶，下场可能会很凄惨。大陆渔船出海台军退役少将栗正杰也认为，大陆这是警告的动作，看台湾敢不敢处理、敢不敢没收渔网，显然台“海巡署”现在就不敢动作，这是针对“海巡署”来了。第一步就是用这个吓唬人，大陆如果不满意台当局的反应，下周可能来的就是五六百艘大陆渔船。最后我们想说，台当局方面可能也对一线人员私下授意，接触大陆渔船时一定要谨慎，能睁一只眼闭一只眼，就不要出头，尽量避免发生接触甚至冲突。因为很显然，大陆方面的怒火已经非常强烈，军机已经抵近台北40海里距离，海警船也试探性的驶入台东海域12海里内巡航。歼16战斗机在这样的背景下，如果再次发生一些冲突事件，大陆绝对会加强对台当局的威慑行动。大陆已经宣布不存在“两岸互不否认治权”，接下来进一步行动，就可能到台湾本岛“领海基线”内巡航执法了。这是台当局最为担忧的情况，大陆不费一兵一卒实现对台湾地区的接管，所以台当局才要求一线人员不要与大陆发生冲突。事实上金门这块地方，无论是大陆还是台湾当局，写入文件里的描述都是属于大陆的。台当局对金门岛向外围海域划分的4公里“禁止水域”，以及6公里“限制水域”，也并非以“主权”为基础划分，而是以“防卫需要”来划分的。在台湾地区的法律上，他们自己也有白字黑字写着，大陆在1996年就划设金门领海基线，“将金门划在其领海基线向陆一侧以内，在大陆法律上视为大陆领土”，金门巡防队执行任务时，要以“驱离”为主。近期被外界关注的两岸在金门海域的默契，其实就是大陆与台湾当局互相尊重的问题。大陆尊重台湾的“防卫需求”，双方不要擦枪走火，所以“禁限制水域”这个距离是轻武器的射程之外。金门被划入大陆领海内，但大陆有释出善意，所以才有这个所谓的“默契”，大陆渔船不要到金门的禁制水域，台当局方面也要有所表示，不影响大陆渔船通航安全。从这个客观事实来说，大陆对金门地区的行动，其实又有了一大部分的进展。为什么这么说？之前我们强调的是，通过海警常态化执法巡查行动，没收台湾当局海巡在金门的“伪执法权”，这一步已经成功做到。中国海警编队那么数十艘大陆渔船进入金门6公里，也就是“限制水域”内进行捕鱼作业，这意味着没收台湾当局“伪执法权”，已经从官方落实到了民间。当然了，需要强调的是，我们并不否认金门同胞，同样也拥有在金门海域的捕鱼作业的权利。金门与我们厦门人的关系一直都十分友好，很多金门人在厦门都有房产。我们要形成的新常态是，金门海域是两岸渔民同胞共享的，双方都有权在这里捕鱼作业。    至于为什么大陆渔民拖走新竹渔民在金门海域的渔网，这个也很好解释，金门海域的捕鱼资源优先，就这么点地方，只够厦金地区的渔民生活，而且还要有所收敛的打捞。新竹市在台湾本岛的西北，绕这么远跑到金门海域来打捞，是不是有点过分了？总的来说，我们期待厦金海域的渔民打捞作业新常态，能够长久的和平维持下去，并且希望在不久的将来，台海两岸的所有行业，都能有这样的和谐画面。
66765f9ffb88ab4b048dd68a,https://mp.weixin.qq.com/s/HAMgrMP1PYz37byO2H_bPw,金门渔船事件本可成为动武契机，解放军为何不利用这点？美上将说出答案,2024,03,11,2024-03-11,金门渔船事件近日成为了热议的焦点。在这个风起云涌的时代，每一次的海上摩擦都牵动着亿万人的心弦。当事件发生时，许多人都在猜测：这是否会成为解放军动武的契机？然而，解放军却选择了克制。这背后的原因究竟是什么？让我们一起探讨。众所周知，金门地处海峡要冲，历来是兵家必争之地。近日，一起看似普通的渔船事件却在这里掀起了不小的波澜。事件的经过大致如此：一艘金门籍渔船在作业时误入了敏感海域，随即遭到了不明身份船只的拦截和盘查。消息一出，立刻引起了两岸的高度关注。面对这一突发事件，有人主张采取强硬措施，甚至提出了动武的可能性。毕竟，在历史上，类似的摩擦往往都是战争的导火索。然而，解放军却出人意料地选择了冷静和克制。他们没有贸然行动，而是通过外交渠道进行了交涉和沟通。那么，解放军为何不利用这次事件作为动武的契机呢？这其中的原因自然是复杂而深远的。首先，我们要明白一个道理：战争并不是解决问题的最佳方式。尤其在当今这个和平与发展的时代，动武往往会带来不可估量的后果。解放军深知这一点，因此他们选择了通过和平手段来解决这次事件。其次，解放军的克制也是一种战略智慧。他们知道，在当前的国际形势下，任何过激的行动都可能引发连锁反应，甚至导致局势的失控。因此，他们选择了保持冷静和克制，以避免事态的进一步升级。最后，解放军的克制还基于对两岸关系的长远考虑。他们知道，金门渔船事件只是两岸关系中的一个小插曲。如果因此而采取过激行动，势必会对两岸关系造成难以弥补的损害。因此，他们选择了以大局为重，通过对话和协商来解决问题。值得一提的是，在这起事件中，美军四星上将马克·米利也发表了自己的看法。他认为，解放军之所以选择克制，是因为他们非常清楚自己想要什么，也知道何时该用力、何时该保持克制。这并不是软弱的表现，而是一种对未来有着长远考虑的智慧。米利的这番话可谓是一语中的。他揭示了解放军在处理这次事件时所展现出的战略定力和远见卓识。这也正是解放军能够成为一支伟大军队的重要原因之一。回顾这次金门渔船事件，我们可以发现其中蕴含的深刻启示。在这个风起云涌的时代，我们需要的是冷静和克制，而不是冲动和鲁莽。我们需要的是对话和协商，而不是对抗和冲突。只有这样，我们才能共同维护好这个美好的世界。当然，也有人会问：如果解放军一直这样克制下去，是否会让人觉得他们软弱可欺？其实不然。解放军的克制并不是软弱的表现，而是一种战略选择。他们知道，在当今这个多元化的世界中，武力并不是解决问题的唯一方式。相反，通过和平手段来解决问题往往能够取得更好的效果。
66765f9ffb88ab4b048dd68b,https://mp.weixin.qq.com/s/PUq85o7q7rEpzkKI8f7o-Q,两岸谈了15次仍无结果后，又有变化！金门撞船案短期恐怕难结束,2024,03,11,2024-03-11,金门渔船撞击后的善后工作，大陆和海巡署已经进行了15轮的闭门会议商讨，然而并没有什么有效的结果，本月3日在即将进行的第十六次会议到来之前，台湾海巡署的官员却突然撤离现场，导致这一次的会谈不了了之。从目前的情况来看，金门渔船撞击事件已经很难在短期内解决了，大陆和台湾之间在这个问题上是存在不小的差异的，否则这种闭门会议也无法进行十五轮，不过从目前透露的消息来看，双方的差异依然在于对本次渔船撞击事件的定义。据国民党金门县立委陈玉珍的消息，大陆和海巡署对遇难人员的赔偿金这部分内容双方存在的差异并不大，目前的主要分歧还在于对此次渔船撞击的定性问题。大陆方面认为此次事件的主要因素是因为台湾“海巡署”舰艇的恶意撞击导致，而台湾方面则认为，海巡署舰艇在这一过程中并无错误，对于大陆的“三无渔船”，在越界警告无果后正常执法过程中引起的碰撞事件。在这里大陆遇难家属需要的是一个迟到的道歉，但是对于道歉部分，双方纠结的不是这个形式问题，而是道歉的内容本身，就目前来看，台湾不愿意承认自己恶意撞击导致的事故，而是正常工作流程出现的意外问题。海巡署坚定这个认知，其实背后也是台湾当局的态度，目前蔡英文和赖清德虽然没有明确表达过态度，但是对于台湾海巡部门在金门水域所谓的“合法”权力看似是要坚持到底的。民进党当局这种态度已经是一种玩火行为，他们一方面想要缓和大陆的关系，避免台海问题剧烈冲突，另一方面又想迎合绿营，害怕失去自己的基本盘，因此在这个道歉的环节中一直停滞不前。对于民进党目前所展现出来的态度，台湾内部已经矛盾重重，毕竟蔡英文目前的举动无疑是将台湾推向危险的边缘，而且民进党为了进一步迎合绿营，海巡署的报告中对于“碰撞”二字避而不谈。另一方面所谓的“海委会”主管管碧玲把立法机构的专题文章标题擅自改成了“取缔事故”，再次规避撞船问题，而管碧玲则称这样的行为是有先例的。对于台当局目前的所作所为，蓝白二营都表示了自己不满的态度，在渔船撞击之后，双方的谈判一直无法走在积极的道路之上，蓝白二营为了避免台海关系走向失控的边缘，已经开始行动。在闭门会议一度陷入僵局之后，陈玉珍在公开场合呼吁台湾当局授权金门地方机构可以与大陆地方直接沟通的权力，以地方对地方的形式来解决问题，不过她的这一提议被大陆方面拒绝，对此陈玉珍为了解决问题，已经以个人的名义前往了厦门。此次金门渔船撞击事件其实很明了了，过去大陆一直寄希望于和平的方式解决台海问题，因此对台湾的种种行动一直在步步退让，只要他们不越过红线，那么一切都可以坐下来谈。但是随着时间的推移，部分“台独”分子利用对话的幌子来篡取自己的政治利益，甚至是在一个中国原则上指手画脚，因此大陆此时表现的态度已经释放出一个清晰的信号。过去所谓的分界线是不存在的，台湾方面也没有所谓的金门附近水域的执法权，不管是金门还是台湾都属于中国的一部分，在这个区域的任何问题，拥有执法权力的只有中国海警。此时台湾所谓“海巡部门”非法进行针对大陆渔船的行为已经是越界行为，这一点是不容质疑的，过去大陆为了台湾的和平解放，对他们的小动作睁一眼闭一只眼的时代已经一去不复返了。如果台湾当局依然想要以过去的方案在这个问题上和稀泥，大陆方面是坚决不允许的！
66765f9ffb88ab4b048dd68c,https://mp.weixin.qq.com/s/-G4SWtmW9Xok82YmX_-fOQ,台入列2艘4000吨军舰，蔡英文赖清德叫板！大陆60艘渔船包围金门,2024,03,11,2024-03-11,请您点击上方蓝字关注“上海热线观察”，点评台湾时事，分析台海形势，爆料国际热点秘闻。在当前的地缘政治背景下，中国大陆方面近期采取了一项具有战略意义的举措，在金门海域展开了刘五店新航道的疏浚作业。此次工程的执行不仅是对海上交通的一项改善，而且在更深层次上，它也体现了大陆对所谓台湾当局规定的“禁限制水域”立场的无效宣告。这样强硬的动作无疑触动了台湾方面的敏感神经，导致其加强了警惕。回顾以往，可以看到在处理厦门港的疏浚项目时，大陆曾表现出对台湾当局的考虑，避开了刘五店区域。然而，在时间的推移和内外环境的变化下，大陆似乎正在调整其对台策略。台湾岛内的民意被一些扭曲的信息所左右，许多民众并没有机会了解真正的大陆。如今，由于这种认知鸿沟，大陆认为有必要采取更强硬的措施来推动两岸的统一大局。在这个关键时刻，我们可以预见，大陆的行动可能标志着一个更大范围战略的序幕：逐步削弱并最终消除台湾当局所声称拥有的“五权”——包括海权、航权、空权、外交权以及主权。此举在某种程度上，似乎是为未来两岸统一铺路，并在地区甚至全球层面上，重新声明与主张大陆的主权立场。比起岛内民众，台湾当局的反应要大得多，开辟新航道、渔船进入禁限制海域，这两件事都在释放一个信号：就国家统一问题，大陆将对台湾采取措施。因此当渔船出现在禁限制水域时，台湾当局才会异常恐慌。台“最大”海巡舰下水，蔡赖同台撑门面还是真实力?同一时间，台湾地区领导人蔡英文、副领导人赖清德一同出席了台船公司举办的两艘4000吨巡防舰命名下水联合典礼，这两艘巡防舰分别被命名为“云林舰”和“台北舰”，这无疑是台湾当局为了提防大陆在海域有所行动而加快了大型海警船的服役进度。据台湾媒体报道，这两艘船只各自拥有4000吨的排水量。蔡英文表示，“云林舰”能经受10级的猛烈风力，并具备1000海里的航行续航力，它是现役“海巡署”中排水量最重的船型。在致词时，台民进党蔡英文和赖清德果然选择了叫板大陆！蔡英文宣称，台海巡向世界传达台岛“坚定民主、自由”的决心，他们将打造一个“更安全、繁荣的台岛”。蔡英文的态度，只能说是莫名自信。在外界看来“云林舰”和“台北舰”的加入虽在某种程度上增强了台湾的海上防御能力，但这一进步仍难以对两岸的军力平衡产生根本性改变。即便包括这两艘新舰在内，台湾目前大吨级巡防舰的数量也不过为4艘。在中等吨位范围内，4000吨级以下、1000吨级以上的巡防舰数量为11艘;而在较小吨位方面，1000吨级以下、100吨级以上的巡防舰有12艘，100吨级以下的小型巡防舰则有177艘。从大陆的视角来看，台湾此次军备更新的实际影响似乎微乎其微。尽管台湾在提升自身防御能力方面努力可嘉，但考虑到大陆庞大且日益现代化的军事力量，台湾海军的这一最新进展难以构成实质性挑战。这些数字看似唬人，但实际上，这些船舰的质量好坏，台海巡部门自己一清二楚，早有岛内舆论称，台湾的船舰质量堪忧，是实打实的“豆腐渣工程”。那么既然斥巨资打造的船舰有问题，台湾当局究竟为什么还要大费周章的搞这些军事行动呢?答案呼之欲出，蔡英文和赖清德均是“台独”，在内，他们大搞舆论，企图蒙蔽群众，阻止国家统一。在外，疯狂向美国政府靠拢，并在美国购买军事武器，来实现自己的政治私利。大陆海警实力碾压台当局，60艘渔船包围金门！在台民进党叫板之后，中国大陆方面马上就有了新的行动。3月10日上午，金门海域的船舶动态信息系统上显示，大约60艘大陆渔船聚集在金门海域，初始，岛民猜测这可能是大陆的公务船或登陆舰意图靠近金门岛。随后，金门海巡队查明，这些渔船实际上是大陆渔船在撒网捕鱼，由于大量浮网排列，并附着AIS信号标，这才让民众产生了误解。为此台军退役少将栗正杰表示，大陆安置AIS信号标的行动，目的在于考验台海巡和岛上守军的应对，他还暗示，倘若海巡署对这些大陆渔船有所不满，那么下一次大陆可能会派遣更多舰船，或真实的官方船只。当今世界，在具备远洋执法与维护海洋国家利益的能力方面，中国的海警力量无疑是领跑全球。中国海警舰队以其强大的规模和先进的装备脱颖而出，赫然居于世界之首，其舰只之多、装备之先进是台湾所难以触及的。具体来看，中国可调遣的海上执法力量包括了多类船舰，这其中包括海警船、海洋监测船、渔政船等。在大型执法船舰方面，中国已经具备了70艘3000吨级以上的海警船。这些大型船舰不仅数量众多，而且功能多样，为长远的海洋维权提供了坚实保障。再细分船舰类型与尺寸，我们发现大陆的1000吨级以上执法船舰已超越了150艘的惊人数字。这样的配置在全球范围内也是罕见的，凸显出中国海权维护的决心与实力。至于在超大型海上执法平台方面，中国更是建成并投入使用了至少2艘10000吨级的海警船。这种超大型海警船舰的存在，不仅象征着海警力量的高水平，同时也反映了对远海执法能力的重视。相比之下，台湾在这一级别的海警船舰方面的确难以与大陆相提并论。无论是从数量还是质量上，中国在现代海警力量的构建上都展现出了卓越的能力，这样的差距也正映射了两岸在海洋治理和海上执法方面能力的明显悬殊。不过大家都清楚，虽然比的是海警实力，但背后影射的问题，还是两岸关系的未来走向。台湾打不过，美国靠不住！中国发出统一强音最近，美国再次对台湾进行了高达7500万美元的军售，引发了中美两国之间的紧张局势。中国国防部新闻发言人吴谦表示，中方坚决反对美国对台军售，台湾是中国的一部分，任何形式的外部干涉都是不容忍的。民进党当局坚持“台独”立场，拒不承认一个中国原则和“九二共识”，并勾连外部势力进行挑衅，是导致台海局势紧张动荡的根源。他们必须为此承担一切后果。两岸同胞同根同源，我们愿以最大诚意争取和平统一，但绝不给“台独”分裂留下任何空间。解放军将加强练兵备战，坚决打击“台独”，捍卫国家主权和领土完整。台湾地区空军副司令张延延也一针见血的指出，台湾当局的抗议没用，论道理，台湾理亏，论实力，台湾打不过，而美国人又靠不住，唯一的办法就是放低姿态，主动服软，两岸关系才能有挽回的余地。不过就目前的局势来看，台湾当局冥顽不明已经是不争的事实，而大陆对台湾采取任何相应措施，都是合情合理的，让我们一起期待接下来更直接、更强硬的推动统一行动！欢迎您下方左侧一键分享至朋友圈，同时点击右侧【点赞】与【在看】，获得更多好文推荐！
66765f9ffb88ab4b048dd68d,https://mp.weixin.qq.com/s/VnjdEImoOrHsritVEcuIIA,两岸统一已吹响号角！金门渔船事件没升级，网友不理解，台湾专家却发现大陆已经在行动！,2024,03,10,2024-03-10,震撼！大陆温和“摔跤”却逼得台湾“自闭”？美国都看呆了！在金门那片海域，上演了一出颇具戏剧性的小插曲。一艘福建的渔船在作业时，竟然被台湾那边给“盯”上了，结果渔船翻覆，两位渔工就这样与我们天人永隔，让人痛心不已！这台湾方面呢，事后不仅没展现出半点儿歉意，反而像是打了鸡血一样，加强了海上巡逻不说，还搞起了军事动作，一副要干架的样子。可咱们大陆这边呢，虽然军事上实力强大得让人咋舌，但却选择了克制，没动手。台湾的分析家邱毅。这位大佬可是眼观六路、耳听八方，他敏锐地发现了大陆的转变。咱们大陆的渔船突然像开了挂一样，开始频繁地出现在厦门与金门、马祖及澎湖等海域，这些地方以前可不是大陆渔船的常客。现在有了海警和渔政部门的支持，大陆渔船就像是找到了新家一样，越来越活跃了。台湾的海巡呢？他们似乎突然变得低调起来，面对大陆的行动，他们选择了避让，甚至把船只的自动识别系统都关了，生怕跟大陆来个正面交锋。你说这台湾海巡是不是被大陆给吓破胆了？这背后的原因可没那么简单。咱们大陆的执法船在技术和规模上都远超台湾，那可不是一般的船，都是军事规格的，机动性强，火力也猛。你再看看台湾的船，力量就显得单薄多了。这还不说，数量上大陆的海警船也是碾压台湾。更别说人员素质了，大陆海警的训练和能力都是顶尖的，台湾方面自然是望尘莫及。所以，台湾海巡选择避战，这可不是一时的冲动，而是他们经过深思熟虑的结果。他们知道，跟大陆硬碰硬，那绝对是鸡蛋碰石头，自讨没趣。除了海上的动作，咱们大陆的海军和空军也没闲着，他们也在空中给台湾施加压力。现在中国的军机都敢飞越台海中线了，而台湾的空军呢倒是显得有点犹豫，不敢轻易出手。其实，大陆的这种策略，虽然看着不那么直接，但效果可是杠杠的。这就像一场心理战，让对手在不战而屈。这可跟美国那种动不动就靠军事力量解决问题的做法大不相同。美国老是仗着自己的军事优势到处插手，结果国力消耗得差不多了，全球经济比重也一直在下降。咱们中国一直保持着战略耐心，不轻易参与冲突，所以经济才能稳步发展，吸引外资。就拿钓渔岛那事儿来说吧，大家都以为中国会动手，结果中国选择了避免直接冲突，不仅挑战了日本对该岛的控制，还通过设立东海防空识别区等措施，不断侵蚀日本的战略空间，让日本在战略上越来越被动。这期间，日本经济受到了影响，而中国却一路高歌猛进。所以，别看咱们中国平时低调，其实就像是在摔跤，虽然看起来不那么激烈，但效果可是实打实的。当然这也不意味着中国会一直这么温和，如果台湾那边继续闹，大陆肯定也会有更直接的动作。总结，金门渔船事件后，大陆通过一系列温和而有效的策略，逐渐压缩台湾的战略空间，展现了大陆在军事、经济等多方面的实力和智慧。同时，也通过对比美国的做法，凸显了中国在解决国际争端时的战略耐心和智慧。欢迎下方右侧一键分享至朋友圈，同时点击【点赞】与【在看】，获得更多好文推荐！
66765f9ffb88ab4b048dd68e,https://mp.weixin.qq.com/s/74NHmWHMyKHMsuOIHTXxrA,金门渔船事件没升级，网友不理解，台湾专家却发现大陆已经在行动！,2024,03,09,2024-03-09,点击蓝字，关注我，每日更新好文章~前段时间，在金门附近海域发生了一起事件，一艘福建籍的渔船在此地区作业时遭到了台湾方面的强硬干预，最终导致渔船翻覆，两位渔工不幸遇难。事发之后，台湾方面的官员态度强硬，不仅未表现出任何歉意，反而加大了海上巡逻力度，甚至还进行了相关的军事动作。目前，大陆方面在多个层面上对台湾展现出了压倒性的优势，特别是在军事力量上呈现出不可抵抗的趋势。大陆方面还是保持了克制，并未采取武力行动，这种态度使得许多观察者感到意外。台湾的分析人士邱毅指出，大陆已经在悄然采取措施，逐步压缩台湾的战略空间。他观察到，大陆的渔船开始集体进入之前不常出现的厦门与金门、马祖及澎湖等海域，这些地方以前不是大陆渔船的常规活动区域。现在，在海警和渔政部门的支持下，大陆渔船的活动范围逐渐扩大。与此同时，台湾的海巡力量明显收敛了往日的锋芒，面对大陆的行动，他们选择了退缩，甚至关闭了船只的自动识别系统，避免直接对峙。有人可能会认为台湾海巡的这种行为表明他们胆怯，但实际上，这背后的原因是大陆的执法船只在技术和规模上远超台湾。首先，大陆的海警船大多是军事规格的，具备强大的机动性和火力；相比之下，台湾的船只大都力量薄弱。其次，从数量上看，大陆拥有远超台湾的海警船只，这为大陆提供了明显的优势。最后，从人员素质来看，大陆海警的训练和能力也被认为是顶尖的，远超台湾方面。基于上述因素，台湾海巡选择避战，这不仅是出于自保，也是经过全面评估的决策结果。除了通过海警船和渔政船在海上施加压力限制台湾的战略自由之外，中国的海军和空军也在空中对台湾实施战略压缩。现在，中国的军机已经超越了长久以来被视为双方界限的台海中线，而台湾的空军则显得迟疑不前，不愿越线应对。许多网民认为中国大陆的这种策略虽然不够直接，但其实是非常精明的选择，采取了一种无需开战即可让对手屈服的心理战策略，这与美国依赖军事力量介入国际冲突的方式形成鲜明对比。众所周知，美国长期利用其军事优势介入各地冲突，但这也导致其国力逐渐消耗，全球经济比重持续下降，中国与其的差距日益缩小。有统计表明，冷战时期美国的GDP是中国的16倍，而现在仅为中国的1.53倍。如果按购买力平价来计算，中国的经济规模已经超越美国。这种差异反映出中国在战略耐心方面的成就，如果中国频繁参与冲突，将无法有效发展经济或吸引外资。以钓鱼岛危机为例，许多国家原以为中国会采取武力行动，但中国采用了避免直接冲突的策略，成功挑战了日本对该岛的控制，并通过设立东海防空识别区等措施不断侵蚀日本的战略空间，使得中国在该区域获得了对日本的战略上的优势。在此期间，日本经济受到影响，而中国经济则持续稳定发展。从2012年到2023年，中国GDP相对于日本的比例从1.57倍增长到超过4倍，显示出中国的综合国力远超日本，且这种趋势还在继续。若以美国解决问题的方式比作拳击，中国则更像是在摔跤，虽然外表看起来不那么激烈，但效果却更为显著。当然，这并不意味着中国将永远坚持摔跤模式。如果台湾持续对抗，大陆可能会适时调整策略，采用更为直接的方式。但对于我们这些吃瓜群众而言，这一切都是一个渐进的过程，不必急于求成，一切静待时机。
66765f9ffb88ab4b048dd68f,https://mp.weixin.qq.com/s/V0K5SbBTfb_wfq2JWeTgpg,金门渔船事件：台高层惶惶不可终日，大陆渔民宣示主权,2024,03,09,2024-03-09,不做亏心事就不怕鬼敲门。台湾防务部长邱国政向外界表示：我每晚都睡不好觉。面对媒体，他说自己每晚都会失眠，邱国政心里面十分惶恐。可以想见，身为夹心饼干的防务部长，着实惶惶不可终日，担心两岸擦枪走火。2月14日发生在金厦海域的撞船事件，由于台湾海巡署既不承认错误，又不向遇难者家属道歉赔偿，更不惩办肇事者，使得两岸紧张气氛陡然升温。台湾防务部长邱国政    图片源于台媒图片源于台媒 点赞点个在看你最好看   
66765f9ffb88ab4b048dd690,https://mp.weixin.qq.com/s/tr-IrdkReVTL0PgN7I34RQ,大陆渔船事件，国台办主任撂下重话后，民进党想将金门送给大陆？,2024,03,09,2024-03-09,在两岸局势的最新发展中，大陆渔船事件成为备受瞩目的焦点。协商已进行四轮，但在“究责”、“认错”与“公开道歉”等方面，大陆方与遇难家属以及台“海巡署”官员之间仍存在着巨大的落差。这一僵局使得双方寻找共识的过程变得愈发复杂。消息透露，协商双方均有意让此次事件尽早落幕，目前正在试图找出一个双方都能接受的折衷点。然而，台湾国民党“立委”翁晓玲却表达了金门县民的紧张情绪，呼吁台方应该展现更大的善意，基于人道主义，向大陆渔民发放抚慰金，以尽快结束这场争端。与此同时，台“海巡署”署长周美伍赴金门，向死亡渔民灵前上香，并与大陆代表进行谈判。然而，解决方案仍未对外公布，危机的解决仍然存疑。在这关键时刻，我国台办主任宋涛发表了一番重要的讲话，向民进党当局发出强烈信号。宋涛在台商新春联谊会上表示，若台当局继续推行“台独”路线，不承认基于一个中国原则的九二共识，台海局势将异常动荡。他强调，大陆将坚决反对“台独”分裂和外部势力的干涉，同时坚定推动两岸关系的和平发展，维护祖国统一的决心不会动摇。随着宋涛的表态，解放军东部战区发布了一张引人注目的海报，上面刻画了“小手抓大手”的场景。这一海报揭示了大陆佛山空军基地部署着歼-20战机，离深圳和香港不远，距离台湾海峡仅七百公里。这个信息对台湾的意义非凡，尤其与金门事件密切相关。歼-20是一种隐身战机，通常在作战时担任第一波攻击，起到了踹门的关键角色。解放军东部战区的举措显示出对台湾，特别是金门事件的高度关注，使得整个形势变得更加复杂。在台湾退将栗正杰看来，解放军东部战区的主要任务是针对台岛，以及钓鱼岛。他警告说，任何关于东部战区的消息都应该被台岛特别谨慎对待。而解放军的这一举措，尤其是海报的发布，显示出了对台湾，特别是金门事件的强烈针对性。其中提到的歼-20、歼-16以及海峡中线的军舰，表明了一种将台岛包围起来的态势。在这种紧张的形势下，有人认为如果大陆决定占领“固有领土”金门县并完全控制金厦水域，甚至有人表示乐见其成。然而，这种观点无视了金门、马祖，以及台岛本身是中国领土的一部分，不容割让。综合分析，大陆渔船事件不仅仅是一场协商僵局，更是两岸关系紧张升级的缩影。宋涛的强硬表态以及解放军东部战区的举措，都向台湾当局发出了明确的信号。大陆维护国家统一的决心坚定不移，同时警告台湾不可继续沿着“台独”路线走下去。在这个过程中，军事手段的明示和强化使得双方之间的对抗更加突显。然而，真正的解决之道并非通过军事威慑，而是通过对话和谈判找到共同的利益点。
66765f9ffb88ab4b048dd691,https://mp.weixin.qq.com/s/uf1mruZ7TyylFZmxRREZFQ,金门事件愈演愈烈！美国海警拦停两艘中国渔船，中国网友炸锅了,2024,03,09,2024-03-09,近日，有关美国海岸警卫队与基里巴斯海警联合执法活动的新闻引起了广泛关注。据英国媒体2月26日报道，这次联合行动发生在太平洋地区，美国海警队与基里巴斯海警联手检查了两艘来自中国的渔船。在这次检查中，尽管两艘渔船悬挂着中国国旗，但并未发现任何问题，最终被放行。然而，这次行动的政治目的在报道中引起了一些质疑。究竟是什么原因导致美国海岸警卫队选择与基里巴斯海警在太平洋合作，并向公众透露这一消息呢？金门渔船翻覆事件，成为岛内的焦点。台湾民进党当局在处理这一事件时面临着来自多方面的压力，尤其是中国海警在所谓的“限制线”海域内频繁巡逻执法。这一举动被解读为中国大陆对台湾民进党的回应，一种以实际行动表明领海主权的手段。而台湾当局在此情况下无法有效应对，加之在协商中拒不认错的态度，引起了岛内民众的极大不满。海巡署在处理金门事件中的推卸责任和谎言狡辩更是激起了民愤，岛内舆论呼吁民进党认真面对问题，而非逃避责任。美国海岸警卫队披露对中国渔船的检查消息，引发了广泛关注。尽管最终未发现问题，但这一举动背后可能存在着更为复杂的考量。有分析认为，美国可能试图通过这次搜查行动减轻台湾民进党当局面临的压力，同时将舆论和注意力从金门事件上转移开。然而，美国的炒作效果并不显著，未能达到转移岛内民众注意力的目的。这也暴露出美国在太平洋地区的地缘政治博弈中并非能够左右一切的局面。此次美国与基里巴斯海警的合作，引发了人们对中美在太平洋地区的地缘政治博弈的关注。除了地缘政治层面，美国选择与基里巴斯合作可能还有其他动机。有观点认为，这是美国试图通过合作破坏中基警务合作的一环。通过这种方式，美国企图向太平洋岛国传递一个信息：与美国合作将带来更多利益，远胜于与中国的合作。这种以霸权为基础的外交手段在国际政治舞台上并不罕见，然而，其后果也是不可忽视的。在这一过程中，我们看到美国海岸警卫队试图通过舆论炒作和外交手段来左右太平洋地区的格局。然而，这种行为在国际政治中往往会引发负面反响。使用霸权手段，尤其是通过威逼利诱来影响其他国家的合作选择，是一种短视的外交策略。随着国际关系的不断演变，这种做法有可能导致反噬，损害美国的国际形象和声誉。总的来说，这次美国海警搜查中国渔船的事件在国际政治舞台上掀起了一些波澜。无论是对台湾民进党当局的减压，还是在太平洋地区进行地缘政治博弈，美国的行动都值得深入观察。
66765f9ffb88ab4b048dd692,https://mp.weixin.qq.com/s/jEanJkGI4k_AwpNOKWBgcg,金门海域渔船恶性事件，历经15轮沟通无果，台湾就不怕挨揍吗？,2024,03,09,2024-03-09,​大年初五出海的一艘渔船，被台湾海巡署撞翻了，死了两位渔民。大陆派人和亲属一起去金门协商处理，结果谈了15轮，破裂了！看凤凰卫视报道，遇害者家属痛哭说，遗体要不回来，甚至连句道歉也没有。瞬间感觉很愤怒，谈了15轮，什么都没有，道歉、赔偿、问责一个都没有。每一轮谈判，都无疑是在撕开死者亲属的伤口蹂躏。如此反复折磨受害者家属，贼人，你好大的胆！据说，最后一轮，台湾派了个老头过来和我方代表谈，这人把88万新台币分成了两个牛皮纸袋（折合人民币差不多也就20万）带进谈判室。他刚进门就要把牛皮纸袋往遇难者家属手里塞，边塞还边念叨：哎呀哎呀，以前死人都是不赔钱的！这是人道主义补偿，不是赔偿！听说，在场的大陆人脸都气黑了！这是完全就是一种侮辱加挑衅！于是，在离开金门之前，大陆撂下一句狠话：后果自负！原话是：台湾方面参加协商人员已于3日离开金门前往台湾本岛，至今（5日）都没有返回、且毫无音信，这充分表明民进党当局没有解决问题的诚意，我们也无必要留在金门，由此造成的后果由民进党当局负责。我一直在想，台湾，特别是民进党，一直跳来跳去，难道就不怕挨揍吗？我觉得，他们大概率还是怕的，要不台湾防务负责人邱国正不会说这些天他没有睡好过觉。但是，他们也在赌，赌大陆近期不会动手！还有，作为中美对决的前沿和被操控的棋子，民进党是要看美国脸色行事的，最近美国想拉中国下水的心态很明显，民进党当然在这时候不能认怂。大家有没有注意到其他两条信息？一条是3月5日，人大开幕之日，菲律宾的海警船撞了我们的海警艇。另一条是3月8日，中国外交部发言人基本上确认印度在中印边界增兵1万。怎么这么巧？先是台湾，后是菲律宾，再是印度，从春节到两会，挨个过来添堵。如果说没有联动计划，你信吗？是谁在背后操控？我想大家心知肚明，这个世界上有这个能力的国家不多！为什么？再简单不过了，美国希望中国马上燃起一场战火。无论战火发生在东南的台海、燥热的南海还是冰封的西南，只要中国下水，就能扭转美国窘迫且岌岌可危的局面。美国现在面临两个战场，一个是俄乌，一个是中东。这两个战场，一个都不允许失败。一旦失去了乌克兰，俄罗斯可能迅速扩大战果，欧洲国家就会直接和俄罗斯对上。历史原因，即使俄罗斯不向西发展进攻，欧洲也会这样想。到时候，北约上还是不上，美国上还是不上？上！和俄罗斯直接硬钢，美国有没有必胜的把握？如失败，北约解散，美国退出欧洲！不上，俄罗斯做强做大，日后更难对付！且欧洲盟友们转头就会投奔俄罗斯的怀抱。在中东，只要中国拉着阿拉伯10国举着两国方案，以色列是扛不住一致对外的伊斯兰国家联盟的，美国就必须下场。因为以色列被打残了，美国就会失去对中东的控制力，美国控制不住中东局势，OPEC就敢和中国签订人民币结算石油，美元石油体系就会可能因此瓦解。美元霸权就要面临崩盘，这就是美国不得不下场中东的理由。但是，如果把中国的精力牵制在美国说的印太地区，中国对阿拉伯国家的支持就会减少。于是乎，沙特、埃及这些国家可能就会反水跳回美国怀抱，伊沙和解成一纸空谈，伊朗继续被围着制裁，抵抗之弧也只能龟缩，巴以冲突不战而解，美国就能腾出手带着北约去揍俄罗斯了。请问，作为棋子的台湾、菲律宾有理由有胆量不听美国的吗？甚至日本、韩国哪一个不是在挑衅周边？一旦中国周边有变，美国的如意算盘算是响喽！这么多年以来，我们把“两岸一家亲”喊得很响，台湾问题一直作为内部矛盾对待的，台湾和民进党对这一点看的很清楚。图片台湾媒体不是讲过吗，如果按照民意，大陆98%以上的声音是武统，只是我们党从大局出发，没有采取武统的方式，一直争取和平统一。所以，我觉得民进党当局有一种惯性思维，就是只要不碰“独立”“公投”这样的红线，及时在边沿疯狂的踩踏，大陆也不会动武。但是，形势变了。3月5日，李强总理在政府工作报告中指出，要坚持“一个中国原则和九二共识”，坚决反对“台独”分裂和外来干涉。报告未提及去年使用的“和平统一进程”，改称“推进祖国统一大业”。此外，报告也没有提及两岸血脉相连、共同弘扬中华文化等柔性表达。这是首次没有提及“和平统一”的政府工作报告。我觉得，民进党要做好接受武器批判的准备！毕竟你现在手上有血债，辜负了全体中华儿女的一片真心。但先打台湾还是菲律宾不好说！谁给美国当马前卒当的太急，谁先挨收拾！其实吧，你揍台湾他们也无所谓。看一个大V的文章，说大部分台湾人相信，战争爆发后，台湾主岛不会遭到一发炮弹的轰炸，战争就结束了，因为几乎没有哪个台湾人，会为了一场说不上来有啥意义的战争去流血打仗，他们甚至都不为“投降”难为情，投降日本是投降，投降自己人算投诚，日子还不是照过？这个我信！大部分台湾人对政权更替这事非常无感的。当初清朝和日本打了起来，台湾莫名其妙地被割给了日本，随后爆发的台湾保卫战中，最勇敢的台湾人已经把血流干了。后来李敖说，台湾人普遍没种，因为当初不愿意跪下的台湾人被日本人用机枪给扫了，现在的台湾人，都是“跪民”的后代。所以，民进党向美国人下跪，对其言听计从，一点都不奇怪。等到解放军登岛，一挨揍，很多人也就老实了！
66765f9ffb88ab4b048dd693,https://mp.weixin.qq.com/s/A-gHnWVBx6BqWsIojhUgQA,“谈崩”了？渔民家属失望返陆，大陆工程船现身金门，台军表态,2024,03,08,2024-03-08,随着大陆和台湾方面多轮谈判的破裂，大陆方面已经失去耐心。近日，遇难渔民家属失望而返，与此同时，大陆工程船现身金门，台军方表态。据海峡网报道，3月5日，距离“2·14恶性撞船事件”发生过去了整整20天，多家台媒消息，当天下午，一直在金门处理事件后续以及和台有关方面谈判的大陆代表及家属，在赴殡仪馆上香后搭船返回大陆。在镜头前，遇难船员家属难掩悲痛之情，多次哽咽，并指责台方无人担责，甚至连个道歉都没有。大陆代表团团长，泉州市台办副主任李朝晖也是直接炮轰台湾方面，在谈判时谎话连篇、出尔反尔，完全没有诚意。在双方最后一次协商时，台方曾表示愿意赔偿每位遇难渔民10万元人民币，而家属直到离开时都没有拿到这笔钱。得知大陆人员离开后，台方只是轻描淡写地说了一句：非常遗憾。据悉，撞船事件发生后，大陆方面就派代表及家属过去善后，但在和台方进行了十余轮谈判协商后仍未达成共识。李朝辉表示，直到4号台湾方面仍在为自己恶意撞船一事辩解，台方的解释前后矛盾，态度出尔反尔。更令人气愤的是，台方负责协商此事的人员在3日就离开金门，一直将大陆人员“晾”在金门，杳无音信。他表示，这充分说明台民进党当局毫无诚意解决此事，只想着逃避。这样的话，大陆方面也没有必要继续待在金门。李朝辉最后补充了一句很关键的话：由此造成的一切后果，由民进党当局负责。如今，大陆海警已经在金门附近海域常态化巡逻，下一步，是否会延伸到澎湖海域还未可知，但大陆方面的一个动作非常不寻常。3月4日开始，大陆多艘挖泥船在金门岛东部和南部海域集结，这么多的工程船同时出动，是否意味着大陆要“清理航道”，以便“大型船舶”进入，至于这个“大型船舶”是解放军的军舰还是大型货轮，这个还真不好说。但总而言之，大陆围绕解决事件的动作一直没停止。对于事态的不断升级，岛内蓝营多位“重量级”人物发出警告称，民进党如果继续玩火，大陆方面直接“动武”都是有可能的。此外，台“防务部门”负责人邱国正也非常担心，表示“台军”虽然不会介入，但事态发酵后大陆一步步收回“管辖权”，台湾要怎么办？事实上，邱国正所担心的就是大陆目前正在做的，岛内的“台独”势力跳得越高，大陆反制的力度就越大。对于这件事，有三点是非常明确的。第一：台方不道歉难以平民愤。第二，对相关责任人不处理将不能“立威”。最后，“拿钱了事”不可取、不接受。但如今大陆人员已经返回，谈判通道已经关闭。既然台方不想谈，那大陆也就没有必要继续浪费时间。下一步，大陆是否会延伸管辖海域，甚至采取更有力的其它举措，彻底取代台方在台海的“执法权”，让我们耐心等待。
66765f9ffb88ab4b048dd694,https://mp.weixin.qq.com/s/sMnYLvMNV8ceZgmumoONqg,何去何从？金门撞船事件愈演愈烈，事件能否解决全在一念之间,2024,03,08,2024-03-08,由于某种原因，很多文章不能在这里发表，喜欢本号的朋友，请点击下方卡片关注我们的新号，获取更多精彩好文金门撞船事件发生到现在已经将近有三个礼拜，民进党当局迟迟不肯拿出善意，现在连泉州市市长都表示感到非常愤怒。因为大陆方面的需求没有一样民进党当局是答应的，就算连最基本的把罹难者的遗体运回大陆去的要求民进党当局也反对。其实民进党当局心知肚明，因为遗体只要一旦送回大陆去，事态恐怕又会升级。因为解剖之后就会发现真相，这些渔民是不溺水而亡，如果是其他的死因的话，那么台湾的海巡问题可就大了。名嘴郭正亮说，尸体运回去之后就怕事情会变得更严重，很有可能当时执勤的四个海巡队员会被大陆列为通缉犯。很多事情都很难说，毕竟这样的事情都在两岸领导的一念之间。如果说蔡英文跟赖清德有诚意来解决这个问题，这个事情就绝对不会拖到现在。现在看得出来的是，管碧玲在当马前卒，她拼命煽风点火，把事态变大，但是却迟迟没有看见蔡英文跟赖清德对整个事情有进一步的说明。蔡英文装睡，装睡的人是叫不醒的。她就完全摆烂，反正520她就退休了。蔡英文希望赖清德来解决这件事情，赖清德又希望蔡英文在她的任内能够把这件事情圆满解决。双方各有算计，但是他们都意识不到要对大陆罹难渔民释放出善意。大陆代表要求的事情，台方面根本就是置若罔闻，坚称他们的“执法”没有问题。因为一旦他们的“执法”有问题的话，那赔偿、道歉、就责、公布真相等等程序就必须展开，台海巡部门以后恐怕很难在金厦海域继续进行他们的工作。因为到时候所有的真相一揭开之后，理亏的一定是台湾，台湾只会承受更大的压力。现在就看赖清德他的一念之误到底是什么，他是要放任事态扩大，还是想要来解决这个问题。不过很可惜的是，赖清德现在还在兴头上，还在找人组织他的团队，似乎对这件事情置若罔闻。现在大家矛头都对准了“海委会”的管碧玲，这一个快70岁的政客。原来人家安排她在这个位置是想让她体面地退休，结果这个政客以为自己可以凭借这件事扩大影响力，并让自己有资格参选高雄市长，所以她就拼命把整件事情越弄越大，来显示出她不畏惧大陆。其实他们都搞不清楚的是，大陆一旦多点突破台湾海域，台湾的船根本就是不够用。台湾的船完完全全没有办法守护台湾周边的这些海域。所以说，台当局如果还是如此的执迷不悟的话，相信大陆的海警船将会出现在台湾的周边海域各个地方，侵入24海里也只是早晚的事情。毕竟台湾的海军也没有那个勇气来反制大陆。现在台湾的海巡艇比较多，舰比较少，大陆的海警船呢都是以军舰为基础打造的，撞起来绝对是台湾方面吃亏。一念之间很重要，就看赖清德他的一念之间，到底是放任事态扩大，还是真心诚意想要解决问题。其实球一直是在台湾的手中，如果台湾完完全全地罔顾大陆的呼吁的话，事态的扩大在所难免。台湾只会引发大陆民众的愤慨，两岸关系自然而然地就会不好。所以赖清德想要有一个好的两岸关系，那个是缘木求鱼，绝无可能。
66765f9ffb88ab4b048dd695,https://mp.weixin.qq.com/s/3UhoCDB2hUVR2qpey9DJlA,金门渔船这事，一个都跑不了！,2024,03,08,2024-03-08,金门渔船事件，一场本应是平静海域的事件，却成为两岸关系的一次重大考验。事件背后的深意和影响不容忽视，我们有必要对此进行深入的分析和思考。首先，让我们回顾一下金门渔船事件的起因。一支金门海巡署的巡逻船在金门海域发现了一艘台湾渔船，而在渔船上，他们发现了一些涉嫌违禁的物品。于是，海巡署试图拦截该渔船，但却遭到了渔民的激烈抵抗。这一事件引发了一系列的纷争和争议，甚至牵扯到了两岸关系的敏感神经。对于金门海巡署的行为，我们必须持批评态度。他们的行动过于分歧和激进，严重超越了其职责范围，给两岸关系带来了严重的不稳定因素。这种行为不仅是对渔民的侵犯，更是对两岸关系的破坏。因此，我们有必要对金门海巡署的行为进行深入的反思和批评。从历史的角度来看，我们可以发现类似的事件并不鲜见。在历史上，曾经有过许多类似的海上争端，最终都得到了妥善解决。然而，金门渔船事件的严重性和复杂性超出了我们的想象。这不仅仅是一次普通的海上争端，更是一次地区安全和稳定的严峻考验。因此，我们必须对此高度重视，不能掉以轻心。金门海巡署行为背后可能存在着更深层次的动机和意图。他们的行动并非偶然，而是经过精心策划和蓄谋已久的。他们试图挑起两岸关系的矛盾，试图突破底线，甚至故意挑衅。这种行为是对地区和平的严重威胁，必须引起我们的高度警惕。与此同时，外部势力的插手也使情况变得更加复杂化。金门渔船事件可能背后存在着某个霸权国家的支持，这与其在南海问题上的挑衅行为有关。这种外部势力的介入，进一步加剧了地区的紧张局势，给两岸关系的稳定带来了更大的挑战。对台当局的质疑也是必要的。他们的“独上加独”立场，已经严重挑战了两岸关系的基础，给地区和平带来了极大的不确定性。因此，我们有必要对其进行严厉批评，要求他们停止任何分裂行径，与大陆共同维护地区和平。
66765f9ffb88ab4b048dd696,https://mp.weixin.qq.com/s/GPsLWO7GE6aBMu9FxagnOQ,宋涛八字定性金门渔民遇难案后，福建出台对台新举措，罕见提到淡水供应,2024,03,08,2024-03-08,近日，中共中央台办、国务院台办主任宋涛与国民党副主席夏立言在上海和平饭店内进行了会面。宋涛主任表示，民进党对待大陆渔民的态度极为粗暴，导致两位渔民不幸遇难。草菅人命、冷漠无情的态度引起了大陆社会各界的强烈不满，严重损害了两岸同胞的感情。对于宋涛主任的指责，夏立言表示，他希望通过国台办向遇难渔民的家属表达慰问，并敦促民进党妥善处理此事。值得注意的是，就在宋涛主任与夏立言进行会面时，福建省也出台了对台新举措。据报道，福建省高级人民法院的工作报告明确指出，厦门法院已制定了涉台诉讼的完整流程图，以方便岛内民众在福建提起诉讼，体现了“两岸一家亲”的司法理念。不仅如此，报告还披露了平潭法院设立的“融合法庭”在处理44起与台有关的纠纷，以及泉州建立的专门向金门提供水的“清源法屏”机制，致力于解决涉及供水的纠纷问题。然而，当前的两岸形势相当紧张，中方代表前往金门与岛内进行了15轮的谈判，但由于台当局拒不承认台“海巡署”存在粗暴执法的行为，导致谈判未能取得实质性进展。在这一紧张时刻，福建省的工作报告中突然提到了金门的供水问题，强调要努力解决供水纠纷。这一提法引起了岛内一些分裂分子的担忧，他们担心可能面临被断供的风险。这样的担忧并非毫无道理。长期以来，金门地区一直面临水资源短缺的问题，其日常用水主要依赖于地下水和海水淡化，甚至需要台湾本岛的补给。这导致金门获取日常用水的成本不断上升，成为困扰当地居民的一个大难题。回顾历史，为促进两岸联系，福建省于2018年5月启动了供水工程，向金门提供淡水资源，帮助其缓解用水困境。截至2023年8月份，金门输送的淡水数量已达2800多万吨，这相当于日均输送量达到1.58万吨。这个数字令人震惊，因为它占据了金门自来水厂每日提供淡水总量的73%。这个数字揭示了金门对福建供应淡水的极大依赖，也凸显了一旦供水被中断，金门将面临无水可用的严峻局面。这种依赖的程度引起了岛内的担忧，人们开始意识到金门可能会受到供水中断的风险。如果这种情况发生，金门民众将会把责任归咎于台湾当局，因为他们认为台当局在面对这一问题时敷衍了事，拖延了解决。到目前为止，台当局似乎没有给出一个合理的解释，这让人们感到愤怒和失望。尽管大陆拥有应对台湾当局的手段和方法，但考虑到两岸同胞之间的情感联系，大陆不太可能采取断供淡水的行动，特别是对金门普通民众。然而，对于驻扎在金门的台湾军队，情况可能会有所不同。尽管目前尚未采取这种措施，但未来是否会断供给金门的台湾驻军，那就不得而知了。欢迎下方左侧一键分享至朋友圈，同时点击右侧【点赞】与【在看】，获得更多好文推荐！
66765f9ffb88ab4b048dd697,https://mp.weixin.qq.com/s/NtDE4Xi9ijuLdcXeIEzC8Q,金门渔船这事，一个都跑不了！,2024,03,08,2024-03-08,"金门渔船惨案，岛内外反应强烈！金门海巡署对大陆渔船的暴力执法行为引发了强烈的舆论反响。从事件细节来看，这不仅是一次对渔民的暴力执法，更像是台独分子对大陆的一次极限试探和挑衅行为，背后可能得到某些大国的支持和怂恿。据报道，3月15日，一艘大陆渔船在金门海域作业时，被金门海巡署的舰艇开枪射击并扣押。据悉，这起事件已导致多人受伤，其中包括1名大陆渔民当场身亡。事发后，金门海巡署的行为引发了强烈的舆论谴责。分析人士指出，金门海巡署的做法无疑太过分、性质恶劣。以往他们只是对大陆渔船进行驱离，但这次竟然开枪射杀，性质发生了根本变化。这种行为已经突破了一般的执法范畴，等同于武力挑衅和故意杀人。更令人不安的是，分析人士认为，金门海巡署这种有计划、有预谋的暴力行为，绝非偶然。他们肯定预料到会引发严重后果，但依然这样做，说明背后可能得到某些势力的支持和怂恿。一些舆论认为，给予台当局撑腰的极有可能是某个在亚太地区影响力颇大的霸权国家。近期，该国不断鼓动菲律宾在南海地区对我国实施挑衅，多次炫耀军力。对台当局的支持，是其在亚太地区困扰中国的又一手棋。自民进党上台后，""独上加独""的双独组合，在推行""事实台独""敌视大陆的政策上已经比蔡英文政府更加直接、更加暴力。金门渔船事件恐怕就是他们在背后支持下的又一次极限试探。我相信，国家对两岸局势的发展肯定有精准的分析和判断。对于何时、如何实现统一，对岛内顽固分子的历史罪行，国家都有清晰的方案。雄心的一半是耐心。每到重大节点，我们都会听到民间的呼声，要求加速统一进程，惩治台独分子。但我深信，国家不会被这些挑衅行为左右，会选择适当的时机，彻底解决两岸分裂局面。届时，我们的武装力量会像铁桶一样，把整个台岛团团围住，不让岛内的顽固分子有任何逃脱的空间，一个不漏地拉清单，严惩不逊，清算他们的历史罪行。此时此刻，让我们给予国家多一份理解，多一份耐心。我们要相信，国家一定不会让人民失望。那个结束分裂、实现统一的日子一定会来，我们的祖国终将重新统一！人们总说，祖国统一将会给台湾人民带来新的美好生活。这是毫无疑问的。但我认为，对于那些罪大恶极的台独分子和历史罪犯来说，统一之后，他们只有受到应有的严惩这一种下场。因为，台湾自古就是中国的一部分，他们强行把台湾从祖国母体上割裂出去，罪不可恕。统一之后，他们的一切罪行都将浮出水面，让世人看清他们的丑恶嘴脸，不得好死！总结:总的来说，金门渔船事件在舆论上引发极大反响。分析人士认为，金门海巡署的暴力行为已经超越了正常的执法范畴，等同于武力挑衅和故意杀人，背后可能得到某些大国的支持。民进党当局推行""事实台独""的做法比蔡英文政府更加粗暴、更加直白。国家对两岸局势必有自己的判断和统一方案，并会在适当时候清算岛内顽固分子的罪行。我们要给予国家理解和耐心，相信它一定不会让人民失望，祖国终将重新统一。"
66765f9ffb88ab4b048dd698,https://mp.weixin.qq.com/s/shRK6CkpxvSh4Hba1ZJvog,关于金门渔船事件的几点疑问,2024,03,07,2024-03-07,点击蓝字关注我们2.14金门海域恶性撞船事件，历经15次谈判最终谈判破裂。历经15次谈判最终谈判破裂。本来是一件意外事故，后面变成政治阴谋，现在又从政治阴谋变成政治阳谋。前两天写了对金门事件的两点建议金门海域事件第15次谈判破裂，我有两个建议，今天我想说说对金门渔船事件的几点疑问。1.为什么挑一个喜气洋洋的日子？1.为什么挑一个喜气洋洋的日子？2月14日本来是迎财神大年初五，同时也是情人节，结果在这样一个好日子发生恶性事件还拒不道歉，导致两岸关系发展非常恶劣，这个时间点非常奇怪。2.为什么挑在金门？金门是什么地方？大家打开地图一看就知道了，一个充满争议和历史的地方。至于台湾方面所说的“禁止限制水域”无非是大陆在历史发展过程中尊重台湾，对台湾表达的善意，但如果台湾方面并不需要这种善意，整个台湾岛本来就是中国的，何来禁止水域？禁止限制水域大家可以看到最近福建的海警船已经正常在那边巡逻了，照我说这种合理合法的巡逻早就该开展了。3.为什么对事件调查一拖再拖？大家知道这次事件发生前一周，台湾方面基本没有任何反应，也不公开侦查，后面知道事情瞒不下去了就各种搪塞，至今拒绝公开录像录音，文明社会连警察日常询问都要录像，如果台湾方面不是心虚的话怎么可能没有录像录音？4.为什么如此倨傲？相信大家都看到了，事件发生后，民进党官员、海洋署官员、陆委会官员态度都十分倨傲。对于人命关天的大事，况且本就是他们的错，搞得自己还占理一样，这点确实不懂，于情于理于实力，他们倨傲的资本在哪里？5.为什么不怕把事情闹大？这个确实很奇怪，前面给大家讲解过中国海军的实力，以及台湾地区拥有的所谓海上力量，粗暴驱离大陆渔船的台湾，拥有什么海军力量？我不相信民进党当局不知道这种悬殊极大的力量差距，但又是什么导致他们如此倨傲，并且不怕把事情闹大呢？难道就是某些国家给出的所谓保障吗？这五个问题其实并不难回答，我相信台湾当局自己心里也有答案，而我们大陆也知道台湾的小算盘，可是我们依然一直在表达对同胞的善意，才会在开始时对于他们的拖拉给出时间，可是如今这种善意已经逐渐消失殆尽了。假设民进党当局就是想将这样的局面闹给某些国家看，那这些国家最近的表态他们知道吗？我们要的东西其实非常简单，对于这次意外事件台湾方面如果处理好了其实是有利于两岸关系的，可惜他们仍旧执迷不悟。在这里我也奉劝民进党认清事情，摆正态度，减少幻想，对这次渔船事件的前因后果尽快公布出来，并对遇难家属表达诚恳的歉意。最后记住，只有遵循统一才是台湾当局正确的选择。扫码关注我们扫码关注我们点收藏点在看点点赞
66765f9ffb88ab4b048dd699,https://mp.weixin.qq.com/s/piNDg0z59Uix238bmLqR2Q,台拒绝认错！金门渔船事件后14轮谈判未果，岛内专家警告：若不解决，冲突随时可能爆发！,2024,03,07,2024-03-07,在最近的一系列事件中，台湾的政治氛围变得异常紧张。特别是针对2月14日发生的一起海上碰撞事件，争议不断升级。此次事件中，一艘大陆渔船与台湾海巡船只相撞，造成了严重后果。在这样的背景下，各方的言论和态度透露出深刻的政治分歧。据台湾新党主席的最新发言，他强烈要求政府官员下台负责，特别是指向了管碧玲，要求其对此次撞船事件承担全部责任。他的话语充满了急切和愤怒，显然，这位政治人物对于当前的局势感到极其担忧。他暗示，如果不采取果断措施解决问题，可能会把事态推向一个更为危险的境地，甚至可能导致冲突的爆发。在进一步的言论中，吴成典揭露了一些令人震惊的细节。他指出，管碧玲在处理与大陆渔船的碰撞事件时，表现出轻率和逃避责任的态度，这种做法令人无法接受。吴成典质问道，是否真的可以忽视这样的事件，不采取任何行动。他警告说，这样的态度可能会导致更加严重的后果，包括潜在的军事冲突。这些发言反映了一种紧迫感，表明双方在力量对比上的巨大差异，以及一旦发生冲突可能导致的灾难性后果。因此，吴成典呼吁更换负责人，希望通过换人来解决这一棘手的问题。然而，这种做法是否真的能够带来解决方案，还是一个值得深思的问题。事实上，2月14日的撞船事件已经成为两岸关系中的一个敏感点。人们不禁要问，为什么会发生这样的事故？在事件发生后，为什么台当局似乎可以如此轻易地拒绝承认错误、拒绝道歉，甚至拒绝归还遇难渔民的遗体和船只？答案可能在于台当局的态度，他们似乎已经习惯了对大陆的傲慢和偏见，习惯了破坏和阻碍两岸关系的正常发展。经过多轮谈判，台当局仍旧固执己见，没有表现出任何悔改的迹象。面对这样的情况，是否应该采取更加强硬的措施呢？是否应该直接采取行动，以强制的方式解决问题呢？看看台方官员的言论，他们将这次事件描述为一个简单的执法个案，声称是依法行事。这种说法显然是非常荒谬的。当证据清楚地显示了过错时，他们却选择了公然撒谎和推卸责任。在这种情况下，是否还有理由继续给予台当局机会呢？经过14轮谈判，双方的对峙呈现出拉锯战的局面，这无疑是对耐心和决心的考验。然而，仅仅等待并不能解决问题，必须采取行动。当然，仅仅要求管碧玲下台并不能根本解决问题。如果她的继任者仍然持有“台独”立场，那么相同的问题可能会再次发生。因此，最终的目标应该是实现两岸的和平统一，消除“台独”势力。长期以来，大陆对台湾实施了多项惠台政策，希望通过善意和努力改善两岸关系。然而，这些努力似乎并没有达到预期的效果，反而遭到了“台独”分子的反抗和背叛。这种情况不应该再被忽视。现在是时候采取果断的行动了，我们应该团结一致，坚定信念，共同努力实现和平统一。这不仅是我们的责任，更是我们的使命。来源：央视新闻网客户端 环球网‍‍‍
66765f9ffb88ab4b048dd69a,https://mp.weixin.qq.com/s/CF3A_0M9O4dcm3RWKU2VjA,谈崩了！我军战舰直插金门！,2024,03,07,2024-03-07,"作者 | 燕赤侠最新的消息，我方负责处理金门恶性撞船事件的人员已经离开金门，返回内地前郑重表示“由此造成的后果由民进党当局负责”。到此为止，两岸的协商已经彻底谈崩！自从金门恶性撞船事件发生后，中国海警就接管了厦金海域巡查执法权，并且和台方人员在金门进行多达15轮协商。谈崩的原因很简单，就是我方的底线没有丝毫让步，台方也死不悔改。关于这一点，我方代表说的很清楚，“民进党当局没有解决问题的诚意，我们没有必要再留在金门”。从事发到现在，台当局就一直在试图掩盖真相。要知道，两位遇难渔民的遗体至今还在金门，台方坚持要先火化，才能归还遗体。同时被撞渔船也被列为证物，拒绝归还。在我方家属查看遇难渔民遗体时，已经发现多处伤痕，因此对死因提出质疑。包括台方拒绝提供当天事发时，肇事人员的枪支使用记录。鉴于此，我方的要求就是带遗体回大陆，进一步查明死因。不过台方一心只想尽快火化，以此毁尸灭迹。我方家属坚持拒绝直接火化，因此两位遇难渔民的遗体，至今还在金门。其实在双方之前的协商中，台当局一度态度软化，表示愿意进行书面道歉，并且给予140万人民币的抚慰金，但不是赔偿金。彼时我方海警船强势出动，面对威压，台方只想尽快将事情了结，但又不想丢面子，因此才会既要又要。不过我方始终没有丝毫让步，一直都是查明真相、进行道歉、追究责任、赔偿家属这四项要求。谁知道在后续协商中，台当局态度反反复复，前后言行不一。不仅表示肇事人员并无责任，不会道歉，更不会进行惩处。台当局竟然还扬言，大陆渔民的死亡是拒不配合""执法""导致，所以不会赔偿。对岸甚至称此次事件的责任该由内地承担，甚至放出威胁话语，如果大陆不加强管理，还会有类似事件发生。这还了得，竟然开始威胁起我们了！为何台方已经示弱，又突然态度大变，把自己说过的话全部推翻，不再承认先前已经认定的事实。要知道，之前台当局已经承认，是因为台方船只撞击大陆渔船，所以才导致翻船悲剧，并且要对相关人员进行指控。结果现在突然变脸，直接连最基本的撞船事实都不再承认。其实原因很简单，就是因为美国开始插手了，这才给了台当局底气。毕竟在对岸眼里，一直强调所谓的“禁限制水域”。可如果进行道歉，那就是承认自己的行为不合法，那么所谓的“禁限制水域”自然就不存在了。如果金门的“禁限制水域”不复存在，那台岛也自然一样。如此一来，台方道歉的政治代价就非常巨大了。美国看到台方开始认怂，因此才赶紧给台方站台。于是在3月5日，美“菲恩”号导弹驱逐舰过航台湾海峡并公开炒作。同时台方派遣3000吨级的海巡舰在台湾海峡中部游弋，摆出一副“驰援金门”的姿态。台伪军部门更是设立“滨海作战指挥部”，负责台岛沿线海岸作战任务，真实目的不言而喻。对此，中国人民解放军东部战区组织海空兵力全程跟踪监视，依法依规处置。战区部队时刻保持高度戒备，随时应对一切威胁挑衅。在局势如此紧张之际，金门群众发现，解放军的052D型驱逐舰一度逼近该岛几公里的近海，厦门这边的群众也发现两艘052D型驱逐舰出动。由此可见，我军的主力战舰052D型驱逐舰已经直插金门，这就是对外界势力正面亮剑！与此同时，我方向台当局发出最后通牒，凡是与撞船事件有关的台方人员，必须一个不漏地交给大陆讯问。台当局本想依靠美方势力，认定大陆不敢对其出手，因此才彻底推翻之前自己的言论，没成想解放军直接派出多艘导弹驱逐舰前往金门。眼看局势剑拔弩张，台方人员不敢在金门多做停留。毕竟这里不是台岛，局面一旦恶化，这些人跑都跑不了。尽管现在已经谈崩了，但我们不用着急，因为此事拖得越久，对我方就越有利。现在厦金海域已经被中国海警全面接管，下一步就可能是澎湖列岛，甚至是台湾本岛。对岸尽可以继续强撑，我们也可以无限逼近，中国海警下一步的执法规模和力度必将持续加大。台当局如果够胆，大可以开第一枪，到时就是立即触发武统。在两岸的绝对实力差距面前，台当局的任何小心思都没有作用，民进党能做的只有继续依靠美方势力，以此给自己增加底气。只要对岸死不悔改，随着我方的步步逼近，台海局势也将进一步升级，擦枪走火的可能性也开始加大。要知道，就在3月5日，国务院总理在两会的工作报告中已经明确表态：坚持一个中国原则和“九二共识”，坚决反对“台独”分裂和外来干涉，推动两岸关系和平发展，坚定不移推进祖国统一大业，维护中华民族根本利益。从这次我方表态已经看出，现在只剩下“统一”，“和平”二字已经不见踪影。两会结束后，我方必然会有大动作，中华民族的新历史，也必将由我们这一代人见证！- End -文章写尽天下事，只为俯首看苍生！@关注和转发，就是最大的支持@为防失联，请添加小编微信：gss15732022"
66765f9ffb88ab4b048dd69b,https://mp.weixin.qq.com/s/dYW64yb3f4wJLKQ2Ys3ARg,金门渔船事件：台海转折点,2024,03,07,2024-03-07,"2月14日是正月初五，一艘载有4名渔民的大陆渔船进入到金夏限制海域捕捞。13时许，该渔船遭受到台湾海巡署执法巡逻艇撞击翻覆，造成2名大陆渔民身亡，2人生还。事件发生后，台方拒不承认撞船行为，振振有词称其在执法驱离过程中，因大陆渔船蛇行(S行)据检不慎翻覆,将责任推给大陆渔民。事件真相：台方打破原有默契图片源于网络台湾当局按照划定的限制水域，没有国际法依据。大陆与金门海域距离平均5海里，按照联合国公约，领海范围为12海里，专属经济区为200海里。也就是说如果按照国际法，大陆的领海范围就要包含金门海域。所谓金夏中线限制水域就没有实际意义。（见下图）图片源于网络长久以来，大陆与台湾双方都保持着默契。双方都有渔民越界捕捞的情形，并没有实际按照金厦水域中线认真执行。大陆渔民在不知情的情况下，虽然越界捕捞作业，也仅仅是违规，并不违法。两名生还渔民表示，他们并不知道哪里是金厦水域中线（见下图）。两名生还大陆渔民    图片源于网络海上捕鱼作业不同于篮球场足球场，划的有边有框，并且是在相对狭小的海域，渔民越界捕捞算是鸡毛蒜皮的小事，台湾海巡署没有权力以危险方式侵犯大陆渔民生命财产安全。美国是一个高频度移民国家，每年都会有大量偷渡客越界进入到美国，但是美国警察并没有开枪射杀那些偷渡客。那么，究竟是谁给台湾海巡署权力，以危险方法撞击大陆渔船剥夺他人生命？很显然，台湾海巡署肆意打破过去两岸保持的默契，弄的泾渭分明，在滥用执法。事件发生以来，台湾海巡署谎称大陆渔船是到金门海域刺探情报。在现今高科技条件下，如果要搜集台情报，大可不必使用中世纪才会有的落后方式。大陆完全可以使用无人机或者卫星影像就能够做到情报搜集。况且是在过年期间，大年初五，大陆有必要派艘渔船查探你海巡署有派巡逻艇出海执法吗？那不过是他们拼凑找来的说辞，根本就站不住脚。再说那两名生还的渔民，看模样他们已有四五十岁。两人中一位是四川人，另一位是贵州人，口音是西南方言。据此台当局海巡署一口咬定他们不是福建渔民，而是大陆派去刺探情报的人员。需要说明的是，福建厦门属于经济发达地区，那种出海捕捞作业的苦力活，当地人很少去做，大都来自经济欠发达地区，他们为养家糊口才远离家乡谋生。2月14日是个什么日子？大年初五啊！大多数人都还沉寖在举家团圆的氛围中，只有那些为生计发愁的人才会在这时候出海捕鱼。台湾海巡署巡逻艇不顾两岸亲情剥夺了他人的生命，这给遇难者家属带来莫大的悲愤与悲痛。事件发生以后，台当局拒不公开事实真相。大陆有关部门及遇难者家属赴金门处理善后，台湾海巡署称事发时没有录像。这种重大海上执法行动不做跟监录像是说不通的，显然这起事件是有意为之，其目的是为了隐瞒掩盖真相。第一次他们说是在驱离时，由于大陆渔船蛇行（S行）不慎翻覆，再后来又改称双方船只有过碰撞。显然前后说法不一，这种耍泼无赖姿态，摆明就是在挑衅大陆。台湾海巡署欲盖弥彰的说辞，在真相面前暴露了他们的谎言。那艘大陆渔船船舷被台湾海巡艇撞击到严重变形，可见撞击力度之大，是置大陆渔民生命危险于不顾，说白了就是蓄意杀人。（见下图）。图片源于网络台湾海上巡逻艇肆意撞击大陆捕鱼船并造成两人死亡，是一起严重致人死亡刑事案件，必须严惩肇事者。可是台湾海巡署遮掩袒护，据不厘清真相，更不向遇难者家属道歉，显然是拿到了尚方宝剑。大陆方面在与台湾相关方经过15轮协商无果后，于3月5日离开金门返回大陆。至此，台方始终没有给出合理的处理意见，拒不认错也不惩办肇事者，却把责任归咎到大陆一方。这显然是得到台当局高层授意下摆出的姿态，其目的就是与大陆顽强对抗。金门是连接两岸人民的纽带。民进党当局不惜拿金门人民福祉做赌注，源于他们在金门没有支持率，拿不到选票，这是在测试大陆底线与美国的反应。金夏是一家，两地人民往来频繁，早已融合在一起。 新年快乐 点赞点个在看你最好看 "
66765f9ffb88ab4b048dd69c,https://mp.weixin.qq.com/s/_rQ7nDUxOwCQQ5CmnVzgxg,金门渔船惨案谈判，暂时只能到此为止，无果而终！,2024,03,07,2024-03-07,尽管心里1万个不情愿，但是必须承认：大陆渔民死亡案谈判，暂时只能到此为止，无果而终！台湾当局这次，赌赢了！随着3月3日下午，台湾海巡署谈判官员在未告知大陆谈判人员方面的情况下，突然擅自离开金门返回台湾，而大陆代表团在金门苦等两日，最终不得不在5号中午，独自祭拜完死者之后返回大陆，这起前后拖延达到半个月，历经15次会谈的214金门渔民死亡案谈判工作，最后，没有道歉，没有赔偿，没有带回遇难者遗体，更没有追责，最终无果而终！而台海巡第九巡防署署长陈泗川在5号中午的祭拜现场送上的20万元人民币“慰问金”，更显得具有讽刺意味！而就在4号上午，台海委会主委管碧玲在台湾立法机构接受质询时，正式将此次事件定性为意外，并且表扬台湾海巡官兵“守土有功”！这个代表台湾官方的正式表态，正式关闭了两岸谈判的一切基础！我们注意到在这历时半个月的15次闭门会谈中，大陆方面都是由泉州台办副主任李朝晖带队，携大陆红十字会相关官员和遇难者家属参与会谈。必须指出，应当是出于控制事态范围和影响的角度考虑，大陆方面这次所派出的谈判代表团的层级不高。而台海巡署也肯定注意到了大陆方面派出的代表团层级和人员组成，因此，在谈判中极尽花言巧语推诿搪塞之事，从某角度上来说，台湾民进党政府自认为“摸到了大陆方面的底线”，因此在谈判中毫无任何敬畏之心！否则，如何能解释该事件竟然需要经历15轮会谈，并且最终未达成任何共识？我们必须承认，以台湾民进党当局一贯的赌徒作风，至少到目前为止，他们看起来似乎赌赢了！但是他们的恶劣所作所为对两岸民意所造成的巨大伤害，以及由此引发的大陆民众的怒火，必将在未来不断燃烧，最终让台湾民进党当局玩火自焚！戳战略观察家公号，看看有多少好友关注！
66765f9ffb88ab4b048dd69d,https://mp.weixin.qq.com/s/vtqBBg3rhGaRHAibk4uSow,金门渔船翻覆走向两岸危机，莫重演千岛湖事件民意敌对︱张钧凯,2024,03,07,2024-03-07,"点击上方蓝字“方远观点”可订阅喔！文︱张钧凯暨南大学讲座教授大陆两会开议期间，此前发生的金门渔船翻覆事件仍在延烧。台湾“立法院”内政委员会3月4日为此召开专案报告，“海洋委员会”主委管碧玲与在野党“立委”唇枪舌战，其态度宛若欲使事件进一步升级为政治危机，看不到平息的苗头。另一边厢，两名陆籍罹难者家属在金门经历15天协商未果，而决定离开，陪同的泉州台办副主任李朝辉表示，“民进党当局没有解决诚意，他们无必要留在金门，由此造成的后果由民进党当局负责”。回顾台湾“立法院”的专案报告，看得出来，民进党政府官员有意将命案真相的厘清，导向两岸政治冲突，以民粹的话语，点燃台湾社会对中国大陆的怒火与反弹。专案报告名称原使用“撞船”一词，但台“海委会”主委管碧玲却有意更改为“取缔”，她还向媒体表示“撞船是中国最想用的名称”。换言之，管碧玲言下之意，即暗指认同此案为“撞船”者，都是“非我族类”的“中共同路人”。原先案情单纯的渔船翻覆案，台湾方面未掌握先机，始终不公开画面，并定调为对于“三无船舶”（无船名、无船舶证书、无船籍港登记）的正当执法，试图将责任归咎于陆方，既看不到真相，也听不到道歉。2月14日事发之后三天，17日国台办正式表态“根本不存在所谓‘禁止、限制水域’”，事态无疑扩大为陆方借此宣示在厦金海域的管治与执海权。台方选择的回应方式则是“硬碰硬”，并上纲到“抗中”“反中”的层次，无疑令该事件被打上了一个死结。该案演变至此，令人想起发生在1994年的“千岛湖事件”。当年3月31日观光船“海瑞号”在浙江千岛湖发生抢劫纵火命案，导致24名台湾观光客和8名大陆船员与导游遇害。此案在台湾引起强烈政治效应，严重冲击两岸关系。特别是时任台“行政院长”连战先定调中共“漠视人权，草菅人命”，接着再由时任“总统”李登辉出手，痛批陆方“一大堆恶势力，结成一个党，像土匪一样”，“在大陆这次事件，害了这么多我们的同胞，这种是政府吗？这个叫做政府吗？这种政府老百姓早就该不要它了。”李连的联手出击，最后的结果就是扩大事端，将事件政治化。当年4月14日《自立晚报》即有评论指出：“李登辉的表演绝非一时冲动，而是精密的政治设计，它预示着中台政治关系大倒退。”事实也证明，台湾官方的政治化处理，有助于政客的选举利益，令两岸关系产生“黄金交叉”式的重大裂痕──台湾社会对“台湾人”与“独立”的认同与支持度升高，对“中国人”与“统一”的认同与支持度降低，而“维持现状”一枝独秀，此趋势时日今日未曾改变，一去不复返。千岛湖事件遂成为两岸关系史上一页转折点，成为台湾社会心灵上的政治伤痕，人们对于“中共”“中国大陆”的反感和敌意与日俱增。金门渔船事件发展至今，多少让人看到了千岛湖事件的影子，只是主客翻转，大陆的民意集体愤怒与沸腾，官方则要求台方必须给出真相并究责；而台湾民意则在亲绿侧翼带风向下，对此事冷嘲热讽，甚至还有国民党“立委”声称大陆渔船是故意“碰瓷”而翻覆。两岸敌意螺旋不断上升，对于已经冰封至谷底的两岸关系来说，实在是雪上加霜。台方执政党官员倘若执意“政治化”处理金门事件，难保千岛湖事件不会重演。问题是，金门事件如果演变为千岛湖事件2.0，在政治上义正词严的台湾恐怕讨不到任何的好处，只会让自己愈发居于被动与弱势。毕竟大陆民意一旦被挑动起来，14亿人对撞2,300万人，结果光是想象就已令人头皮发麻。此外，台方对陆方的要求一再置之不理，今天消失的是“禁止、限制水域”，来日北京还会从对台百宝箱中拿出什么意想不到的工具手段，台湾终究得为此付出代价。平心而论，两岸和平的机会和空间一直都存在，端视如何把握与利用。“务实台独工作者”赖清德自今年1月13日胜选之后，都还未到5月20日正式就职，两岸之间已发生了M503航线、赴陆旅游团禁令，以及金门事件等争议，一个个单一事件不断积累下来，自然可能成为政治危机乃至于冲突的导火线，对台湾来说有害无利。莫让金门翻船案成为另一次的千岛湖事件。"
66765f9ffb88ab4b048dd69e,https://mp.weixin.qq.com/s/vh0GKtjRwf0PAiOneJXDjw,最新消息！金门渔船案沟通达成共识？台当局公布最新赔偿标准，蒋万安出来表态，台军方认怂！,2024,03,07,2024-03-07,欢迎点击上方 免费订阅！战争动向—不一样的观点，不一样的精彩，每天为您实时推送国际军事要闻，请关注并分享给更多的人！我们将为您提供有价值的延伸阅读。最近一段时间，两岸关系再次陷入紧张的对峙当中，事情的原因就是在上个月的14号，有一艘大陆的渔船，他们在钓鱼岛海域竟然遭到了台湾地区海巡队员的大力攻击。这次事件发酵之后，两岸双方展开了长达15轮的沟通协商，目的就是为了让本次事件妥善解决，然而台湾当局在立法机构内政委员会专题报告会上发表了一次讲话，就让这次事件的走向越来越扑朔迷离，让人无从下手。那么事情的真相究竟是怎样的呢？让我们共同来了解一下。三点主张，值得深刻思考根据统计报告了解到，这一次会场刚刚开始就爆发了泛蓝阵营以及执政的民进党阵营之间展开激烈对峙，前者他非常坚定地表示这是一起撞船事件，并且希望能够给予他们事实的真相还原。然而后者他们却称这次事件是一次取缔案，似乎想要掩饰事实的真相，在当前对立的局势之下，台湾陆委会主任邱太三他抛出了所谓的三点主张，首先他希望岛内民众能够支持一线海军执法人员的工作。其次，他希望两岸静待司法最终的调查结果会给他们一个让人满意的解决方案，呼吁大陆要加强管理所谓的“三无船只”事件，不要让类似情况再次发生。噱头？台当局或许并未达成共识其实我们仔细的去分析他的表态，很容易就能够发现台湾当局的态度，根本没有任何一点变化，不但没有表达歉意，反而是想要对事实进行掩盖，也暴露了他们的冷血无情，赔偿金额成为双方共同关注的焦点。按照曾经处理类似案例的做法，金额应该在300到400万新台币之间，很明显，台湾当局赔偿金额标准远远的低于170万人民币的期望值，更值得人去研究的是台湾当局一再使用抚恤金还有慰问金，这样的词语来谈及对大陆遇难渔民家属的赔偿，并不是赔偿金！两者之间有着天差地别的区别，台湾当局口中达成的共识，很有可能是一种舆论的噱头，本质并未取得双方认可！蒋万安立场清楚，希望能够妥善解决面对目前台湾当局的无理取闹，国民党籍台北市长蒋万安他这样表示，台湾市民主开放的社会需要尊重基本人权，以及事实真相，如果刻意隐瞒，那么只会将台湾民众陷入绝路当中。他的这番话语是否说中了问题的核心呢？有意思的是，分析台湾军方的一系列表态，其中的逻辑也很清晰，面对大陆解放军的压力，他们不得不保持一个低调的状态，避免事态走向无法控制的局面，也就是说，为了自身着想，他们台湾军方并不愿意与台湾海巡部门共同的对本次事件进行发酵。其实如果从这样的情况来看，台湾当局内部似乎也出现了一些分歧以及隔阂，不可否认的是，民进党当局主导者仍然一心只想坚持他的想法，蓄意挑衅我国大陆的底线，这样不负责任的行为会让两岸关系雪上加霜，存在更大的冲突。本次渔船事故，其实是一面镜子，能够看出两岸复杂关系现状，台湾当局的态度，还有表现出了他们对事态的认知具有超级多的缺失，以及在问题处理方面能力的单薄，那么我国大陆将会采取何种方式来化解目前僵硬的局面呢？让我们持续关注！小编每日编辑不易，若您还满意，可点左下角“分享”支持小编，或点右下角“在看”，感激不尽！
66765f9ffb88ab4b048dd69f,https://mp.weixin.qq.com/s/9WA7cH2Lf3QTECPC2SFq6A,最新消息！金门渔船案沟通达成共识？台当局公布最新赔偿标准，蒋万安出来表态，台军方认怂！,2024,03,06,2024-03-06,朋友们好，我是大壮，一名18年工龄的体制人，日常分享所见所闻，感谢捧场！点击下方卡片关注，更多优质好文推荐免责声明：本号对所有原创、转载文章陈述与观点均保持中立，以上内容资料、相关数据等均来源于网络，本文作者就以上或相关所产生的任何问题概不负责，亦不承担任何直接与间接的法律责任。内容仅供读者学习和交流。文章、图片等版权归原作者享有，如有侵权，请留言联系更正或删除。
66765f9ffb88ab4b048dd6a0,https://mp.weixin.qq.com/s/1iSnBa21XqeR8I3UyUxM0g,认定大陆不敢动手？渔民家属无奈返陆，工程船现身金门，台军表态,2024,03,06,2024-03-06,"3月4日早上，海委会主委管碧玲、陆委会主委邱太三以及台防务部门官员前往台立法机构就2月14日恶性撞船事件做报告并接受质询。野党联手行动的目的是揭示管碧玲、邱太三等人冷血和虚伪的真实面貌。然而，民进党当局拒绝公布真相、道歉和追究责任，反而将责任归咎于大陆，并再次否认撞船事件，声称陆船翻覆是因为蛇形机动，海巡署的执法行动是为了取缔非法行为，没有任何不当之处，且将一切责任归咎于大陆对""三无""船只缺乏管理。此前，台海巡署与大陆代表在金门举行了15次谈判，但未能达成共识。然而，台湾资深媒体人谢寒冰于3月4日指出，民进党内部已经明确表示坚持台方没有错误，也不会道歉，因此继续谈判已经没有意义。3月5日，大陆代表团和渔民家属失望地决定返回大陆。台方表示遗憾，但他们不在乎大陆是否接受，如果大陆不接受，他们等着局势升级，期望大陆收回金门马祖。他们希望通过升级局势来逼迫美国表态，要求美国履行保卫台岛的责任。甚至民进党当局巴不得大陆直接吞并金门马祖。据前立委郭正亮所言，美国认为金门和马祖离大陆太近，难以守住，因此当年希望台湾不要守卫这两个岛屿，只需保卫台湾和澎湖，这样更容易实现台独。大陆也有自己的战略眼光，当年故意放弃收复金门和马祖。然而，大陆并没有袖手旁观，他们采取了围棋思维，而民进党当局则像棋盘上的一颗小卒，无法长久蹦跶。除了常规的海警巡逻执法外，最近几天，有多艘大陆疏浚船出现在金门水域，明显的目的是疏浚航道以方便大型船舶通行。近期，2月14日的撞船事件不断升级，台海局势正处于紧张状态。蓝营两位重量级学者发出警告，指责民进党继续玩火。如果大陆采取升级反制行动甚至直接动武，大家也不会感到惊讶。3月5日，台防长邱国正在接受采访时表示担忧，虽然台军方表示不会介入，但若大陆逐步剥夺台岛的管辖权，台湾该如何应对？这正是我多年来一直担心的问题。目前处理金门渔船事件的是海巡署，台军方不应再介入，希望能以平和方式结束。然而，很遗憾的是，邱国正的担忧很快就可能成为现实。台当局表现出的恶劣和傲慢态度，以及2月14日的撞船事件导致谈判解决的渠道暂时关闭。下一步，大陆方面很有可能升级对台反制行动，其中最有可能的是全面取消台方在台海近海水域的执法权。对于民进党来说，他们可能不在意金门马祖水域，但对澎湖和台岛的所谓禁限制水域则非常在意。"
66765f9ffb88ab4b048dd6a1,https://mp.weixin.qq.com/s/bAIxB03vfODHI38CO1drTg,金门渔船事件，大陆为何不直接武力解决？美军高级将领说出原因！,2024,03,06,2024-03-06,最近，金门渔民事件再次引发了两岸关系的广泛关注。面对这样的局势，许多人提出了疑问：“为何大陆不采取更直接的方式来回应？”这个问题触及了国家尊严与主权的核心议题，而大陆的回应策略则展现了深远的考量与克制。在这一背景下，不仅亚洲地区的政策制定者和分析家在关注这一问题，国际社会，特别是美国的高级军事将领们也在密切观察。其中，美国一位知名的四星上将，曾公开发表对大陆策略的看法，提供了一个有力的国际视角。该将领指出：“大陆的决策层非常清楚他们的长期目标，以及如何在显示力量与保持克制之间找到平衡点。这种策略并不是出于软弱，而是基于对地区稳定和长期利益的深刻理解。”他的观点反映了对大陆行为的一种国际解读，即大陆在处理两岸关系时，其实是在追求一种更为稳健和负责任的途径。大陆政府一直强调和平统一的目标，寻求通过和平的方式解决两岸分歧，维护国家的完整。这一点在美国将领的观点中得到了呼应，他提到：“在这个复杂多变的国际环境中，大陆的策略表明了一种追求和平稳定的明智选择，而非简单地诉诸于武力。”进一步地，大陆采取的渐进式策略，通过加强经济和文化交流，逐步缩小两岸之间的差距，旨在以和平的方式促进统一。这种方法不仅可以减少对立，还能促进两岸人民之间的理解和友好。美国将领也强调，这种长期且细致的策略比任何冲动的军事行动都要有效。然而，尽管大陆展现出了克制，但这并非没有底线。美国将领也提到，大陆对于保护国家主权和领土完整的决心坚定不移。任何触及国家主权和领土完整的行为都必须被严肃对待，大陆的军事和外交政策旨在展现国家的决心和能力，同时也是为了维护区域和平与稳定。对于“武力解决”的选项，虽然理论上存在，但实践中它是最后的选择。美国将领强调，军事冲突只会带来灾难，不利于问题的长期解决。因此，寻找和平解决方案，避免直接冲突，对两岸关系的健康发展至关重要。总结来说，大陆在处理金门渔民事件以及其他两岸关系问题时展现的克制和战略思考，不仅是出于对国家主权的维护，也是基于对区域和平稳定的长远考虑。美国将领的观点为我们提供了一个国际视角，更加深化了我们对于大陆策略的理解。在这个复杂多变的时代背景下，理性和克制显得尤为重要。大陆的策略和决策，体现了对和平愿景的追求和对国家未来的深远规划。对此你们怎么看 ？欢迎发表观点！
66765f9ffb88ab4b048dd6a2,https://mp.weixin.qq.com/s/HLhyxK0sk903ZrnZZ6CAuw,金门撞船事件15轮谈判破裂！两岸关系跌入历史冰点，“准战斗”状态一触即发,2024,03,06,2024-03-06,。台当局出尔反尔、歪曲事实，不仅毫无人性拒绝认错与道歉，而且更让人感到不齿的是，他们还想吃“人血馒头”，趁机宣告其对金门水域的所谓管辖权，简直是真是痴心妄想！毫无解决问题的诚意，谈判彻底宣告破裂！台当局之所以如此猖狂，我想无非是仗着美国在背后撑腰。蚍蜉撼大树，可怜不自知，，别看台当局闹得欢，但这只会倒逼大陆加速解决台湾问题以及“台独”分裂势力的覆灭，将来早晚拉清单。期间短暂进入24海里所谓“限制水域”理由让人想不到的是以闪避渔网为由。！台湾早晚会统一，相信这只是时间早晚问题。毕竟，我们维护国家主权和领土完整的意志坚如磐石，中国政府和中国人民绝对不会允许任何人以任何方式将台湾从祖国分裂出去。！总之，中国人民解放军有信心、有能力维护国家的统一，任何人都不能将台湾地区给分离出去。如果美国胆敢出手干涉，那么也许祖国统一的时机，将会更早地到来！点击下面关注我，精彩文章不错过
66765f9ffb88ab4b048dd6a3,https://mp.weixin.qq.com/s/XKmuY3-R-NXo_4g3LEv3Ng,金门渔民事件台湾表态：没有现场视频，船只闯入禁止水域理亏在先,2024,03,06,2024-03-06,农历大年初五，一场在金门附近水域上演的事件，掀起了轩然大波。这一事件的争议性不言而喻，激起了两岸舆论的热议。本该是欢庆的日子，却因一场台湾地区海巡船只驱赶大陆渔船而导致的悲剧，让人不禁为其中的曲折与荒谬而感到惋惜。事情发生在金门的北碇岛东部海域，这里是大陆渔民捕鱼的主要地区。事件发生后，外界对台湾方面的执法手段提出了质疑，纷纷要求出示当时的执法视频记录以还原真相。然而，台湾方面却以各种理由推诿，未能提供相关证据。据报道称，台湾方面声称当时船员未能拍摄到有用的内容，导致无法提供视频记录。而在台湾地检署的声明中，则称海巡船并未携带固定式执法记录器材，因此并不存在所谓的视频记录。值得注意的是，一些台湾网民将这艘大陆渔船贬称为“间谍船”，但这一言论遭到了更多人的质疑。毕竟，金门地区的军事部署早已为人所知，大陆方面并不需要通过所谓的间谍船来获取情报。过去的事件已经证明，金门地区的军事设施早已被大陆无人机的镜头所洞悉，而甚至有台湾军人游泳到大陆一事，更是让人不禁感叹金门的“秘密”早已不再是秘密。在此次事件的核心，是台湾方面所划定的“禁止水域”与“限制水域”问题。但这一划定的合理性与合法性备受质疑，大陆方面坚决不予承认。面对台湾方面的规定，大陆决定采取积极行动，频繁派遣海警船进入这些水域，以彻底消解所谓限制和禁止水域的实际意义。事件的发展如同一场戏剧，曲折离奇。但无论怎样，真相终将大白于天下，而这场悲剧也将成为两岸关系发展历程中的一笔重要记载。在这个事件中，我们看到了两岸关系中的复杂和敏感。禁止水域问题只是其中的一个方面，而更深层次的矛盾和不信任也在事件中得以体现。解决这些问题需要双方的诚意和努力，更需要对话和合作。你对这次事件有何看法？欢迎留言分享你的想法。
66765f9ffb88ab4b048dd6a4,https://mp.weixin.qq.com/s/qEkG5f6atotnAsRX5bu7xQ,疏浚船进入厦金海域，古航道迎来新生,2024,03,06,2024-03-06,撞船事件后，我方遇难同胞的诉求经过多轮谈判依然没有得到解决。由于台湾方面的不专业，对人权的漠视，以及故意拖延的态度，造成了很坏的影响。大陆代表表示后果将完全由民进党当局承担。台方至今没有歉意，管碧玲百般抵赖，被国台办点名。接着，近期，大陆已经宣布所谓的禁止水域不存在，多艘挖泥船集中驶入金门水域，准备疏浚厦门港至刘五店航道。该航道离金门非常近，现在正好疏通。这件事对于附近渔民与港口相关业务都是非常有利的。相信这样造福民众的事情会得到当地支持，而民进还会有更多代价要付出。金厦原本就是一家人，现在民进党故意来捣乱，我们不能继续让他们为非作歹，该怎么样就怎么样，把当地的事情办好，把这个地方经营好，不必理会他们的抗议。他们台湾内部一定会为这个事情吵翻天，不让我们遇难同胞原谅这个事情就不会完。台湾的机构没有资格对我们在金厦海域的管理提出异议，因为我们是为了维护我们人民的安全。他们一群癫狂的政客无论如何卖力的表演也不能改变我们追求两岸和平的，维护两岸和平的意志。
66765f9ffb88ab4b048dd6a5,https://mp.weixin.qq.com/s/NBTiB4UWQ-Mx76ifombE7w,离开金门之前，台海巡送来20万人民币，渔民家属为何不肯收？,2024,03,06,2024-03-06,简介：陆方家属在5日下午搭“小三通”船班返回大陆，台“海巡署”追上船送来“慰问金”，大陆遇难渔民家属拒收。历时3个星期共计15轮的两岸协商谈判，不出意外的以全部破局告终。3月5日，遇难渔民家属在金门当地祭奠亲人后，抹泪踏上了返回大陆的小三通船班。台海巡方面人员送来了20万人民币，渔民家属为什么拒绝收下呢？其中有何隐情？图片大陆遇难渔民家属据台媒报道，3月5日当天，陆船在金门水域翻覆2死案，台当局“海巡署”与陆方代表团密集协商15次后，仍然宣告破局。陆方死者家属痛批台湾当局，没人愿意承担，连基本的道歉都没有，他们在祭奠亲人后，悲愤返回大陆。泉州台办副主任李朝晖则愤怒谴责，台湾方面的谈判代表：出尔反尔、歪曲事实、谎话连篇、没有诚意解决，由此造成的后果，由民进党当局负责。台媒报道称，陆方家属在5日下午搭“小三通”船班返回大陆，台“海巡署”在殡仪馆送来“慰问金”，大陆遇难渔民家属拒收。后来大陆遇难渔民家属在13点40分登船，金马澎分署长陈泗川与金门红十字会长洪国正，一路追上了船，没想到遭到大陆遇难渔民家属二度婉拒。图片台海巡追上船送20w慰问金据了解，原因出在“海巡署”要求家属签字，上面写着“第一期慰问金”等字眼，使得家属拒绝收钱。金马澎分署长陈泗川表示，慰问金的标准是每人10万元人民币，两名遇难渔民一起就是20万。对于遭到大陆遇难渔民家属的拒绝，陈泗川解释说，这跟原本在谈的赔偿金、抚恤金都不一样，也没有关联，这纯粹是他们的一个“心意”，对家属的关怀，台湾人都是这样，算是一种慰问金。看到这里，结合前期15轮谈判全部破局的情况，我们不难理解遇难渔民家属，为何拒绝接受这所谓的“慰问金”。他们不是不想接受，而是不敢接受。图片大陆代表离开金门第一个问题，每人10万人民币的标准，本身就不可能让人接受。用我们通俗的话来说，一条人命才值10万块钱吗？显然是不可能的，此前两岸代表谈判期间，关于赔偿金的数额，大概是80万到100万人民币。尤其是台海巡方面要求家属签字，接受“第一期慰问金”，这种事情难道还有分期付款一说吗？第二个问题，台海巡方面声称，这笔钱跟谈判期间的赔偿金、抚恤金没有关系，纯粹是“心意”。这种说法完全体现不出所谓的关怀，只会是一种在伤口上撒盐的行为。为什么这么说？我们泉州台办副主任李朝晖说得很清楚，台当局出尔反尔、歪曲事实、谎话连篇、没有诚意解决此事，导致了15轮谈判全部破局。图片两岸谈判现场但凡谈判期间，台当局表现得善意一些，解决了这件事，那么台海巡给的慰问金，遇难渔民家属也会接受得心安理得一些。但是既然事情没解决，没能告慰遇难者的在天之灵，这时候渔民家属接受所谓慰问金，岂不是会被人戳脊梁骨，背后说他们为了小钱，失了大义？所以台海巡方面嘴上说这20万人民币慰问金，是人文关怀，其实是真正的暗藏祸心。无论从给遇难者一个交代的角度，还是从两岸关系的大局出发，遇难渔民家属都不可能接受这笔钱。对于两岸15轮谈判破局的情况，大陆代表警告台当局后果自负，那么台当局方面的说法是什么样的？图片台当局“海委会”负责人管碧玲据报道，台当局“海委会”负责人管碧玲在立法机构质询时，声称台当局仍旧“充满诚意”，希望能以开放的态度，尽快化解两岸分歧，让案情回归司法侦查，赶快厘清真相。管碧玲还称，台当局法治要厘清真相，大陆则希望要有“真相、赔偿、道歉”，有几个诉求几乎有共识，最终还是卡在所谓“制度落差”方面。台当局真的有在用心厘清真相吗？事故发生三周以来，台当局公开说的谎被戳穿有几次了？从没有接触到承认撞船，从不方便公开录像到没有录像，仿佛挤牙膏一般，被证据实锤了，台当局才承认一些事实。图片周美伍（左）管碧玲（右）台“海巡署”负责人周美伍在3月5日立法机构质询的时候，披露了一份雷达轨迹图，称大陆渔船从在2分钟内加速到40节，然后自己翻船的，台海巡艇没有冲撞大陆渔船。这岂不是又推翻了他们之前承认的撞船？这份雷达轨迹图还有很多细节问题无法解释，比如这么小的大陆渔船能加速到40节吗？要知道40节就是大约74公里每小时，小小渔船用什么发动机才能加速到这个程度呢？如果要解释这些细节问题，就要大陆方面自己查验渔船和航行数据，但是台当局又以“司法侦查”为由，称不能公开。也正是这样的死循环，才导致两岸无法达成任何共识，大陆渔民家属含泪离开金门。直到现在，遇难者遗体还在金门当地无法火化落葬。图片大陆代表查看受损渔船至于所谓的“制度落差”，完全是民进党当局惯用的文字游戏罢了。很显然地，民进党不但无心厘清事实真相，而且是因风趁势，企图藉此上纲上线到“主权”的问题，民进党籍民代王定宇声称，“陆方要求我方人员到大陆受讯问”，强调“台湾的主权还在吗”。究竟大陆代表在协商时有没有提出这个要求？如果有的话，又是在何种强况下提出的？提出的人是谁？能代表大陆官方的态度吗？民进党籍民代王定宇对此半个字解释都没有，台“海巡署”副署长许静芝对此事也仅仅以“陆方有曾提过这样的说明，但经过几次沟通已逐步化解”，轻描淡写加以带过。图片蔡英文显然民进党从上到下，已经统一口径，非得将所有的过失，甩锅到大陆的头上不可。在这样的背景下，还会有下一轮谈判吗？我想，认清了民进党不想解决问题的本质后，我们不会再跟他们费口舌了。最近台媒密集报道，解放军052D型驱逐舰抵达金门海域，为海警船保驾护航。大陆海警三艘3000顿级的炮舰，也抵达了台湾岛东部海域的24海里内。接下来一段时间，我们可能看到海警船频繁在台岛周边执法。台民进党当局想后悔已经晚了。
66765f9ffb88ab4b048dd6a6,https://mp.weixin.qq.com/s/t_eSzw5hqmKM7siF9RIW4w,第222期会讲 - 寻找黄金船：探秘水下考古发现的金银器,2024,03,06,2024-03-06,楠书房第贰佰贰拾贰期会讲邀您一同妙赏「寻找黄金船：探秘水下考古发现的金银器」讲座前瞻中国水下考古起步源起于1984年麦克•哈彻打捞“哥尔德马尔森号”事件，这是一次掠夺和破坏性打捞，这让中国从国家层面下定了开展水下考古的决心。哈彻不但从船体残骸中捞出了 16.8 万件中国景德镇瓷器，还捞出 125 块带汉字戳印的金锭，这些金锭传世很少，使得学界开始关注沉船发掘的金银制品。1998年在印尼打捞的“黑石号”中更是出水了精美绝伦的唐代金银器，实际上这些金银器都是来源于中国，反映了中国唐代金银器的加工水平。1986年发现的“南海一号”在2007年被整体打捞出水，2013年开始全面发掘至2023年发掘结束，清理出来的船载文物超过18万件，同时发现了大量的金银制品，其中金器达238件（套）约4kg，银器198件（套）约300kg，种类涵盖了饰物和货币等多种形式。因金银器在文物的断代属性上不如陶瓷器，所以一直都是根据共存的其它文物进行参照比对研究，但沉船本身就是一个时间胶囊，所以“南海一号”所载的金银器无疑成为金银器断代的标型器，意义重大。本次讲座将根据不同时期装载中国货物的沉船所出金银器为线索，探讨其演变规律，也隐约可以看到海上贸易中金银器的货、钱之间的演化，同时对一些金银器所载的信息进行深度解读，还原古代金银器功能的发展脉络。会讲老师介绍崔勇老师从事田野考古和水下考古工作30多年，曾任广东省文物考古研究院副院长，研究员。参加和主持了多项大型遗址、墓葬、窑址、沉船和水下遗址的调查和发掘。主持高明古椰贝丘遗址的发掘，该遗址荣获“2006年度中国十大考古新发现”。主持“南澳Ⅰ号”的发掘工作，荣获“2010年度中国十大考古新发现”。2016年开始主持“南海Ⅰ号”宋代沉船发掘，该发掘项目获“2019年度中国十大考古新发现”，2021年入选“中国百年百大考古发现”。撰写和编著出版《孤帆遗珍》《海上敦煌》等专著，发表《“南海Ⅰ号”发现与调查》《“南海Ⅰ号”发现始末》等多篇论文和报告。时间地点2024年3月16日（周六）15:00—17:30楠书房 ·深圳湾万象城（深圳市粤海街道科苑南路2888号L3层L389）电话：0755-26658184参与方式：“楠书房书友”免费预约参加。（由于名额有限，请提前与您的文化顾问联系，约满为止，敬请谅解！）文中图片均来源于崔勇老师会讲资料· END ·点击图片，即可购买▼
66765f9ffb88ab4b048dd6a7,https://mp.weixin.qq.com/s/CPEZ73mtguyW3Agyypq9SA,邱毅语中评：金门渔船事件 民进党故意闹大,2024,03,05,2024-03-05,前“立委”邱毅接受中评社访问。（中评社张颖齐摄）金门渔船事件持续延烧，引发两岸紧张。前“立委”邱毅接受中评社访问分析，民进党已定调，将此案扩大到“主权”、统独之争，掩盖事实真相。此举将导致台海兵凶战危，引美国出手介入，所以民进党政府态度愈发高傲、强硬，后续发展就看大陆在两会后，对台进一步采取的态度如何。邱毅，出生于高雄，台湾大学经济学博士、美国康乃尔大学博士后研究，历任3届“立委”、政论名嘴、电视台节目主持人、台大教授、中华经济研究院研究员、亲民党财经顾问团召集人等，曾加入过中国国民党、亲民党，现为新党党员。邱毅表示，此次厦金水域、渔船事件风波，民进党政府已定调要搞大，要扩大到“主权”、统独之争，若风波不够大，美国不会出手，其一、民进党并不想改变“台独”立场；其二、不想向大陆示弱，失去在台湾操作民粹的本钱。所以民进党姿态愈来愈高，态度愈来愈强硬。邱毅指出，“海洋委员会”主委管碧玲当过5届民进党“立委”，很了解“立法院”的生态，也知道什么红线不能踩，但这次去踩了红线，是民进党谋定而后动，无党籍“立委”、内政委员会召委高金素梅与在野党要求追求真相的专题报告，管碧玲却将渔船碰撞案整个扭曲，移花接木成“大陆快艇越界，台湾海巡单位依法取缔”，为何要强调越界？目的是要反击大陆国台办“厦金不存在禁、限制水域”之说，重申有“界”，才会有依法取缔，然后就没有所谓过失杀人还故意杀人之说。“别说协商15次，20、30次也不会有结果！”邱毅说，民进党已定调演好戏，比如管碧玲更改报告“撞船”的字眼，就是直接践踏“立院”游戏规则，绿委也甲级动员捍卫管碧玲，而国民党战术错误，派了一堆菜鸟“立委”去内委会质询，这些菜鸟连“立院”东西南北都搞不清，应派位资深的、了解管碧玲的蓝委去才对，且管装的很温柔、轻声细语、慢条斯理，想彰显自己很有政治情商、受害者，蓝委反倒是只听大陆的跟屁虫形象，只敢对台湾政府施压，管居心叵测。邱毅向中评社说，民进党就是要故意移花接木成捍卫“台湾主权”，只要升级到“主权”议题上，渔船案就没是非真相可言。他强调，此事不只是管碧玲要争取选2026高雄市长或争取赖清德“内阁”“教育部长”那么单纯，明显是台湾的“国安”单位所设计，一定有蔡英文、赖清德的影子存在。记者问，陆委会书面报告归咎渔船案远因，是陆方长期不依法取缔三无船舶，导致三无船舶经常任意违法进入台湾禁限制水域所致。邱毅说，陆委会主委邱太三很明显与“海委会”就是想引导到“主权”之争，重申“界”的存在，但很多蓝白“立委”都太菜，玩不过民进党，民进党一直说什么“三无船舶”，但此次的大陆渔船就只是艘海上作业渔船“卷扬船”，潮起就撒网、潮退就收网，不同于远洋、近海捕鱼船，本来就不会有船籍、没有登记，连船长、船员都不需要证，很多都是厦门海鲜店老板、船老大在淘宝上面买的船，也不是什么快艇，过去发生都是常态，民进党就是想将此是故意闹大，台湾海巡单位怎可能不知是卷扬船？邱毅说，重点在于真相，镜周刊2月27日刊出翻覆的大陆渔船现场照片指出，渔船左舷下方确有明显的撞击凹，全案朝过失致死罪方向侦办，这很明显是民进党、海巡单位给镜周刊的，但为何只公布左舷？不公布右舷？就是故意不给看，右舷受损可能更严重，台湾海巡单位很可能是扣船、不让渔船回大陆，照理来说驱赶就是赶回大陆即可，所以真相到底是大陆渔民被枪打死还是被船撞死？还是被撞晕后溺毙？还是被救起来不迅速急救？这就要尸检才知，可是民进党想隐瞒真相，协商破局就是不让陆方尸检，只要尸检，即知道过失杀人还恶意杀人？但蓝委太菜，没人这样要求管碧玲。关于未来的两岸关系严峻程度？邱毅则说，两岸渔船案协商15次破局，民进党就想说干脆破罐、破砖，把事情闹大到给美国看，看美国会否介入，台湾的海巡、舰艇是斗不过大陆的，邻近的日本也无法，只有看看美国有无能力。不过，美国制定的《台湾关系法》也只包括台湾澎、湖地区，而不及于金门、马祖，所以渔船案只集中在金马，美国就不会介入，民进党才因此想努力扩大，若陆方也都是出动海警、未动用到解放军，日、美都管不到。记者：张颖齐（台北）责编：若若来源：中评网
66765f9ffb88ab4b048dd6a8,https://mp.weixin.qq.com/s/s_7q0sxfZOr80oMqzVzsnQ,金门渔船事件深层原因及相关责任探究,2024,03,05,2024-03-05,请您尽可能想象一下这幕场景：在两岸谈判的正式会议桌上，文件堆积如山，手中握着冷透了的咖啡杯，疲惫与无奈的神情在众人眼中显现出来。经过15轮的艰难谈判，就如同探索了15次泥潭的边缘，每次都会伴随着新的希望和更高的期望的落空。尤其是负责李碧玲这一角色的“海洋委员会主任委员”的表现，真可谓是令人捧腹大笑不止。她那种坚忍不拔、视死如归的姿态，让人感觉仿佛置身于一部超现实主义的闹剧之中。然而，当那些家属们用他们悲怆的呼喊声渴望寻找公义和慰藉时，李碧玲却选择了掩藏事实的真相，甚至不惜扭曲事实，将一桩平凡不过的悲剧题材，刻意塑造成一出充满斗争风云的戏剧桥段。且看这表演技艺，实在令人叹服，虽然这并非单纯的演技，同时也是一种变魔术般的艺术形式。然而，这部无聊的戏剧的剧情，却是令人瞠目结舌，在案发现场原来应该清晰明了的环节，如今却被李碧玲巧妙随意地转移话题，将所有的责任推卸得干净利落。那四位不幸牺牲的渔民，在她的嘴里似乎已变成了“始作俑者”，这种逆转黑白的能力，真是既让人气愤又让人大跌眼镜。让人大跌眼镜的是这种手法过于粗鄙，气愤的是竟然有人能够对人性与道德如此漠视，不顾一切代价追求自我利益。接下来我们来谈一谈两岸之间的这场持久战。中国大陆方面的诉求清晰明确 – 无非就是查明真相、追究责任、道歉并给予适当的赔偿这四大原则，合乎情理，面面俱到。然而，针对大陆的坚决立场，台湾方面的应对策略却是以“保护”为幌子，拒绝对相关人员进行交涉，更不用说让他们直面逝者家属诚恳地道歉了。这样所谓的“保护”，真叫人笑掉大牙。肇事者需得到相应保护是没错，可是那些受害者的家人又该何去何从呢？他们所承受的心理压力以及带来的负面影响，难道真的无需考虑吗？台湾当局坚持称此次倾覆的大陆渔船是“三无船舶”，看似想要借此标签来逃避自身承担的责任。但是摆在眼前的问题是，两岸早已经签署了相关协议共同进行打击此类违法船舶的行动，其宗旨在于保护渔民权益并防范非法行径的发生。然而，当真正的事故发生时，台湾当局却是避重就轻，拒绝承认错误。这不仅是对遇难者家属的二次创伤，更是对中国大陆底线的赤裸裸的挑衅。至于台湾当局拒绝让四名责任人接受审判的做法，只能说明其深陷对真相的恐慌之中，抵触情绪更甚。他们担心一旦承认错误便意味着示弱，然而在此关键节点上，一味固执己见只会使局面恶化。如今，台湾当局仍剩余三天的决策时间，但三点已经非常明朗：拖延只会使台湾当局更加陷入困境。因此，不可否认的是，未来两岸关系仍难以预料。但有一件事情是确定无疑的：不管台湾当局如何狡辩抵赖，这段悲剧已经深深烙印在了两岸民众心中。关于遇上难者家属的伤痛，以及两岸关系的前途命运，台湾当局是时候应该放下顽固不化的心态，向赴台湾方向转变。只有真诚的道歉和充分的赔偿，或许才有可能开始修复这段破碎的历史。最后，无论台湾当局如何抵赖，处理金门渔船事件都必须遵循探寻真相、厘清责任、表达歉意与赔偿的核心要素，这不仅仅是中国大陆的立场主张，更是广大遇难家庭及其社会关注的共同心声与期待
66765f9ffb88ab4b048dd6a9,https://mp.weixin.qq.com/s/Ke2ijhC5eQ-o5OUWdF3SuQ,为何由红十字会派员赴金门处理渔船事件善后事宜？,2024,03,05,2024-03-05,点击上方蓝色字体，关注我们为何由红十字会派员赴金门处理渔船事件善后事宜？国务院台办发言人朱凤莲19日表示，2月14日台湾有关方面粗暴对待大陆渔船致2名渔民遇难恶性事件发生后，福建省、泉州市有关方面持续与船员家属沟通，决定由泉州市红十字会等派人陪同家属于20日赴金门，接回2名生还人员并处理相关善后事宜。朱凤莲强调，台湾有关方面应对船员家属及有关人员赴金门提供便利，做好安排，认真对待他们的正当关切，配合处理好善后事宜，避免进一步伤害两岸同胞感情。2月20日上午，泉州市红十字会等派人陪同家属，经泉金客运码头搭乘“八方”轮抵达金门。看到此消息，有网友不禁疑惑，为何是由红十字会派人陪同家属赴金门？红十字会在两岸关系发展中又起到了什么作用？说到这里，就不能不提到《金门协议》的签订，由此开启了两岸交流的先河。《金门协议》：为两岸民众架起一座人道的桥梁■“九二共识”是两岸认可的共同政治基础。而“金门协议”应该视为“九二共识”的滥觞。1990年9月11日至12日，海峡两岸红十字组织代表在金门举行商谈，解决违反有关规定进入对方地区的居民和刑事嫌疑犯或刑事犯的遣返问题，经充分交换意见后，达成协议，即《金门协议》。这是1949年以来，双方分别授权的民间团体签订的第一个书面协议；是两岸民间团体第一次以事务性商谈的方式解决两岸交往中产生的法律事务；也是最早实践 “正视现实，建立互信，搁置争议，追求双赢”的新尝试。《金门协议》的签订，为两岸民众架起了一座人道的桥梁，“金门协议一小步，两岸关系一大步”。有此硕果，源于大家的一个共同认识：都是中国人，有什么不能通过商谈解决呢？金门商谈虽然只有短短的两天，其间还遇到了不少棘手的问题，诸如组织名称、个人称谓、时间纪元等等，但因为双方在“一个中国”原则上有共识，即使出现过一些争执，也很快就得到了妥善解决和处理，从而使《金门协议》顺利签订。1990年9月12日，海峡两岸红十字组织签署《金门协议》两起惨案：金门商谈的近因■1990年7月22日凌晨，福建平潭县澳前镇光裕村渔民发现一艘搁浅渔船。登船后打开两个被密封钉死的船舱，发现25具尸体。舱中惟一的幸存者林里城，也已奄奄一息，经全力抢救后脱险。林里城讲述了这一惨案的经过。这艘渔船叫“闽平渔5540号”，是7月中旬到台湾海域做生意时被抓扣的。7月21日下午，台湾有关方面在宜兰县澳底，将陆续渡海入台的大陆同胞用黑布蒙住双眼，强行关进船舱，用六寸长的全新圆钉将船舱顶盖钉死，并压上木头等重物。被关押的渔民挤蹲在一米来高、三米见方的船舱内，缺氧缺水，闷热异常。他们用头顶，用手砸，拼死欲打开舱盖，但无济于事，最后一个个痛苦地死去。林里城是偶然发现船舱隔板上有一个绿豆大的小孔，贴近呼吸才尚存一息。这起命案在台湾曝光后，舆论大哗。8月4日，中国红十字会将新华社福州8月3日电的消息稿传真给台湾红十字组织，并指出“这是一起严重违反人道主义的事件，请贵方帮助调查了解，并催促台湾有关方面追查肇事人员”。8月6日，台湾红十字组织发来传真，承认此案“引起此间朝野之严重关切”。8月7日，台湾红十字组织副秘书长常松茂代表秘书长陈长文打电话给中国红十字会秘书长韩长林：建议今后在台海中线交接遣返，具体问题可在第三地研究。这个电话是以后促成金门商谈的一个最初的信号。8月8日，陈长文传真给韩长林，称“本会拟与有关单位协调，研究一套由本会参与大陆居民留置及遣返作业的方式，以昭公信，如贵会将来亦能配合派员洽借民用船只驶至海峡中线以西某一经双方联系之地点，接回为我方遣返之大陆船只，护送其返回大陆，当有助于人道精神之发挥、责任之厘清，避免误会之发生，还望从优考虑惠复”。该传真还表示，“此后我方经海上遣返大陆居民时，本会亦可能逐批提供名单，供贵会参处”。8月10日，韩长林发传真给陈长文，告之“我们原则同意您提出的有关红十字会今后参与人员遣返的建议，具体办法待与有关部门研商后另告”。这个传真是对最初的信号表示的一个积极的态度，预示两岸红十字组织有可能合作。然而，正在两岸为25人惨案闹得沸沸扬扬之际，又发生了另一起惨案。8月13日，台湾方面以军舰押送“闽平渔5202号”渔船驶回福建。在台湾基隆港以北13海里处，军舰与海船相撞，渔船断裂翻覆，船上被遣返的50名福建人，有21人溺毙。46条人命含冤以殁，台湾有关方面已如千夫所指。台湾“中国统一联盟”两次发表声明，呼吁当局废弃“三不”陋规，与彼岸相关部门尽速接触会商，针对海峡两岸人民渡海往来事宜，签订明确规范，使台、闽同胞皆有法可依，彻底防杜悲剧之重演。台湾有关方面也感到事态严重，难辞其咎。在内外压力下，台湾方面开始通过各种渠道，寻求与大陆联系商谈的对象。权衡再三，最后还是找到红十字会。相关链接：海峡两岸红十字组织早期往来1987年11月，台湾当局迫于内外压力，开放台湾民众赴祖国大陆探亲。一时间，探亲的人流如堤之决口，使海峡两岸查人转信、寻根问祖信件激增。中国红十字会遵循组织宗旨和原则，帮助海峡两岸同胞查人转信成了义不容辞的任务。由于两岸不通邮电，无法正常联系，只能通过红十字国际委员会驻东亚地区办事处（当时设在香港）中转。大量印有“红十字”的规范的查人专用信函，源源不断地流向对方。数以万计的两岸离散同胞因此取得了联系，得以团聚，被人称为“一件功德无量的事”。在两岸关系日益发展的时候，时机已经成熟，海峡两岸红十字组织开始了彼此往来。1988年10月12日，在厦门浯屿海面，厦门市红十字会将落水被救的国民党军队士兵许志淞转交台湾红十字组织，这是两岸红十字组织第一次直接接触。1990年4月16日，两岸红十字组织负责人第一次互通电话。应台湾方面要求，中国红十字会救助了在宜昌发病的台胞刘凤子女士。1990年五六月间，台湾红十字组织负责人徐亨、常松茂一行到大陆访问。中国红十字会副秘书长曲折与台湾红十字组织副秘书长常松茂进行了工作会谈，达成了五项口头协议。1990年7月下旬，台湾红十字组织负责人陈长文、常松茂访问北京等地，并商谈了双方举办红十字冬夏令营有关事宜。这些往来为以后两岸红十字组织有效接触商谈奠定了基础。综合自新华社、央视新闻客户端、中国红十字会官网
66765f9ffb88ab4b048dd6aa,https://mp.weixin.qq.com/s/ply5dUqUxOZ1KVfEOeQl1g,台拒绝认错！金门渔船事件后14轮谈判未果，岛内专家警告：若不解决，冲突随时可能爆发！,2024,03,05,2024-03-05,在最近的一系列事件中，台湾的政治氛围变得异常紧张。特别是针对2月14日发生的一起海上碰撞事件，争议不断升级。此次事件中，一艘大陆渔船与台湾海巡船只相撞，造成了严重后果。在这样的背景下，各方的言论和态度透露出深刻的政治分歧。据台湾新党主席的最新发言，他强烈要求政府官员下台负责，特别是指向了管碧玲，要求其对此次撞船事件承担全部责任。他的话语充满了急切和愤怒，显然，这位政治人物对于当前的局势感到极其担忧。他暗示，如果不采取果断措施解决问题，可能会把事态推向一个更为危险的境地，甚至可能导致冲突的爆发。在进一步的言论中，吴成典揭露了一些令人震惊的细节。他指出，管碧玲在处理与大陆渔船的碰撞事件时，表现出轻率和逃避责任的态度，这种做法令人无法接受。吴成典质问道，是否真的可以忽视这样的事件，不采取任何行动。他警告说，这样的态度可能会导致更加严重的后果，包括潜在的军事冲突。这些发言反映了一种紧迫感，表明双方在力量对比上的巨大差异，以及一旦发生冲突可能导致的灾难性后果。因此，吴成典呼吁更换负责人，希望通过换人来解决这一棘手的问题。然而，这种做法是否真的能够带来解决方案，还是一个值得深思的问题。事实上，2月14日的撞船事件已经成为两岸关系中的一个敏感点。人们不禁要问，为什么会发生这样的事故？在事件发生后，为什么台当局似乎可以如此轻易地拒绝承认错误、拒绝道歉，甚至拒绝归还遇难渔民的遗体和船只？答案可能在于台当局的态度，他们似乎已经习惯了对大陆的傲慢和偏见，习惯了破坏和阻碍两岸关系的正常发展。经过多轮谈判，台当局仍旧固执己见，没有表现出任何悔改的迹象。面对这样的情况，是否应该采取更加强硬的措施呢？是否应该直接采取行动，以强制的方式解决问题呢？看看台方官员的言论，他们将这次事件描述为一个简单的执法个案，声称是依法行事。这种说法显然是非常荒谬的。当证据清楚地显示了过错时，他们却选择了公然撒谎和推卸责任。在这种情况下，是否还有理由继续给予台当局机会呢？经过14轮谈判，双方的对峙呈现出拉锯战的局面，这无疑是对耐心和决心的考验。然而，仅仅等待并不能解决问题，必须采取行动。当然，仅仅要求管碧玲下台并不能根本解决问题。如果她的继任者仍然持有“台独”立场，那么相同的问题可能会再次发生。因此，最终的目标应该是实现两岸的和平统一，消除“台独”势力。长期以来，大陆对台湾实施了多项惠台政策，希望通过善意和努力改善两岸关系。然而，这些努力似乎并没有达到预期的效果，反而遭到了“台独”分子的反抗和背叛。这种情况不应该再被忽视。现在是时候采取果断的行动了，我们应该团结一致，坚定信念，共同努力实现和平统一。这不仅是我们的责任，更是我们的使命。来源：央视新闻网客户端 环球网‍‍‍
66765f9ffb88ab4b048dd6ab,https://mp.weixin.qq.com/s/T4jgpZcm0IOespfwb9gugg,“金门渔船惨案”谈判最终无果,2024,03,04,2024-03-04,"陆台“金门渔船惨案”谈判最终无果，台陆委会3日编制书面总结报告，指责大陆，称:该事件发生的根本原因是大陆长期不取缔三无船舶！根据台湾媒体3日晚的报道，在历经陆台双方15次谈判最终无果的背景下，台海委会主委管碧玲，陆委会主委邱太三和台海军部门官员将于4日赴台立法机构做《金门撞船案：翻船执法过程及后续处理》的专题报告，并接受质询。台媒体已经提前获知该报告的关键内容，在报告中，陆委会称:该事件发生的原因是陆方长期不依法取缔三无船舶！陆委会在报告中批评陆方，称陆方应加强管理三无船舶，避免遗憾再度发生！在书面报告中，台海委会和陆委会就此事的处理对策给出如下四点立场:1、台海巡部门""执法过程并无不当""，事发原因完全是因为陆方船员拒绝配合导致！而这个立场也就意味着后续双方交涉过程中，台方绝不会有“担责，道歉，惩处”！2、鉴于第一条立场，台方对于大陆死亡渔民，只会进行人道""抚慰""，但不是“赔偿”！这就意味着用台方仅仅出于同情，给大陆死亡渔民经济补偿，而不是因为犯错而赔偿！3、事件所有责任由陆方自己承担，原因是陆方长期不“取缔三无船舶，导致三无船舶经常任意侵扰台湾禁止、限制水域”！4、警告大陆，如再不加强取缔三无船舶，未来还会有此类悲剧发生！在报告中，台陆委会表示:“台主管机关为维护渔民权益，依法驱离越界船舶，责无旁贷”！而这份书面报告的出台，也就意味着陆台双方关于金门渔船惨案的谈判，失去了所有的谈判基础！未来，大陆方面必定会从更高层级出手，来解决此事，台方必须“道歉，追责，赔偿”，缺一不可！戳战略观察家公号，看看有多少好友关注！"
66765f9ffb88ab4b048dd6ac,https://mp.weixin.qq.com/s/7avWhHZwJDOCHOqzFFubDg,两岸传来最新消息！14轮谈判全部失败，大陆继续升级措施，052D舰突然现身金门海域,2024,03,04,2024-03-04,在大陆渔船翻覆事件的背景下，两岸已经进行了多轮谈判，但没有取得任何实质性进展。在这种背景下，大陆的军事行动显得格外引人注目，特别是当一艘052D导弹驱逐舰突然出现在金门海域时，这一行动释放了什么样的信号？与此同时，美国的智库机构也对局势作出了迅速反应，他们意识到了什么？                 在“2·14金门海域撞船事件”后，两岸的谈判已经多次进行，但始终未能突破台方所坚持的“四不”原则，即不承认错误、不提供赔偿、不追究责任、不归还遇难者遗体。台方的强硬态度似乎并未能使大陆作出让步，反而台方提出要“驱逐”大陆的海警船，并且实际派遣了一艘3000吨级的舰船前往金门。然而，当台湾的舰船与大陆的海警船相遇时，台舰迅速撤回，这一行为透露出了台方的不自信。                                  台方还强调了所谓的“台海识别区划分”，宣称已经为解放军战机活动设定了“底线”。但解放军战机的行动却显示出台方的无力回应，即使是大陆释放的气象气球飞越台湾岛，台方也未采取实质性措施。台方的无力回应，以及所谓“以武拒统”的策略，显然无法实现。                                  随着两岸谈判的僵局，大陆的手段也在升级。3月2日，金门岛附近海域出现了大陆海警船的编队巡航，同时一艘052D型驱逐舰也现身，这一军事行动被视为大陆对台方的明确信号。分析人士认为，大陆的这一军事部署显示了其对任何可能情况的充分准备。                                           美国的智库机构“战略与国际研究中心”对此局势发出了警告，他们呼吁美方不应过度煽动台海局势。智库强调，美国政府应该倡导和平稳定，推动两岸开放对话，以和平手段解决分歧。智库的直言不讳指出，美国政府的行为可能导致外资加速撤离台湾，因此应停止此类行为。金门局势的升级后，美国已经表现出不愿意直接介入的态度。                     分析人士认为，美国智库的这一立场可能会让台湾当局感到失望，因为他们希望通过拖延处理撞船事件以及发出强硬言论来获得转机。台湾当局曾希望美国能够提供支持，同时期望大陆为了两岸关系的大局考虑而选择息事宁人。但现实情况表明，这两种期望都未能实现。大陆在逐步升级其措施，而美国并不愿意介入。如果台湾当局不改变其错误做法，他们可能会付出更大的代价。● 仁爱礁取得大捷，打废菲海警雷达，打瘫补给船，052D吓跑菲船队● 上百辆军列开往前线，25个师30万大军严阵以待：俄乌最终决战拉开序幕！● 准备收台？福建开始提前准备了，我军的收台之日，将会是一场“人民战争”！来源：央视新闻客户端  河北日报
66765f9ffb88ab4b048dd6ad,https://mp.weixin.qq.com/s/1j_riyujkoVFtHxCKtOb9g,两岸谈判破裂，渔民家属不爽走人，海警开始调整，主力现身金门,2024,03,04,2024-03-04,在这碧波万顷的台海之上，晋江红十字会的曹荣山秘书长与他的顾问团队，宛若驾驭风浪的舵手，穿梭在金门与大陆之间的敏感海域。他们此行的重任，是为了一桩震惊两岸的渔船倾覆事件，一场关乎生死、情感与真相的艰难谈判即将拉开序幕。这不仅仅是一场谈判，更像是两岸情感的一次大考。每一次交锋，都像是心灵的碰撞，每一次妥协，都像是情感的交融。在这背后，是无数家庭的期盼与等待，是对生命最深沉的敬畏与尊重。当大陆的代表们踏上这片充满争议的土地，他们的脸上写满了严肃与坚定。这份坚定，源于对生命的敬畏，对家属的承诺，更源于对两岸和平的深深期盼。他们的脚步虽重，却步步坚定，仿佛每一步都承载着万千家庭的希望与期待。谈判桌上的氛围紧张得令人窒息。每一分钟的流逝，都像是在走钢丝，充满了不确定与风险。虽然记者们被隔离在门外，但谈判桌上的每一次拍桌、每一次怒斥，都仿佛能穿透厚厚的墙壁，让人感受到场内的剑拔弩张。这场没有硝烟的战争，比任何一场真实的战斗都更加扣人心弦。然而，当谈判陷入僵局，当台媒的镜头捕捉到双方代表冷漠对视的画面，我们不禁要问：这场博弈，究竟何时能迎来转机？是继续僵持，还是寻求和解？在这场看似无解的博弈中，其实隐藏着两岸关系的微妙变化。家属们的质疑与不满，像是掀起了一场风暴。他们拒绝接受简单的安排，要求彻底查明真相，为亲人讨回公道。他们的坚持与勇气，让我们看到了人性的光辉与力量。在这背后，是对亲人无尽的思念与等待，是对真相不懈的追求与坚持。在这场灾难面前，三天的时间显得如此短暂而无情。陆委会的这一决定，无疑是在家属们的伤口上撒盐。这种缺乏同理心的做法，不仅引发了家属们的强烈不满，更让社会各界对台当局的冷漠与无情表示愤慨。幸运的是，在最后一刻，国台办的及时介入为这场纷争带来了转机。他们不仅留下了晋江红十字会的核心成员和死者家属继续处理后续事宜，更向外界传递出了对两岸关系和平发展的坚定决心与承诺。回顾这场谈判的整个过程，我们不禁要感慨：生命是如此宝贵而脆弱，任何一次的疏忽和大意都可能造成无法挽回的后果。而面对这样的灾难和挑战，我们需要的是更多的理解和包容，而不是推诿和指责。两岸关系的发展需要双方的共同努力和智慧，只有通过对话与协商，才能找到解决问题的最佳途径。这场谈判的破裂并非偶然，而是台“海巡署”一系列不负责任的行为所导致的必然结果。从最初的谎言到后来的录像遗失，再到时间线的混乱，每一次的失信行为都像是对两岸关系的肆意践踏。面对这样的情况，我们不禁要问：台“海巡署”究竟是在维护公正，还是在掩盖真相？他们的所作所为，不仅令人愤怒和失望，更让人对台当局的诚意和决心产生严重质疑。然而，在这场关于责任和真相的较量中，大陆海警的动向却给出了最有力的回应。他们的南下巡航，不仅展示了对台海现状的深刻理解与关注，更像是对台“海巡署”的无声质疑与警告。这两艘曾经的解放军护卫舰如今化身海警舰在台海周边巡航，无疑是在向外界传递一个明确的信号：大陆有决心也有能力保护自己的渔民和海洋权益不受任何侵犯。这一举动不仅是对台当局的严厉警告，更是对两岸关系和平发展的坚定维护与捍卫。岛内媒体和军事观察家们纷纷对此发表评论，认为大陆海警船的行动实际上是对台当局的一次严厉敲打。他们警告台当局不要试图挑战大陆的底线和耐心，因为一旦大陆决定采取行动来维护自己的权益和尊严，那么所谓的“管辖权”和“实际控制权”都将成为一纸空文。这样的警告并非空穴来风，而是基于对两岸关系现状的深刻认识和对未来走势的敏锐洞察。在这场风云变幻的台海博弈中，我们看到了两岸关系的复杂与微妙，也看到了双方在处理问题时的不同态度与策略。但无论如何，我们都应该明白一个道理：和平发展是两岸关系的唯一正确选择，任何试图破坏和平、制造事端的行为都将受到历史的谴责和人民的唾弃。最后，我想说，这场谈判虽然破裂了，但两岸人民的情感却永远割舍不断。无论未来两岸关系走向何方，我们都应该珍惜这份来之不易的情感纽带，共同努力推动两岸关系和平发展、造福两岸同胞。同时，我们也应该保持清醒的头脑和理性的判断，不被一些不负责任的言论和行为所误导和蒙蔽。只有这样，我们才能共同创造出一个更加美好、繁荣、和平的两岸未来。那么，你对于这场台海博弈有什么看法呢？你认为两岸关系的未来会走向何方呢？欢迎大家在评论区留言讨论！
66765f9ffb88ab4b048dd6ae,https://mp.weixin.qq.com/s/kDwZvFiTMsXhDskhwBA1mA,美特种兵进驻金门不到10天，金门海巡队驱逐大陆渔船，致2人死亡,2024,03,04,2024-03-04,近日，金门岛成为众人瞩目的焦点。两件看似毫不相干的事件，却在这里交织出一场不同寻常的风波。美军特种部队的神秘进驻，以及金门海巡队对大陆渔船的粗暴驱逐，这两件事究竟藏着怎样的秘密？让我们一起来探究这背后的真相。谈到美军“绿色贝雷帽”特种部队的进驻，这可不是什么小事儿。要知道，这支部队可不是来度假的，他们的到来无疑给台海局势增添了不少紧张气氛。虽然官方说法是来进行所谓的“教学”，但明眼人都看得出来，这背后肯定没那么简单。有人猜测，这可能是美国在为更大规模的军事介入做铺垫。想想看，如果美军真的在金门岛站稳了脚跟，那这里岂不是成了美国对华斗争的前线阵地？而金门海巡队的行动更是让人气愤不已。他们对待大陆渔船的态度简直就像是对待敌人一样。这种冰冷、无情的做法不仅让人心寒，更暴露了台湾当局对待大陆同胞的恶劣态度。要知道，这些渔民可都是无辜的，他们只是想在海上讨生活而已。可是，台湾当局却对他们采取了双重标准，这实在是让人无法接受。其实，这两件事情的发生并不是偶然的。它们可能是一场精心策划的行动的一部分，目的就是为了测试中国大陆的反应。美军的存在无疑给台湾当局提供了一种安全的保护伞，让他们觉得有恃无恐，可以更加肆无忌惮地采取激进行动。然而，他们似乎忘记了，这种行为不仅严重伤害了两岸人民的感情，更是对地区和平稳定的巨大威胁。面对这种局势，我们大陆方面可不能坐视不管。我们既要展现出足够的坚定和毅力来维护自己的权益和尊严，也要保持理性克制来避免被对方挑衅所诱导做出过激反应。在处理这类事件时我们应该坚持宽容和克制的原则来对待台湾同胞并通过实际行动来向他们传递温暖和关怀让他们感受到大陆方面的善意和诚意。同时我们也要让任何企图分裂中国的外部势力知道我们绝不会坐视不管任何挑衅行为都必须得到坚决有力的回应！说到回应嘛，咱们可不是只会说说而已。要知道咱们可是有实际行动的哦！比如关闭自来水阀门这样的措施虽然看起来有点儿小家子气但实则是一种象征性的回应让对方知道咱们可不是好惹的！当然啦更为严肃的政治和军事回应也是必不可少的这可是捍卫国家主权和领土完整的必要手段呢！这场围绕金门岛的纷争不仅仅是一个地区性的问题而已它更是大中华民族团结一致面对外部压力的试金石！咱们可不能忘记无论是海峡这边还是海峡那边咱们都是同一个民族的人！对待金门海巡队的做法咱们虽然感到寒心但更应该以此为鉴加强两岸之间的沟通与理解共同维护民族大义和地区和平稳定才是最重要的呀！总之啊，这件事儿可不能就这么糊弄过去算了！咱们14亿中国人的眼睛可都是雪亮的咱们可得持续关注着期待着公正的调查结果能够早日出来给咱们一个交代呢！同时啊也期待着两岸关系能够早日迎来春暖花开的那一天吧！到时候啊咱们再一起携手共进共同创造美好的未来吧！回顾整篇文章，我们不难发现金门岛的纷争背后隐藏着复杂的科技概念和军事策略。然而，通过平实的语言和生动的比喻，我们成功地将这些复杂的概念解释得通俗易懂。面对这样的局势，我们既要保持坚定和毅力，也要展现出宽容和克制。毕竟，我们都是同一个民族的人，只有加强沟通与理解，才能共同维护民族大义和地区和平稳定。最后，我想问一句：你怎么看待这场金门风云？欢迎在评论区留下你的看法！
66765f9ffb88ab4b048dd6af,https://mp.weixin.qq.com/s/zDBdpo-HPFgN8UhgXB4xvQ,金门渔船事件引发两岸紧张局势：052D驱逐舰现身，台方寻求美国介入,2024,03,04,2024-03-04,近日，金门渔船事件成为两岸关系的焦点。事件发生后，双方已进行多次协商，但进展缓慢。在最近一次闭门会议中，双方代表再次未能达成一致，导致谈判破裂。大陆方面坚持要求台海巡署认错和道歉，而台方则认为他们的行为是“依法行政”，双方因此陷入僵局。在谈判破裂后，台方代表纷纷撤离金门返回台岛，原定的第16次谈判被迫取消。同时，台“海委会”领导管碧玲也面临立法机构的质询。她拒绝接受“金门撞船案”的称呼，并引发了民意代表的不满。在这种情况下，民进党开始寻求美国的介入。有民进党“立委”提议让美台在台海展开巡航，以提升两国间的国际合作，并保护台湾渔民的捕鱼活动。然而，这种幻想并不切实际，因为美国从未承诺要“出兵保台”，而且金门等外离岛并非美国的关注重点。对于台方的举动，大陆方面也做出了回应。近日，解放军052D驱逐舰现身金门附近海域，为大陆海警船护航，以展示军事实力。这一行动旨在威慑台军，并表明大陆对于维护国家利益的决心。金灿荣教授曾指出：“对待台湾不能一味忍让，必须要让他们知道，两岸力量是不平衡的，大陆的力量是碾压式的。”如今，随着解放军远洋舰队的不断壮大，大陆已经具备了强大的军事实力。如果美国胆敢介入台海局势，等待他们的将是解放军的狂轰乱炸。目前，台当局在谈判中缺乏诚意，坚持所谓的“海峡中线”，似乎在为与大陆的摊牌做准备。对此，大陆也早有准备。从3月1日开始，大陆海警3306舰突然出现在澎湖附近海域，引发了岛内的高度关注。有分析认为，大陆的目标不仅是金门，下一步可能将是澎湖列岛。总之，金门渔船事件已经引发了两岸关系的紧张局势。双方之间的谈判陷入僵局，台方寻求美国介入，而大陆则通过展示军事实力来维护自身利益。未来两岸关系将如何发展，我们拭目以待。
66765f9ffb88ab4b048dd6b0,https://mp.weixin.qq.com/s/2uKsh0RwsprFkg3w1Ypq0Q,金门渔船这事，一个都跑不了！,2024,03,04,2024-03-04,引言：金门渔船事件中的暴力行为受到了强烈谴责，这种谴责不仅来自国内，也来自国际社会。对暴力执法者的指责也在持续升级，人们普遍认为他们必将受到应有的法律制裁。历史上，我们可以找到类似的案例，比如对汉奸和国民党顽固派的处决，这些都彰显了法治的严肃性。因此，从历史的镜头下看，暴力行为的执行者无法逃脱法律的制裁。更有甚者，历史上有很多案例表明，对国家和民族利益的背叛者会面临极其严峻的处罚。而今，对于台独分子，是否会有相似的结局，这成了社会广泛关注的焦点。历史借鉴：回顾抗日战争和解放战争后对汉奸和顽固派的处决，我们可以发现，这些措施被视为捍卫国家和民族利益的必要行动。对于历史上的叛徒和顽固分子，他们的结局往往是悲惨的，这不仅是对他们个人的惩罚，更是对国家和民族的警示。因此，台岛回归后，任何试图分裂国家的行为都将受到最严厉的审判和惩罚。这样的历史借鉴，为我们当前的行动提供了深刻的启示。金门海巡署行为分析：金门海巡署的暴力行为已经引起了社会各界的广泛关注和谴责。他们的行为明显超出了正常执法范围，甚至可以说是违背了法治精神。更有甚者，这种行为不是偶然的，而是经过精心策划的一次行动。从行动的前期准备和执行过程中可以看出，这是一次有组织、有预谋的违法行为。这种违法行为不仅伤害了被执法对象，也损害了社会公共秩序和法治建设的基础。因此，对于金门海巡署的行为，社会不仅要进行严肃的谴责，还必须追究相关责任人的法律责任。背后推手：某霸权国家在背后支持台当局，试图挑起两岸冲突，破坏地区稳定，这是一个不争的事实。通过支持台独势力，这个霸权国家试图在台海地区制造混乱，以达到其自身的战略目的。南海局势就是一个典型的例子，这个霸权国家通过在南海地区制造紧张局势，试图分化地区国家，以谋求自身的战略利益。因此，我们不能低估这个霸权国家在台海问题上的影响力，必须警惕其可能带来的危险后果。当前台当局：岛内领导人对台独问题的态度更加直接和粗暴，这进一步加剧了两岸紧张关系。他们试图通过极端手段来推动所谓的“独立进程”，这种行为不仅违背了国际法和国际社会的共识，也严重损害了两岸关系的和平稳定。面对这种情况，国家已经有了对岛内顽固分子的历史记录，将会对其进行彻底清算。因此，台当局的这种做法不仅是不负责任的，也是极其危险的。统一前景：尽管当前形势复杂严峻，但我们依然对国家的统一前景充满信心。国家有精准的统一计划，并将彻底清算顽固分子。我们相信，国家的决心和耐心将化解任何可能出现的难题。统一的时机已经逼近，我们必须做好充分的准备，迎接这一历史性时刻的到来。结语：最后，让我们共同保持理解和信心，等待祖国统一的到来。我们相信，只要我们团结一致，共同努力，祖国的统一必将实现。同时，我们也呼吁关注者持续关注相关话题，做好随时迎接统一的准备。唯有如此，我们才能共同见证祖国统一的伟大时刻的到来。
66765f9ffb88ab4b048dd6b1,https://mp.weixin.qq.com/s/W28qjugGojpz0hRWv0ezTw,“金门渔船惨案”谈判最终无果！台方警告大陆，未来不排除还有此类悲剧发生！,2024,03,04,2024-03-04,"陆台“金门渔船惨案”谈判最终无果，台陆委会3日编制书面总结报告，指责大陆，称:该事件发生的根本原因是大陆长期不取缔三无船舶！根据台湾媒体3日晚的报道，在历经陆台双方15次谈判最终无果的背景下，台海委会主委管碧玲，陆委会主委邱太三和台海军部门官员将于4日赴台立法机构做《金门撞船案：翻船执法过程及后续处理》的专题报告，并接受质询。台媒体已经提前获知该报告的关键内容，在报告中，陆委会称:该事件发生的原因是陆方长期不依法取缔三无船舶！陆委会在报告中批评陆方，称陆方应加强管理三无船舶，避免遗憾再度发生！在书面报告中，台海委会和陆委会就此事的处理对策给出如下四点立场:1、台海巡部门""执法过程并无不当""，事发原因完全是因为陆方船员拒绝配合导致！而这个立场也就意味着后续双方交涉过程中，台方绝不会有“担责，道歉，惩处”！2、鉴于第一条立场，台方对于大陆死亡渔民，只会进行人道""抚慰""，但不是“赔偿”！这就意味着用台方仅仅出于同情，给大陆死亡渔民经济补偿，而不是因为犯错而赔偿！3、事件所有责任由陆方自己承担，原因是陆方长期不“取缔三无船舶，导致三无船舶经常任意侵扰台湾禁止、限制水域”！4、警告大陆，如再不加强取缔三无船舶，未来还会有此类悲剧发生！在报告中，台陆委会表示:“台主管机关为维护渔民权益，依法驱离越界船舶，责无旁贷”！而这份书面报告的出台，也就意味着陆台双方关于金门渔船惨案的谈判，失去了所有的谈判基础！未来，大陆方面必定会从更高层级出手，来解决此事，台方必须“道歉，追责，赔偿”，缺一不可！黑天鹅辣评：区区一个省，竟敢如此嚣张，谁给的勇气？完欢迎关注“灰犀牛洞察”微信公众号，分享更多有价值的信息。***温馨提示：由于最近微信公众号改变了推送规则，导致文章推送时间混乱。为免对大家造成阅读不便，我们建议大家点击文章顶部蓝字“灰犀牛洞察”进入公众号主页，点击右上角“…”，将灰犀牛洞察设为星标⭐️。或者每次看完文章后，在文末右下角点一下“在看”及点“赞”，这样有利于及时接收我们推送的最新文章。谢谢支持！"
66765f9ffb88ab4b048dd6b2,https://mp.weixin.qq.com/s/hjzM2pxNZxUe2M6NX8wGyQ,台海风云（三）金门惨案,2024,03,04,2024-03-04,今天已经是2024年3月4号了，对于2.14台撞击大陆渔船致渔民死伤恶性事件，已经过去18天了。事件的后续处理问题真是一波多折。事件发生后，台湾陆委会却宣称，台方海巡单位执法“过程并无不当”，还说为维护渔民权益需“严正执法”。2024年2月17日，国台办发言人朱凤莲表示，台湾方面粗暴驱离大陆渔船致两名渔民遇难恶性事件，引起大陆各界强烈愤慨，严重伤害两岸同胞感情。海峡两岸同属一个中国，台湾是中国领土不可分割的一部分。两岸渔民自古以来在厦金海域传统渔场作业，根本不存在所谓“禁止、限制水域”一说。大陆方面对台湾同胞充满善意，但对台方无视大陆渔民生命财产安全的行径也绝不容忍。台方应尽快放船放人，做好善后工作，查明事实真相并严肃处置相关责任人，给遇难人员家属和两岸同胞一个交代。大陆方面保留采取进一步措施的权利，一切后果由台方承担。2024年2月20日，“海巡署”金马澎分署副分署长蔡茂埕面对记者时未直接回应相关情况。他声称，后续处置将依照遇难者家属需求及期望来进行，会“在最短时间内让家属将亲人骨灰带回家乡”。台防务部门负责人邱国正被台湾“立法委员”质询时回应此事，他表示，这件事归台“海巡署”处理，台军不会主动介入，介入的话会引发冲突升级。金门地检署主任检察官施家称，经查问金门“海巡队”，执勤队员说，当时双方都高速行驶，不慎发生碰撞，大陆船只当场翻覆，4名船员因此落海。金门地检署说法曝光后，台“海巡署”才发新闻稿承认“船身多次接触”。台湾中时新闻网3月3日以此为题报道称，台立法机构“内政委员会”要求有关单位就“2.14恶性撞船事件”进行专题报告，不料“海委会主委”管碧玲认为专题报告名称“撞船”违背事实，擅自将“海委会”的标题改为“取缔大陆快艇事故案”，内文也只字不提“碰撞”等词。报道说，回顾过去台“海巡署”的对外发言，从案件发生至今，碰撞与否变了3次，蓝营“立委”痛批管碧玲说辞反复。直至今日，双方已进行了11轮磋商，依旧没有给出彻底的解决方案。这不是台湾第一次对大陆渔民进行刁难。前面文章中说过，台当局政府这样做就是政治表演而已，演给美国及岛内民众看的，表示一下他们的“权威性”，也为他们每年使用大量的资金购买过期的军事破烂儿找借口。因为大陆一直以来的仁慈，养出这么多的狗脾气。台湾地区现任政府就是认为大陆因为很多原因，不能对他们怎么样。就如同野蛮强盗一样，跟随着美国指点的步伐，采用所谓的“切香肠理论”，不断的挑衅，来试探大陆的底线。以此影响台海政治风向。俗话说得好，不是不报时候未到。再怎么凶悍的强盗都会有服法的那一天，随着国家的不断富强、美国的日渐衰退，世界的政治格局逐渐发生着巨变，卖国求荣之辈必将会付出应有的代价。当然，有人会不服气，会说美国依然是世界的霸主。是的，不否认，美国仍旧是世界的第一大经济体，可是这些财富却都是掌握在财团手里。他们可是随时都能抽走资金的。美国政府债台高筑。说白了，是已经破产了的。只不过是在不断地借钱度日。2023年的形势就表明，美国已经无法用美元机制大量收割全球了。至于军事霸权嘛，国内工业基础无了，武器装备更新艰难，老旧维修力不从心。前几天还有消息称美国在韩国造船厂视察，为战舰维护做准备呢。就这些方面来看，美国是绝对不可能为了台湾与中国大陆发生直接军事冲突的。强盗也是怕疼的。要是不小心被人把腿打断了，那他就会立马玩蛋。这里的利害关系，他是很明白的。再说了，就连也门胡塞武装都已经按不住了。还能威武到哪去，也就没事儿找人丢丢小石块儿，偶尔高声叫喊叫喊：谁惹我我就揍他！只此而已，弄不好老美也会如同日不落一样，需要出卖仅有的航母啦。打住，这话唠的，有点儿跑题啦。大陆会有收拾叛徒的那一天。小本子上都记着呢，哪个都跑不了。只不过现在还不是最好的时机。就最近的消息看，已经在收紧狗绳啦。就是可怜了咱老百姓啦，看得又气又急。俗话说得好，万事不能着急，好菜在后头儿，马上就要上桌啦！！希望看到台湾认清现实，妥善快速地配合大陆对撞船事件进行处理，给渔民及家属和全国同胞一个交代，这样在他们的罪行本上也能减少一条记录。注：文章中图片素材均来源于网络。
66765f9ffb88ab4b048dd6b3,https://mp.weixin.qq.com/s/1E5YeYsu12LBFGflJScsjg,国家安全：金门撞船事件背后的“习概论”启示,2024,03,04,2024-03-04,编者按：慧思政平台将拣选每日思政热点，根据思政课相关知识解析热点内容，帮助思政课师生正确关注、认识思政热点，以利于广大师生更好地讲授、学习和践行思政课。2月14日，大陆正值春节，一片欢乐祥和之际，厦金海域发生了渔船倾覆，渔民丧生的恶性事件。20日，两名生还人员通过“小三通”从金门返回厦门，随后返回泉州。台湾海巡署野蛮执法，毫不顾及同胞亲情，更无视涉事人员性命安危，事后隐瞒真相，情节令人发指，严重破坏两岸关系。对此，国家重拳出击，除大陆海警部门开展常态化执法巡查外，还有两艘海监和一艘渔政船都加入了厦金海域的联合执法。根据《习近平新时代中国特色社会主义思想概论》内容并结合该事件，可以从以下几个角度分析其中蕴含的“习概论”知识：【思政知识链接】坚持“一国两制”和推进祖国统一、坚持以人民为中心——《习近平新时代中国特色社会主义思想概论》第十四章、第四章。2月14日，农历正月初五，这一天既是西方“情人节”，也是中国人“迎财神”的日子。在这“双喜临门”的一天，却传出2名大陆渔民因台湾海巡部门追逐而导致翻船遇难的噩耗，两岸同胞，群情震动。前“立委”蔡正元在脸书慨叹，“这是新春就敲响两岸问题的警钟！”
66765f9ffb88ab4b048dd6b4,https://mp.weixin.qq.com/s/kOLJASYyzDL8GMdZ5aXZwg,处理金门撞船事件表现诡异，有人蓄意而为存重大嫌疑！,2024,03,04,2024-03-04,处理金门撞船事件表现诡异，有人蓄意而为存重大嫌疑！老胜算／文金门撞船惨案的发生，可能不是意外事件而是有人蓄意而为，大陆相关单位对此要明察秋毫，保持高度警惕！从金门撞船惨案发生前后台当局的异常表现来看，以上看法并非是无据的猜测。让我们回顾一下发生事件的前后背景 ，对于了解台当局制造金门撞船惨案的动机很重要。这一事件发生在台湾选举结束后不久，民进党赖清德仅以28%的得票率在1月13日当选。这是一个少数派胜出的结果，因此大陆定义为不代表台湾主流民意是有道理的。从大背景来看，大陆在台湾选举前制定出台“建设福建海峡两岸融合示范区”计划。这对于以台独为理想的赖清德有如芒刺在背的感受。如何寻求破解大陆的和平统一战略，一直是赖清德昼思夜想不得其法的重大纠结。赖清德是个想创造台湾历史的人，其野心远比他的前任更是有过之而无不及，台独是他追求的梦想。与其做一个被限制手脚的傀儡“总统”，上任后受各方制肘而无所作为，不如为了个人历史定位冲击中美多年来对台独布设的重围赌一把。这就是目前赖清德的心理状态。他选择在还没有上位前、国人正在欢度春节这个时间点制造金门撞船惨案，显然是经过了反复权衡和计划，并非一时起念，而应该是早有策划。在这一背景下，蓄意制造金门撞船惨案，我分析其要实现两个重要目的或者希望达到两个战略效果：1.通过撞船致大陆渔民死亡事件，迅速升高两岸紧张局势，制造两岸激烈对抗，制造两岸人民的相互仇恨，破坏大陆“融合示范区”计划。如果不达目的，就考虑撤出金门马祖列岛，同时引发美西方对中国大陆的制裁，顺势宣布台湾独立。2.通过制造金门撞船惨案，检验美西方对台湾的支持度，为即将上台搞台独作铺垫、打基础。由此，赖清德意图将此次撞船事件尽量闹大，引来国际势力为台湾站台。如果美西方真心支持台湾，他便可通过此次事件要挟美国，促成台湾与大陆明确海上分界线或隔离带。如此，台独便可顺理成章宣示相关海域的主权，彰显“两岸互不隶属”的关系。实现以上两个目的便是台当局在金门撞船惨案发生后，表现出丧失基本人道主义的异常态度，至今仍然隐瞒事实真相，拒不认错道歉的真正原因。惨案发生至今已经过去十几天，台当局管事者至今没有对受害者表达丝毫歉意，这种起码的人道主义都没有的恶劣行径，实属罕见。作为台当局的部门主管，管碧玲竟然不允许“撞船”二字出现，她何来这么大的狗胆？难道不怕引发两岸严重冲突、自己身家性命不保吗？显然，管碧玲定是受命而为，是有强人在为其撑腰或者直接指使。目前，台当局与大陆受害代表经过十五次协商谈判仍无果，说明这件事根本无法达成妥协，如果事态没有升级到他们希望的严重程度，根本就不会妥协，根本就不会认错、道歉、赔偿。由于台当局蓄意制造的事端还没有出现希望的局面，没有达到他们希望看到的结果。因此，不希望事件赶快平息，当然不会与大陆达成妥协。大陆虽然宣布不存在“禁限水域”，并出动了海警船到这片海域巡查，彰显了管辖权，但迄今没有实施登岛抓人办案等强制手段。但台当局就希望出现这种局面，最好两岸因此爆发激烈冲突。以上这些情况很值得国人深思，尤其很值得大陆对台工作部门和单位高度警觉。目前“两会”召开在即，全国人民正聚焦国家发展大计，对于台独蓄意制造金门撞船惨案，挑起两岸冲突，意图达到推进台独的阴险图谋，切不可有丝毫的轻视，要高度警惕应对事态迅速升级，做好最坏情况出现的准备。一旦不得不采取大规模果断行动，就要有如雷霆出击，有迅雷不及掩耳般的规模与气势，一举实现国家完全统一。
66765f9ffb88ab4b048dd6b5,https://mp.weixin.qq.com/s/1KiOjwOeS0ngSj4MG_HZig,这次金门海域撞船事件给了大陆最大的教训！很深刻！,2024,03,04,2024-03-04,大陆渔民被台湾海巡署追逐撞击死亡，事发距今已超过20天，两岸前后讨论了15轮，目前得到的结果是台湾不道歉、不严惩责任人，也不归还渔民遗体和渔船，摆出了一副“谈，大门敞开；打，随时奉陪”的强势姿态。甚至在3月4日立法院专题报告会上倒打一耙，将责任全部推给大陆，觉得此次事件的发生在于大陆长期不取缔所谓的“三无船舶”，同时要求我们加强相关船舶的管理，避免再次出现类似的事件。围绕此次金门海域撞船以及事件后续的处理情况，至少给了大陆三点深刻教训:1、对台再延续过去的怀柔政策是行不通的；其实，过去一段时间，台湾海巡对大陆渔民的这种残酷的迫害已经很久了，次数也非常多，福建渔民在很长时间受到很多屈辱，根据数据，在2016到2023年期间，对大陆渔民的暴力拦截超过了9100次。但为了照顾两岸发展的大局，这些年我们的新闻媒体都没有怎么详细报道过。在处理相类似的事件时，大陆方面也比较克制。但事实证明，大陆释放的善意台湾并没有接受到，反而变本加厉，将我们的善意当成了软弱。再加上民进党当局的“台独”倾向，导致台湾岛内这些年滋生了一股愚蠢的种族主义，在面对日本韩国菲律宾越南等渔民时，台湾点头哈腰，但另一边却看不起大陆渔民，不把大陆人当人。通过此次金门撞船事件，我想我们大陆要明白第一个道理:对当前的台湾，大陆一味的释放善意已经不适合当前两岸关系的发展态势。怀柔政策是感化不了台独分子的！我们的对台政策急需要一个大的调整。2、要让台湾各界切实感受到大陆的力量；从两岸力量对比来看，当下大陆的实力已经对台有了完全碾压的实力。但在力量使用上，我们一贯的作风却是说的多，做的少。这次金门海域，我们的海警仅仅去了应该去的地方，结果我们的媒体，我们的舆论就是各种嗨翻天，但结果呢？会谈毫无进展！说明我们给的压力还太小太小，小到台湾竟然可以罔顾事实，倒打一耙！过去本应该动手解决的问题，我们却选择了和对方动嘴，导致台湾整个社会渐渐形成了一种认知:大陆绝不敢对台湾强硬，只会嘴上说说！这种感觉，我们必须借机强势出手，一转台湾这种的错误认知！希望通过大陆渔民两条鲜活的生命，能让国家彻底明白:该动手的时候别轻易动嘴；该显现实力的时候别轻易克制！别对一群冷血无情的台独分子抱有任何幻想！
66765f9ffb88ab4b048dd6b6,https://mp.weixin.qq.com/s/pxwTx9be3Qjr_Q9Z65QQ0A,金门渔船事件，台湾的“四不”表态升级对抗，大陆报复必将毫不手软！,2024,03,04,2024-03-04,       台陆委会书面报告：“大陆船舶进入台湾地区限制或禁止水域，海巡人员依法执行职务，过程并无不当。此次系大陆三无船舶拒绝配合台海巡执法而危险规避作为所导致。若大陆不依法取缔三无船舶所谓违法侵扰台湾禁限水域，此类事件恐再度发生，所以不会认错、不会道歉、不会赔偿，更不会追责”。       金门大陆渔船被撞死事件，双方15次谈判不但没有结果，而且台湾当局是越来越强硬，台湾海巡鼠已经翻供了，它不承认碰撞导致翻覆，台海委会的专案报告里也完全不提“碰撞”这俩字了。所以大陆方面的代表再谈多少次也不会有任何结果。因为台湾当局上层已经对这件事咬死口强硬到底了，今天台独分子邱太三倒打一耙呼吁陆方加强管理“三无”船舶，避免再度发生此类事件。      管碧玲一副纯老绿茶婊的样子，说话假温柔，嘴是比谁都硬。台当局上下一心，是死硬到底。      台湾这么做，必然是火上浇油，加速对抗。而大陆的报复必将毫不手软！     前不久，24年度的对台工作会议在京召开，定下了今年的工作基调。两相对比，发现一些措辞变化还挺明显，态度比去年坚决不少。 ​不再提“两岸一家亲”的态度，不再提“与台湾各界人士交朋友”，不再“反对台独”而是“打击台独”，增加“支持岛内统派力量”，提出“提升对台工作合力” ​。      打嘴仗咱们可能打不过民进党（看看两千多万蛙被他们骗的团团转就知道），我们的媒体大多也更多喜欢关心猫狗，但在硬实力上，咱们碾压的实力。那么，咱们必须要亮出肌肉，实实在在的步步逼压。不然别人真的以为我们不敢怎么样，把你当纸老虎，态度将更加嚣张。      如今，大陆海警实控厦金海域，渔民靠近金门打鱼，这个是目前正在进行的。      过去不动是思路的问题，现在策略上已经调整，既然海警能实控金门海域，同样也可以把常态执法范围扩大到马祖海域、澎湖列岛、东沙群岛甚至蛙岛周边...       美台对我们切香肠，不断在掏空“九二共识”，我们必然要反切香肠，一步步对台湾加强管辖和治理，从而挤压“台独”当局和域外实力的勾连空间。      民进党敬酒不吃吃罚酒，家属谈判不成之后，大陆民意更加沸腾，十分不满。大陆的忍耐也是有限度的，我想，下一步动作必然很快到来！      扩大执法范围，取缔伪台海巡相关海域的执法权是板上钉钉的事。接下来，最直接的，我期待厦门公安精准发出通缉令，把那几个明确的肇事责任人的名字列上，把他们所涉罪行也列上，一直要追缉到底，没有自首的，厦门公安的通缉令就永远不撤。       大陆能把缅北四大家族的罪犯弄到国内审判，对厦门隔壁金门小岛上的罪犯一样有办法严惩。       中国大陆是一个体量巨大的政治军事经济体，一定要让那些沾了大陆船员鲜血的人都知道，想碾死他们就像碾死蛆虫一样。
66765f9ffb88ab4b048dd6b7,https://mp.weixin.qq.com/s/B3SlrmjtcztXfT6iPmGLtw,又是管碧玲！擅改报告，不认“撞船”,2024,03,04,2024-03-04,福建渔船在金门海域遭台方驱离致2人死亡事件持续发酵。昨天（3月3日），南都记者了解到，台“立法院内政委员会”将邀请“陆委会”与“海委会”针对此次事件作项目报告，报告名称为“金门撞船案：翻船执法过程及后续处理”，然而，台“海委会”负责人管碧玲近日狡辩称这一名称“违背事实”，并擅自更改报告名称，企图隐瞒“撞船”事实。台方不仅没有一个明确的交代，还试图掩盖真相，推卸责任。 台湾有关部门曾多次就此事修改措辞，频频打脸。此前报道↓撞船事件十五日：追问三大疑点据台媒报道，台“立法院内政委员会”下周将邀请“陆委会”与“海委会”针对此次事件作项目报告，“内政委员会”召委高金素梅此前拍板专题报告名称为“金门撞船案：翻船执法过程及后续处理”，然而，台“海委会”负责人管碧玲3月1日在社交媒体平台发文称，不接受“内政委员会”排定项目报告的名称，辩称“那是违背事实的名词定位”。她发布的图片中，报告名称被擅自更改为“海洋委员会海巡署针对《2月14日取缔大陆籍快艇事故案》项目报告。”然而，台湾有关部门曾多次就此事修改措辞，频频打脸。南都此前报道，2月14日下午，福建一艘渔船在金门海域被台方驱离，导致船上4人全部落海，其中2人死亡。事发当天台海巡部门声称，因渔民以蛇形路线逃逸，急转弯过快，才导致翻覆酿出伤亡，事发7天后，又改口承认当时发生过数次撞击。已打捞上岸的出事渔船照片显示，该船与台海巡部门快艇发生多次碰撞，大陆渔船左侧船尾上的栏杆明显变形，疑似因撞击而导致凹陷扭曲，很有可能就是造成翻船时的撞击之处。然而台海巡部门的说法是“轻微碰撞”，是大陆渔船急转撞上台海巡艇后因反作用力反弹失去平衡后才翻覆。但金门地方检察部门调查表示，根据双方船员说法，确定两船不止一次碰撞。南都此前报道，国台办发言人朱凤莲曾表示，管碧玲不仅对遇难者没有一句道歉，还对善后工作不断设置障碍，极为冷血、为人不齿。 持续关注 ↓↓ 
66765f9ffb88ab4b048dd6b8,https://mp.weixin.qq.com/s/irM4k131wh95nZU_DtjVOg,炒作美军驻守金门，故意升级渔民事件，民进党的阴谋和阳谋,2024,03,03,2024-03-03,时间过去这么多天，民进党当局肯定清楚整个事件的来龙去脉，既然知道自己的海巡部门在执法上出现了错误，为什么还要在道歉赔偿上遮遮掩掩，一拖再拖呢？       依我看，只有一种可能，那就是民进党希望把这件事的影响力扩大，所以，我们看到民进党一直抓着这艘船是三无船只不放，无理狡辩，进而激怒大陆政府和人民，当中国海警加大巡逻力度并且多次进入所谓的限禁海域时，民进党当局依旧不愿意妥协，表面上，民进党是表达自己的强硬态度，实际上，是希望大陆能够更进一步，收复金门。       如果你打开地图，就会看到金门的位置离大陆是如此之近，可以说，大陆想要收回金门，简直是易如反掌，而且从古至今，金门一直是归属于福建省管辖，对民进党来说，自己想要独立的地域肯定是不会包括金门的，那么，留着金门，对自己而言就是一种负担，如果能够放弃金门换来自己的独立之名，那么是可以接受的。       更何况金门居民与大陆往来更为密切，如果举行公投他们肯定愿意回归祖国的怀抱，而且，金门一直是国民党的票仓，占有一席立法委员，失去金门，还能在政治上打击国民党。        还有最为重要的一点，美国的《对台关系法》所包含的范围只有台湾本岛和澎湖列岛，也就是说，即使美国想要帮助台湾协防，金门也是不在其范围之内的，那么，在大陆武力收复金门之后，民进党一方面会营造岛内的战争氛围争取人心，一方面会借此机会寻求美国的保护，甚至有可能直接宣布独立，所以，这怎么看都是一个可以尝试的方案。《对台关系法》所包含的范围只有台湾本岛和澎湖列岛，也就是说，即使美国想要帮助台湾协防，金门也是不在其范围之内的，那么，在大陆武力收复金门之后，民进党一方面会营造岛内的战争氛围争取人心，一方面会借此机会寻求美国的保护，甚至有可能直接宣布独立，所以，这怎么看都是一个可以尝试的方案。所以，这怎么看都是一个可以尝试的方案。      最近，民进党炒作美军要驻扎金门的信息，明明知道是不可能的事情，还是要大肆宣扬，就是要在渔船事件之上火上浇油，给我们施加压力。      最近，民进党炒作美军要驻扎金门的信息，明明知道是不可能的事情，还是要大肆宣扬，就是要在渔船事件之上火上浇油，给我们施加压力。      怎么看民进党的阳谋（放弃金门）和阴谋（希望独立）呢，一句话总结就是梦想是美好的，但现实是残酷的，民进党以为我们只敢收复金门，而无法收复在美国保护之下的台湾本岛，他们以为美国大兵会为了台湾人民牺牲自己的生命，他们既误判了我们收回台湾的决心，也高估了美国保护台湾的底线。      怎么看民进党的阳谋（放弃金门）和阴谋（希望独立）呢，一句话总结就是梦想是美好的，但现实是残酷的，民进党以为我们只敢收复金门，而无法收复在美国保护之下的台湾本岛，他们以为美国大兵会为了台湾人民牺牲自己的生命，他们既误判了我们收回台湾的决心，也高估了美国保护台湾的底线。       如果我们一旦决定收回金门，那么，也一定是在我们制定好整体收复计划之后，只收回一个金门，我们肯定不会贸然出兵，这么多年都等了，还差这点时间吗？       如果我们一旦决定收回金门，那么，也一定是在我们制定好整体收复计划之后，只收回一个金门，我们肯定不会贸然出兵，这么多年都等了，还差这点时间吗？       美国也许会协防台湾本岛，支援武器弹药，但肯定不会派兵干预，因为这不符合美国的利益，维持现状才能使美国获得最大利益，万一战争机器开动，美国也不会下场，它所希望的是两岸导弹互炸，它坐收渔翁之利。       美国也许会协防台湾本岛，支援武器弹药，但肯定不会派兵干预，因为这不符合美国的利益，维持现状才能使美国获得最大利益，万一战争机器开动，美国也不会下场，它所希望的是两岸导弹互炸，它坐收渔翁之利。       表面看，我们似乎面临二选一的难题，但实际上，我们一举解决台湾问题的机会来了，借由此次事件，对台湾采取围堵策略，慢慢从经济军事上形成常态化，做到虚中有实，虚实结合，一步一步缩小包围圈，让岛内民众倒逼民进党下台，内文外武，毕其功于一役。       表面看，我们似乎面临二选一的难题，但实际上，我们一举解决台湾问题的机会来了，借由此次事件，对台湾采取围堵策略，慢慢从经济军事上形成常态化，做到虚中有实，虚实结合，一步一步缩小包围圈，让岛内民众倒逼民进党下台，内文外武，毕其功于一役。       时间不会太久，让我们一起见证历史！       时间不会太久，让我们一起见证历史！
66765f9ffb88ab4b048dd6b9,https://mp.weixin.qq.com/s/4AbbIvViFQ8JepyxtG3W6A,赖清德在金门渔船事件背后的阴谋,2024,03,03,2024-03-03,两名生还的渔民在回到大陆后，向媒体披露了他们在台湾海域遭遇的不公正待遇。据他们所述，他们的渔船在台海巡逻船的粗暴冲撞下发生了倾覆，导致四人落水，仅有两人成功上岸。对此事件，国台办发言人朱凤莲于21日明确指出，台湾方面需向遇难者家属及两岸同胞作出明确解释。在此背景下，岛内媒体观察到，中国海警船已经连续三天进入厦金、马祖海域进行巡查。新加坡《联合早报》引述岛内学者的观点称，金门翻船事件不仅仅涉及法律问题，更是将两岸的主权争议推至了风口浪尖。如果台湾方面不能给予大陆一个满意的答复，双方之间的冲突可能会进一步升级，甚至不排除大陆海警船对台海巡署船只进行检查的可能性，这将可能导致更严重的后果。“一旦谎言被揭穿，就需要更多的谎言来掩饰。”前中广董事长赵少康于21日如此表示。他指出，“海巡署”之前曾两次试图掩盖事实真相，但最终还是被揭穿了。据“海巡署”昨日证实，事故发生时，其船只正在高速追逐大陆渔船，双方船只发生了多次接触，最终导致了大陆渔船的侧翻。赵少康还强调，台湾海委会主委管碧玲在此事件中的失职行为，应负起相应的政治责任。无论两岸关系如何变化，生命的逝去都是无法挽回的悲剧，这一事件必须给出一个明确的交代。对于这一事件，民进党主席赖清德于21日提出了三点处理意见：妥善处理、坚定执法、避免再次发生。尽管看似合理，但实则暗藏玄机。“坚定执法”的背后，反映了赖清德对台独的支持，他希望通过加强海巡署的执法力度来对抗大陆。赖清德被认为是此次事件背后的主要推手，他试图通过这一事件来试探大陆的底线。如果大陆反应不够强烈，他可能会变本加厉；反之，他可能会选择暂时退让。这一切都是赖清德为了继续对抗大陆而精心策划的。既然台湾方面希望通过加强对抗来挑衅大陆，我们也可以采取相应的反制措施。有台湾媒体报道称，北京可能会对金门采取类似钓鱼岛的行动模式，派遣海警船定期进入台湾方面所谓的“禁止、限制水域”，以展示执法权。台湾大学政治系教授张登表示，大陆目前对台湾的施压是有节制的、缓慢的，但尚未达到摊牌的阶段。虽然这种缓慢、渐进的方式难以产生立竿见影的效果，但实际上大陆已经开始逐渐占据主动地位。渔船事件的曝光使两岸关系陷入了前所未有的紧张局面。随着赖清德的政治图谋被揭露，两岸关系的走向令人担忧。在此关键时刻，我们需要保持冷静的头脑，警惕政治算计对民众福祉可能造成的潜在伤害。维护两岸关系的稳定与和平，需要各方共同努力，通过冷静、理性的沟通与合作来化解分歧、增进互信。
66765f9ffb88ab4b048dd6ba,https://mp.weixin.qq.com/s/UlKXNVhYgENGrLSZJVZi4g,金门渔船事件前后始因的背后逻辑分析,2024,03,03,2024-03-03,2024年2月14号下午1点，一艘来自福建厦门的捕鱼快艇，在厦门和金门之间的限制水域捕鱼，遭到台湾“海洋委员会海巡署”的拦截和检查。这条渔船拒检逃逸，随后被台湾“海巡署”的船只追击撞翻。造成大陆4名渔民落海，其中两人死亡。这个事件就是震惊两岸的金门渔船事件，它的后续将会如何发展，可能会带来哪些严重的后果呢？这几天，我相信很多人都关注金门了渔船事件。因为截止到今天，两岸的协商和对峙依然在进行中，它所带来的震动实际上已经改变了两岸的现状。要说清楚这个事，我们就要理清这个事到底孰是孰非，真实的情况是怎样的？截止目前，作为当事人的台湾“海巡署”表现让人大跌眼镜，台湾“海巡署”在事发后先后四次改变说法，让一起简单的事件，活生生的变成了罗生门。第一次说法，2月14号事情发生后，台湾“海巡署”当天连发了两篇新闻稿。说“海巡署”的船只发现一艘陆籍无名快艇越界，“执法”过程中“陆船蛇形拒检、不慎翻覆”。造成4人落海，本署巡防艇立即搜救，也就是说这些渔民越界捕捞。拒绝检查，在自己逃跑的过程中翻船了，跟我们无关，完全没有提及追击的过程中有没有发生撞船的事。第二个说法，金门的“地检署”在介入这件事的调查之后，主任“检察官”施家荣在2月20号表示，经询问金门海巡队，执勤队员表示，当时双方都超高速行驶，双方不慎发生碰撞，大陆快艇当场翻覆。4名船员因此落海。金门“地检署”的这个说法曝光后，当天台湾“海巡署”就改口了，他又发了个新闻稿，承认船身曾经多次接触，而且他说自己由于忘了开录像机。整个执法的过程没有录像，“海巡署”还说，虽然没有录像，但是并不影响事实判断。第三次说法，2月21号，两名幸存的渔民在返回大陆后，接受了媒体的采访，公布了这个事件当时的情况，渔民自己的陈述，可以说和台湾“海巡署”的版本，完全是两个版本。直接说明了渔船是被“海巡署”方面主动撞击导致沉没，这个可就比自己翻船严重多了。第四次说法，2月23号，国民党籍“立委”徐巧芯召开记者会，公布了一份海巡内部人员提供的报告，这个报告中事发的时间，和“海巡署”提供的时间有很大出入。台湾“海巡署”之前说，这个事发时间是14号下午的1点45分，但后来经过公布的录音对比，当时的时间是1点10分，这35分钟的时差，台湾“海巡署”干了什么？你有没有及时的救人？为什么要隐瞒这个时差？这就是个大问题了，随后呢，台湾“海巡署”就被迫发布了新的说法，参与人员当时忙于救人，错报了时间，我们并没有造假或者隐匿。大家看，台湾“海巡署”前前后后这四个说法，每次都不一样，而且对于整个事件的性质判断是有很大影响的，更关键的是“海巡署”说他没有录像，执法录像这种如今很普遍的、强制性的要求。居然在这么重大的事件中忘记了，这种借口，呵呵~一到关键时候摄像头就坏了，这能不让人怀疑吗？或者说你是录了不敢拿出来呢？说白了，这里面就涉及是意外死亡还是过失致人死亡的差距，这个就是民事案件和刑事案件的差距，是完全不一样的。27号这个事件再次升温，台湾媒体就公布了，大陆渔船左舷下方有一处明显的撞痕，而且艇上的铁栏杆都被撞到倾斜变形，而海巡属舰艇的右舷下方也有一处不明的撞击点，就证实了两船相撞的事实。自此大陆渔船被台湾“海巡署”撞沉的基本事实是清楚了，那么我们首先来探讨一下。这个是双方争议的一些焦点，第一，大陆渔民越界捕捞有没有违法？台湾在金厦海域之间划定的禁止限制水域，也就是禁限水域，这种划定是没有任何依据的，我们也从来没有承认过，当然本着两岸大家都是同胞的情分下，给足了台湾好处，没有去所谓的“禁限水域”。但是实事求是的说，无论是大陆渔民还是台湾渔民，在金厦海域都有捕捞的权利，他有可能违反了你单方面制定的规，但是并不违法。再退一步说，即便这艘渔船是所谓的“三无船只”，那也是违反了我们大陆的渔业管理规定，管理权在大陆。台湾“海巡署”可以在实际的控制区域驱离，但是没有资格随意用危险的方式来剥夺他人的性命。实际上这么多年，金门的渔船也经常进入我们的实际控制范围，但是政府方面并没有采取像台湾这样过激的行动，台湾“海巡署”针对大陆渔船的“执法”，在近年来却是愈演愈烈。根据他们自己公布的数据，仅仅在2023年全年，台湾“海巡属”就驱赶了1088艘大陆的所谓的“越界”渔船，查扣了29艘、没收了10艘。我严重怀疑，台湾方面不是第一次这么粗暴“执法”了，只不过是这一次“执法”死了人，以前不知道多少大陆的渔民，被用同样的方式来侵害。第二，台湾“海巡署”在“执法”的过程中，有没有撞沉大陆渔船的“权力”？我先说一个台湾自己的案例，2008年6月10号凌晨，台湾的“联合号”海钓船进入钓鱼岛海域。结果能被日本海上保安厅的巡视船发现，并遭到日本船只的两次撞击，而最终沉没。台湾船只上的16人全部落海，最后被带到日本遭到扣押，日本方面甚至要起诉船长。当年我们的外交部也对台湾进行了声援，对日本发表了强硬的声明，甚至派出军舰到钓鱼岛海域进行示威。那么日本发生这个事和现在金门发生的这个事难道不相似吗？当年台湾渔船被日本的海上保安厅撞沉，台湾认为是日方的错误。要求日方赔礼道歉，如今换了角色，台湾“海巡署”撞沉了大陆的渔船，你反过来认为是我们渔民的责任。这种双标合适吗？才过去了十几年的记忆就忘得那么快吗？甚至还造谣说渔民不是渔民，快艇不是渔船。真是无稽之谈，可笑至极。以我们现在国家的科技军事手段，还需要通过这么低级、这么无效的手段去潜伏、去搞情报吗？实在是太可笑了。一直以来大陆对于台湾人是不差的，不仅对来大陆的台商给予了“超国民待遇”，而且对于台湾的民众也从来没有恶语相向过，一直是两岸同胞，同种同族，血浓于水的感情，谆谆教导，屡屡推出很多优惠台湾人的措施。虽然经常呵斥台湾的“政府”，那也是他们动不动就想煽动民众搞“台独”。但是台湾当局是怎么对待大陆渔民的？对于大陆民众民进党是粗暴对待、充满歧视。在遭遇不幸的渔民面前，还要用这么无耻低级的造谣手段去抹黑，去颠倒是非，这种下三滥的手段，居然在台湾大行其道。这件事发生之后，民进党“海洋委员会”的管碧玲态度强硬，对死难的渔民不闻不问，也不理会外界对于执法过程是否存在过失的质疑。反而强调大陆渔船来一艘我就要查一艘，蔡英文她是全程缄默。事件刚发生的时候，台湾“海巡署”甚至也不让死者的家属和幸存的两个人见面，拒绝死者家属要求领回遗体的要求，甚至不返还船只。总之就是一副死扛到底、死不认错的高姿态。“海巡署”公然说谎，民进党当局的这种态度，即便是在台湾的岛内他也不能服众，迎来了大量的质疑。国民党籍“立委”徐巧芯23号在记者会公布一份海巡内部人员提供的报告，该报告中时间顺序与“海巡署”记者会所提供的说法有出入，她质疑“海巡署”高层居心何在？为何要隐匿过程？必须说明清楚。民进党当局不负责任、草菅人命的这种态度，严重的激化了两岸从官方到民间的矛盾。说白了，民进党他“去中国化”的核心，就是煽动孤岛的民粹情绪，人为制造族群的对立和仇恨，最终达到他们所谓的“台独”的目标。而这个目标，注定是以全体台湾人的前途和福祉为代价的。民进党的反中操作，不仅不能保障台湾的安全，反而会激起我们收付台湾的决心。本来我们一直念两岸都是同胞，血浓于水。因为历史原因留下的遗憾，奔着和平统一，实现中华民族伟大复兴。台湾当局再继续这种离奇操作，我看武统时间也快到了。民进
66765f9ffb88ab4b048dd6bb,https://mp.weixin.qq.com/s/E3-aPPY8jImQ9Xq11D0Nxw,“2.14金门惨案”至今无果，我们也该重拳出击了！,2024,03,03,2024-03-03,李光满冰点时评1247据“环球网”报道，2月29日下午4点，台“海巡署”与大陆方面在金门进行了第11次闭门沟通与交涉。当天，台所谓“海巡署”声称相关人员是所谓“依法执行职务，没有疏失”，所以不会向大陆方面进行书面道歉。而且台“海委会”在随后提交的“2.14恶性撞船事件”报告只字不提“碰撞”。国台办表示，台方应尽快公布事实真相，严惩相关责任人，向遇难家属道歉，满足遇难家属的合理诉求，给遇难者家属及两岸同胞一个交代。并且国台办还表示将保留采取进一步措施的权利，一切后果由台方承担。但是事件已经过去了近二十天，台湾当局既不归还死者遗体和被扣押的渔船，又不向遇难者家属道歉，而是还想借此事件证明台湾当局对金门海域的管治权，进而做实大陆和台湾是一边一国。我们可以看出，台湾当局对事情的解决既无诚意又无善意，连基本的道歉都没有，这一事件已经变得无法靠沟通、交涉的方式来解决的状态。2月16日，在事件发生两天后，我曾写过文章《美国又驻军我国金门，台当局又杀害大陆渔民！我们该如何回击？》，在这篇文章中我提出过解决这一事件的五个选项：一是作为普通民事渔业纠纷处理，要求台当局向遇难者家属道歉并进行赔偿。二是坚决追凶，缉拿并严惩凶手。三是恢复对金门炮击。四是解放军以武力解放金门及澎湖列岛，中央政府恢复对金门及澎湖列岛管理。五是以此为契机，一举解放台湾，实现祖国统一。现在事实真相已经很清楚，渔船并不是台所谓“海巡署”所说的“追缉过程中翻覆”，而是“海巡船”撞击导致渔船翻覆并致渔民死亡。台当局企图掩盖真相，拒绝承认事实，甚至拒绝就此事向遇难者家属道歉。著名军事专家金灿荣教授表示，金门撞船事件给了我们一个很大的教训。这个教训就是，过去大陆对台湾的“怀柔政策”已经不符合时宜了，对台湾不能再一味的怀柔和忍让。我们必须要让民进党当局知道，大陆对台湾的力量是碾压式的，民进党当局应该要心里有数。我想在我原来提出的几个选项的基础上再提出几点想法，大陆可以视情况对台湾采取以下几个方面的行动，逼迫台湾当局拿出诚意和善意解决问题，否则事件的发展恐怕就不是台湾当局、台独分裂分子所能接受、所能控制、所愿看到的结果。第一步，公开宣布，采取一切手段缉拿、严惩残害大陆渔民的凶手；第二步，全面停止执行海峡两岸经济全作框架协议即ECFA；第三步，中断对金门自来水和蔬菜供应；第四步，对金门海域、马祖海域、彭湖列岛整个海域实施全面军事管控；第五步，对台湾岛及台湾海峡领海领空实际全面军事管控；第六步，解放金门及整个彭湖列岛；第七步，解放台湾，实现祖国统一。台湾当局残杀大陆渔民，手段十分凶残，性质十分恶劣，甚至事后都不向遇难者家属道歉。在这种情况下，大陆再不采取强硬雷霆手段，已经无法震慑台湾当局，已经无法打击台独分裂势力的嚣张气焰，已经无法向全中国人民交待。正如金灿荣教授所说，“怀柔政策”已经不符合时宜了，对台湾不能再一味地怀柔和忍让，到了该采取雷霆手段的时候了。如果台当局仍然执迷不悟，残暴对待大陆渔民，强硬拒绝解决“2.14金门惨案”问题，逼迫大陆采取雷霆手段，我想这或许是我们实现祖国统一的一次重大机会。
66765f9ffb88ab4b048dd6bc,https://mp.weixin.qq.com/s/iqvpbi2D033GgaF7W1ZvMg,被批“极为冷血”！管碧玲竟摸记者脸欲自证……,2024,03,03,2024-03-03,对于福建渔船在金门海域遭台方驱离致2人死亡事件，台方不仅没有一个明确的交代，还试图掩盖真相，推卸责任。3月1日，台“海委会”负责人管碧玲被追问是否冷血时，竟轻佻地伸手摸提问记者的脸，并说“你看看我的体温”。此举再次证明其毫无诚意，拿人命当玩笑的真面目，引发岛内舆论哗然。南都此前报道，国台办发言人朱凤莲曾表示，管碧玲不仅对遇难者没有一句道歉，还对善后工作不断设置障碍，极为冷血、为人不齿。南都、N视频此前报道。南都此前报道，2月14日下午，福建一艘渔船在金门海域被台方驱离，导致船上4人全部落海，其中2人死亡。台海巡机构的直属上级“海委会”负责人管碧玲，也在处理该事件时将“无耻冷血”四字发挥到了极致。撞船事件发生后，本应严谨处理善后、严肃承担责任的她，竟把这一恶性事件当成政治秀场。早前报道台方驱离福建渔船，致2人遇难初期，当台海巡部门隐瞒“碰撞”过程、缺失现场视频等重大疑点尚未曝光时，管碧玲便高喊“真相不必疑虑”“透明接受检视”，同时虚情假意地大唱所谓“我们充满善意”的高调。其混淆舆论的意图明显，让“加害者”摇身一变为“受害者”，并伺机对大陆倒打一耙。当金门地检署证实大陆渔船不是“蛇行自翻”而是“碰撞翻覆”后，管碧玲立刻变脸狡辩称，早前曾提及“第三方责任险”，就已经暗示了有碰撞的事实，然后又附上一堆什么“不偏不倚，大公无私”的鬼话。对此，国台办发言人朱凤莲表示，管碧玲把处理“2·14”恶性撞船事件当成个人政治表演，隐瞒真相、推诿卸责、谎话连篇。不仅对遇难者没有一句道歉，还对善后工作不断设置障碍，极为冷血、为人不齿。“奉劝这位女士，将心比心，停止继续伤害遇难者家属，尽快给遇难者家属和两岸同胞一个交代。”3月1日，当被记者追问是否冷血时，管碧玲摸了摸提问记者的脸，并说“你看看我的体温”。该名记者事后回应称，这个摸脸杀，和脚架（指民进党前“立委”赖品妤因被他追问问题，遭摄影机脚架绊倒一事）一样永生难忘，并说“手是热的，我没说谎，但心呢”。 点亮关注 ↓↓ 
66765f9ffb88ab4b048dd6bd,https://mp.weixin.qq.com/s/kJNfO0ubV4QiYDdY89-G5A,金门海域撞船致死事件的另一角度,2024,03,03,2024-03-03,从2月14日至今，到3月2日，两岸已经进行了十一轮协商。如果不算休息日，几乎是每天都要进行新一轮的协商，这么密集的协商频率是非常少见的。2023年9月，《中共中央国务院关于支持福建探索海峡两岸融合发展新路建设两岸融合发展示范区的意见》发布。随后，厦门、金门一体化生活圈的试点计划提上日程。这表明大陆试图用新的思路来处理两岸关系，即在长时间与民进党交涉无望之后，尝试弱化民进党的角色单方面，从厦金小区域的两岸融合来推动两岸关系。这里交待一个背景：在台湾岛内历次选举中，金门地区从来就是国民党的铁杆票区。对于民进党来说，这里的票数很少，无关紧要。但它无法容忍这个试验区在没有自己参与的情况下大获成功，那是极大的政治失分。放在以前或许不要紧，但在如今岛内政治进入多方割据的前提下，虽然民进党赢得了行政机关的大选，但是输掉了立法机构。
66765f9ffb88ab4b048dd6be,https://mp.weixin.qq.com/s/GufOKRnjQgBmyfd1UMLSew,金门渔船事件后续,2024,03,03,2024-03-03,金门渔船事件是不是很多人大概就快忘了？我希望网友们千万不要忘记！一定要持续关注。倘若这样的事都能忍气吞声，都能随意忘却，那真的是没救了。不仅自己的同胞感到心寒，对岸也会看轻我们。于情、于理、于法都是不能忘记，不能和稀泥，不能就这么算了的！台伪政府欺人太甚！金门渔船事件发生在2024年2月14日，西方的情人节当天，东方的大年初五。单说发生的时间，就已经相当恶劣了，大年初五整出来这么恶心人的事，何况还把厦门渔民搞死了两个！从起初的遮遮掩掩，不说实话、隐瞒真相，到如今不愿意归还死难者遗体，不想道歉，真的是令人相当的反感和恶心！事情的前因后果就不赘叙了，相信只要上网的人，都知道什么情况。台湾伪海巡署在金门海域无端粗暴对待大陆船只，造成大陆渔民两死两伤。为什么台湾伪海巡署会对大陆船只粗暴执法，为什么出事以后我们大陆的海警船才回去巡视执法呢？这就要说到马英九这个人，我们简单拓展一下。马英九去年曾经来过大陆，很多人认为他的举动十大新闻，是代表国民党对祖国认同和和平统统一的前奏，其实这是网友自己意淫了，多想了，根本没这事儿。马英九执政时期，提了一个前所未有的论述——“两岸互不承认主权、互不否认治权”。论述的本质，就是台湾不可能管大陆，大陆也暂时管不到台湾，那就先这样过着。要知道，这在他之前是从来都没有过的一种提法。2008年马英九上任前，两岸关系已经冰封十几年：包括李登辉的最后五年，和陈水扁的八年。如此发展下去，肯定是有问题的。于是当时为了大局考虑，大陆方面也就没有公开的强势回复——既没有同意，也没有反对。然后在现实操作中，两岸双方也都保持了这种默契。在金门海域就保持着这种默契：大陆海警就不怎么检查台湾船只，而是让台湾那个伪海巡署来负责。政府方面形成的默契，渔民自然也不会违背，于是马英九时期，基本上双方都相安无事——厦门渔民想要出海，就得绕开金门出海口，极不方便。要知道，拥有200多公里海岸线的厦门，2020年渔业产值只有大约8亿人民币！这点产值，在GDP达8000多亿的厦门来说，真的可以忽略不计！这就是金门海域被对岸封禁导致的实实在在的损失。▲ 点击上方卡片进入发消息回复“w”，可加我个人微信芳华青年， 一个有独特视野、有感情有温度的青年朋友！
66765f9ffb88ab4b048dd6bf,https://mp.weixin.qq.com/s/qZKg_HtFQPK2l7UZkVZEMg,金门渔船倾覆事件发生后，大陆海警迅速做出了回应,2024,03,03,2024-03-03,点击上方蓝字“悲漠闲谈” 亲爱的读者朋友们，您好！在您阅读本文之前，我想和您说一声：感谢您的关注！如果您现在点击上方的蓝色字体“悲漠闲谈”，再点击“关注”，您就可以持续收到我们每天用心撰写的精彩文章。竭尽全力为您带来更多有趣、有用的内容，让您的生活更加丰富多彩！您的支持是我们最大的动力，谢谢！金门渔船倾覆事件成为舆论焦点，而大陆海警的快速反应则展现了我国在海洋执法方面的实力与决心。然而，事件的背后也暴露出大陆海警在装备与执法策略上的不足，这引发了对于海警未来发展的深思。大陆海警在此次事件中迅速调动4艘高标准执法舰进行动态巡航，这些执法舰实际上是由海军退役护卫舰改装而成。虽然这些舰艇在排水量和火力上具有一定优势，甚至一度压制了台岛海巡署的舰船，但从现场图像资料来看，其火力配置并不完善，相较于国外先进执法船仍显薄弱。这种不足在面对复杂多变的海洋执法环境时，可能会影响到海警的有效震慑力和执法效率。海警执法与海军作战的本质差异决定了其装备和策略的专业化需求。海警的主要职责是维护海上秩序、保障渔业资源、打击海上犯罪等，这要求其执法手段既要具备足够的威慑力，又要保持适度的灵活性和弹性。当前大陆海警的装备体系中，退役军舰改装的执法船占据了相当比例。这些舰艇虽然在一定程度上满足了海警的需求，但其固有的军用属性和火力配置并不完全适合海警的执法任务。以南海海域为例，中国海警在与周边国家的执法船和民船交涉时，更多地依赖非致命性武器和手段，如高压水炮、撞击等。这些手段在保持执法力度的同时，也降低了误判和冲突升级的风险。在此次与台岛海巡署的对峙中，我们并没有看到这些专业执法手段的有效运用，反而暴露出了火力配置不足、执法手段单一的问题。长期以来，国内民众对于海警的认知往往停留在“海军的补充”这一层面上。退役军舰被视为海警装备的重要来源，但这种“军转警”的做法在实际操作中却带来了诸多问题。退役军舰的火力配置和军用属性并不完全符合海警的执法需求；大量接收退役军舰也导致了海警装备体系的混杂和不统一。海警部门对于专业执法船的渴望由来已久。专业执法船在设计上更加注重执法任务的实际需求，如加装高压水炮、直升机起降平台等执法设备，提高应对复杂情况的能力。专业执法船的建造也需要大量的资金和时间投入。在过去资金和技术条件有限的情况下，海警部门不得不依赖退役军舰来弥补执法船的不足。随着国家对于海洋权益的重视和投入的增加，海警部门已经开始了专业执法船的建造和更新换代。以排水量超过1万吨的5901执法船为例，该船不仅配备了必要的火炮和副炮，还加装了数门高压水炮和直升机起降平台及机库极大地提升了执法能力和应对复杂情况的能力。此外，为了应对更为复杂的执法环境，5907号执法船还专门加固了舰艏撞角，提高了撞击力度和抗冲击能力。专业执法船的发展和应用不仅是海警装备现代化的重要标志，也是海警执法策略专业化的必然选择。未来，随着更多先进、专业的执法船加入海警队伍，大陆海警的执法能力和威慑力将得到进一步提升。这也将有助于塑造一个更加专业、强大的海上执法形象，为维护国家海洋权益和海上安全提供有力保障。后语：许多朋友还没有养成阅读后“点赞”的习惯，请您点 “分享”和 “在看” ，感激不尽！后续推 荐更多类似文章！
66765f9ffb88ab4b048dd6c0,https://mp.weixin.qq.com/s/ZrrxlGbYBCttMHB87Kj4Vw,金门翻船案真相大白，台当局的隐瞒与美国的急救？,2024,03,03,2024-03-03,随着时间的推移，“金门翻船案”的真相渐渐浮出水面。瞒不下去的台当局，下意识地求美国帮忙。对此，美国有何反应？台海局势又将走向何方？内幕曝光，台“海巡署”阴谋败露近日，金门地检察官施家荣爆料，揭开了台“海巡署”在金门翻船案中的阴谋。原来，台“海巡署”与大陆船只在追赶过程中发生碰撞，导致4名大陆渔民落水，其中2人不幸遇难。这一内幕曝光，令人震惊，也让台“海巡署”先前的声明显得虚假无比。他们竟然声称大陆船只“蛇行拒检”并不慎翻覆，但实际上，是双方船只发生了多次接触。更令人匪夷所思的是，当被问及为何没有录像时，台“海巡署”竟以“情况紧急”为由，试图为自己辩解。然而，这一切都是徒劳的，民进党当局只是试图掩盖自己的错误，却引来了更大的麻烦。大陆海警开始加强对厦金海域的执法巡查，甚至首次登上台湾游轮进行临检。显然，事情已经瞒不下去了，民进党当局着急找到了美国求援。美国反应及台海局势分析美国作为台湾的盟友，自然不愿看到两岸紧张局势进一步升级。因此，美国通过国务院发声，呼吁大陆保持克制，维护台海地区的和平与稳定。然而，美国的声明却充满了对民进党当局的袒护。明明是民进党当局的错误，却将重心放在了对大陆的“督促”上。这种偏袒的做法实在令人不解。更重要的是，美国之所以发声，主要是出于对大陆可能采取进一步行动的担忧。毕竟，大陆已经通过实际行动宣示了对厦金海域的执法权，这意味着两岸“互不否认治权”的时代已经结束。在这种情况下，台海局势的发展令人担忧。大陆海警已经开始在厦金海域进行常态化执法巡查，这意味着随时可能出现在厦金海域的台湾“海巡船”面临着更大的压力和挑战。而国台办也明确表示将保留采取进一步措施的权利，这给未来的局势蒙上了一层不确定的阴影。两岸主权问题的重要性过去，两岸虽然有九二共识，但双方默契不提及主权问题。这主要是因为主权问题具有排他性，一旦涉及，很容易导致僵局。然而，近年来，民进党当局的“谋独”行动导致两岸关系的紧张。他们拒绝承认九二共识，这等于否认一个中国的存在，从而破坏了两岸对话的政治前提。这次的翻船事件更是一次明证。台“海巡署”宣称自己“依法行动”，但大陆显然不会承认台湾当局的“法”。如果两岸继续沟通困难，类似事件可能会再次发生。民进党当局对“谋独”的依赖只会导致两岸局势更加紧张。因为无论从哪个角度看，台海的主动权都掌握在大陆手中。每一次民进党的“谋独”行动最终都成为大陆“促统反独”的机会。显然，两岸的关系已经到了一个严峻的关头，而主权问题的浮上台面更是为两岸统一大势的发展增添了新的变数。未来展望台海局势的紧张已经到了一个临界点。民进党当局过度依赖“谋独牌”，导致了两岸关系的恶化。虽然他们寄希望于美国的支持，但现实却让他们陷入了困境。美国的干预只会加剧两岸关系的紧张，而不会为台湾带来真正的安全。
66765f9ffb88ab4b048dd6c1,https://mp.weixin.qq.com/s/mks83_vGiXCiE-rhb-NOfA,德纳：金门事件后续及夏立言赴大陆的主要目的,2024,03,02,2024-03-02,【点击上方“昆仑策研究院”可关注本号；点击右上角“...”可选用朗读功能，配音为电脑自动合成，难免差错，仅作辅助阅览用。】中国早就有综合实力解决台湾问题了。美国一直在实行维持台海现状的战略，一方面是为了在地缘战略上遏制中国崛起；另一方面这有利于维持美元霸权继续殖民全球。事实上，即使民进党不承认九二共识，大陆也一直以善意对台，包括至今也没有停止ECFA。这反将自己束缚在有利于美国维持台海现状的战略规划之中。这次金门恶性致死大陆渔民事件的发生，说明台湾当局对大陆毫无任何善意，甚至极其冷血，这已激起整个大陆民众民意的愤怒，那大陆也就无需再施以善意维持两岸现状，而应借此打破台海僵局，凭借本身就拥有的巨大实力去加速统一！如同之前民进党“台独”势力允许佩洛西窜台，以对大陆挑衅，落实“事实台独”，而大陆随之进行战略性反击，以围岛军演，一举突破台湾航空识别区、海峡中线、台湾主张的所谓领海领空基线毗邻区，由此形成台海新常态，那样才能更大压缩“台独”战略空间。所以大陆针对此次“台独”当局对大陆的挑衅，也应坚决进行战略性反击，包括否认台湾金马、澎湖所谓限制禁止线划定，甚至台湾所谓12领海的划定，并以钓鱼岛模式施于行动！这才是在地理空间上以大陆维权行动，从事实上落实“一个中国原则”、台湾是中国不可分割的一部分的举措，让“台独”势力（包括近日由犹太金融资本及“台独”势力在背后推动的欧洲议会）所叫嚣的大陆与台湾互不隶属的“事实和平台独”阴谋破产！策略上针对金门事件后善处理，大陆对台强硬要价就是要再高些，就是要让民进党满足不了，大陆即可借此以钓鱼岛模式，365天长期巡航在金马、澎湖海域，突破其限制禁止水域线，以长期将台海内海化，这是促统的必走一步！事实上民进党越强硬，越是战术性不退让，大陆反而可获得越多的切香肠式的战略性胜利。也就是我们一直说的，民进党上台更有利于促统，反而可避免国民党的那种政客欺骗性结果即拖统。在2月28日，关于“2·14金门海域渔船事件”的两岸谈判破裂。根据台媒“联合新闻网”的报道，原定于今天举行的第10轮会谈已经取消。民进党仍决定继续强硬不道歉，想坚持其执法有理，背后目的是想未来继续在金厦海域维持台湾单方面限制禁止线，继续对大陆渔民执法，以形成“一边一国”的“台独”事实。这必然使得问题解决不了。曾说过“国民党并非支持统一的政党，也不是所谓的亲中政党”的国民党副主席夏立言，近日携国民党资深顾问大陆研究专家赵春山赴大陆。夏立言这次赴大陆，是想来缓和两岸紧张局势。与大陆国台办宋涛主任见面，要提出以所谓继续维持两岸默契，避免冲突或类似意外再次发生为由，实际上是想继续利用大陆的忍让和宽容，淡化两岸统一的必要性和紧迫性，鼓吹两岸的长期分治和对立，为台湾争取更多的空间和时间，实现“渐进式台独”的企图。其背后真正目的仍然是想继续执行其美国主子的维持台海现状以利美国遏制中国的战略，也有利于国民党作为地方割据势力的政治利益。众所周知，国民党与民进党，一个是“暗独”，一个是“明独”。蓝绿两党这两帮人都是美国利益代言人，都是美国控制台湾对付大陆的左右手，美国会根据需要决定出哪个手。美国目的实际就是永远维持两岸分离割据状态，这符合美国国家利益。所以夏立言这次仍想对大陆进行认知战，以口头上表达两岸应能够维持过去相互尊重的默契，避免冲突或类似意外再次发生为由，实际目的则是要让大陆继续让步，继续维持台湾民进党当局在厦金海域单方面公布无法律效力的限制禁止线。而在民进党已连续三次执政，拒不承认九二共识，台湾支持统一的比例仅只占2.4%的情况下，却还想让大陆默认这种台海所谓“一边一国”现状，还想让大陆继续惠台，继续ECFA，再以贸易顺差去军购美国军火，以武拒统，维持两岸持久分离，这实际等于在变相支持“台独”！夏立言代表国民党，也实际代表美国的利益，站在维持台湾现状的立场上，想对大陆进行战略忽悠，防止大陆借金门事件，否认台湾厦金海域限制禁止线并进行海上巡逻执法，再次一举突破台海现状，形成台海内海化的新常态。也就是，想防止大陆促统更进一步！实际上国民党是在配合民进党，让民进党一方仍继续对大陆强硬，国民党一方则调子放软，当民进党的说客，对大陆进行认知战，两手相互配合，以达成让大陆不再追究民进党当局责任，未来继续维持金马海域限制禁止线，实际造成“一边一国”的“事实台独”现状！国民党主席朱立伦前几天才表示，对过年期间金厦海域发生的“落水意外死亡事件”，支持“政府执法”。这表明国民党与民进党一样，都是在执行“一边一国”的“事实台独”政策！事实上根据台湾海巡署所公布的数据，2023年1-11月，台湾“海巡署海巡署共驱离大陆渔船920艘，扣留28艘，22艘被罚，罚款共计1600万新台币，没收1艘。2016年7月至2023年11月，共向大陆渔船罚款超过2.88亿元新台币，没收大陆渔船83艘。可以看出，之所以民进党当局这么拼命地对大陆进行海上执法，正是“台独”势力在落实“一边一国”的“事实台独”路线！这次金门大陆渔民死亡事件发生，正是这个“事实台独”意图落实的必然结果。事实很清楚，正是大陆中国民航局1月30日宣布，自2月1日起取消M503航线自北向南运行的飞行偏置措施，让民进党气急败坏，为此还开过所谓“国安会议”，找出了反制对策，就是以扣大陆渔船为筹码。又正是美国绿色贝雷帽特种教官进驻金门不到一周，让台湾海巡署人员敢放胆违规执法。加上有台媒报道，主管台湾海巡署的海洋委员会主委的管碧玲，想担任下任台湾“教育部长”一职，故要邀功讨好赖清德，就以尽力扣住大陆渔民为筹码，迫使大陆放弃取消M503航线自北向南运行的飞行偏置措施。没想到台湾海巡船因故意多次冲撞大陆快艇，以扣住大陆渔民，结果导致两位大陆渔民死亡。针对国民党夏立言的以上阴谋，大陆绝不能上当！大陆应以钓鱼岛模式，从事实上否定台湾金马、澎湖海域限制禁止线，模糊两岸之间分界，将台海内海化。以大陆公开海上执法，真正落实台湾是中国不可分割的一部分的国际事实。其实，当前祖国统一进程，大陆早已不再完全依靠岛内的某一个势力。2024年2月22-23日中共中央对台工作会议提出，应“进一步掌握实现祖国完全统一的战略主动”。牢牢把握两岸关系主导权和主动权。要坚决打击“台独”分裂、遏制外部势力干涉！解决台湾问题必须服从于中华民族伟大复兴，服从于国家的整体战略。宋涛在中共中央台办、国务院台办24日在北京举办2024年“庆元宵·迎团圆”台商联谊活动上也指出，“如果有人一意孤行伤害两岸同胞的福祉，伤害两岸同胞的感情，我们一定让其付出代价”。台湾学者对金门事件的分析：之前台湾淡江大学外交与国际关系学系荣誉教授、以前是马英九重要智囊的赵春山，于2月20日出席台湾军情局旗下《中共研究》杂志社举办的论坛时，分析这次金门大陆渔民死亡事件，“从大陆后来登船巡检种种做法来看，这次渔船事件已不再是法律问题，两岸主权问题已经浮上台面。”此事已非单纯法律问题 ，背后凸显两岸主权问题已浮上台面，这样未来两岸对抗将会加剧。赵春山指出，过去有九二共识，双方搁置了主权争议。而蔡英文上任后提出“互不隶属”，赖清德也没放弃“务实台独工作者”，加上美军绿色贝雷帽进驻金门，必然会发生的金门事件，让“主权争议”已经在两岸浮上台面。而大陆面对主权争议决不会退让！“这次金门事件已经不是执法问题，而是双方都依自己的法，过去是我不否认你，现在是不承认。这样情況下，两岸关系绝对不可能好。”赵春山也分析，“赖清德520不管讲什么都没有用，不管提出什么谈话，必然都是美国下指导，他没有选择” 。“预料，520之后两岸只剩下对抗”。台湾伪国防大学政治作战学院军事事务研究所教授马振坤表示，金门事件发生对大陆来讲是“天上掉下来的礼物”；大陆就是要推动“台海内海化”。而马祖、其他外离岛水域周边，对大陆来说都是在“内海”范围内。（作者系昆仑策研究院特约研究员；来源：昆仑策网【作者授权】，修订发布）【本公众号所编发文章欢迎转载，为尊重和维护原创权利，请转载时务必注明原创作者、来源网站和公众号。阅读更多文章，请点击微信号最后左下角“阅读原文”】                【思想火炬】公众号   【万邦图治国别区域研究院】           【阅读更多文章，请点击左下角“阅读原文”】
66765f9ffb88ab4b048dd6c2,https://mp.weixin.qq.com/s/TPiEGkg1MlwaN5ndpC625g,台方公布金门渔船事件发生时无线电录音因内容不全再遭质疑,2024,03,02,2024-03-02,在一个晴朗的日子里，金门海域掀起了一场备受争议的事件，激起了两岸舆论的热议。这起事件的导火索是台湾方面对待大陆渔船的强硬驱离，结果导致两名渔民不幸遇难。然而，这件事情的背后却不是那么简单。2月14日下午，一艘来自福建的渔船在金门海域被台湾方面强行驱离，导致船上的四名渔民全部落海，其中两人不幸丧生。这一悲剧的发生引发了人们的深思：究竟是什么因素导致了这场可怕的意外呢？台湾方面在事件发生后的反应引发了人们的质疑。国台办发言人朱凤莲在21日表示，台湾方面试图掩盖事件的真相，声称海巡人员在执法过程中并无不当行为。然而，这番言论遭到了两岸同胞以及遇难者家属的强烈反对。更令人震惊的是，台湾海巡部门声称他们的小艇未配备执法记录仪，并辩称这并不违反相关规定。这种推卸责任的做法引发了更多的质疑和不满。厦门大学台湾研究中心主任陈先才在接受采访时表示，台湾当局在如此关键的时刻，对待同胞的方式非常冷酷，完全不顾及生命的重要性。他指出，台湾方面的行为无疑是对生命的不尊重，也违背了人道主义的基本原则。这起事件不仅仅是一场船只意外，更是对人性和同胞情感的一次考验。而台湾方面的不负责任和掩盖行为使得事件的真相更加扑朔迷离，也进一步加深了人们对事件本质的怀疑。然而，随着真相的逐渐浮出水面，事件的全貌也逐渐显露出来。台湾方面的海巡艇突然出现，以一种霸道的姿态逼近渔船。他们的无情冲撞引发了船上人员的恐慌和混乱。随着局势的迅速恶化，渔船不幸翻覆，将四名渔民拖入海中，其中两人遗憾身亡。这场意外并非偶然，而是一系列不负责任和冷漠行为的必然结果。台湾方面的海巡人员以其粗暴和傲慢的态度，将原本友好的两岸同胞置于险境。他们无视生命，无视道德，只顾所谓的“执法”，而不管任何后果。在事件发生后，台湾方面竭力掩盖事件的真相，试图将责任推卸给大陆渔船。然而，随着舆论的追问和揭露，他们的谎言终究难以长久。正义的力量将让所有的黑暗无处可逃，而真相将如阳光普照大地。【结语】这场事件背后的争议引人深思，对于人性和同胞情感的考验让人们不得不反思。你对这起事件有何看法？欢迎留言分享你的观点和想法。
66765f9ffb88ab4b048dd6c3,https://mp.weixin.qq.com/s/yU44ad73UduYqxmFNjZHag,渔船事件协商未果，大陆发布两条重磅消息，台方急了，称“静待”,2024,03,01,2024-03-01,2024年春节后，发生在厦金海域上的大陆渔民遇难事件，已经超过十天，可是还没有迎来台方的道歉。顽固“台独分子”管碧玲掌控的台“海巡署”还想抵赖硬扛，主张要等到台当局司法调查结果出炉，再决定是否道歉，导致两岸双方六次闭门协商没有结果。眼见台方死皮赖脸，拒不道歉，24小时内，大陆发布两条重磅消息，非常不一般，直接让台当局急了，那么这两条重磅消息是什么呢？第一条，日前福建海警组织舰艇编队在金门附近海域开展执法巡查活动。注意，这一次可不是单个的海警船，而是舰艇编队。这意味着，巡查期间，大陆海警舰艇采取编队航行、识别查证、警戒护渔、喊话警告措施，言外之意要加强对金门海域的掌控能力。值得一提的是，此次大陆海警舰艇编队中，有一艘编号为“2022”的舰艇，原来是解放军海军053H2G导弹护卫舰，排水量超过两千吨，在移交海警后，依然保留四门双联装37mm舰炮，火力非常强大，同时舰上还可以起降直9舰载直升机。伴随着海警舰艇编队的常态执法，福建海警向台方喊话，表示将在金门附近海域加强重点海域执法巡查，有效维护有关海域作业秩序，切实维护大陆渔民人身财产安全。对此，台岛军事学者研判，大陆这是在宣示管理权，加强对台施压，进一步形塑台海内海化的“新常态”。台当局什么都做不了，最后只能是认怂，向大陆道歉。第二条，继大陆海警、海监船之后，福建渔政船也加入到厦金海域执法队伍。据农业农村部办公室消息，2月25日，福建省海洋与渔业执法总队调派两艘渔政执法船在厦金海域开展渔业执法工作。福建渔政船的加入，意味着大陆在厦金海域执法力量的不断深入，留给台当局思考的时间已经不多了。其实，大陆两条重磅消息，之前已经有过预兆，此前我国台办发言人朱凤莲已经说过，根本不存在“禁止、限制海域”的说法，这就如同正式通告福建渔民，可以自由进出金门海域捕鱼。既然大陆渔民可以自由捕鱼，那么大陆执法力量深入，也是情理之中的事情。对于大陆连发两条重磅消息，台当局吃不消了，开始急了，台陆委会发布新闻稿回应，声称金门大陆渔船事件已经进入到台方的司法程序，大陆应该“尊重”台岛的司法体制，“静待”台检方完成调查，获得事件真相，并且维持两岸过去互相尊重的默契，避免类似冲突再次发生。台陆委会的回应，就是一个字，拖。认为大陆必然会大事化小，打算硬撑一个月不道歉不认错，坐等一切风平浪静，“静待”二字就是精髓。不止如此，台陆委会还请国民党副主席夏立言“带话”，盼大陆再给点时间。对于台陆委会的表态，我们想说，人命关天，公布真相天经地义。台方必须尽快公布事实真相，严惩相关责任人，给所有人一个交代！
66765f9ffb88ab4b048dd6c4,https://mp.weixin.qq.com/s/NLGpAz06tSbGV6GI4A64IA,金门渔船事件后，海上执法会议召开！蒙古加强邻国食品监管！-优顶特快讯,2024,03,01,2024-03-01,【中国渔业】金门渔船事件后，2024年海上执法工作会议在海南海口召开！据南美媒体报道，阿根廷农业部长费尔南多·维莱拉（Fernando Vilella）日前与中国驻阿根廷大使王卫一起参观了位于布宜诺斯艾利斯省的拉普拉塔镇的2025厂（FRIGORIFICO GORINA S A I C）。据悉，王卫大使此次参观的目的是了解这家向中国消费者提供牛肉产品的工厂生产程序和安全流程。2025厂首席执行官卡洛斯·鲁塞奇(Carlos Riusech)当天接待了维莱拉和王卫一行人，并向王卫大使展示了工厂设施，并向他介绍了2025厂后续的扩张计划。据数据显示，2025厂是阿根廷最大的肉类出口工厂之一，该厂超70%以上生产的产品均销往中国市场。通过本次王卫大使的拜访，2025厂期望能进一步增加对华牛肉出口。鲁塞奇表示，本次王卫大使参观对工厂来说是一种荣幸，这是中国驻阿根廷大使第一次拜访2025厂，希望中方能看到工厂的生产设施，生产过程的安全性以及卫生规范的遵守情况。维莱拉则表示，阿根廷将继续和中国在农业领域保持着战略关系，这次王卫大使的拜访代表着中方为加强合作迈出的重要一步。王卫大使在当天参观2025厂后也对农业部长维莱拉的出席和2025厂代表的接待表示感谢，他强调了解工厂的相关设施和先进技术，将有助于进一步提升中阿两国在肉类和其他农产品方面的贸易关系。内容来源：牧集终端（材料：凯文）【时政要闻】2024年全国外贸工作会议在京召开2月29日至3月1日，2024年全国外贸工作会议在京召开。会议以习近平新时代中国特色社会主义思想为指导，深入贯彻中央经济工作会议精神，落实全国商务工作会议部署，推动加快培育外贸新动能，巩固外贸外资基本盘。商务部党组副书记、国际贸易谈判代表兼副部长王受文出席会议并讲话。会议指出，2023年，在以习近平同志为核心的党中央坚强领导下，商务部与各地方、相关部门密切配合，扎实推进外贸稳规模优结构，全年进出口额41.76万亿元，贸易结构持续优化，国际市场份额稳定，实现了外贸促稳提质目标。会议强调，要充分认识当前外贸形势的复杂性、严峻性和不确定性。要加快发展新质生产力，在外贸领域重点拓展中间品贸易、跨境电商出口，推进贸易数字化、贸易绿色发展。要服务企业拓市场抓订单，扩大进口保障国内需求。要把工作着力点放在优化贸易环境上，提升我国企业和产品国际竞争力，扎实推进贸易高质量发展。各省、自治区、直辖市、新疆生产建设兵团商务主管部门负责同志参会，有关部门和商协会负责同志参会。内容来源：商务微新闻（材料：青枫）
66765f9ffb88ab4b048dd6c5,https://mp.weixin.qq.com/s/Tpb3F8j81kQOtOz8dbyjYw,岛内各界呼吁台当局拿出诚心善意处理好渔船事件,2024,03,01,2024-03-01,“点击蓝字 关注我们“金门“2·14”恶性撞船事件发生至今半个月，民进党当局没有表达任何歉意，在事件真相方面隐瞒、撒谎、误导，试图掩盖真相、推卸责任。连日来，岛内有识之士、媒体舆论纷纷发声，谴责民进党当局不该罔顾大陆渔民遇难的事实，必须拿出诚心善意，妥善处理好善后工作，不要再伤害两岸同胞感情。“处处刁难，陆委会缺同理心”“我方误导再误判，活结打成死结”“理与势难占上风，停损才能降温”……台湾《联合报》连续多日在“新闻眼”栏目刊发相关报道，指出撞船事件经多轮谈判仍看不到落幕契机，根本原因在于民进党当局的态度，“管碧玲等绿营政客人士发言不断堆高敌意，提油救火，恐让两岸及人民造成更多误解与敌意，埋下更多可能随时引爆的地雷”。《旺报》社评《政治正确隐瞒真相 民进党陷危机》说，随着愈来愈多真相曝光，外界才发现管碧玲一路说谎。事件本质已经改变，不再是单纯意外事件，而涉及刑事责任与两岸政治问题。在“反中”意识形态下，民进党为“政治正确”不惜牺牲情理法与事实真相，不但压缩两岸对话机会，也失去人民的信任与信赖。岛内舆论认为，金门与福建民间素有深厚情谊，互动频繁。两岸若以兄弟相待，金厦海域可为双方共用共享。“2·14”恶性撞船事件发生后，台方本应将心比心，拿出诚心善意来解决问题。“海委会主委”管碧玲、“海巡署署长”周美伍等人的言行作为，却将情势带往僵局。曾担任陆委会副主委的台湾中国文化大学大陆研究所所长赵建民投书媒体，用“错误连连”“荒腔走板”形容民进党当局对事件的处理。他指出，当局不但没有录像事证，说辞也前后矛盾。“这种矛盾与反覆如何取信于人？”民进党前“立委”王义雄在“风传媒”专栏撰文说，民进党当局未第一时间公开事实，却指责大陆渔船“三无”“不像捕鱼”“意图不明”。这是在两岸人民情感上划了深深的一刀。台方如果坦诚公布经过，不隐瞒、不偏袒，并给予应当的补偿抚慰，相信事件不致如此。《中国时报》刊发时评指出，渔船事件“没影片没真相”，硬拗到最后，就是民进党当局的失能且失格。“海巡署”咬定没有录影，失责在先，就应放低姿态根据各方讯息查真相，该究责就究责，对落水身亡的渔民更该负起赔偿或道义责任。台湾中评社29日发表社评说，渔船事件在短期内若无法处理好，就无法改善两岸日趋紧张的氛围。全台湾人都知道两岸关系不好，台湾也不会好。“明明是台湾海巡船把大陆渔船撞翻，人落海被淹死，民进党宁可赔上两岸关系，搞到兵凶战危，拖累经济，就是拒不道歉，这完全是不成比例的事啊！”“行政怠惰，弹劾下台！”“不要再糟蹋金门！”……29日下午，新党主席吴成典一行来到台当局监察机构门口，高喊口号并提交文书，声请弹劾管碧玲、周美伍等人。吴成典受访表示，事件发生至今，真相依旧不明。若不能尽快妥善解决，后果不堪设想。管碧玲、周美伍等人前后矛盾的说辞和推诿责任的做法，让台湾民众深感不满。“既然解决不了问题，就应该下台！””END◆来源：新华社◆免责声明：文章内容如涉及内容、版权或其他问题，请在一个月内与本公号联系，我们将第一时间删除台海“微信公众号 | FJAM585今日头条 | AM585东南广播
66765f9ffb88ab4b048dd6c6,https://mp.weixin.qq.com/s/T7IAeYcqqHOj3c0k7VX9mg,金门事件后续及夏立言赴大陆的主要目的,2024,03,01,2024-03-01,     中国早就有综合实力解决台湾问题了。之前美国在执行维持台海现状的战略，一方面是为了在地缘战略上以遏制中国的大国崛起。另一方面有利于维持美元霸权以继续殖民全球。事实上即使民进党不承认九二共识，大陆也仍以善意对台，包括至今仍然没有停止ECFA。但事实上这也反将自己束缚在有利于美国维持台海现状战略的规划之中。这次金门恶性大陆渔民死亡事件发生，有利的一面，既然台湾对大陆毫无任何善意，甚至对待大陆人死亡也极其冷血！这已激起了整个大陆民众民意的愤怒！破坏了大陆民众对台湾人仅存的善意。那大陆也就无需再施予善意，以维持台海现状，应借此打破两岸默契，凭借本身就拥有的巨大实力去改变台海现状，以加速统一！就如同之前民进党台独势力允许佩洛西窜台，以对大陆挑衅，落实事实台独。而大陆随之进行了战略性反击，以围岛军演，一举突破了台湾航空识别区、海峡中线、台湾主张的所谓领海领空基线毗邻区，由此形成台海新常态。那样更大的压缩台独了战略空间。所以大陆针对此次民进党对大陆的挑衅，也应坚决进行战略性反击，包括否认台湾金马、澎湖所谓限制禁止线划定。甚至台湾所谓12领海的划定并以钓鱼岛模式，施之以行动加以落实！这个才是从地理空间上以大陆的维权行动，从事实上落实“一个中国原则”，台湾是中国不可分割的一部分的举措！让台独势力（包括近日由犹太金融资本及台独势力在背后推动欧洲议会）所叫嚣的大陆与台湾互不隶属的事实和平台独阴谋破产！策略上针对金门事件后善处理，大陆对台要价就是要再高一点，就是要让民进党满足不了大陆的要求，大陆就可借此以钓鱼岛模式，365天长期巡航在金马、澎湖海域，突破其限制禁止水域线，以长期将台海内海化！这个是促统必走的一步！      事实上民进党越强硬，其越是战术性不退让，大陆反而可获得越多的切香肠式的战略性胜利！一直说民进党上台更有利于促统。反而避免了国民党的那种政客欺骗性，结果却是拖统！​曾说过“国民党并非支持统一的政党，也不是所谓的亲中政党”的国民党副主席夏立言，近日携国民党资深顾问大陆研究专家赵春山赴大陆。在2月28日，关于“2·14金门海域渔船事件”的两岸谈判破裂。根据台媒“联合新闻网”的报道，原定于今天举行的第10轮会谈已经取消。民进党仍继续决定强硬不道歉，想以坚持其执法有理，背后目的是台湾民进党当局想未来继续在金厦海域维持台湾单方面限制禁止线，继续对大陆渔民执法，以形成“一边一国”的事实。这必然使得问题解决不了。夏立言这次赴大陆，是想以此来缓和两岸的紧张局势。与大陆国台办宋涛主任见面。要以提出所谓继续维持两岸默契，避免冲突或类似意外再次发生为由，实际上是想再利用大陆的忍让和宽容，淡化两岸统一的必要性和紧迫性，鼓吹两岸的长期分治和对立，为台湾争取更多的空间和时间，实现“渐进式台独”的目的。其背后真正的目的仍然是想继续执行其美国主子的维持台海现状，有利于美国遏制中国的战略。也有利于国民党作为地方割剧势力的政治利益。众所周知，国民党与民进党，一个是暗独，一个是明独！蓝绿两党这两帮人都是美国利益代言人！国民党、民进党都是美国控制台湾对付大陆的左右手。美国会根据需要决定出哪个手！美国目的实际就是希望永远维持两岸分离割据状态，这符合美国国家利益。所以夏立言这次仍想以对大陆进行认知战，以口头上表达两岸应能够维持过去相互尊重的默契，避免冲突或类似意外再次发生为由，实际目的上是要让大陆让步，以继续维持台湾民进党当局在厦金海域单方面公布无法律效力的限制禁止线及不要停止ECFA。而在民进党已连续三次执政，绝不承认九二共识，台湾支持统一的比例仅只占2.4%，却还想让大陆默认这种台海这种所谓“一边一国”现状，还想让大陆继续惠台，继续ECFA，再以贸易顺差去军购美国军火，以武拒统，维持两岸持久分离，这实际等于在变相支持台独！夏立言代表国民党也实际上代表美国着利益，是完全是站在维持台湾现状立场上，想以对大陆进行认知战，对大陆进行战略忽悠，防止大陆借金门事件，否认台湾厦金海域限制禁止线，并进行海上巡逻执法，以模糊两岸清晰分界，再次一举突破台海现状，形成台海内海化的新常态。也是想防止大陆促统更进－步！实际上国民党就是不想统一！这实际上也是在配合民进党，让民进党一方仍继续对大陆强硬，国民党一方则调子放软，当民进党说客，对大陆进行认知战，相互配合，达成要让大陆不再追究民进党责任，好让民进党当局未来继续维持过去的金马海域限制禁止线，实际仍想造成“一边一国”的事实台独现状！之前国民党主席朱立伦前几天才表示，过年期间金厦海域发生“落水意外死亡事件”，支持“政府执法”，他其次才表示要对遇难人员表达哀悼。表明国民党与民进党一样，都是在执行“一边一国”的台独政策！事实上根据台湾海巡署所公布的数据，2023年1-11月，台湾“海巡署海巡署共驱离大陆渔船920艘，扣留28艘，22艘被罚，罚款共计1600万新台币，没收1艘。2016年7月至2023年11月，共向大陆渔船罚款超过2.88亿元新台币，没收大陆渔船83艘。可以看出，之所以民进党当局这么拼命地对大陆进行海上执法，正是台独势力在落实“一边一国”的事实和平台独路线！这次金门大陆渔民死亡事件发生，正是以上这个事实和平台独意图落实的必然结果！此次金门大陆渔民死亡事件，事实已很清楚了！正是大陆中国民航局1月30日宣布，自2月1日起取消M503航线自北向南运行的飞行偏置措施，让民进党气急败坏，为此还开过所谓“国安会议”，找出了反制对策，就是以扣大陆渔船为筹码。又正是美国绿色贝雷帽特种教官进驻金门不到一周，让台湾海巡署人员敢放胆违规执法，加上有台媒报道，主管台湾海巡署的海洋委员会主委的管碧玲，想之后担任赖清德执政团队的下任台湾“教育部长”一职，想要邀功讨好赖清德。就以尽力扣住大陆渔民为筹码，迫使大陆放弃取消M503航线自北向南运行的飞行偏置措施。没想到台湾海巡船因故意多次冲撞大陆快艇，以扣住大陆渔民，结果导致两位大陆渔民死亡。       针对国民党夏立言的以上阴谋，大陆绝不应上当！大陆而应以钓鱼岛模式，要事实上否认台湾金马、澎湖海域限制禁止线。模糊两岸之间清晰分界，将台海内海化。以大陆公开海上执法，真正落实台湾是中国不可分割的一部分的国际事实。       事实上，对于当前祖国统一的进程，大陆早已经不再完全依靠岛内的某一个势力了。2024年2月22－23日中共中央对台工作会议在北京召开，中共中央政治局常委、全国政协主席王沪宁出席并讲话。提出“，应“进一步掌握实现祖国完全统一的战略主动”。牢牢把握两岸关系主导权和主动权。要坚决打击“台独”分裂、遏制外部势力干涉！解决台湾问题必须服从于中华民族伟大复兴、服从于国家的整体战略。宋涛在中共中央台办、国务院台办24日在北京举办2024年“庆元宵·迎团圆”台商联谊活动上。也指出“如果有人一意孤行伤害两岸同胞的福祉，伤害两岸同胞的感情，我们一定让其付出代价”。台湾学者对金门事件的分析：       之前台湾淡江大学外交与国际关系学系荣誉教授，以前是马英九的重要智囊的赵春山于2月20日，出席台湾军情局旗下《中共研究》杂志社举办的论坛时，分析这次金门大陆渔民死亡事件，“从大陆后来登船巡检种种做法来看，这次渔船事件已不再是法律问题，两岸主权问题已经浮上台面。”此事已非单纯法律问题 ，背后凸显两岸主权问题已浮上台面，这样未来两岸对抗将会加剧。      赵春山指出，过去有九二共识，双方擱置了主权争议。而蔡英文上任后提出“互不隶属”，赖清德也没放弃“务实台独工作者”，加上美军绿色贝雷帽进驻金门，必然会发生的金门事件，让“主权争议”已经在两岸浮上台面。而大陆面对主权争议决不会退让！“这次金门事件已经不是执法问题，而是双方都依自己的法，过去是我不否认你，现在是不承认。这样情況下，两岸关系绝对不可能好。”     赵春山也分析，“赖清德520不管讲什么都没有用，不管提出什么谈话，必然都是美国下指导，他没有选择” 。“预料，520之后两岸只剩下对抗”。       台湾伪国防大学政治作战学院军事事务研究所教授马振坤表示，金门事件发生对大陆来讲是“天上掉下来的礼物”；大陆就是要推动“台海内海化”。而马祖、其他外离岛水域周边，对大陆来说都是在“内海”范围内。
66765f9ffb88ab4b048dd6c7,https://mp.weixin.qq.com/s/TDJgdz3G_vBNJVJecJm26g,3天谈6次，两岸谈不拢，我海警主力现身金门，为渔民家属撑腰,2024,02,29,2024-02-29,阅读前点击上方蓝色字体“兵器战情室”进行关注，建立深度阅读关系！距“金门翻船事件”发生，已经过去了十多天。虽然两岸已经进行了多轮协商，但由于3大因素的干扰，此事仍未得到妥善解决。关键时刻，我方海警再放大招，台退将直呼，麻烦大了。一、3天谈6次，两岸谈判破裂23日上午，大陆代表及遇难渔民家属再次前往金门，与台“海巡署”官员进行严肃谈判。当天，双方连续进行了2场时间较长的谈判。有台媒声称，谈判期间，双方代表表情严肃，会场也不时传出斥责声。毫无悬念，这两场谈判均以失败告终。 （两岸谈判遇阻）在随后的2天里，双方又马不停蹄地展开了4轮谈判。值得注意的是，25日的谈判结束后，台“海巡署”负责人许静芝宣称，“看起来都不错”，但我方代表曹荣山却面色凝重，拒绝接受台媒采访。此外，有消息称，原定于26日下午的解剖也宣布延期，且台方并未透露，要延期到什么时候。短短3天，两岸已就“金门翻船事件”，进行了6轮谈判。但双方在“追责”“道歉”“善后”等关键问题上，还是无法达成一致。事实上，此次谈判之所以格外艰难，主要是受到了3大因素的影响。二、两岸谈判破裂，或因3大因素干扰第一，作为第一责任人的台“海巡署”颠倒黑白，妄图逃避自身责任。此前，台“海巡署”一直强调，悲剧发生的原因是，大陆渔船“蛇行拒检”，翻船只是一个意外。直到他们自己人出面拆穿谎言，台“海巡署”才不得不承认，双方确实发生了碰撞。 （台方承认发生碰撞）但是，他们坚持宣称，大陆渔船是自己撞上巡逻船翻覆的。而这与幸存者所说的“渔船被台方巡逻船冲翻”，实在是大相径庭。更可疑的是，台“海巡署”口口声声说，当时是“正常执法”，没有不当行为，却根本拿不出事发时的影像记录。还有媒体爆出，他们修改了大陆渔船翻覆的时间。这不由得让人怀疑，台“海巡署”是在故意隐藏真相，逃避自己应该承担的责任。第二，民进党当局冷酷无情，把自己的面子，看得比大陆同胞的生命还重要，一再做出错误选择，让本就不好解决的事件，变得更加复杂。一方面，冰冻三尺，非一日之寒。之所以会发生这样的恶性事件，根本原因在于民进党当局长期以来对台相关部门粗暴对待大陆渔民、随意抓扣大陆渔船渔民的纵容。另一方面，悲剧发生后，民进党当局不仅没有表现出任何歉意，反而嚣张地表示，将继续支持台海巡部门“坚定执法”。而他们这样做，无非就是觉得，这种事情用不着民进党当局低头。第三，美国的介入，给岛内“台独”势力释放了错误信号。按理说，这件事和美国没有任何关系。但事情发生后，美国国务院公开喊话大陆保持克制，不要单方面改变现状，以免台海局势进一步升级。 （美国介入此次事件）随后，拜登政府宣布了新一轮对台军售，总额高达7500万美元。有“抗中鹰派”之称的美国众议员加拉格尔，也率团窜访台湾。加拉格尔还扬言，“不管谁当总统，都会继续支持台湾”。有了美国撑腰，民进党当局有恃无恐，无视大陆的警告，继续在错误的道路上狂奔。当然了，大陆绝不会任由这种情况发展下去。三、台当局“装死”，我海警放大招近日，我方海警派出舰艇编队，赶赴金门附近海域执法巡查。值得注意的是，我方海警不仅发布了这一行动的相关通报，还在通报中附上了执法时的现场图片。从图片中，我们可以清晰地看到，参加此次任务的，不仅有14608舰，还有2202舰。要知道，2202舰是由解放军的导弹护卫舰改装而成的，吨位达2000吨，舰上还配备了4门37毫米的舰炮，其甲板可供直升机起落。而且，2202舰长期在钓鱼岛附近海域进行维权行动，经验相当丰富。 （参加此次任务的2202舰）此外，还有2艘中国海警执法船，与14608舰、2202舰组成编队航行。与之形成鲜明对比的是，只有一艘台“海巡署”的小艇出现在画面中。不论是在吨位上，还是在执法能力上，我方海警都具有压倒性的优势。这无疑是一个非常强烈的信号，大陆海警在厦金海域的执法力量进一步升级。因为这不仅意味着，海警在厦金海域的执法活动已经常态化，他们还将重点突出维护主权和行使管辖权的维权执法。当然了，这一行动也引起了岛内的密切关注，台退将栗正杰甚至直言，这次真的麻烦大了。 （台退役少将栗正杰）事实上，这种担心并非空穴来风。接下来，我方海警还将在厦金海域、乃至台湾海峡附近海域，持续开展执法巡查行动，把中国领海更好地管起来。而这势必会进一步挤压台“海巡署”的“存在空间”。在这种情况下，民进党当局的“台独”戏码，恐怕会越来越难唱。事实上，我们早就给民进党当局指出了一条明路，那就是早日放弃不切实际的“台独”幻想，和大陆一起，朝着台湾回归、祖国统一的方向努力。至于美国，我们也开出了“把一个中国原则承诺落到实处”的“药方”。大陆的态度已经很明确了，现在关键是看民进党当局和美国肯不肯悬崖勒马。
66765f9ffb88ab4b048dd6c8,https://mp.weixin.qq.com/s/Pc6EAtXuOD5w0BHhDhoUHA,【原创文学】诗词‖金门渔船翻覆案（王进兵）,2024,02,29,2024-02-29,台称追逐船蛇行，拐弯太急自翻覆。事紧并未有录像，却与常规不相符。重大事件有策划，美国挑起台海热。金蝉脱壳为避免，中东俄乌多头切。福建海警巡金厦，夺取此地执法权。反切香肠制台独，早为武统作打算。作者文集【01-50】诗词‖美关闭孔子学院（王进兵）（文尾点阅）【51-100】诗词‖贪官与情妇（王进兵）（文尾点阅）【101-150】诗词‖神舟十二顺利归来（王进兵）（文尾点阅）【151-200】诗词‖台湾四项公投均未过（王进兵）（文尾点阅）【201-250】诗词‖名言警句藏头诗（王进兵）（文尾点阅）【251-300】诗词‖扎波罗热核电遭炮击（王进兵）（文尾点阅）【301-350】诗词‖俄军撤离赫尔松（王进兵）（文尾点阅）【351-400】诗词‖花开花落（王进兵）（文尾点阅）【401-450】诗词‖美日韩签三文件（王进兵）（文尾点阅）【451-500】诗词‖美帝妄图销毁我导弹（王进兵）（点击阅读）【501】诗词‖中东乱战还激烈（王进兵）【502】诗词‖运俘飞机被击落（王进兵）【503】诗词‖美国得州要动武（王进兵）【504】诗词‖来去天地间（王进兵）【505】诗词‖美国对华新政策（王进兵）【506】诗词║二人转：瑞雪迎春兆丰年（紫馨桃然  王进兵）【507】诗词‖美日视中假想敌（王进兵）【508】诗词‖以军攻击拉法城（王进兵）【509】诗词‖说与不说（王进兵）【510】诗词‖俄占阿瓦迪夫卡（王进兵）【511】诗词‖埃及开启去美元（王进兵）【512】诗词‖人生留白（王进兵）作者简介▲长三角先锋文学——————————编  委  会【主编】东方剑笔【编委】诸葛湘子  贾益三  潇湘一米阳光  周广华  原野【投稿邮箱】cxt6901@163.com【投稿微信】CHENG19690101【相关说明】▲古典诗词一般不接受单首投稿；现代诗歌30行以下的2首以上为一期（30行以上的可单首投稿）；散文、小说等可单篇投稿。▲投稿以邮箱、微信方式进行，发于交流群的稿件一般不作为投稿依据；首次投稿请附1—2张作者照片和200字左右的作者简介。▲每篇文章赞赏累计20元（含）以下的，用于平台运营；超出20元的视文章阅读点击量向作者发放一定比例的稿酬（请作者主动联系领取）。▲本平台文章配发图片，部分来自于网络（运用时已经平台合成加工，版权归原作者所有），如有侵权请及时联系删除。长按二维码  关注公众号
66765f9ffb88ab4b048dd6c9,https://mp.weixin.qq.com/s/0ZPTadZV87FlLIXqjlDUQg,突发！金门渔船事件，赖清德罕见发怒，要拿一人“祭旗”，台军方局势剧变？,2024,02,29,2024-02-29,朋友们好，我是大壮，一名18年工龄的体制人，日常分享所见所闻，感谢捧场！点击下方卡片关注，更多优质好文推荐免责声明：本号对所有原创、转载文章陈述与观点均保持中立，以上内容资料、相关数据等均来源于网络，本文作者就以上或相关所产生的任何问题概不负责，亦不承担任何直接与间接的法律责任。内容仅供读者学习和交流。文章、图片等版权归原作者享有，如有侵权，请留言联系更正或删除。
66765f9ffb88ab4b048dd6ca,https://mp.weixin.qq.com/s/J-zF_5DTyqbjKnk4lDpDsQ,金门渔船事件肇事者的处理，是处理台独分子的标杆！,2024,02,29,2024-02-29,金门渔船事件，不算一个大事件，但其性质十分恶劣，背后潜在的政治含义更大。可以说，台湾当局通过这起针对民众的恶劣行为，试探了中国大陆在台湾统一之后处理“台独分子”的底线。如果，这次事件当中，台湾当局所谓的“行政执法者”，确实犯有恶意执法的违法行为，并且这样的肇事者最终能够逃脱法律的制裁，而大陆对此却接受或者默认，那就会告诉台湾那些阻碍统一的“台独分子”这样一个讯息：即使是武力阻止统一、即使是让大陆在统一过程中付出极大的代价，包括大量的财产损失、大量的人员伤亡，那么一样，他们也不用担心承担多大的罪过，他们可以将此归类为政治问题、军事问题。金门渔船事件，就是这样的一个案例，这是典型的敌对的“国与国”的处理方式，弄死俩人，可以不用“受罚”。所以，我以为金门渔船事件，是一个标志性的事件，是关系两岸问题的重大政治事件，淡化处理，一定是不恰当的，也一定是后患无穷的，这样做将会为“台独分子”张目，将会为“敌对人员”鼓劲。大陆方面必须坚持一条原则：严惩肇事者，必须让其承担刑事责任。除此之外的结果，都是不可接受的。当然，这是两岸谈判追求达到的结果。如果不谈判，或者谈判不成，必须将肇事者及其背后的主谋（台湾当局）列为刑事主犯予以记录在案，及到清算之日一并清算。唯此，才能正民心；唯此，才能让这些鼠辈看清红线；唯此，才能推动统一。
66765f9ffb88ab4b048dd6cb,https://mp.weixin.qq.com/s/LAAmefjlYQFuZsDY0fOYbA,突发！国台办再次回应：金门恶性撞船事件！这次真的动怒了！,2024,02,29,2024-02-29,阅读本文前，请您先点击上面的蓝色字体“季公子的猫”，再点击“关注”，这样您就可以继续免费收到文章了。每天都有分享。完全是免费订阅，请放心关注刚刚，国台办发言人朱凤莲再次就“金门恶性撞船事件”进行了回应。在朱凤莲这次的回应中，主要强调了这么几个重点：第一对台湾当局表示了愤怒！自从2.14日金门恶性撞船事件爆发至今，台湾当局选择了隐瞒、撒谎、误导、前后矛盾等一系列措施，试图颠倒黑白，试图把脏水泼到大陆渔民身上。而国台办对于台湾方面这一系列行为，只有一个态度，那就是要求台方公布真相，同时大陆方面将保留一切措施的权利。这是第一个重点！第二个重点是：国台办对管碧玲的一系列发言，进行了痛批。同时还指出管碧玲的言行，极为冷血，为人不齿。那么管碧玲这次到底说了什么，引起了大陆方面这么不满呢？管碧玲之前说了这么两件事，第一件事就是管碧玲建议台湾舰船遇到大陆海警船的时候，不要配合检查，必要时可以寻求台湾海巡署的帮助！第二件事是管碧玲建议台军介入。对于管碧玲这种唯恐天下不乱，唯恐两岸不开战的做法。国台办发言人朱凤莲当众批评，也是正常的。而这次国台办之所以会这么愤怒，之所以会公开批评台湾当局。主要原因只有一个，那就是台湾当局的态度不好。本身，台湾海巡署冲撞大陆渔船，致大陆渔民死亡，已经引起大陆不满意了。现在呢，台湾当局还公开叫嚣，是大陆渔船开进了“限制海域”，是大陆渔船越界捕捞了。那大陆只能强势出手了。福建海警局目前已经宣布接下来将对厦金海域进行常态化巡航了，同时呢，台湾当局已经发现大陆海警船出现在了金门、马祖海域。这就是大陆方面的态度。而根据有关消息透露，目前大陆渔民家属已经和台湾当局已经进行了9次协商，而到目前为止，双方的结果都是不欢而散。这说明了什么。这说明了大陆想要的，台湾当局还是不肯给！大陆只想要事实真相，只想要台湾当局严惩责任相关人，如果台湾当局一直避而不谈这两件事。一直只说没有视频资料，没有办法还原真相。那中国大陆接下来保不齐还有进一步的行动。金门、马祖目前已经在大陆海警局的巡航范围内了，大陆方面也用这种方式在警告台湾当局，根本就没有“限制水域”。至于接下来大陆海警局会不会进一步出手，确实不得而知。但是有一点是可以确定的，那就是大陆方面这次肯定会要台湾当局给出一个满意的答复的。如果您喜欢这篇文章，希望您【点赞+在看+星标】，可以获得更多好文推荐
66765f9ffb88ab4b048dd6cc,https://mp.weixin.qq.com/s/FLYH5jg59LUVcdj-M5DRmw,金航船舶公司隆重举行江苏海事趸船开工仪式,2024,02,29,2024-02-29,     2月28日上午，气候回暖，春意渐浓。湖南金航船舶制造有限公司隆重举行江苏海事局两艘80Ｍ趸船建造项目开工仪式。江苏海事局二级巡视员郑跃峰、基建装备处处长姜巍一行，中国船级社武汉分社长沙检验处处长徐泰富一行，以及该船舶设计单位、制造监理单位的负责同志和技术人员专程赶到沅江参加开工仪式。沅江市委常委、市人民政府副市长吴限忠、沅江高新技术产业园区主任彭龙、湖南金航船舶制造有限公司董事长罗立辉、湖南金航船舶制造有限公司总经理罗超华全程参与开工仪式和陪同外地来宾。     这次开工建造的两艘80米海事趸船，船总长80.00m，型宽15.00 m，型深2.50m，设计吃水1.20m。是国家交通运输部投资、江苏海事局订造、由中国船级社进行法定检验的国家海事重点项目，是一个融合多项海事功能需求的水上公务服务基地，是目前国内标准化海事趸船的标杆工程，具有现代化的办公、救援、通讯指挥、水上交通执法等先进功能。该趸船建成后，主要用于海事执法办案、水上执法人员应急待命、巡逻船船员现场服务以及船员临时安置、海事调查、设备布置，同时还满足现有及规划船舶的靠泊需要。     公司董事长罗立辉表示：金航船舶公司将与船东、船检、设计、监理各方通力合作，认真履行合同约定，严格船舶制造规范，狠抓质量和安全管理，确保工期进度，发挥精益求精的工匠精神，将两艘80米海事趸船建造成精品工程、标杆工程，进一步打响金航船舶制造优质品牌。                                    
66765f9ffb88ab4b048dd6cd,https://mp.weixin.qq.com/s/_u4ux_U7U8ARoxut9LH62Q,“金门渔船”事件再思考,2024,02,28,2024-02-28, “金门渔船”事件已过半月有余。返回的两位渔民，还原了当日台海巡署的粗暴执法行为。是执法船的冲撞，才导致了悲剧的发生。   而台湾当局，至今没有就事件进行彻底的调查。没有给予受害者，以明确的说法。甚至于台湾当局，对两名死难者的家属，没有任何人道主义的抚恤和慰问。相反，还为台海巡署的粗暴执法行为进行辩护。   大陆方面迅速行动。强化了“金夏水域”的海警执法力度，有力破除了所谓的“禁限”区。中国人民解放军，也扩大了在该水域的存在和影响。国台办也在第一时间，给予台湾当局予以明确的警示，表明了态度。    两岸相关部门，也进行了多次的闭门磋商，均没有达成一致意见。美国政府发声，要大陆保持克制。其他国家鲜有发声。   试想一下，如果是，大陆执法部门把台湾的渔民撞翻致死，那么台湾当局会是什么反应？国际社会特别是美西方一定会大呼小叫，说大陆，以大欺小，恃强凌弱。   设想一下，如果是日本渔船，台湾海巡署还敢冲撞吗？   再假设一下，如果是，台湾的海巡署粗暴执法，使日本渔民致死，台湾当局会是怎样做呢？还会像现在一样，不予知可否的态度吗？   改革开放40多年，我国综合国力迅速提升，我们正在无限接近中华民族的伟大复兴。实现祖国的完全统一，是实现中华民族伟大复兴的必然要求。我国政府，实现两岸统一的决心和路径是一贯而明确的。将台湾人民和台独份子分开对待。“软的更软，硬的更硬”。对死硬台独分子必须加大打击力度。      近期，东部战区发布了《回家》的海报，海报上说，小手抓大手，携手出火坑。点灯除恶魔，回家才会赢！
66765f9ffb88ab4b048dd6ce,https://mp.weixin.qq.com/s/hmsg0KOuT-n4v1EZV_LNOQ,两岸战火随时爆发？大陆发出统一最强音后，美海警强登中国渔船？,2024,02,28,2024-02-28,👆点击上方蓝字，关注“杧果视点”，第一时间获取更多国际资讯动态！金门海域撞船惨案发生后，两岸关系陷入紧张态势。大陆前脚发出统一最强音，两岸船只后脚在金门发生对峙，美海警更是强登中国渔船？两岸战火一触即发？众所周知，金门渔船惨案发生，台当局拒不道歉，大陆海警迅速行动，在金门附近海域加强执法力度，展开常态化巡查，日前还对金门游轮进行登船临检。随着金门渔船惨案的持续发酵，大陆海警船已经连续数天在厦金水域开展常态化巡航。值得一提的是，就在大陆海警船正常巡航期间，台海局势出现新焦点，台两艘巡逻船叫阵大陆海警船。不过大陆海警以强势态度，明确告诉台当局所谓的“禁止、限制水域”一说根本就不存在，我们也绝不承认台当局在这一海域的“管辖执法权”。就在两岸局势持续升级，大陆以强势姿态发出统一最强音后，给台当局撑腰的美方，却做出了令人意想不到的动作。据外媒报道，美国海岸警卫队一名官员披露，美国海岸警卫队在南太平洋中央区域进行的一次打击“非法捕鱼”的巡逻行动中，拦截了一艘中国远洋渔船，并强行对中国渔船进行了检查。结果可想而知，中国渔船并没有任何问题。但外界十分清楚，美国的这一动作绝对不是无缘无故进行的，结合大陆海警船在金门附近对台游船进行登船巡检的事件，显然美国是在用自己的惯用伎俩，给台当局在大陆海警登船临检一事上“找回场子”，为台当局撑腰。要知道，借着金门渔船惨案事件，美国可是在第一时间就进行舆论炒作，一边喊话中方“手下留情”，一边炒作所谓的“反对大陆单方面改变现状”的论调，呼吁大陆保持克制，从而减少误判风险。但事实上，正是美国多次对我国台海局势的干预，才会导致台海局势一再升级，甚至让外界十分担心，两岸战火已经到了随时爆发的地步。那么美国海岸警卫队凭借打击所谓“非法捕捞”的旗号，就能强登中国渔船吗？这到底是谁给他的权利？据了解，美国印太司令部曾在2020年推出了一个所谓的“随船观察员”项目，美国海岸警卫队正是该项目的执行方。当时美国海岸警卫队和太平洋岛屿诸国签订了11项双边渔业执法协定，这就是为何美国海岸警卫队才可以堂而皇之出现在这些国家的周边海域检查其他船只的原因。基里巴斯就是和美国海岸警卫队签署协定的国家之一，而中国渔船当时正在基里巴斯的专属经济区内作业，美国便假借所谓的打击“非法捕捞”之名，对中国渔船进行登船检查。但这又何尝不是美国行霸权之实的证据？美国若是企图通过这一行径向中国大陆示威，注定是失败之举。无论美国如何动作，中国绝对不会在台湾问题上做出任何让步，并且还会根据实际情况，按中国自身的节奏完成两岸统一大业。更多精彩内容
66765f9ffb88ab4b048dd6cf,https://mp.weixin.qq.com/s/iFZBIoA-sWLPB4A7RB_wIg,大陆调整兵力部署，两岸船只金门对峙，美国海警趁机强登中国渔船,2024,02,28,2024-02-28,阅读前点击上方蓝色字体“海纳观察室”进行关注，每日免费洞察国际热点资讯，建立深度阅读关系!当两岸船只金门过招之际，外媒趁机炒作美国海警强登中国渔船进行检查，其意图究竟是什么？美国海岸警卫队又是打着什么旗号强登中国渔船？哪里来的权利？近日，有英媒声称，它们获知美国海岸警卫队一名官员披露的消息，稍早前，美国海岸警卫队和基里巴斯海警在该太平洋岛国专属经济区进行的一次打击“非法捕鱼”的巡逻行动中，登上两艘中国渔船，并对中国渔船进行了检查，但并没有发现什么问题。又是事关中国渔船的事情，这不由得让人联想到此前大陆渔船被台海巡部门船只撞翻，并导致两名大陆渔民遇难的事。虽然这两件事并没有任何关联，但同样出现中国渔船这一共同点，不免让人怀疑英媒选择在此时炒作该话题的别有用心。目前，随着大陆渔船翻船事件舆论的持续发酵，大陆方面已经调整了在厦金水域的兵力部署，大陆海警船已经连续数天在厦金水域开展常态化巡航。期间，两岸船只在金门进行对峙的画面，还成为了台海局势的新焦点。这场对峙不仅展示了大陆的强硬态度，更是对台当局的一次严重警告，明确告诉台当局所谓的“禁止、限制水域”一说根本就不存在，我们也绝不承认台当局在这一海域的“管辖执法权”。在此背景下，英媒借机炒作美国海岸警卫队强登中方渔船的事，其目的显然就没有那么简单了。这其中多多少少有些为了配合美国借助舆论向民进党当局传递错误信号的意味，给民进党当局一种错觉，让台当局误认为这是其背后的“主子”美国在为自己“撑腰站台”。其中表露出的潜台词就是，“看吧，大陆海警船登上了你们游艇进行检查，那我这边就强登大陆渔船，我们是支持你们的”。别说没有这种可能，要知道，玩弄类似的舆论把戏，美国可是最擅长的。并且，借大陆渔船翻船事件，公开炒作涉台问题，美国在第一时间就做了，美国国务院日前在一份声明中，除了喊话中方“手下留情”外，同时还不忘继续炒作所谓“反对单方面改变现状”的论调，呼吁大陆保持克制，从而减少误判风险。在此情况下，美方借助西方舆论将两件没有任何关联的事扯到一起，借机炒作也不是完全不可能。不仅如此，此次大陆渔船翻船事件，台当局给出的理由是大陆渔船“越界”，而此次美国海岸警卫队强登中方渔船所打出的旗号就是打击所谓“非法捕捞”，不难看出，英媒借机炒作此事，其中的“影射”意味。说到这里，可能有人会问了，美国海岸警卫队仅凭打着打击所谓“非法捕捞”的旗号就能强登中国渔船吗？谁给它的权利？美国海岸警卫队能伸到太平洋岛国基里巴斯周边海域吗？对此，这就不得不提美国的阴险狡诈之处了，据了解，在2020年，美国印太司令部曾推出了一个所谓“随船观察员”项目，该项目的执行方为美国海岸警卫队，而美国海岸警卫队和太平洋岛屿诸国签订了11项双边渔业执法协定，正因如此，美国海岸警卫队才可以堂而皇之出现在这些国家的周边海域检查其他船只，这其中就有基里巴斯。之所以说美国此举比较阴险，那是因为表面上看美国海岸警卫队是在打击所谓“非法捕捞”行为，实则这已经是对相关太平洋岛国主权的一种剥夺，其本身就是一种长臂管辖行为。说白了，就是美国以所谓打击“非法捕捞”之名，让其军事力量逐步向太平洋周边国家蔓延，好行全球霸权之实。请【点赞】+【在看】+【星标】获得更多好文推荐，知识在路上，感恩您阅读
66765f9ffb88ab4b048dd6d0,https://mp.weixin.qq.com/s/vBmSXL90zIa3E4C_5f4PQg,海上较量再起！金门渔船事件背后，台海危机一触即发？,2024,02,28,2024-02-28,全文共1100字，预计阅读时间为4分钟。文章首发于“御铡三刀”（zhansandao），欢迎大家在朋友圈和微信群转发。公众号及其他平台转载请在后台留言。在一片波涛之中，隐含着的不仅是海水的咆哮，还有政治暗流的争夺。随着海监、渔政、海警的连续行动，台海上空的紧张局势又将往何处走？近期，针对金门渔船事件，大陆方面通过海监、渔政、海警部门的常态化执法巡查行动，直接挑战了台当局所谓的“禁限制水域”规定，旨在重整厦金水域的执法环境，确保事件得到认真负责的善后处理。这一系列行动不仅体现了大陆对维护渔民权益和海域安全的坚定决心，也突显了两岸关系中深层的政治与主权问题。根据多家台媒报道，经过九次艰难协商，台海巡“副署长”许静芝率队与大陆方面进行了深入交流，最终在没有预告的情况下集体退房，暗示双方或已找到某种形式的共识，虽然具体内容仍有待公布。而金门地检署对该事件的最新立场，也表明了台方在处理此次事件上的态度出现了一定程度的松动，标志着事件或将朝着更加积极的方向发展。然而，尽管表面上看似向好，但事件的背后复杂性不容小觑。首先，台当局将“三无渔船”归咎为“越界”，这不仅触及到两岸之间的海域治权，更关联到长达七十余年的主权之争，暴露出根本性的矛盾。其次，台方的处理方式——既要“秉公办案”又要“依法赔偿”，表面上看似合理，实则其中仍存大量争议和模糊地带。这不仅关系到事件本身的公正解决，更牵涉到两岸关系未来的走向。与此同时，民进党当局试图通过此次事件，引导舆论认可其在厦金水域的执法权，构建一种“缺乏九二共识下的和平共处”局面。这样的策略，无疑是企图在国际上为“台独”势力争取更多的话语权与合法性。而大陆方面的连续执法行动，恰恰是对这种企图的有力回击，展现出在原则问题上的坚定立场。然而，即便双方在协商中达成了某种共识，如何落实这些共识，以及实施效果究竟能如何，仍充满不确定性。在这一点上，大陆的常态化执法行动就显得尤为重要。这不仅是对当前状况的有效应对，更是在为未来可能出现的任何挑战做好充分准备。如果对方在原则问题上持续模棱两可，那么大陆完全有理由采取进一步措施，直至完全收回厦金水域的执法权，让一切企图干扰、破坏两岸和平的行为付诸东流。金门渔船事件在表面上看似只是一起普通的海事事件，但深挖下去，却是两岸关系中深层次矛盾和纠葛的缩影。从海监、渔政、海警的连续执法行动，到双方的协商谈判，每一步都牵动着两岸人民的心。虽然目前双方似乎达成了某种共识，但未来仍充满变数。唯有坚持原则，维护正义，才能真正推动两岸关系的和平发展。这场海上的微妙舞蹈，不仅考验着双方的智慧和耐心，更是对未来两岸关系走向的一次重要预演。请点个赞和“在看”吧
66765f9ffb88ab4b048dd6d1,https://mp.weixin.qq.com/s/yVnE-Bt5762qFDcj4YiX-Q,重大消息！金门检方证实台湾海巡船不止一次和大陆渔船发生碰撞！国台办回应来了！,2024,02,28,2024-02-28,阅读本文前，请您先点击上面的蓝色字体“季公子的猫”，再点击“关注”，这样您就可以继续免费收到文章了。每天都有分享。完全是免费订阅，请放心关注自从2.14日金门沉船事件爆发至今。台湾方面的态度，也是一变再变。最开始，台湾方面直指大陆渔民越界捕捞，同时声称台湾海巡署执法人员并无过错。甚至扬言要台湾军方介入。台湾的态度很明确，就是不承认错误，还倒打一耙，往中国大陆渔民的身上泼脏水。可是面对台湾方面的蛮横态度。中国大陆这次不忍了。国台办等机构先后发声，对台湾当局只提了两个要求：一个是要求台湾当局查清事实。另外一个是要求台湾当局严惩责任相关人。而这还不是高潮，真正的高潮是大陆方面宣布福建海警局接下来将对厦金海域展开常态化巡航。而且福建海警局的船已经开到了金门，马祖等海域。大陆海警局的出动，直接让台湾当局震惊了。特别是大陆发布的照片里，海警局船只的不远处，已经能够清晰看到金门岛以后，台湾当局终于认识到了大陆这次的决心。所以在这个时候，台湾当局的态度，又来了一个一百八十度大逆转。那就是台湾金门检方宣布，确定两船不只一次碰撞，检方将朝过失致死罪侦办此案，是否有刑责仍未定，但躲不过民事赔偿。虽然目前台湾方面还是没有放出金门沉船事件时候的视频资料，还是没有和大陆方面达成一致意见。但是金门检方的这个态度，确实证明了台湾当局已经开始承认台湾海巡署这次暴力执法，导致大陆渔民死亡的态度了。这也算是一个良好的开始。不过呢，归根到底，这次金门沉船事件的关键，还是在现场的视频资料之上。台湾方面，死不承认台湾海巡署在执法的时候，录了视频资料。可是在近期，有关部门却放出了台湾海巡署救人的视频片段，这个前后不一致的态度，确实让人无法相信。最关键的一点还是，现在大陆渔民死难者家属也奔赴金门了。要是和家属谈不拢，要是不能让家属满意。这件事就不算完。毕竟生还者，在接受采访的时候，已经说了：台湾渔民之前来大陆这边捕捞的时候，大陆是以礼相待。为什么大陆渔民去了金门，就被金门海巡署直接撞死了？这种敌视态度，这种截然不同的态度，才是问题的关键所在。两岸都是同根同源的中国人。两岸都是一家人。大陆把台湾当成同胞，当成血亲。台湾却把大陆人民当成仇敌，这种思想才是最可怕的。所以大陆海警船接下来对金门、马祖展开常态化巡航是必然的，只有这样才能敲定台独势力，只有这样，才能真正让台独势力不敢任何挑衅。如果您喜欢这篇文章，希望您【点赞+在看+星标】，可以获得更多好文推荐
66765f9ffb88ab4b048dd6d2,https://mp.weixin.qq.com/s/qkKNEAA9-wHHBm1TrgAMDg,金门渔船事件仍未了结，事件何以至此？,2024,02,28,2024-02-28,金门渔船事件发生半个月仍未了结，大陆与台当局已进行过九次沟通仍未有共识，目前金门地检署被指将朝过失致死罪侦办此案。回溯整个事件，大陆一开始对事件处理保留了一定的弹性，但因对岸没有及早巧妙处理而演变成今天的局面。周三（2月28日），国台办发言人朱凤莲再批民进党当局未表达任何歉意，反而撒谎、隐瞒事实真相，毫无人性。她严正要求台方尽快公布事实真相，给遇难者家属和两岸同胞一个交代，并警告称大陆方面保留采取一切措施的权利。目前两岸对事件善后处理陷入僵局。双方已就相关事宜进行九次沟通，但在“追责”与“道歉”，以及大陆要带回已列为证据的失事渔船等要求无法取得共识。周二原定解剖两名遇难者遗体，结果也因家属不满台方处理而延期。据台湾媒体最新披露，金门地检署已确定两船不只一次碰撞，将朝“过失致死罪”侦办此案，这意味着涉案人员恐面临5年以下刑事责任，刑责定夺目前仍需经过详细科学鉴识，不过即便刑责未定，台湾“海巡署”恐怕也得面临民事求偿。回溯整个事件，其实大陆一开始对事件处理保留了一定的弹性，国台办事发当天只是要求立即查明真相，结果因对岸没有及早巧妙处理而演变成如今的局面。大年初五（2月14日），金门海域发生一起“翻船”事件，造成两名大陆渔民死亡。国台办当天要求台方立即查明事件真相，协助遇难渔民家属妥善处理善后事宜，并确保大陆渔民人身安全，切实杜绝此类事件再度发生。起初，台海巡部门声称“执法”过程并无不当，是大陆渔船“蛇行拒检逃逸”才会翻覆，丝毫未提碰撞一事。台陆委会甚至要求大陆主管部门约束民众“越界”捕鱼行为。不过，事发一周后（2月21日），回到大陆的两名生还渔民受访指出，自己的船只是被台巡逻艇冲撞才导致翻覆。台湾“海巡署”之后举行记者会还原事发经过，指大陆渔船为“躲避”登船检查，“蛇行”甩尾才导致船尾“自撞”巡逻艇，并承诺会向死者家属提供慰问金。原本台海巡人员出勤时的录像，可以帮助还原事实真相。但“海巡署”辩称当时来不及摄录，所以没有录像证据。金门地检署证实，在调查过程中，海巡人员称在“驱离”及船只“翻覆”的过程中并没有录影。这起事件的众多疑问让大陆网民群起激愤，国台办发言人朱凤莲强调，人命关天，公布真相天经地义。严正要求台湾有关方面尽快公布事实真相，严惩相关责任人，满足遇难者家属合理诉求，郑重向遇难者家属道歉，给遇难者家属和两岸同胞一个交代。另一方面，国台办也表示根本不存在所谓“禁止、限制水域”一说，大陆海警船、渔政船也开始在厦金海域进行常态化巡逻。2月18日，大陆海警宣布将在金厦海域进行常态化执法，隔天更对一艘金门观光船强制登船临检。2月25日，大陆海警编队一度在金门附近海域开展执法巡查，同时福建渔政船也在厦金海域开展渔业执法。有媒体分析认为，大陆以这样的强制行动，高调表明不再“承认”依据1992年台湾的《两岸人民关系条例》所划设的金门等台湾外岛的“禁、限制水域”范围。似乎可以预见，如果台当局不能圆满处理这次事件，不排除大陆会将上述行动作为一个常态化惯例。接下来，事态的发展还需进一步观察。这场悲剧不仅仅是两艘船之间的碰撞，而是两岸关系复杂性的一个缩影。在这样的背景下，寻求真相和正义变得尤为重要，但也异常艰难。但愿，真相和正义能够超越分歧，成为两岸共同追求的目标。
66765f9ffb88ab4b048dd6d3,https://mp.weixin.qq.com/s/47v0GYbMFV-Ccd2RwZalTA,金门渔船事件，两岸第9次协商结束,2024,02,28,2024-02-28,根据台湾中时新闻网消息：第9次协商结束 许静芝面露微笑离开注：许静芝为台伪海巡副署长台伪海巡副署长许静芝步出会场时面露微笑，面对媒体提问皆不发一语，最后双手合十搭车离开。两岸代表展开8次协商未果，台伪海巡副署长许静芝今（27日）上午先返回台湾本岛后，下午再度飞回金门，于下午5时12分与大陆方面代表展开第9次闭门协商，历时约1个小时结束，许静芝步出会场时面露微笑，面对媒体提问皆不发一语，最后双手合十搭车离开。
66765f9ffb88ab4b048dd6d4,https://mp.weixin.qq.com/s/NCpLh-9FzT3Cvwe8uBNROQ,针对金门渔船事件，建议我方不要再与台湾协商，该最后通牒了,2024,02,28,2024-02-28,      一直以来，大陆对台湾可以说是真实善意和浓浓同胞情，各种惠台政策层出不穷，台湾一年就从大陆赚走超过1500亿美元。《诗经》云：投我以木桃，报之以琼瑶，但从目前来看，台湾地区不仅不感恩，没有给予大陆同等的回报，似乎还觉得大陆对台湾的好是理所当然，他还要时不时地叛逆下。      这一次大陆渔船被台湾伪海巡署粗暴撞翻，造成2名渔民死亡。我方仍旧抱以极大的善意，和台湾地区开展协商。人命关天，伪海巡署无法无天，已然造成了错误，甚至可以说是犯罪，罪责完全在台湾地区，但我们还是愿意协商，只提出道歉、带回失事渔船等要求，但经过9次协商，都遭到台湾地区拒绝。这种合情合理的要求都被拒绝，简直是太让人气愤了。      因此，中国台湾地区不承认“九二共识”，建议我方不要在金门继续协商了。      第一，我方人死了，渔船也要不回来，现在还要跟一个地区去协商，这种事情有失正义。我们的诉求正当合理，天经地义，可以说是最基本的条件，没什么可协商的。      第二，协商是两个平等的主体才可以进行，台湾只是地区，又是理亏的一方，有什么资格和我们协商？      第三，按照官方说法，两岸沟通的基础是对方承认九二共识，现在台湾地区不承认，我们还去协商，不就是变相地沟通了吗？      因此，协商完全没有必要了，是时候硬起来，下最后通牒了。笔者建议如下：      首先，鉴于台湾是一个地区，应该由中央出面，意即国台办代表中央，给台湾地区下最后通牒：限定时间，要求地方政权台湾妥善处理此次事件，相关责任部门要道歉、立刻送回失事渔船并赔偿损失，追究直接责任相应的刑事责任。      其次，如若台湾地区不遵从中央的最后通牒，中央应该剥夺台湾地区政权在相关海域的地方执法权。既然无海上边界划分，台湾又不妥善处理伪海巡署撞翻大陆渔船致人死亡事件，那么，中央完全可以合情合法地把执法权交给福建的厦门或者泉州警方，由大陆警方立案侦查，缉拿凶手，并宣告台湾伪海巡署在相关海域执法属于违法行为，如若发现，将采取严肃措施处理。      投我以木桃，报之以琼瑶，现在我们已经协商9次，投了9个“木桃”了，也没换来一块“琼瑶”。等来的是台湾当局不断地撒谎、隐瞒事实真相，甚至等来了台湾当局宣传“已经获得批准，遇到威胁时可以开火”“持续支持海巡坚定执法。”等等令人气愤的言语。忍无可忍，无需再忍，没必要再协商了，采取其他措施吧！
66765f9ffb88ab4b048dd6d5,https://mp.weixin.qq.com/s/JsJ8Z27PleZ44B-wevML3g,围绕此次金门撞船事件处理，两岸统一将提前发生！,2024,02,28,2024-02-28,围绕台湾海巡署在金门海域恶意“谋杀”大陆两位渔民事件，最近互联网上吵的很凶，我看了一下，主要集中在两个方面，一是觉得此次事件台湾做的太过分，性质很恶劣，二是觉得大陆在此次事件上处理的太过于仁慈。我的想法恰恰和大家相反，觉得此次事件处理上，我们的一系列做法是值得肯定的。更准确来说，围绕此次金门撞船事件，我们一箭双雕，既测出来了美国在台湾问题上的底线，也顺势拿到了金门海域的管辖权，完成了未来完成祖国统一的预演。从金门撞船事件发生后台湾方面前后矛盾的说法和撒谎以及冷处理手法来看，我们首先可以得出一个基本判断:撞船事件并非是台方宣称的失手，而是故意为之，其核心目的就是台湾新一届地区领导机构选定后，美台相互配合测试大陆底线的一次事件，并遭到大陆方面绝地反杀。在撞船事件还未发生之前，春节期间围绕金门和马祖还传出来一则重磅新闻，即从2024年开始，美国将派特种兵常态化驻守金门，为台军提供一系列军事培训，当时我们仅仅进行了谴责。谴责未让美台感觉到疼痛，于是他们联手炮制了此次金门撞船事件。但这次美台失算了，我们选择了新账旧账一起算。核心有三方面:1、舆论层面上找到抓手，形成对民进党的全面压制；这几天大家看国家主流媒体、国台办，以金门撞船事件为核心，集中痛斥民进党台独的本质、对大陆同胞的冷酷无情，在国际上也形成了不少的声势。2、军事层面完成了对金门海域的管控；这次撞船事件，台方给出的理由就是大陆渔民所谓的“越界”捕捞。死亡事件发生后，大陆直接宣布所谓的管制线根本就不存在，并派出海警驶入到所谓的管辖区之内，数量越来越多，吨位越来越大，并对进出金门的所有船只进行临检查。对进去金门的船只常态化检查意味着什么？意味着金门的补给、美国对金门的人员、武器支援都在金门撞船事件发生后被我们切断，从此金门进什么货品，进什么人员，大陆说了算，这是一个历史性的突破。3、测出来了美国在台湾问题上的底线；解决台湾问题，最大的打扰因素是美国，这是包括我们政界、专家学者乃至国际上的共识。但这次海警拿回对金门海域的管辖权，美国仅仅是发言人进行了所谓的“谴责”，最大的动作也仅仅是美国海警在西太平洋对我们的渔船进行了骚扰，并没有出现其他激烈动作。也就是说，在未来解决台湾问题上，美国的底线会是:避免同大陆直接发生军事冲突，同时会在其他领域对我们进行围堵。4、完成了一次收台预演；未来实现两岸统一，我个人觉得在方式和会和我们这次在金门撞船事件上的处理方法保持几乎一致。即利用军事上的优势，先行完成对台湾本岛的重重包围，形成一只鸟飞不进来，一只蚊子也飞不出去的铁通。在距离台湾几百公里外，以大型航母为作战平台，拒指美国对台湾的援助，并同美国形成军事对垒，双方有来有回进行“谈判”。在此次金门撞船事件的处理策略上，我们要看出国家的高明手段！谴责只是一时口快，但拿回对金门的海域管辖权却是永久性的！
66765f9ffb88ab4b048dd6d6,https://mp.weixin.qq.com/s/SpctPyFjkK-6X8Vj3tGW-w,金门撞船事件的契机,2024,02,28,2024-02-28,正月初五，大陆渔船在金门海域捕鱼期间遭台湾海巡署的船冲撞侧翻，造成了两名大陆渔民死亡。事件发生之后，台湾海巡署并没有第一时间公布过程，而是遮遮掩掩，一再更改表述事件经过，诡异的是执法记录仪正好就没有这一段的录像。2024.02.28 深圳本文仅为自己的思考感想，不构成任何投资建议及投资依据，请读者独立判断。如轻信文章观点，获得收益或蒙受损失，本人均不负有权利和义务。本文内容均为原创，未经许可，任何人或组织不得复制、转载、摘编，或以其他任何形式用于商业应用。by 老Q▼点击“阅读原文”可查看所有历史文章
66765f9ffb88ab4b048dd6d7,https://mp.weixin.qq.com/s/QWj7ykixIVTeFRyB5EOeew,金门渔船事件：无人能逃脱法网,2024,02,28,2024-02-28,在一个寂静的夜晚，金门的海面上笼罩着一层神秘的氛围。海风轻拂着海面，月光如银，映照着波光粼粼的海浪。远处，一艘渔船孤独地漂浮在海上，它的船身被暗夜吞噬，只留下了一点微弱的灯光在黑暗中闪烁。船上的渔民们，匆忙忙地忙碌着，他们的脸上带着几分疲惫，但又透着对家乡海域的熟悉和亲切。他们是这片海域的主人，每天都在这里劳作，寻找着海洋的恩赐，维持着自己和家人的生活。然而，今晚似乎有些不同，一种不祥的预感笼罩在每个人的心头，让他们的情绪变得紧张起来。就在这时，突然间，一道刺眼的强光从远方射来，照亮了整片海面。渔民们吃惊地抬头望去，只见一艘身着海巡制服的船只迅速驶向他们的方向。那船只仿佛是一头巨兽，挟风而来，让人感到无比的压迫和恐惧。“快，快躲起来！”船上的领头人大喊道，他们立刻纷纷躲藏到船舱里，希望躲避这场突如其来的危机。但是，来势汹汹的海巡船并不打算善罢甘休，它像是一只猎食的猛兽，凶猛地朝着渔船冲来。不一会儿，金门的海面上就变成了一片混乱，渔船在海巡船的追逐下四处躲闪，而海巡船则紧追不舍，毫不留情地向渔船发射水炮和警告信号。渔民们心急如焚，他们不知道海巡船的目的何在，也不知道这场突袭背后隐藏着怎样的阴谋和目的。就在这时，一声巨响突然响起，整艘渔船被一股巨大的力量击中，剧烈地摇晃了几下，渔民们纷纷摔倒在甲板上，惊恐万分。他们抬头望去，只见海巡船在月光下展现出恐怖的威势，宛如一艘无情的战舰，将他们困在了死角之中。“这是怎么回事？他们到底想干什么？”一个年轻的渔民大声喊道，他的声音充满了恐慌和愤怒。“我也不知道，但我们必须想办法摆脱他们！”领头人大声喊道，他焦急地观察着四周的情况，试图找到一个逃生的机会。    就在这时，海面上突然出现了一道巨大的浪涌，将渔船卷入其中，翻滚的海浪让人无法站稳，渔民们一个个被海水卷走，情势岌岌可危。而海巡船却在浪涌中游刃有余，如同一只不可战胜的怪兽，继续紧追不舍，毫不留情地向渔船发动攻击。“我们不能就这样束手就擒！”领头人大声喊道，他振臂高呼，试图鼓舞起众人的士气，“我们是金门的渔民，我们不会被这些暴徒吓倒的！”渔民们纷纷响应领头人的呼喊，他们拿起一切可以用作武器的东西，勇敢地与海巡船展开了搏斗。他们用渔网、渔叉和木桶武装自己，奋力抵抗着海巡船的攻击，决心捍卫自己的领土和尊严。在这场激烈的对抗中，渔民们展现出了顽强的意志和不屈的精神，他们不畏强暴，勇敢地与海巡船对抗到底。然而，海巡船的力量实在是太过强大，渔船很快就支撑不住，开始岌岌可危。    就在危急关头，远处突然传来了一声巨响，一艘巨大的船只出现在了海面上，它的船身犹如一座城堡，挡在了海巡船的前方。那是一艘中国海军的巡逻舰，它宛如一头狮子般威武霸气，让海巡船不由自主地停了下来。“停止一切行动，立即离开！”一道严厉的声音在海面上回荡，那是中国海军的指挥官发出的命令，他的声音冷酷而坚定，让人不敢有丝毫违抗之意。海巡船被中国海军的威慑所震慑，不敢再继续向渔船发动攻击，它迅速调转船头，朝着远处逃离而去。而渔民们则松了一口气，他们躲在船舱里，用颤抖的手紧紧握着渔网，目送着海巡船远去，心中充满了感激和庆幸之情。“谢谢你们，中国海军！”领头人大声喊道，他的声音充满了激动和感慨，“你们是我们的救命恩人，我们永远不会忘记你们的帮助！”    中国海军的巡逻舰静静地漂浮在海面上，它的船身在月光下闪烁着银色的光芒，宛如一座守护神，守护着这片神秘而美丽的海洋。渔民们望着远处的巡逻舰，心中充满了对祖国的无限热爱和感激之情，他们深知，在这片海洋上，有一支强大的海军守护着他们的安全与利益，这是他们最坚强的后盾，也是他们最深厚的底气。在这个寂静的夜晚，金门的海面上再次恢复了宁静，月光如水，映照着波光粼粼的海浪。渔民们继续忙碌着，他们的脸上洋溢着笑容，仿佛刚刚经历的一切只是一场梦境，而不是一场真实的噩梦。他们深知，只要有祖国的坚强后盾，他们就能够安心地在这片海洋上劳作，过着安宁而幸福的生活。    
66765f9ffb88ab4b048dd6d8,https://mp.weixin.qq.com/s/-uMGkRdUnVvnaKZZYs4SSg,最新进展！金门渔船案两岸八度协商无果，国民党要员提到驱逐大陆海警，陈建仁给出答复！,2024,02,28,2024-02-28,朋友们好，我是大壮，一名18年工龄的体制人，日常分享所见所闻，感谢捧场！点击下方卡片关注，更多优质好文推荐免责声明：本号对所有原创、转载文章陈述与观点均保持中立，以上内容资料、相关数据等均来源于网络，本文作者就以上或相关所产生的任何问题概不负责，亦不承担任何直接与间接的法律责任。内容仅供读者学习和交流。文章、图片等版权归原作者享有，如有侵权，请留言联系更正或删除。
66765f9ffb88ab4b048dd6d9,https://mp.weixin.qq.com/s/t1YWKYGj0qs5BwgkddCRlw,​“金门渔船”事件不能草草了事，必须严惩凶手！,2024,02,27,2024-02-27,“金门渔船”事件不能草草了事，台湾伪海巡署粗暴撞船，导致我两渔民死亡，真是是可忍孰不可忍，大陆为了祖国统一，宁愿自己吃亏也在很多方面拿出了巨大的惠台政策，可惜这些人就是白眼狼，喂不熟！希望大陆有关部门继续施压台湾伪政府，严惩凶手，满足遇难者家属合理诉求，要求伪政府向遇难者家属道歉赔偿，给遇难者家属和两岸同胞一个交代，绝不允许此类事件再度发生。如今面对和统无望的局面，我们一定要解放金门马祖台湾！“金门渔船”事件不能草草了事，台湾伪海巡署粗暴撞船，导致我两渔民死亡，真是是可忍孰不可忍，大陆为了祖国统一，宁愿自己吃亏也在很多方面拿出了巨大的惠台政策，可惜这些人就是白眼狼，喂不熟！希望大陆有关部门继续施压台湾伪政府，严惩凶手，满足遇难者家属合理诉求，要求伪政府向遇难者家属道歉赔偿，给遇难者家属和两岸同胞一个交代，绝不允许此类事件再度发生。如今面对和统无望的局面，我们一定要解放金门马祖台湾！
66765f9ffb88ab4b048dd6da,https://mp.weixin.qq.com/s/ySrNFBnS369pmG15ADEBcA,台媒：遭撞渔船栏杆有明显凹陷 台海巡部门仍称“轻微碰撞”遭金门检方结论打脸,2024,02,27,2024-02-27,遭撞渔船左侧船尾上的栏杆明显变形，疑似因撞击而导致凹陷扭曲。（图片来源：台湾“中时新闻网”）中国台湾网2月27日讯 据台湾“中时新闻网”报道，2月14日台撞击大陆渔船致渔民死伤恶性事件发生后，遇难者家属在泉州红十字会等派人陪同下于20日赴金门处理后续事务。遇难者家属要求领回出事渔船及遇难者遗体，但台海巡部门不同意，双方经过8次协商，皆以破局收场。根据已打捞上岸的出事渔船照片显示，该船与台海巡部门快艇发生多次碰撞，大陆渔船左侧船尾上的栏杆明显变形，疑似因撞击而导致凹陷扭曲，很有可能就是造成翻船时的撞击之处。然而台海巡部门的说法是“轻微碰撞”，是大陆渔船急转撞上台海巡艇后因反作用力反弹失去平衡后才翻覆。但金门地方检察部门调查表示，根据双方船员说法，确定两船不只一次碰撞。翻船事实俱在，台海巡部门躲不过民事赔偿。针对台当局对事件真相遮遮掩掩的态度，国台办强调，人命关天，公布真相天经地义。我们严正要求台湾有关方面尽快公布事实真相，严惩相关责任人，满足遇难者家属合理诉求，郑重向遇难者家属道歉，给遇难者家属和两岸同胞一个交代。我们将坚决维护同胞的合法权益，绝不允许此类事件再度发生。（编辑/张玲）END-今日台湾往期推荐宋涛会见台湾电电公会交流团《繁花》在台好评如潮引 国台办：两岸共同文化根脉、共同情感共鸣从未改变台湾民众对美国信任度明显下降 国台办：美只顾自身利益，所谓“挺台”是害台、毁台
66765f9ffb88ab4b048dd6db,https://mp.weixin.qq.com/s/iTTuHoS4xTHP1Nt7pUY8JQ,台海观澜｜牵一发动全身，金门事件向哪个方向发展,2024,02,27,2024-02-27,金门事件爆发已近两周。2月14日（初五）下午，一艘福建渔船在厦门、金门海域（厦金海域）被台湾海巡部门的船只追逐，导致渔船翻覆，2人死亡。截至目前，金门事件的进展可以归纳为三个方面：第一，真相逐渐清晰。事件发生后，台湾方面百般遮掩，反复辩称没有录影带，但在生还渔民返回大陆后，台方不得不承认，两船发生多次碰撞。根据生还渔民的描述，大陆渔船就是被台湾海巡部门的船撞翻的，而且，当时大陆渔船已经熄火了，台方的船还是撞了过来。第二，双方谈判没有谈拢。截至2月26日，两岸有关方面已经在金门进行了7次协商，没有达成一致。大陆方面的要求非常明确，国台办发言人朱凤莲是这样说的：“我们严正要求台湾有关方面尽快公布事实真相，严惩相关责任人，满足遇难者家属合理诉求，郑重向遇难者家属道歉，给遇难者家属和两岸同胞一个交代。”台湾方面的态度，是只愿意赔钱，不愿意认错和道歉。第三，大陆海警、渔政部门穿刺台方所谓的“限制、禁止水域”。2月17日，国台办发言人朱凤莲表示，两岸渔民自古以来在厦金海域传统渔场作业，根本不存在所谓“禁止、限制水域”一说。2月18日，大陆海警进入厦金海域，开展常态化执法巡查行动。2月19日，大陆海警在厦金海域对台湾“初日号”游艇进行登船检查。2月25日，大陆海警、渔政两部门进入厦金海域执法。其中福建海警组织舰艇编队在金门附近海域开展执法巡查。巡查期间，海警舰艇采取编队航行、识别查证、警戒护渔、喊话警告等措施，加强重点海域执法巡查，以维护有关海域作业秩序，维护渔民生命财产安全。福建渔政调派2艘渔政执法船艇，在厦金海域开展渔业执法。最新的消息是，昨天（2月26日）开始，国民党副主席夏立言率团访问大陆七天。夏立言一行主要是拜访在大陆工作、求学和经商的台湾民众，向他们拜晚年。他还将在适当场合与大陆有关方面就金门事件进行沟通，表达对遇难人员的哀悼之意。为此，台湾“陆委会”于2月25日发布新闻稿，表示“乐见夏副主席关心这件个案，也建议夏副主席应该向陆方特别强调，本件个案已进入我方的司法程序，陆方应尊重台湾的司法体制，静待检方完成调查后，自然会公布客观公正的事实真相。”以上诸多进展中，最值得一提的，当然就是大陆海警、渔政部门穿刺了台方所谓的“限制、禁止水域”。大陆由此占据了可进可退的有利位置。从进的角度分析，既然金门的“限制、禁止水域”可以穿刺，那么，澎湖的可不可以穿刺？台湾本岛的可不可以穿刺？从退的角度看，如果台方满足了大陆方面的要求，公布了真相，惩罚了责任人，进行了合理的赔偿，在厦金海域谨言慎行，那么大陆方面的这种穿刺行动就会相应减少。金门虽小，可谓牵一发而动全身。由此可见老一代领导人深远的战略目光。1949年10月，解放军强攻金门失利。彼时解放军的渡海作战能力确实欠缺。经过抗美援朝的淬炼，解放军渡海作战的能力大幅度提高，因此可以在1955年1月一举拿下浙江台州外海的一江山岛。到1958年8月金门炮战时，解放军如果再次发起进攻，应该可以拿下金门岛。但是，当时的领导人，从一开始就没有打算拿下该岛。为什么？就是为了让金门以及大陆沿海其他由台方控制的岛屿成为两岸关系的特殊纽带。这些特殊纽带的存在，使得两岸的地理距离不是200公里，而是2公里。两岸人民不但是隔海相望，而且是隔海相望望得见。这些特殊的纽带也见证了两岸关系在对峙、交手、交流、再交手中的逶迤前行，动见观瞻。有一个细节，福建南部的厦门、漳州、泉州等地在语言上与台湾同属闽南语系，双方说话互相都听得懂，但发音各有不同。此次大陆海警在厦金海域执法，相关视频显示，大陆海警用闽南话进行喊话。台湾有学者甚至听出来了，大陆海警是用金门方言喊话的。展望该起事件的后续发展，应该有两个时间点：第一个时间点，台方公布所谓的调查结果，是否符合事实；第二个时间点，5月20日赖清德的就职讲话，关于两岸关系会说些什么。往后的几个月，厦金海域是风云再起呢，还是风平浪静呢？工厂春招不见“抢人”，农民工外出赚钱更难了PPP项目终止后，钱还能要回来吗？《熊出没》系列凭什么拿下75亿元票房
66765f9ffb88ab4b048dd6dc,https://mp.weixin.qq.com/s/QWXXTL31q8qUor8oRrz76A,大陆海警靠近金门后，美海警登上中国渔船“找场子”？,2024,02,27,2024-02-27,据参考消息网报道，在金门海域撞船惨案发生后，大陆海警迅速增加事发地附近的巡查力度，多艘海警船在金门附近海域执法巡查常态化，对可疑台方游轮的登船临检也已经开始。这本来属于正常的执法行为，在对岸看来却成了我们的“强势回应”，连台湾退役少将都在感叹“麻烦大了”。往期推荐1.弱国无主权？巴勒斯坦总理黯然辞职，以色列要笑到最后？2.中国将造500架五代机？印媒：我们又落后了3.国民党副主席访问大陆，台当局继续大放厥词
66765f9ffb88ab4b048dd6dd,https://mp.weixin.qq.com/s/sasNorMW4GRyTQs6Bpj55Q,沉默7天后，赖清德就金门事件表态，美国发声要大陆保持克制,2024,02,27,2024-02-27,"在这片古老而又充满活力的土地上，每一寸土地、每一滴水都承载着中华民族的情感与记忆。然而，在这份深厚的情感背后，却时常被不安与挑战所笼罩。最近发生的金门渔船事件，不仅是对大陆渔民生命安全的严重威胁，更是对两岸和平稳定的公然挑衅。沉默了七日之久，赖清德终于就金门事件发表了表态，而在此之前，美国已经不失时机地跳出来，对大陆发出了所谓的“保持克制”的呼吁。这一系列动作，不禁让人深思：当两岸同胞应该携手共进、共克时艰时，为何总有力量在背后推波助澜，企图在我们的共同家园中播撒不安与分裂的种子？事件的起因本就令人愤慨。台当局所谓的“海巡队”，在没有任何正当理由的情况下，对大陆渔船进行了粗暴的驱赶和攻击，导致两名无辜的大陆渔民遇难。这种蔑视人命的行径，不仅展现了台当局的冷漠与残忍，更是对两岸人民血脉相连情感的极大亵渎。更加令人不齿的是，在事实清楚、证据确凿的情况下，台有关方面不仅没有采取任何赔偿或道歉的措施，反而选择了隐瞒、推诿、敷衍。这种态度，不仅是对遇难渔民及其家属的二次伤害，更是对公平正义的公然践踏。在此背景下，赖清德沉默七天后的表态，以及美国随即而来的“保持克制”呼吁，不禁让人感到讽刺与愤怒。赖清德的表态，不仅没有表现出任何对遇难渔民的同情和悼念，反而是对所谓“海巡署”行为的坚决支持。这种冷血无情，与其政治利益高于一切的本性不谋而合。而美国的呼吁，则完全是一种双重标准的表现。当大陆渔民在自己的传统渔场遭受不公对待时，美国却选择了为挑起事端的一方撑腰。这种做法，不仅没有帮助缓解两岸紧张局势，反而是在火上浇油，企图通过挑拨离间来实现其遏制中国发展的战略目的。面对这种情况，大陆方面的回应是坚定而有力的。通过加强厦金水域的常态化巡航，大陆海警展现了维护国家主权和渔民权益的坚定决心。同时，大陆方面的严正声明，也向世界展示了我们维护地区和平稳定的坚强意志。在这个复杂多变的国际环境中，我们必须保持清醒和坚定。面对任何试图破坏两岸关系、损害中华民族利益的行为，我们都将以最坚决的态度予以回应。无论是台当局的挑衅，还是外部势力的干涉，都不会动摇我们维护国家主权、推进国家统一的决心和意志。在这场关乎两岸同胞福祉与地区和平的斗争中，我们不仅要警惕台当局的挑衅行为，更要对美国等外部势力的干预保持高度警觉。美国的所谓“支持”，实际上是利用台湾作为其遏制中国崛起的棋子，其真实意图是在两岸间制造隔阂，进而实现其地缘政治利益。我们看到，美国在公然支持台当局的同时，还不断加强与台湾的军事联系，这种行为严重破坏了台海及地区的和平稳定。美国的这一系列动作，清楚地表明了其策略：在保持其在亚太地区霸主地位的同时，尽可能地遏制中国的发展。然而，历史和现实都已经证明，任何试图分裂中国的图谋都是不可能成功的。中华民族有着5000年的文明史，无数次的困难和挑战只会让我们更加坚强。在国家主权和领土完整面前，任何妥协和退让都是不存在的。对于台湾同胞，我们始终抱有真诚的感情。我们希望通过增进理解、加强交流，共同促进两岸关系的和平发展。我们相信，绝大多数台湾同胞都渴望和平与稳定，都希望两岸关系能够良好发展。因此，我们呼吁台湾同胞共同抵制任何形式的分裂行动，不要被少数激进分子和外部势力所利用，损害自己的根本利益。面对当前的形势，我们必须坚持以习近平新时代中国特色社会主义思想为指导，坚定不移地推进国家统一进程。我们要继续贯彻""一国两制""方针，积极探索两岸关系和平发展的新路。同时，我们也将采取一切必要措施，坚决应对任何形式的分裂挑衅，保护国家主权和领土完整。我们坚信，正义必将战胜邪恶，和平与发展是时代的主题。任何试图阻挠两岸关系和平发展的行为，最终都将失败。让我们携起手来，共同为实现中华民族的伟大复兴，为推动构建人类命运共同体而努力奋斗。"
66765f9ffb88ab4b048dd6de,https://mp.weixin.qq.com/s/UVlxtwgGelZZb4g2VWC7-Q,金门渔民悲剧：台湾当局的回避与大陆的期待,2024,02,27,2024-02-27,在春风送暖的季节，一起意外的金门渔民死亡事件却给两岸关系投下了阴影。这不仅仅是一场悲剧，更是对台湾当局处理两岸事务态度的一次严峻考验。经过数周的等待和协商，台湾方面对于这起事件的处理依然显得犹豫不决。尽管大陆方面展现了极大的诚意和耐心，但台湾当局似乎仍沉浸在自身的立场中，不愿正视问题。这起事件其实并不复杂，但却因台湾当局的回避态度而变得扑朔迷离。大陆方面明确表示，在厦金海域并没有所谓的“禁限制水域”，渔民的行为完全是正当的。而台湾方面则坚持认为，事故责任完全在大陆方面。这种相互矛盾的立场，让事件的真相变得扑朔迷离。然而，事件的真相其实并不难以查清。从幸存者的证词到现场的照片，都可以看出台湾海巡船的撞击是导致事故发生的直接原因。但令人遗憾的是，台湾当局却选择了掩盖真相，拒绝承认错误。    面对台湾当局的这种态度，福建方面开始采取行动。他们派遣了渔政执法船艇在厦金海域展开执法行动，旨在维护渔民的权益和生命安全。这一行动不仅是对台湾当局回避态度的有力回应，也是向外界传递出大陆方面维护渔民权益的坚定决心。与此同时，国民党代表团也表达了愿意参与解决问题的意愿。他们上门“拜晚年”，希望能够与台湾当局进行对话协商。然而，台湾当局对此似乎并不领情，甚至有人认为这是大陆方面的别有用心。这种狭隘的心态和短视的行为，只会让两岸关系更加紧张和复杂。面对这种情况，我们不禁要问：台湾当局到底要回避到什么时候？他们是否愿意正视问题，承担责任？毕竟，对于这起悲剧性的事件，真正的受害者是无辜的渔民和他们的家人。他们需要的是公正和真相，而不是无休止的推诿和回避。    我们希望台湾当局能够早日醒悟过来，正视问题并承担责任。只有这样，才能为受害者讨回公道，也才能让两岸关系重回正轨。毕竟，在这个春暖花开的季节里，两岸人民都期待着和平与合作的暖风吹拂。    
66765f9ffb88ab4b048dd6df,https://mp.weixin.qq.com/s/uEakhTaxIJl2N4HIbgWn3g,金门渔船进行第六轮协商，不料双方不欢而散，大陆海警舰震撼现身,2024,02,27,2024-02-27,点击上方蓝字 关注 渔民微生活
66765f9ffb88ab4b048dd6e0,https://mp.weixin.qq.com/s/PBxDueB3R0AZ0YydAmsiaQ,"""渔船事件""后 台当局所谓“互不否认治权”告终！",2024,02,27,2024-02-27,金厦“渔船事件”在两岸一直延烧，蔡英文和赖清德不但不为此事件所造成的恶劣影响出面道歉，给遇难渔者家属和两岸同胞一个明确的说法，消除影响，化解台海危机，反而是挟洋自重，美台勾连不断，加剧台海对峙局面。民进党当局“暴力执法”，制造“渔船事件”，导致2名大陆渔民死亡，这完全是犯了“过失致死罪”。民进党当局过错在先，但就是死磕，不认错、不道歉，而且是谎话连篇，无端指责大陆渔船进入所谓“禁、限制水域”，更不愿公布事件事相，把责任推给大陆渔民。后来生还渔民返回大陆后，说出被台湾海巡艇撞翻的事实真相，民进党当局才不得不改口并放缓势态。即便真相大白，民进党当局就是不道歉、不认错，态度极其恶劣，更别说还给死者一个公道了。 “渔船事件”本是一个刑事案件，却被民进党当局进行政治操作，变成了政治事件。针对民进党当局蛮横无理，大陆果断出手，宣布福建海警船进入金厦水域启动常态化巡航执法，从而破除长期以来民进党当局所谓对金厦水域的“治权”。2月25日，福建海警组织舰艇编队在金门附近海域开展执法巡查。福建省海洋与渔业执法总队也调派2艘渔政执法船艇，在厦金海域开展渔业执法。此次任务中除了隶属于福建海警局的14608舰之外，隶属于中国海警局直属第二局的2202舰也参与了此次行动。中国海警直属力量的加入显然是对台湾方面打破金门海域稳定局势和两岸默契的一种针对性回应。这也积极回应大陆民众对此事件的高度关切。民进党当局“台独”挑衅一次，大陆就会向统一方向迈进一步。之前所谓“海峡中线”已不复存在，这次外岛离岛所谓“禁、限制水域”治权也不存在了。台湾地区前领导人马英九对外哀叹，“两岸互不否认治权”告终。其实马英九担心是多余的，两岸在走向完全统一进程中要解决遇到的一系列历史遗留问题。大陆重拳出击，让民进党当局始料未及。民进党当局犯了错，却死不认错道歉，毫无反省之意，误判大陆的决心和意志，甚至还在抱着“倚美谋独”的幻想。“渔船事件”后，美国联邦众议院“抗中鹰派议员”盖拉格率团窜访台湾，并提出要与台湾共同生产155毫米榴炮弹的主张，为民进党当局“撑腰”；美国将售予台湾价值7500万美元的“Link－16系统提升先期规划”，这是拜登政府对台第13度军售。美台勾连频频，沆瀣一气，挑战一个中国底线，使民进党当局在“台独”道路上越滑越远。民进党当局“倚美抗中”，紧抱美国大腿，痴心妄想，挟洋自重，最终得不到美国所谓“保护”，美国打“台湾牌”“以台制华”，终将是一场空，其遏制打压中国和平崛起和中华民族伟大复兴不可能得逞。中共中央政治局常委、全国政协主席王沪宁日前在北京召开的全国对台工作会议上强调，“要把思想和行动统一到党中央对台海形势分析判断和对台工作决策部署上来，进一步掌握实现祖国完全统一的战略主动。”全国对台工作会旗帜鲜明地提出，掌握实现祖国完全统一的战略主动，不仅是对民进党当局“台独”挑衅行径被动反制，而且是在推进祖国完全统一掌握战略主动，以我为主，掌握两岸关系发展的主导权和主动权，主导两岸关系朝向有利实现祖国完全统一方向发展，同时坚决打击“台独”分裂、遏制外部势力干涉，不断巩固扩大国际社会坚持一个中国的大格局，不给“台独”留有任何空间。从民进党2016年上台以来，8年时间丢掉了10个所谓“邦交国”，便可以看出大陆掌握实现祖国完全统一的战略主动，压缩台当局所谓“国际空间”。民进党当局见洋人卑躬屈膝，媚奴十足，瞬间变成“软脚虾”，而其数典忘祖，出卖民族利益，对大陆狂妄无礼，飞扬跋扈，是时候给这个夜郎自大、狐假虎威的民进党当局一点“颜色”了。“渔船事件”若民进党当局执拗不道歉，大陆会有更大的动作来惩治这个狂妄之徒，让其懂得什么叫“规矩”，什么叫“血债血还”。人命关天，大陆渔民不会白白遇难，维护渔民合法权益是大陆职责所在，大陆将追究到底，直到民进党当局给出一个让遇难者家属和两岸民众满意的交代。当然民进党当局可以选择继续对抗大陆，那么大陆接下来在台当局所谓的“临接区”以及“临海”正常警巡执法，不是不可能，届时台当局所谓“互不否认治权”寿终正寝。    华夏经纬网专稿 如需转载请注明来源评论员：言未央责任编辑：黄杨
66765f9ffb88ab4b048dd6e1,https://mp.weixin.qq.com/s/KYSgYth5n57pzso0fB-ODw,金门检察署调查2.14撞船事件：过失致死？,2024,02,27,2024-02-27,“2.14台撞击大陆渔船致渔民死伤恶性事件”，根据已打捞上岸的大陆渔船照片和台海巡部门的陈述，可以发现该船与台海巡快艇发生了数次碰撞。其中，大陆快艇的左侧船尾上的栏杆出现了明显的变形，这可能是由于撞击导致的凹陷扭曲。这个位置很可能就是导致船只翻船时的撞击点。目前，金门地方检察署正在对此事以过失致死罪进行调查。 金门地方检察署已经着手处理这起事件，并将全案列为过失导致他人死亡的事件，最后可能需要经过科学鉴定来确定海巡船员的责任，但是可能会面临民事赔偿的义务。 对此，台“海委会”负责人管碧玲27日承认，这是两条人命，人命关天，一定会朝“过失致死”方向来侦办。她称，愿意接受检视、静待检方还原真相。 针对管碧玲的言论，台湾网民对其表示强烈不满，纷纷在其发布的新闻评论区发表评论：“生命至上，双方都应该寻求真相，而不能简单地用‘过失致死’来敷衍了事。”也有人质疑，“当时的录像记录在哪里？”“从头到尾都在撒谎，他们的说法一直在变化。” 国民党前主席洪秀柱直言，“将帅无能累死三军”是该起事件核心问题，而“海委会”不思积极面对处理问题，却以隐蔽真相甚至一再带往“抗中”的风向，实为两岸之祸。
66765f9ffb88ab4b048dd6e2,https://mp.weixin.qq.com/s/nURmKpqqD_Nve1BAHTuz3Q,"金门检方：朝""过失致死""罪方向侦办",2024,02,27,2024-02-27,关于“2·14台撞击大陆渔船致渔民死伤恶性事件”，台湾《镜周刊》2月27日披露，目前金门地检署检查已确定两船有碰撞事实，因而全案朝“过失致死”罪方向侦办。报道称，此案是否有刑责仍未定，但台“海巡署”躲不过民事赔偿。《镜周刊》称，金门地检署此前紧急查扣大陆渔船与台“海巡署”巡逻艇，采证船舶相关迹证，第一时间就发现大陆渔船左舷下方有一处明显撞痕，用肉眼即可看到凹陷处，连艇上的铁栏杆都被撞到倾斜变形，另在台“海巡”船艇右舷下方，也找到一处不明显的撞击点。图片图片已打捞上岸的大陆渔船照片显示，其左后舷处有明显凹痕 图片来源：《镜周刊》报道分析，加上双方说法佐证，确定二船确有碰撞，全案已朝“过失致死”罪的嫌疑侦办，这意味着涉案人员恐面临5年以下刑事责任。报道补充，刑责定夺目前仍还要经过详细科学鉴识，不过即便刑责未定，台“海巡署”恐怕也得面临民事求偿。据台湾联合新闻网27日报道，对此，金门地检署回应称，只要是与交通工具有关的事故，第一时间都会猜测涉嫌过失致死罪；对于“海巡队”等是否应负刑责、是否涉嫌何种罪名均无预设立场．请各界不要随意推论，将秉持公正客观原则凭证据认定事实。“海巡署”此后也发布声明说，目前全案已进入司法程序，均秉持不回避的态度，全力配合司法调查。2月14日，福建一艘渔船在金门海域作业，被台“海巡署”以所谓“越界”捕鱼为由追逐，最终导致渔船翻覆，船上4人全部落海，其中2人遇难。生还渔民事后接受@玉渊潭天 采访时证实，是台“海巡”船只冲过来将其“顶翻”。“我们自己船怎么可能翻掉，要开急转弯也翻不掉，要（被）撞才会翻掉。”对于事情经过，台“海巡署”原本声称涉案大陆船只“蛇行拒检，不慎翻覆”，未提及碰撞一事，还借口称因侦查不公开“追缉影像”。直到金门地检署20日晚捅出双方曾发生碰撞，且“海巡署”在“执法”过程中并无视频记录，台“海巡署”才发新闻稿坦承高速追逐下“船身多次接触”，当时无暇录影。“整件事暴露‘海巡执法’粗糙与失误。”据台联合新闻网，有声音质疑台陆委会、海巡部门主导的协商将情势带往僵局。其27日报道说，金门与福建围头民间有深厚情谊、互动频繁，陆方谈判代表提出要真相、道歉、赔偿诉求，不是完全没折冲空间，但台“海巡署”所属“海洋委员会”“主委”管碧玲等绿营人士发言不断堆高敌意、提油救火，恐让两岸及人民造成更多误解与敌意，埋下更多可能随时引爆的地雷。图片陆方家属日前前往台海巡部门对失事渔船与“海巡艇”进行记录 图片来源：台联合新闻网与此同时，台“海巡署”与陆方代表团经过7天8次协商，因双方各有坚持仍未有结果。据台媒消息，台“海巡署副署长”许静芝等人27日短暂从金门飞回台北开会后，下午再度搭飞机回金门继续进行第9次协商。据了解，这可能是两方最后一次协商。国务院台办发言人朱凤莲21日表示，2月14日台湾方面粗暴对待大陆渔船致两名渔民遇难事件发生后，台有关方面负责人称海巡人员“执法”过程并无不当，企图掩饰其暴力行径；岛内一些人大放厥词，态度嚣张。在两岸同胞和遇难者家属强烈要求下，台有关方面才承认是因台海巡舰艇冲撞导致大陆渔船翻覆、人员伤亡，但仍以各种理由推诿塞责，对事件真相遮遮掩掩。朱凤莲强调，人命关天，公布真相天经地义。我们严正要求台湾有关方面尽快公布事实真相，严惩相关责任人，满足遇难者家属合理诉求，郑重向遇难者家属道歉，给遇难者家属和两岸同胞一个交代。我们将坚决维护同胞的合法权益，绝不允许此类事件再度发生。
66765f9ffb88ab4b048dd6e3,https://mp.weixin.qq.com/s/KViHMjq4ljON6srqzyZrww,岛内最新消息！大陆渔船事件，国台办主任撂下重话后，民进党想将金门送给大陆？,2024,02,26,2024-02-26,最近，两岸局势的焦点在于大陆渔船事件。目前大陆代表与遇难家属以及台湾“海巡署”官员已经进行了四次闭门协商，但在究责、认错和公开道歉等方面仍存在分歧，双方尚未达成共识。据相关人士透露，协商双方似乎都希望尽快了结这起事件，目前正在努力寻找一个折衷点，让大陆感到受到尊重，同时让台湾“海巡署”也有台阶下。国民党“立委”翁晓玲表示，金门县民心情紧张，担心事态扩大。她认为，台湾当局现在应该表现出更大的善意，基于人道主义给予大陆渔民抚慰金，以尽快了结这一事件。翁晓玲的表态意在促使台湾“海委会”主动承认错误，展示诚意，避免等到后悔时。随后，台湾“海巡署”署长周美伍前往金门，向逝者表示哀悼，并与大陆代表展开谈判，但目前尚未公布明确解决方案。与此同时，我国台湾事务办公室主任宋涛发表了强硬讲话，向民进党当局发出强烈信号。                                                                                               宋涛在台商新春联谊会上表示，如果台湾当局继续推行“台独”路线，不承认基于一个中国原则的九二共识将导致台海局势异常动荡。他强调，大陆坚决反对“台独”分裂和外部势力干涉，坚定推动两岸关系和平发展，维护祖国统一的决心坚定不移。宋涛的表态为民进党当局划定了明确底线。                                                    解放军东部战区发布了一则“小手抓大手”的海报，其中透露了重要信息，指出大陆的歼-20战机距离台湾海峡仅七百公里，引发了关注。                                                       台湾退役将领栗正杰指出，解放军东部战区的行动主要针对台湾和钓鱼岛，因此台湾应该对东部战区的任何消息保持高度警惕。该海报显示出对台湾尤其是金门事件的针对性，揭示了歼-20隐身战机在作战中的关键角色。解放军计划封锁台湾，北部有歼-20，南部有歼-16，海峡中线有军舰，形成对台岛的包围。                                                               深绿人士苦苓表示，如果中国大陆决定占领金门县并完全控制金厦水域，他将乐见其成。对此，我们要明确指出，金门、马祖以及台湾本岛都是中国领土的一部分，不存在让与不让的问题。民进党或许希望牺牲一些地方保住其他地方，但大陆绝不会接受，两岸统一的主导权掌握在大陆手中。● 仁爱礁取得大捷，打废菲海警雷达，打瘫补给船，052D吓跑菲船队素材来源官方媒体/网络新闻
66765f9ffb88ab4b048dd6e4,https://mp.weixin.qq.com/s/aoEZiA7Jce-EZSXkB8GMJw,深度-金门撞船后，两场涉台会释放强烈信号，重击“台独”已在路上！,2024,02,26,2024-02-26,新西兰Norvikon鼻炎膏 -它是由新西兰轻医药品牌Norvikon研发，使用的都是天然成分，无激素不依赖，抹一抹即可缓解鼻炎！添加UMF10+麦卢卡蜂蜜、99%抑菌率，源头解决鼻炎；添加了澳洲尤加利+意大利苍耳子，改善炎症，修护鼻粘膜，减少复发，有效改善鼻炎问题。正文：新西兰原装进口，气味清新，小巧易携带，成人小孩、上班上学都能用；原价99元，直接半价优惠，1支仅需49.9元，2支89.9元，活动产品，数量有限，有需求的朋友需要尽快下单！广告
66765f9ffb88ab4b048dd6e5,https://mp.weixin.qq.com/s/9BNZOp8qBW-r79VhPmWHYQ,金门渔民事件与法律观察,2024,02,26,2024-02-26,一、事件背景金门渔民事件，是指涉及金门地区渔民在海上作业或与对岸交流过程中发生的一系列事件。这些事件往往涉及到复杂的法律问题，如海上边界划定、渔业资源的分配、人员流动的合法性、安全救援责任等。金门渔民事件不仅仅是一个地区性问题，更是两岸关系中的一个敏感点，其背后涉及到的是法律、政治、经济等多方面的考量。二、法律框架下的金门渔民事件海上边界与渔业资源金门与大陆之间的海域，由于历史原因和现实情况，边界并不十分明确。这导致了在捕鱼、资源开采等方面存在争议。在这种情况下，双方应依据国际法、特别是海洋法，通过谈判和协商，明确海域的划分和资源的分配。人员流动的合法性金门渔民在捕鱼过程中，可能会因为误入对方海域、与对方船只发生纠纷等原因，被对方扣留或处罚。这就需要双方明确海上活动的合法性，制定相应的法律措施，确保人员的安全和权益。安全救援责任当金门渔民在海上遇到危险时，双方应该如何进行救援、责任如何划分，也是一个值得深入探讨的问题。这不仅关系到渔民的生命安全，也涉及到国家之间的责任和义务。三、金门渔民事件中的法律挑战法律适用的复杂性由于金门与大陆之间的特殊关系，双方在法律适用上存在一定的复杂性。如何在维护各自法律尊严的同时，确保渔民的权益，是一个需要双方共同努力的问题。法律执行的难度在实际操作中，由于海域的广阔性和流动性，法律执行存在一定的难度。如何确保法律的有效执行，减少渔民纠纷的发生，是一个需要深思熟虑的问题。法律与政治的交织金门渔民事件不仅仅是一个法律问题，更是一个政治问题。双方在处理这些事件时，需要平衡法律和政治的关系，确保既维护法律尊严，又促进两岸关系的和平发展。四、结论金门渔民事件是一个复杂而敏感的问题，需要双方从法律、政治、经济等多个角度进行综合考虑。在未来的发展中，双方应进一步加强沟通与合作，通过法律手段解决争议，促进两岸关系的和平稳定。同时，也需要加强渔民的法律教育和安全意识培训，减少类似事件的发生。只有这样，才能真正实现两岸和平发展、互利共赢的目标。
66765f9ffb88ab4b048dd6e6,https://mp.weixin.qq.com/s/rv5BfxzWVgYdTNpfMVd--Q,金门渔船事件：台当局应主动寻求解决方案...,2024,02,26,2024-02-26,文|杨仕杨花落尽子规啼，闻道龙标过五溪读者朋友们，阅读本文前，请您停留10秒钟，先点击上面的蓝色字体“杨仕塘”，然后再点击“关注”，这样您就可以继续免费收到每天分享的精彩文章了，我们会每天用心写好每一篇文章，好文章我们齐分享，星星之火可以燎原，您的支持是我们最大的动力！谢谢！金门渔船事件愈演愈烈，事态究竟会走向何方？美航母掉头返航，在中国周边的转眼只剩1艘，这又是啥情况？最近，金门渔船事件引起了岛内外的高度关注。大陆海警在厦金海域常态执法，而钓鱼岛主力2202、2203两艘船也火速南下，已经抵达金门水域。这两艘船的前身曾是解放军的军舰，如今改装成海警船，在东海钓鱼岛方向开展常态化执法。这次它们现身金门，对台当局来说无疑是一种强有力的威慑。金门渔船事件已经过去数日，但台当局至今未给出合理回应，导致事态持续升级。大陆这次的反制措施显示，大陆已经换了打法，不再只是口头警告，而是通过行动对台当局的不满表达。大陆海警在厦金海域开展常态执法，直接登上台湾游艇进行临检，并派出海警船在金门、马祖海域执法，甚至进入台当局划设的“禁止、限制水域”。这表明大陆海警的执行能力强大，对台当局的行为表示强烈不满。台当局“海巡”部门在金门海域的行为已经引起大陆的不满。大陆海警进入金门海域执法，追查台方责任，显示大陆不再容忍台当局的挑衅行为。台当局选择沉默，试图不了了之，但在大陆海警执法后，才承认双方船只多次接触，并表示通过谈判讨论赔偿问题。然而，台当局拖延处理此事，大陆和遇难渔民家属要求道歉和查明真相，台当局不能再拖延。此外，美国原本有意支持台当局，但如今在中国周边只剩下一艘航母“罗斯福”号，其他航母都有各种原因无法出港。美国无法腾出手对付中国大陆，台当局只能自求多福。台当局应该认清形势，主动与大陆沟通对话，给大陆和死者家属一个交代。美国的支持并不可靠，台当局需要主动寻求解决方案。事件的发展令人担忧，希望双方能够理性处理，避免进一步升级矛盾。麻烦动动您发财的手，点赞 是一种鼓励在看祝您 龙年大吉  万事胜意！
66765f9ffb88ab4b048dd6e7,https://mp.weixin.qq.com/s/szvqvM1PbwUS9EqyhXsCZg,倭寇滚开！日媒赴金门搅和渔民事件 大陆网友怒怼：关你P事,2024,02,25,2024-02-25,下面这张截图，展现了极为荒唐的一幕：围绕金门岛的大陆渔民遇害风波持续发酵，不但日本媒体跑到金门岛上掺和。 而且台媒对日媒报道此事一片欢呼：这说明我们有事，日本也有事！大陆网友对日媒跑到金门岛搅和此事的回应高度一致，直接喊话日本媒体——就八个字：关你P事，倭寇滚开！ 最近，台湾媒体放出一组报道截图，显示日本一家知名媒体的记者已经跑到金门岛上。 要知道日本媒体平时很少关注过金门岛的事情。而且值得警惕的是，这是一家典型的日本右翼电视台，对华立场非常激进。 这次之所以从日本总部专门派遣特派记者登上金门岛，就是为了对持续发酵的大陆渔民遇害事件进行报道。 当然，日本媒体的报道立场可想而知。从文章开头这个日本特派记者的言论就可以看出。他告诉台媒：他在金门岛看到很多台湾人非常紧张，对此很惊讶。 言下之意就是说，大陆渔民遇害这个事情只是一个小事情，为什么对面要施加压力，搞得金门岛充满紧张气氛？而台湾媒体对日本记者搅和到金门岛的大陆渔民遇害风波中，是什么态度呢？从他们的报道标题就可以看出来。 一方面，台媒对此完全叫好，认为体现了“我们有事就是日本有事”。在台媒看来，日本方面正是担心台方吃亏，所以专门派记者登上金门岛采访报道。另一方面，台媒更是将大陆渔民遇害事件淡化为所谓的金厦海域争执。从标题就能够看出，台湾方面推卸责任和甩锅的痕迹非常明显。 而随后的采访画面中，金门岛上的台湾人信誓旦旦地声称：我们没有任何过错，就是大陆渔民越界了！ 对于日本媒体专门派记者飞到金门岛进行采访，还受到了台湾方面的一片叫好，在大陆社交网络上同样引发了网友们的极高关注度。 大陆网友完全是态度鲜明地一致怒怼：这个事情关你小日本P事，非要跑来掺和！吉林网友直接质疑：倭寇跑到金门岛去，是故意捣乱的吧？ 另一个河南网友回复说：倭寇就是想浑水摸鱼，看可不可以从这个事情里面捞好处。“之前蛙蛙们不是向他的美国亲爹求助了吗？如今它们的倭寇亲爹又来了！” 甘肃网友的留言一针见血：台湾岛上这帮二货骨子里就是把自己当作倭寇后代，现在是请倭寇来幻想给自己主持公道，千万不要以为这些倭寇后代会对大陆同胞遇害有任何愧疚的心情。还有网友提醒：要警惕倭寇掺和进来的野心！更多网友直接刷屏回怼日媒登上金门岛：滚远点！最后，甚至连台湾网友都看不下去了：你一个倭寇的右翼电视台跑到金门岛上去干什么？ 
66765f9ffb88ab4b048dd6e8,https://mp.weixin.qq.com/s/xMyzjQww14KFJN7R6PZFqg,原创丨金门撞船后国家开会，释放4个对台重大信号！这下有“台独”的好戏看了！,2024,02,25,2024-02-25,20年观察 3分钟分析 点赞关注支持战友刘*展评：收到后当天拿品鉴酒来和朋友品尝，确实与众不同，口感醇厚甘甜，回味无穷。朋友也很赞赏，说没喝过这种味道酒，口感不错，十分喜欢。限量100%返利+25%抵扣，整箱再赠专属礼品+2瓶品鉴酒+福袋1套+价值850元券包！购买预付卡下单、开通VIP有厚礼，新人有礼，点下图买金门撞船事件引发国家调整，会议释放4个重磅信号！占豪关于金门撞船事件的几篇分析战友们应该都看了，占豪对这次事件有一个重要判断，那就是事件将大大加速统一台湾进程。22日至23日，2024年对台工作会议在京召开。对台工作会议每年开一次，今年会议上中共中央政治局常委、全国政协主席王沪宁的讲话与2023年会议上的讲话，在措辞上发生了重大变化，而这显然释放了非常重大的信号。第一个重大信号：未再提“两岸一家亲”过去，对台工作会议基本每次都会提到“两岸一家亲”，这一次全国政协主席王沪宁在讲话没有再提“两岸一家亲”。不提“两岸一家亲”，就是因为“两岸一家亲”不能剃头挑子一头热。台湾当局的执法船，竟然对大陆的渔民进行撞船谋杀，这突破了道德底线。这次不提，大概以后也不会再提了，这也说明两岸关系发展因金门撞船事件到了一个新的阶段。客观而言，一直以来提“两岸一家亲”都是咱们的殷切期望，是咱们对台释放的满满善意。然而，实践中我们也看到了，咱们的善意和期望被对岸的一些势力给践踏了。在这种情况下，我们还怎么可能再继续一头热呢？是不是以后真的不再提“两岸一家亲”了呢？大家看看下图，连“两岸一家亲研究院”的院长都开始放狠话了，这还能亲吗？第二个信号：明确了“坚决打击‘台独’分裂”2023年对台工作会议的讲话中，措辞是坚决反对“台独”分裂活动，但到了今年变了，明确了要坚决打击“台独”分裂。不要小看这两字之差，反对更多的切入点是态度和立场，打击则是行动和行为，两字之差天壤之别。所以，大家以后可以看好戏了，大陆对台会越来越强硬，各种手段和措施会越来越多。就像这次金门撞船事件后，直接采取措施的是福建省海警局，反应时间非常快，这说明相关的安排早就做了，就等契机了。这次契机来了，直接福建海警就上了。第三个信号：明确“坚定支持岛内爱国统一力量”一直以来，我们对台湾岛内的爱国统一的力量支持是不够的。事实上，我们应该在行动上对爱国统一力量进行大力支持，让这些力量在台湾宣传统一、推动统一，让台湾同胞看到大陆发展的成果、未来发展的潜力和大陆同胞统一的决心。过去几十年，台湾岛内对大陆信息屏蔽严重，台湾人对大陆发展情况普遍不了解，至今大部分人还停留在大陆落后台湾很多年的印象当中。只有我们强力支持台湾岛内的爱国统一力量，只有他们拥有了更多资源去发展更多爱国统一力量，我们的统一和未来的治理才会更好实现。这次特别提出“坚决支持岛内爱国统一力量”具有里程碑意义，未来国家很可能会采取一系列过去没有的政策来支持台湾岛内的爱国统一力量。第四个信号：要求“进一步掌握实现祖国完全统一的战略主动”，未提“和平统一”去年，全国政协主席王沪宁在讲话中强调要“牢牢把握两岸关系主导权和主动权”，这样的措辞说明，咱们当时还想和台湾相关各方就统一问题商量着来，所以还是强调了主导“两岸关系”发展。但是，在今年的讲话中，措辞就明显不同了，明确要求了进一步掌握实现祖国完全统一的战略主动。如何进一步掌握祖国完全统一的战略主动？显然就得有实际行动、有实际作为，这就是和过去重大的不同点。而且，我们更要看到一个细节，那就是在这段措辞中，没有提“和平统一”，只是强调了要把思想和行动统一到党中央对台海形势分析判断和对台工作决策部署上来，进一步掌握实现祖国完全统一的战略主动。王沪宁讲话中强调了推动两岸关系和平发展、推动祖国统一进程，但没有提到“和平统一”，强调了两岸的各种合作和发展，团结台湾同胞，维护台海和平稳定，但就是没有提“和平统一”。在占豪（微信公众号：占豪）看来，这就是一个重大信号，这表明不光老百姓对和平统一越来越失去希望，甚至在决策层对和平统一的期望值也越来越低了。讲话强调了要掌握实现祖国完全统一的战略主动，但却不提“和平统一”，这其中的内涵是非同一般的。大家看看全国政协主席王沪宁的讲话，这信号是不是释放得很大？是不是意味着统一进程大大加速了？这和占豪此前的判断是完全一致的。很显然，国家不希望跟着美国的节奏走，不想被美国利用，这就是讲话中强调的“掌握实现祖国完全统一的战略主动”。美国挑事想向中国专家矛盾，并且派了五艘航母到西太平洋想达到战术效果。结果呢？中国很务实，不在地缘政治上与美国纠缠，不上美国的当，而是直接海警“没收”该地区的执法治理权。因为是内政，美国对此毫无办法，但中国的目的已经达到了，美国的目的却没有达到，这就是政治博弈的高明之处。2024年，有“台独”的好戏看了！占豪今年的定制酒“龙凤之约”中有十万字的《龙腾四局》，其中就特别强调了龙年的变化。龙年这个变化之年，全球无论是个人还是国家，都容易出现大变化，这个大变化可能是快速向好，也可能是快速走差，总之一个字就是“变”！台湾的局在2024年果然也开始出现了重大变化，这次台伪当局海巡船撞翻大陆渔船导致两人死亡的严重事件，就是统一台湾的一个重大节点性事件。这次事件的爆发让全国人民看清了，“台独”当局有多恶，他们不但卖国求荣，还残杀同胞。当这件事发生后，大家看占豪的分析评论就应该看到，在国家还没有做出决策的时候占豪提出的是反切香肠，最终国家的策略也是如此。而且，占豪给了一个非常明确的判断，那就是这件事将大大促进台湾的统一，因为事件不但让大陆的老百姓对台湾失望了，连决策者对台湾各方都失望了。所以我们看到，这次对台工作会议上，大领导的讲话没有提“两岸一家亲”，强调了要牢牢把握祖国完全统一的战略主动，“和平统一”这四个字却没有提。同时，我们也应看到，国家明确了要打击“台独”的分裂活动，这又是一个明确的信号。这些信号放在一起，就说明了在金门撞船事件发生后，大陆对台的措施要大升级了，接下来国家一定会对“台独”活动进行强势打击。既然决策者是这么定调的，那么在执行层面其力度可想而知。仅仅是福建海警，一句话直接把厦金海域的治权给没收了。试问，福建海警都这么牛，那么解放军呢？其它部门呢？所以，接下来的工作逻辑不同了。过去，很大程度上强调去发展两岸关系，现在强调的是推动统一，是掌握统一的战略主动权，这其中的细节变化体现在现实中，就是各种雷霆手段。龙年新气象，让我们拭目以待吧！蔡英文赖清德们也准备接招吧！广告
66765f9ffb88ab4b048dd6e9,https://mp.weixin.qq.com/s/ergOETfHjrPILdwmaZI0Gg,台媒：中国国民党副主席夏立言明起访陆7天 将向金门遇难大陆渔民家属表达慰问,2024,02,25,2024-02-25,中国台湾网2月25日讯 综合岛内消息，中国国民党副主席夏立言26日将率团到访大陆，开展“新春拜年、关怀交流”之行。中国国民党方面表示，这是延续去年数次访陆的目标和成果，关心在大陆工作、求学和经商的台湾同胞，向他们拜晚年。据报道，此访期间如有机会，夏立言将在适当场合向近期发生在金门海域意外事件的大陆渔民罹难者家属，表达哀悼慰问之意，同时也表达，多数台湾民众不乐见两岸关系持续恶化，对此事感同身受，希望能够透过各种管道，尽快公布事实真相，两岸能够维持过去相互尊重的默契，避免冲突或类似意外再次发生。报道称，夏立言一行预计于26日出发，7天行程将到访厦门、广州、南昌、杭州、昆山、上海等台胞聚居城市，随行人员包括大陆事务部主任林祖嘉，资深顾问赵春山等。（编辑/常凯特）END-今日台湾往期推荐宋涛会见台湾电电公会交流团《繁花》在台好评如潮引 国台办：两岸共同文化根脉、共同情感共鸣从未改变台湾民众对美国信任度明显下降 国台办：美只顾自身利益，所谓“挺台”是害台、毁台
66765f9ffb88ab4b048dd6ea,https://mp.weixin.qq.com/s/d5bh8FIUAWy2ffjCZm0PAg,布林肯把话说绝，钓鱼岛主力现身金门，中方开会推动统一！攻无不克！,2024,02,25,2024-02-25,请您点击上方蓝字关注“上海热线观察”，点评台湾时事，分析台海形势，爆料国际热点秘闻。2024年伊始，台海局势陡然紧张。今年2月14日，一艘大陆快艇在厦金海域被台“海巡署”舰艇追击并导致翻覆，造成2人死亡。国台办将该事件定性为恶性事件，要求台方深入调查并负责善后工作，并明确要求台方切实防止类似事故再次发生。然而，台方的回应却充满了敌意，毫无悔意的言论甚至暗示将加强其“执法力度”。大陆在保护渔民安全和合法权益，以及维护地区和平稳定等重要问题上从未退缩。2月19日，福建海警在厦金海域开始行使其管辖权和执法权，这一行动标志着大陆正式对台施压。然而，大陆的压力并非一蹴即至，而是谨慎且持续的。如果民进党当局继续执迷不悟，大陆海警的执法范围可能会进一步拓展，甚至直接巡查台岛外围海域舰船。换句话说，这既是对台的强烈警告，更是对后果的明确预言：如此行径将导致台“海巡署”实际上丧失其管辖权。王毅外长好言相劝，布林肯把话说绝了!在这场事件爆发前，美军顾问刚刚被派驻金门。考虑到美台已经签署了“海巡合作备忘录”，我们必须提出疑问：这次事件是否是美国忽悠的?台当局故意制造“杀人案”用以试探大陆反应，并据此来作出下一步策略决策?在与布林肯的对话中，王毅外长明确传达了中国的坚定立场，强调：“台湾是中国不可分割的一部分，世界上只有一个中国。”他还向美国建议，若真心期待台海地区的和平稳定，便应坚持一个中国的原则和遵循两国之间的三项联合声明。相反，布林肯的回答却把话说绝了！显示出一种“适者生存”的思想逻辑：“如果你不是就餐中的一员，那么你就会成为餐桌上的一道菜。”其言论完全违背了普世价值，也明确表明美国意欲确保自己在战略局势中占据主导地位，极具侵略性!美国国务院发言人米勒对厦金海域局势进行评论时，留下的信息同样充满了警告意味。随后台军接命制定应对突发事件的处置方案，并将之纳入常规演练，显然是在为可能的冲突做准备。另外，据台媒报道，罹难者家属与台方的对话也在紧张环境中破裂，双方谈了3个小时却没有达成任何共识。台方选择拒绝公开事实真相，只公开了执法前的录音，这样只会引发外界对当时情况的更多猜测：真相或许比我们想象的更为严重。然而，如果台方不给罹难者家属和14亿中国人民一个满意的交代，只会倒逼大陆加速推进两岸的统一进程。毫无疑问，“台独”分子正在玩火，他们所付出的代价将是无法承受之重。在台海问题上，任何试图挑战“一个中国”原则的行径都是徒劳且危险的。大陆海警开始调整，钓鱼岛主力现身金门！在“金门渔船倾覆事件”后，台海之间的关系进入了一个新的、更加复杂的阶段。自2月18日以来，大陆海警在金门、马祖等地区的持续执法行动，这显然是一种新的挑战，对台湾方面原有的海上控制构成了挑战，并带有明显的政治含义。台军退役将领栗正杰分析称，大陆方面可能采取极端措施，比如切断大小金门、马祖等对外离岛的补给或直接收回这些岛屿，反映出台海紧张局势有加剧的风险。特别是两艘曾经作为解放军053H2G型护卫舰并参与过钓鱼岛海域行动的海警舰现身金门海域，显示出大陆对强化海上执法力度的决心。这些舰艇的转换和部署，揭示了大陆在台海以及周边海域展现力量的策略。岛内观察家认为，大陆海警进入金门海域执法的影响力甚至超过了军机绕台飞行，因为这些行动不仅是对台安全和心理层面的威慑，更直接挑战了台湾的管辖权和实际控制力。未来在台海问题上，我们将看到大陆更加坚定的决心和毅力。这表明两岸之间的紧张关系可能会在未来一段时间内持续，甚至可能升级。没想到话音刚落，官方就行动了!刚刚！北京开会！要坚定推进两岸统一进程据新华社报道，北京最近两天举行了对台工作会议，表明了中国坚定推进两岸统一进程的决心。背后的战略主动与战术威慑是建立在深思熟虑的各方面交流和压制“台独”的基础上。中国过去几年来一直坚持以和平的方式推进两岸统一进程。值得一提的是，这个统一进程不仅仅涉及到2300万岛内人口的连通、融入和治理，更是一个涉及到政治、经济、文化、军事、舆论和法律等多方面的系统工程。从这个会议中我们可以看出，中国的目标除了继续扩大实现统一的战略主动，还有在推动两岸各方面交流和对“台独”坚决打击上取得更大的成效。“战略主动”，一个在中国解放军历史上频繁出现的词汇，意味着大陆有能力通过各种方式取得台海军事实控，决定何时、以何种方式解决台湾问题。如今，随着台海战备的加强，这一原则被再次牵引到全球视线中。但这并不是唯一的挑战，美国在台海的军事活动也让局势变得更为复杂和敏感。与此同时，台湾问题逐渐嵌入中美全球博弈的大局之中。随着中国在台海的持续战备，美国大量的机动兵力被吸引过来，包括在西太部署的三支航母编队。由于台海军事实控已经在中国手中，这使得美国不得不在日本、菲律宾、韩国等地部署兵力，以防备中国随时可能对台进行的行动。这种情况下，美国的大量机动兵力被牵制，无法抽身，使得其在东欧和中东的势力范围出现退潮，虽然这是与中国全球版图重塑计划相对应的部分，但它也增加了问题的复杂性。而且，美国并未放弃在台湾的影响力，仍在投入资源支持“台独”，这就需要中国持续强化在台海的军事行动规模，以确保其在台海战略主动的地位。近期的民航线路调整、海警船巡航金门马祖海域两项行动都展示了中国对于统一事业的实质推进。在这个大背景下，中国的外交和国防部门都表示将以坚决的行动确保两岸统一。比如，东部战区23日发布视频，表态“携手出火坑，点灯驱恶魔”，显示出中国大陆正在采取新的措施，以应对挑衅不止的美国与“台独”势力。总体来看，战略主动是一个强有力的工具，中国正在充分利用这个工具，来推进对台工作，取得更多主动权。台岛的每一次挑衅，只会让大陆在“反独促统”的进程中更加坚定。然而，这并不意味着战争就在眼前，而是提醒所有相关方，要么选择和平对话，要么准备面对由自己的行为所引发的严重后果。欢迎您下方左侧一键分享至朋友圈，同时点击右侧【点赞】与【在看】，获得更多好文推荐！
66765f9ffb88ab4b048dd6eb,https://mp.weixin.qq.com/s/xuE0pdJKT0DbphIVGgaa8g,金门岛：一块台海试金石,2024,02,25,2024-02-25,台湾有部电影叫《军中乐园》，以二十世纪六十年代的金门为背景，描述了国民党军队在岛上的特殊环境和军人的生活状态。电影故事主要围绕着“特约茶室”展开，这里就是所谓的军中乐园，也即随军妓院。主人公是军中茶室的妓女和军人之间，讲述了他们的情感纠葛和生活经历，探讨了人性、爱情、友情和战争等主题。电影中的小小的金门岛，何尝不是映射台湾。逼仄苦闷的军营、以及阴郁的军旅生活、特约茶室中的女人也有各自寓意。金门岛在近现代历史上扮演了重要的角色。明朝末年，荷兰殖民者占领了台湾，郑成功率领军队在金门岛集结，经过精心准备后，于1661年从金门出发，横渡海峡，收复了台湾。1949年，中华人民共和国成立，但是由于各种原因，最终未能成功解放金门。从军事上分析，解放金门没有难度。当初保留金门岛现状，是出于政治考虑，甚至出于一种两岸共识。因为在国民党败退台湾之际，当时美国一度推动台岛独立，美国人建议国民党军队从金门岛撤离。据说是蒋介石政府极力反对。翻开地图大家可以看到，金门岛地理位置非常特殊，它位于福建省西南海域，紧挨着厦门以东，距大陆最近处只有约5.5海里。而大陆这边也敏锐的察觉到了永久分裂的风险，为了挫败美国人的计划，特意保留了金门岛现状，仍然在国民党手中。这样做，就使得国民党政府不仅仅盘踞台湾岛，还有金门、澎湖等，号称保留两个省份，福建省包括了连江县、金门县以及澎湖县。1958年，中国人民解放军对金门发动了大规模的炮击，这一事件被称为“八二三炮战”。炮击金门，仍然是基于前面说过的某种两岸共识，宣示着两岸之间的政治联系。这场炮战持续了21年，直到1979年中美建交后才停止。1992年，两岸正式达成九二共识，金门解除了“战地政务”，结束了长达 43 年的“军管”。但是实际上仍由台湾当局管辖。金门凭借它极其特殊的地理位置，从而获得了战略价值。大陆这边不动手，主要出于维系两岸的特殊联系。从另一个角度来看，金门也必然是大陆或者台岛，冲击对方的前沿阵地。金门是两岸之间的联系枢纽。就如同1661年，郑成功正是从金门出发，横渡海峡，收复了台湾。因此在台岛内，社会主流认知，也判断：金门是一块台海试金石。2024年2月14日，正值春节期间，台湾“海巡署”船只追逐一艘大陆渔船，在过程中，大陆渔船意外倾覆，船上4人全部落水，但随后4人都被“海巡署”船只救起，但其中2人最终不幸死亡。随即中国大陆海警宣布在厦金海域进行常态化执法巡查，以及解放军海空力量的频繁活动，台海局势再次引发外界高度关注。此时此刻，不仅我们大陆这边关注金门的动向，当然也牵动对岸。恰好对岸刚刚完成一轮地区选举，台独分子赖清德上台。渔船事件无疑是一场双向敲打。既是美国和台岛当局对中国大陆的一次压力测试，也是赖政府的一场开学考试，需要回答：两岸到底什么关系。为什么要提到美国？因为台海问题，迟迟不能和平解决，最重要的阻碍就是美国，尤其是当前的拜登民主党政府。大家知道佩洛西就是美国民主党领袖，2022年她窜台，代表了民主党的最高意志。直到今天，她都是美国反华力量中的强硬派别，而且在台湾议题上，一直喋喋不休。如今，2022年勾兑佩洛西的萧美琴，已经成为岛内二把手。意味着美国民主党在台湾势力，不是减弱，而是增强了。美国国会最新一轮的乌克兰援助法案，实际偷梁换柱，早已经把台湾也囊括在内，这部分涉及金额48亿美元，虽然只占到总金额的5%，但如今美军近半数的航空母舰被派到东亚。未来，美国对台湾的赌注还将加倍。如果说共和党特朗普的风格是狠辣，希望直来直往敲竹杠，那么美国民主党则更显阴毒，甚至更加不好对付。小民哥总结民主党的打法，是善于擦边和极限施压，然后通过操控舆论颠倒黑白。这一次金门渔船事件，已经有各种版本流出，试图把事件抹黑成一场大陆方面的预谋挑衅，这无疑又是一次美国民主党式的舆论战，关键是在国际上人家的声量更大。因此，不要以为正义在你这边，就真的在你这边。你的敌人比你更知道你受的委屈。而我们的应对策略，不仅仅是需要硬实力，还必须在软实力方面，逐渐谙熟他们的套路、练就解套大法。说到底，未来的对抗，到了中美这种级别，大概率不是直接的热战冲突，也不会是冷战模式，而是综合各种软硬件的持久暗战 ……识别关注我
66765f9ffb88ab4b048dd6ec,https://mp.weixin.qq.com/s/OpXVr3fTzdohUaYNnEkfhQ,关注金门渔船事件！台湾旺旺中时新闻网：陸船翻覆2死 到底有沒有畫面？郭正亮猛然發現驚人疑點,2024,02,24,2024-02-24,一艘大陸漁船在金門海域，被台灣海巡船追緝，導致翻覆釀2死事件；海巡署表示，在高速追逐的狀況下，船身多次接觸，未能及時錄影。前立委郭正亮質疑表示，他個人感覺是有錄像，可是公布結果也許會更糟，所以才不公布，寧可被罵「違反作業規範」。郭正亮今(23日)在中天《盧秀芳辣晚報》節目中表示，海巡署公布的調查報告稱「在高速追逐下，船身多次接觸」。可是看起來就只有那一次接觸，而且海巡的船頭疑似撞到陸船的船尾。郭正亮接著點出，海巡稱因為高速追逐，所以手持錄像機不穩，所以拍不下來。他卻認為，海巡的SOP，是距離400公尺就要開始錄影，事實上，還沒追逐之前手持錄像機就要拿出來了。他個人感覺是有錄像，可是公布結果會更糟，所以就不公布，寧可被罵「違反作業規範」。兩害取其輕，也許還有其他行為。郭正亮並質疑，陸船為什麼要蛇行，海巡一定會廣播叫停，難道不會威脅對方嗎？若是有威脅對方，聲音就會被錄下來，一旦把這個東西公布，結果不是更糟。所以也許兩害取其輕，寧可被罵違反作業規範、沒帶密錄器。（本文来自中时新闻网）
66765f9ffb88ab4b048dd6ed,https://mp.weixin.qq.com/s/lKss8fMKiAHoru0F6WUJFw,金门海域台方驱离大陆渔船致死事件，台方在隐瞒什么真相？,2024,02,24,2024-02-24,驱离行动的具体经过和时间线金门海域台方驱离大陆渔船致死事件中，台方的行动经过和时间线至关重要。据报道，事件发生在某一特定时间点，当时台方舰艇进行了驱离行动。驱离行动可以分为以下几个步骤：首先，台方舰艇巡逻发现大陆渔船，并根据相关法律规定判断其非法作业。随后，台方舰艇通过广播、信号灯和警告声向大陆渔船发出警告，要求其立即停止非法作业并离开该海域。然而，大陆渔船并未配合，依然继续非法作业。在警告无效后，台方舰艇采取了强制手段，如高压水枪、撞击等，试图迫使大陆渔船离开。然而，在这一过程中，不幸发生了意外事故，导致2名渔民不幸遇难。台方迅速展开救援行动，同时通知相关部门进行调查。这是驱离行动的具体经过和时间线，台方在其行动中是否有失误，需要进一步调查和揭示真相。在金门海域台方驱离大陆渔船致死事件中，关键问题是台方是否使用了武力或暴力手段。据目击者和相关媒体报道，事件发生时台方派出了武装人员和军舰前往现场。在驱离过程中，台方人员使用了高压水枪和警棍等手段，与大陆渔船上的渔民发生了冲突。这些行为引发了严重的后果，导致多名渔民受伤甚至死亡。然而，台方却在事后试图掩盖和隐瞒这一真相。他们声称自己的行动是合法的执法行动，否认使用了过度武力。然而，现场的视频和照片却清楚地显示了台方人员使用武力的场景。这使得人们对台方是否存在隐瞒真相的企图产生了怀疑。尽管台方试图掩饰真相，但事实是他们使用了武力或暴力手段。这种行为不仅违反了渔民的合法权益，也损害了两岸关系的稳定。因此，我们需要进一步调查和揭示台方的真实行动，并追究相关责任人的责任。只有通过公正的调查和追责，才能还原事件的真正经过，并为遇难渔民争取公道。在金门海域台方驱离大陆渔船致死事件中，关键问题是台方是否采取了及时而有效的救援行动。根据目前的报道和证据，可以看出台方在此事中存在着隐瞒真相的嫌疑。据信，当台方发现大陆渔船遇险时，并没有立即展开救援行动，而是选择采取驱离措施。这个选择引发了一系列的争议和质疑。为什么台方没有第一时间启动救援行动？他们是否忽视了遇难者的生命安全？台方的回应并没有能够完全解答这些疑问。此外，对于伤亡人数的问题，台方也没有提供明确的回应。这一点让人们对台方是否在隐瞒真实情况产生了怀疑。对于这次事件，台方的无动于衷和缺乏透明度都值得我们深入关注和思考。台方在金门海域台方驱离大陆渔船致死事件中的回应和说法引发了广泛的质疑。一方面，台方声称其行动是出于维护海域安全和捍卫主权的需要，并对大陆渔船的非法捕捞行为进行了强烈谴责。然而，事实上，台方的军舰在执行驱离行动时采取了过度武力，导致渔船上的渔民不幸死亡。台方在回应中还声称，他们尽力避免使用致命武力，并称渔船上的渔民可能是因为其他原因而死亡。然而，这一说法缺乏证据支持，并且与目击者的证词相矛盾。目击者称，台方军舰开火时未曾警告，导致渔民无法及时避难。此外，台方还未公开渔船上的摄像监控记录，引发了对其隐瞒真相的怀疑。台方对事件的回应存在着真实性的疑问。他们所声称的渔船上渔民死亡的原因与目击者的证词不符，且未提供充分的证据来证明其言论的真实性。台方的隐瞒行为引发了公众对事件真相的质疑，需要进一步调查和曝光。在金门海域台方驱离大陆渔船致死事件中，我们需要对台方是否向外界隐瞒或歪曲真相进行深入探讨。台方在事件发生后的信息公开程度值得商榷。尽管事件引起了广泛关注，但台方并未积极回应外界的质疑，也没有提供更多的相关信息和证据。台方对于事件的处理态度可谓暧昧不明。他们在公开场合敷衍搪塞，回避关键问题。这种不透明的态度引发了更多的疑问和怀疑，使得外界对事件真相的了解越发困难。台方对于事件的表态存在一定的矛盾和不一致。从不同渠道获得的信息、视频和证词揭示了台方可能对事件始终持有不同版本的说辞和解释，这进一步加深了外界对于台方是否隐瞒真相的质疑。综上所述，台方在金门海域事件中是否向外界隐瞒或歪曲真相尚待进一步调查和证实。台方在金门海域台方驱离大陆渔船致死事件中是否封锁了相关信息？这一点引发了人们的疑问和探讨。一方面，台方的行动迫使大陆渔船翻沉，造成了多名渔民的死亡，因此台方可能希望封锁事件的真相以避免责任追究。另一方面，通过媒体报道我们可以看到，台方在事件发生后并没有公开详细的调查报告或解释，这也引起了人们对于是否存在封锁信息的怀疑。封锁事件相关信息的目的可能是为了掩盖台方在此事件中的责任，或者是为了避免进一步的冲突升级。封锁信息不仅会导致公众对事件真相的质疑，也会给人们留下台方故意掩盖事实的印象。这种封锁行为会引发更多的猜测和猜测，而不利于事件的真相和责任的查清。因此，我们有理由怀疑台方是否封锁了事件的相关信息。封锁信息可能会导致公众对事件真相的质疑和不信任，也会给台方带来更多的舆论压力。对于事件相关信息的封锁行为，我们需要进一步调查和揭示真相，以维护公正和公信力。“点赞”“在看”
66765f9ffb88ab4b048dd6ee,https://mp.weixin.qq.com/s/3tCCX5jlib0ABfKc1-ZQMA,金门翻船事件升级　倒逼大陆从登船临检到上岛巡视？,2024,02,24,2024-02-24,2月14日农历正月初五，一艘大陆福建渔船在台湾金门海域翻覆，船上四人全部落海，其中两人丧命。该事件延烧至今，已成为两岸冲突新的引信，由于真相未明，台方紧咬乃「执法」，陆方则相应提高回应层次，包括海警部门在厦金海域开展常态化执行巡查，并要求「须给遇难者家属和两岸同胞一个明确交代」。事态发展显然正在扩大，民进党政府自以为的「低调」，其实是在火上浇油。两条人命没有一句道歉回顾事件发展，最初民进党政府主管机关将重点放在该船只为「三无船」，即「无船名」、「无船舶证书」、「无船籍港登记」，「侵入」台方划设的「禁止、限制水域」，并在海域中「蛇行」而造成翻覆。台湾「海洋委员会」主委管碧玲也强调，「海域执法是必要的；（台湾）海巡不会粗暴对待大陆渔民」。显然台湾方面有意「居高临下」，将意外发生的责任归咎到大陆渔船身上。不过，随着新事证不断出炉，台方原有的说法越来越站不住脚。起先台湾「海巡署」以「侦查不公开」为由，拒绝公布现场录像。当大陆遇难家属要求看现场录像时，海巡署则改口称「因现场慌乱没录像」。原来台方锁定的「蛇行」焦点也被打破，金门地检署表示双方「发生碰撞」，海巡署旋即改变说法为「船身多次接触」。此外，央视旗下微信视频号「日月谭天」，2月21日发布独家采访影片，生还人员指证，是台湾海巡船在未减速的情况下，向大陆渔船冲过去，「给我们顶翻掉了」。台湾方面目前舆论还在吵海巡人员究竟有没有录像、为何没有画面等问题，但大陆生还人员的证词，等于将真相还原往前推进了一步，整个大陆舆论场也随之炸锅，要求「严惩凶手」的声浪水涨船高。时至今日，负责两岸事务大权的蔡英文，未曾出面说过一句话。而陆委会的说法，则与「海委会」口径一致，强调「严正稳健执法」。台湾有看法认为，民进党政府是刻意保持低调，不让冲突升级。此说法看似有理，却不符合逻辑，因为民进党政府流露了的「高姿态」味道，让人想起2016年陆客团在台发生火烧车意外，无论是当年的24条人命，还是本次的两条人命，台湾方面连「抱歉」两个字都没有，还能见到网上一片冷血般的冷嘲热讽。美国已发现事态严重性民进党政府希望「以拖待变」，但显然大陆方面已不愿再退让和忍气吞声。国台办连日发表措词强硬的声明，事发当天即对台方「强烈谴责」，2月17日更进一步明确表态厦金海域「根本不存在所谓『禁止、限制水域』一说」。2月18日中国海警局发言人甘羽表示，福建海警局将「在厦金海域开展常态化执法巡查行动」；国台办随之呼应，「坚决支持大陆海警部门在厦金海域开展常态化执法巡查行动」。一直到2月21日，国台办再次「强烈谴责」，指「强烈谴责台方粗暴对待大陆渔民的行径，强烈谴责台方漠视生命『暴力执法』又刻意隐瞒事实真相的恶劣做法，并对台方事后种种毫无人性的冷漠言行表示强烈愤慨」。并提出「尽快公布事实真相」、「严惩相关责任人」、「向遇难者家属道歉」等「给遇难者家属和两岸同胞一个交代」的三项诉求。陆方亦非「只说不做」，2月19日金门蓝色公路「初日号」游艇行经大二胆海域、五通水道附近时，遭福建海警局强制登船临检约30分钟，船上游客事后回想：「很怕回不了台湾」。台湾「中央社」19日发出独家报道，当天上午有四艘大陆海警船在厦金海域出没，围绕金门北方、南方及东南方海域航行，其中一艘长达92公尺。值得关注的是，陆方在厦金海域对台船展开实际执法行动后，台防部的态度却异常低调。台防长邱国正2月20日在立法院受质询时回应，这件事归台湾海巡署处理，台军不会主动介入，介入的话会引发冲突。也在同一天，美国国务院发言人米勒（Matthew Miller）对此表态，称美国正密切关注北京的行动，并敦促各方克制，不要片面改变台海现状。结合米勒与邱国正的说法来看，连美国都已经看到事态的严重性了，正在出手控管，对象即民进党政府。从登船临检到上岛巡视？中国大陆在厦金海域的实际做法，现在能够看出北京近年来在主权议题上的思路与作为。例如2012年日本片面宣布将钓鱼岛（台称钓鱼台，日称尖阁诸岛）「国有化」后，中国即持续派遣巡逻船在周边海域航行，并增加大型船只数量。2015年9月7日起，北京逐次公布中国海警编队在钓鱼岛领海巡航的记录；2023年9月15日起，中国在钓鱼岛领海巡航更由海警编队，进一步提升至海警舰艇编队，「进行正常维权巡航」。只要有日本游艇或巡视船进入钓鱼岛领海，中国海警舰艇便会「依法驱离」，以实质行动强化对钓鱼岛的主权声张。又如2022年时任美国众议院议长佩洛西执意访台，事后解放军发起大规模「围台」军演，大批战机船舰越过台方主张的「海峡中线」，划定的军演范围更涵盖了台岛所谓「领海」的12海里范围内。此举无疑等于「没收」了「海峡中线」的宣称，也对台湾的「领海」与「领空」说法发起挑战。回到此次金门翻船意外台方所主张的「禁止、限制水域」，其实是台防部于1998年依台湾《两岸人民关系条例》所公告，属于台湾单方面的行政公告，而非两岸协议。由于民进党政府对于翻船事件至今没有正面回应，甚至有意将「禁止、限制水域」上纲到「国境」的层次，陆方海警实质的常态化执法巡查，等于就是「没收」掉了台湾的「禁止、限制水域」，强化了对台湾的主权宣示。如果民进党政府还是抱持着高高在上的态度，对于两条人命的离世冷眼以对，只会令两岸关系陷入敌意螺旋。已有台湾退将栗正杰提出示警，台方如果没有妥善处理，未来大陆可能直接「没收」小金门、狮屿等几个台湾小离岛。换言之，今天是「登船临检」，来日恐怕将「上岛巡视」，对台湾方面来说，反而可能是弄巧成拙。
66765f9ffb88ab4b048dd6ef,https://mp.weixin.qq.com/s/tNXxvOggkjWj_9F8RCjiXA,“金门事件”真相曝光，大陆海警临检台游船，台当局要逐渐适应,2024,02,23,2024-02-23,聊聊台湾地区“海巡署”撞翻大陆渔船，导致两人死亡的事情啊。主要是两个消息，1、中国海警部门迅速做出反应，无视台当局禁止线、限制线的说法，对一艘金门游船“初日”号进行了登船临检。据前方传回的消息，共有6名海警队员登船，检查了半个小时，就正常放行了。大陆海警部门开展执法巡查行动过了一会儿，台当局所谓的“海巡署”才派来两艘海巡船，护航“初日”号抵达金门。整个过程中我方表现得极为克制，而在台湾，就堪称十级地震了。该游船上的乘客说，害怕会被抓，回不去台湾。绿营比这些游客还慌，呼吁大陆不要把姿态拉得太高，要充分了解台湾的善意。连蓝营也非常阴险地来了一句，世界大战都是小事引起的。很好，这就是岛内政客们的论调。我们的渔民，因为台“海巡署”的撞击命丧大海，说这是小事也就罢了，我想问问蔡英文、赖清德之流，这件事从头到尾，哪里体现出了台当局哪怕一丝善意？绝不惯着！大陆海警登上金门船只现在，另外两名还活着的渔民已经回到大陆，在当事人的讲述中，整个事件的真相已经非常清楚。大陆渔船明明是在正常捕鱼，遇到台巡查舰后，也按要求停了船，但之后就遭到巡查舰的撞击，渔船上4人全部落水。用台湾方面的说法，是该渔船进入了“限制水域”，才导致悲剧发生。可事实上，作为中国不可分割领土的台湾地区，有什么资格，在大陆面前谈限制水域？对我们来说，两岸是一家。很多事情可以用“默契”来解决，金门渔民可以进入厦门海域捕鱼，厦门渔民也可以过去，在实际操作中，从来没有什么禁止线和限制水域。台湾政客们要拿这个做文章，在美国政府面前邀功请赏，我们也不阻拦，最多就是国台办警告，但随着此前美国众议院议长佩洛西窜台，和此次的“金门翻船事件”，台当局已经彻底消耗掉了我们的耐心。金门船只接下来可以预期的是，以此次登船临检为起点，大陆将实现对整个金门岛，包括周边海域的常态化巡航、管控，以后来这边旅游的台湾民众，肯定会经常接受临检，这种事多来几次就习惯了。这就好像，我们对台湾民众和游船的一次“适应性训练”，你们迟早有一天要回来的，那就从现在开始熟悉吧。至于台当局的“惊诧”，还有某些政客出主意说，遇到大陆海警船要直接逃跑，我们还有另外的账要跟他们算，请问台湾“海巡部门”，事件发生时的录像呢？谁犯下了这起血案，总要把肇事者交出来吗？时至今日，蔡英文、赖清德没有关切和哀悼过遇难的渔民，台“海巡部门”则表示，根本没有录像。赖清德按照各国通行的标准，海巡执法必须要录像，难道台“海巡部门”不懂吗？有人就说了，在删除录像方面，台当局的经验相当丰富，只要是对自己不利的证据，会第一时间处理。那行啊，等我们像解决缅北问题一样，对这几位凶手发出正式通缉令的时候，我就想看台当局会如何处理。其实我们都知道，民进党打的是什么算盘。台湾地区对美国还有用，他们对大陆展示强硬也有美国人“擦屁股”，自己表现得越强硬，越能忽悠住台湾民众，说民进党在维护他们不存在的“主权”。但实际上，我们临检台湾游船，在金门周边实现常态化巡航，才是真正的行使主权。这只是大陆例行巡查的一部分，台当局根本无须大惊小怪我们对台湾地区的战略依然是明确的，即：从政治、经济、国际舆论等领域，逐步压缩台当局的活动空间，美国可以在台海问题上“切香肠”，我们也可以从“金门事件”开始切，看看谁的刀更快。在这个过程中，台当局能做的事情极其有限，给他们一个胆儿，也不敢和大陆硬碰硬，除了继续给美国送钱，靠军购案造势之外，台当局找不到任何反击的抓手。另外在经济层面，“停止惠台”是必然会发生的事，20年前，或许我们在国际经济体系中的地位还很弱小，和台湾地区是平等，甚至弱于对方的关系，但现在，大陆在全球体系中，已经能和美国正面掰手腕了。咱们把目光放的长远些，台当局必然会在大陆的施压下，逐渐被踢出全球经济体系，当两岸关系真正影响到台湾民众的生活时，民进党就算再会宣传造势也没用。解放军亮剑台海，“台独”慌了！有人就会问了，如果美国伸手怎么办，有消息说他们的特战队已经进驻金门了？我觉得，完全不必担心，美国或许会在台海问题上给我们使各种绊子，但有一个底线不会变，台海问题只是中美对抗的一个环节，甚至不是最重要的环节，当美国人发现，他们无法彻底击败中国的时候，台湾地区就处在一个随时可以放弃的状态。而我们做的事情，不管是绕岛军演，还是常态化巡航，都堂堂正正，任谁来都无可指摘，最后做个总结吧，随着此次事件的不断发酵，两岸的新态势已经来了，以前，我们在台海问题上一直保持着菩萨心肠，或许以后，也该试试金刚手段了。
66765f9ffb88ab4b048dd6f0,https://mp.weixin.qq.com/s/QgZgWdsm4LriwVbrJZk2Pw,“金门渔船事件”，只会推动解决台湾问题更近一步！,2024,02,23,2024-02-23,       这几天，围绕台湾有关方面粗暴对待大陆渔船恶性事件的关注仍在持续。      看看时间线：      1、2月14日的一次执法行动中，台岛“海巡署”在金门水域驱赶了一艘正在作业的福建渔船，造成福建渔船翻覆，4名船员落水。在营救过程中，不幸有2人遇难，2人被救起并被扣留。台“海巡署”宣称，大陆船只越界捕鱼且拒检。      2、大陆海警部门2月18日宣布，福建海警局将加强海上执法力量，在厦金海域开展常态化执法巡查行动。      3、2月19日，金门一艘载有台湾游客的游轮遇大陆海警登船临检，引发台媒关注。      4、2月20日，福建泉州市红十字会等派人陪同家属，经泉金客运码头搭乘“八方”轮赴金门，接回2名生还人员并处理相关善后事宜。       5、各界发声：      国台办发言人朱凤莲表示：2月14日台湾方面粗暴驱离大陆渔船致两名渔民遇难，草菅人命，态度恶劣，引起大陆各界强烈愤慨，严重伤害两岸同胞感情，严重破坏两岸关系。大陆海警部门开展常态化执法巡查行动，有利于维护相关海域正常秩序，保障大陆渔民生命财产安全。我们对此坚决支持。      美国国务院发言人马修·米勒就此表示：“正密切关注北京的行动”“敦促各方保持克制，不要单方面改变现状”。       台湾陆委会宣称：台方海巡单位执法“过程并无不当”，为维护渔民权益需“严正执法”。       国民党主席朱立伦表示：民进党绝对有责任降低两岸对抗风险，也要寻求一切对话，避免两岸冲突。朱立伦说，基于人道他要表达最大的哀悼，对于任何人命的关切是不分两岸彼此的，更不希望此时用恶意或用任何的冲突来造成两岸关系的恶化。       “已所不欲，勿施于人”。厦金海域自古就是中国的领土，两岸渔民一向和谐地在该地捕渔，根本不存在任何“界线”。此次台“海巡署”居然以大陆渔船“越界”为由，引发如此恶性事件。这么做，两岸关系遭到破坏，两岸渔民的利益也直接受损。       不是不报，时候未到而已。这不，我们的海警立马有反应。对台湾方面的船只登船安全检查，这以后完全可以是常态。湾湾，你能怎么办？你想怎么办？       有时候一些简单微小的事件往往成为解决问题的爆发点，这样的例子屡见不鲜。1988年中越南海海战，不就是因为越军无视中国考察人员的警告，首先使用冲锋枪向中国岛上人员开火，打伤中国考察人员吗？我们忍无可忍出手，收复此前被越南非法侵占的永暑、华阳、东门、南薰、渚碧、赤瓜等六岛礁。后又顶住国际压力，坚持在南沙群岛吹填成人工岛，具备十分重要的战略价值。     再看因美国前议长佩洛西串访台湾省，大陆即刻采取强力措施，军机越过台湾海峡中线，从此宣布所谓的中线不存在，都是祖国大陆的空域，必要时可以随时进入相关空域巡航。解放军通过在台海的常态化训练，在台岛周围编织了一个“口袋阵”。一旦台海真的有事，那么解放军对付岛内极端分子就如“探囊取物”，美国和日本都只能“干瞪眼”。想象一下，湾湾正吃着火锅唱着歌，天空中不时有解放军飞机的轰鸣声，会是什么感觉？               战术有千万条，敢打是第一条！湾湾No zuo no die！台伪当局每向台独越界一步，我们就向统一前进一步，两岸统一指日可待！
66765f9ffb88ab4b048dd6f1,https://mp.weixin.qq.com/s/703XQFOrmUoLIbb1oyMPow,台湾金门海巡队撞翻大陆渔船致2死事件会如何结束,2024,02,23,2024-02-23,台湾金门海巡队撞翻大陆渔船致两名渔民死亡事件已经过去九天时间了，在这九天里，由于台湾海巡方面对此事真相的掩盖，台湾绿营民进党当局推诿卸责，让事件从一起海上渔船冲突升级为两岸政治冲突事件。图片由于绿营民进党对大陆的敌视意识形态立场，事件刚被媒体曝光出来的时候，就撒谎捏造大陆渔船是渔民自己蛇形驰行造成翻覆，把翻船致死责任推给了大陆渔民，同时利用1450网军带风向，强调大陆渔民越界行为，放纵岛内网络上对大陆渔民的敌视和羞辱性的极端言论。图片目前台湾海巡部门负责人是绿营台独顽固分子管碧玲，事件发生之后一直都是对大陆渔民冷漠态度，主张海巡队执法没有任何错误，并且声称要继续坚持强硬执法。图片之后被金门地检署调查爆出海巡船和大陆渔船有碰撞的真相后，台湾海巡部门虽然不得已承认，但仍然指控是大陆渔船拒检而自撞，拒不承认是海巡船撞翻大陆渔船，依然借口忘记拍摄录像证据资料，来了一个死无对证掩盖真相混淆事实死硬立场。图片台湾绿营民进党当局对大陆渔民生命财产安全如此冷漠的态度，大陆采取了反制措施，宣布台湾方面在各个海域划定的所谓禁止、限制线不存在，大陆海警部门立即开始在相关海域常态化巡查，自此两岸也没有过去对相关海域行动的默契。此举一出，特别是福建海警船登上一艘金门观光船进行检查的事情发生之后，台湾岛内开始意识到金门事件不再是原先台湾海巡部门所能够承受的，而是升级为两岸政治冲突层级。图片目前落海遇难渔民家属要求台湾方面严惩相关负责人，同时给遇难者及家属道歉，但台湾方面依旧坚持海巡执法没有过错，只愿意以人道层面和遇难者家属商讨善后补偿方案。图片显然，大陆方面在金门渔船翻覆致死事件上，原先选择低调处理的善意并未得到台湾方面的善意回应，反而还引导舆论指控大陆有关部门没有管理好渔民出海而导致渔民渔船越界，台湾方面不仅不承认执法错误，反而反咬大陆一口来推卸责任，继续引导台湾民众对大陆的仇视。那么现在两边难以达成共识就此形成僵持局面的情况下，接下来此事件最终会如何结束呢？我来做个预测分析：如果大陆方面不继续升级对台湾方面的压力，同时美国方面不给台湾绿营民进党施压，台湾民进党当局依然会坚持现在的强硬立场，不会严惩相关负责人，台湾海巡部门也不会为过当错误执法道歉，相关赔偿也只会由第三方保险来赔。图片2016年5月，蔡英文上台之后，台湾海巡部门就一改过去马英九时期两岸友好的默契，在相关海域对大陆渔船进行疯狂地驱离和扣留，根据台湾海巡署的统计数，从2016年7月到2023年11月，累计驱离大陆渔船9100多次，扣留大陆渔船将近400艘，没收大陆渔船80多艘，这还不包括台湾方面扣留大陆渔民后对他们进行罚款处罚。从上面这些数字就可以看得出，台湾绿营民进党上台后，采取了对大陆积极敌视的态度，对大陆渔民进行了长期的非法迫害。他们如此作为无非就是要彰显对抗大陆的意识形态立场，巩固他们的选票基本盘，事实上也对大陆两岸一家亲口号沦为了空话，让大陆渔民深受其害。所以，当前金门事件的舆论风口上，台湾绿营民进党更不会对大陆的立场有所软化，正好相反，他们还要在这个时候表现得更加强硬的态度，特别是有大陆渔民死亡，可能还让他们背后的极端支持者叫好。但目前还没有看到美国方面给台湾绿营民进党施压，昨天美国白宫、政府、军方等三方面的发言人都出来对金门事件表态，希望大陆对此事保持克制，不要改变两岸现状。而台湾岛内媒体也在这个时候积极炒作美国5艘航母要齐聚西太平洋的新闻，这样的舆论操作无非是想要让台湾民众不要怕，有美国航母做后盾，现在对大陆强硬，大陆也不敢对台湾怎么样，这就是所谓的挟洋自重。茶余建议大陆方面不妨再升级，对台湾外岛的周围海域实施全面海域管制措施，要求对所有出入的台湾船舶进行检查。只有升级到这个层面，美国方面可能才会紧张，台湾绿营民进党当局的态度才会有变化。图片东部战区在今日发了张图，不知道这是否也代表了大陆方面释放一个信号，后续最终结果是否会如预测分析一样，大家拭目以待！
66765f9ffb88ab4b048dd6f2,https://mp.weixin.qq.com/s/nMPafi4EcgsM68wDu9dsBQ,解析金门渔船事件：两岸关系有四字内核，赖清德无视必有麻烦,2024,02,23,2024-02-23,  核心提要：  “不在乎现在台湾民间怎么想，只在乎什么时候打”“都这种时候了，说这些也没用了”，前一句，是这几年大陆网民常发的评论；后一句，是如今在提及缓和两岸关系时，两岸民间很常见的反应。2月20日，金门地检署证实，台湾海巡队驱离渔船过程并无录像。一开始自陈按理执法，而后才爆出没有依规定录像，互换立场，若今日是台湾渔船出事，台湾舆论同样会非常愤怒，家属都会难以接受。不论录像与否，表达慰问与关怀、积极沟通、尽力帮助家属善后，是人之常情，而非第一时间强调“就事论事，我没错”。进一步说，两岸关系特殊且敏感，如今民进党口中的一些“法理”，实乃过去马英九时期与大陆有互信所致。 ▎2月15日，台湾国光剧团在台湾戏曲中心举行新春开箱仪式，男女演员跪在中国戏曲祖师爷唐明皇塑像前，期许龙年新气象。大陆在面对台湾问题时有两个核心：一个是同胞之情，一个是民族主义，大陆涉台不论宣传、还是决策，往往也基于这两个核心。
66765f9ffb88ab4b048dd6f3,https://mp.weixin.qq.com/s/FCWOhgQxK_0UzJkOZ9KXtQ,金门渔民惨案，解放军兵分三路逼向台海，大陆打“台独”思路曝光,2024,02,23,2024-02-23,请您先点击上方⬆️蓝色小字关注下，每日更新精彩内容哦民进党当局采取野蛮行动，导致两名大陆渔民惨死。事件发生后，大陆福建海警立即宣布了措施，在厦金海域实施常态化巡航。另外一方面，解放军这两天也有所行动。专家指出，未来几年，大陆打击“台独”势力的思路已经曝光。台防务部门发现，2月19号陆续发现歼-10、运-8及无人机等各型主、辅战机共计17架次解放军军机在台海周边活动，其中11架次兵分三路，飞越根本不存在的“海峡中线”及其延伸线，进入台岛所谓“北、中部及西南空域”。值得注意的是，也是在19号当天，福建海警在厦金海域巡航，并且登上了一艘台湾的游船进行了检查，大概半小时后就离开了。大陆海警临检并且常态化巡逻这件事，有着重大的意义。首先，这是宣告了对厦金海域的管辖权，台湾本就是中国领土不可分割的一部分，厦金海域的管辖权，一直属于大陆。此前大陆海警并没有在这里执法，是因为这里是两岸渔民打渔捕捞的传统作业区，出于善意考虑，从来都没有为难台湾渔民，甚至还对台湾渔民提供大量帮助。即便台海巡部门屡次在这里驱逐大陆渔民，最后都在双方沟通协商下妥善解决。但是民进党当局恩将仇报，粗暴对待大陆渔民，这次还害死了2名大陆渔民。我们海警出于保护大陆渔民的需要，就不得不采取行动，保持常态化巡逻，防止类似事件再次发生。第二、大陆宣布在这里执法，等于剥夺了台当局在这里所谓的“管辖权”，这也造成了台当局的活动空间被进一步压缩。继所谓的“海峡中线”消失后，所谓的厦金海域“限制水域”，荡然无存。另外一方面，对于这件事情的处理，国台办2次进行了强烈谴责，要求民进党当局方面立即放人，查清楚真相，严惩凶手，并且宣布保留进一步采取措施的权力，一切后果由台当局承担。大陆对台当局施加了强大的压力后，台当局果然怂了，立即宣布放人。要知道，事件刚发生的时候，台当局的态度可不是这样的，当时他们声称要严惩这2名幸存的大陆渔民，会把他们关押3-5个月，结果现在台当局自己打 脸了。这也充分说明，台当局害怕了。梳理这整件事情，就不难发现大陆打击“台独”的思路。首先是民进党方面发起挑衅，然后大陆发出严厉警告要求民进党如何如何做，结果民进党置之不理，于是大陆方面采取措施，然后民进党当局吃瘪并损失一部分“权益”。台当局声称的所谓“海峡中线”消失，也是遵循这一大致过程。可见，只要是民进党当局敢冒头一次，大陆就将坚决打击一次。这也是接下来几年大陆打击“台独”势力的大致思路。无论民进党当局与美国等域外势力如何“谋独”，大陆都有信心与实力，破坏掉他们的阴谋，然后一步步坚定推进祖国统一进程。大家对此有什么看法，欢迎一起讨论！您的“点赞”和“在看”是对我们最大的支持！
66765f9ffb88ab4b048dd6f4,https://mp.weixin.qq.com/s/K-FvlRONdckjNJ3OWC04ZA,驳斥台方关于金门海域渔民落难事件的谬论,2024,02,23,2024-02-23,2月14日，大陆一艘渔船4名渔民在金厦海域遭到台湾海巡部门的粗暴对待，造成2名渔民落难身亡。事件发生8天来，台当局有关部门、相关人士、社会舆论死不悔过，歪理狡辩，甚至冷血诬陷，连基本的人道同情都未予表达。作为熟悉对台情势，又熟悉沿海渔业工作的我，一定要站出来，和台方歪理直球对决，为受委屈多年的渔民发声。谬论1：大陆渔民越界是涉嫌偷渡走私犯罪这种言论虽未见台方官方言论，但在台湾社会舆论中甚嚣尘上，特别是在网络媒体上很有市场，以此来证明台湾海巡部门的正当性，渔民落水遇难死有余辜。福建沿海人看到台湾人现在还颇有优越感地发表这种言论，无疑会笑掉大牙：台湾现在还有什么商品值得去走私？不错，在40年前，大陆相对台湾贫穷落后，物质贫乏。台湾诸如卡带录放机、电子手表、纺织鞋帽等民生用品广受欢迎，一度沿海民间走私盛行。这种现象在90年代末就逐渐停止了，但是台湾人优越感还让他们活在过去，并臆想制造谣言出来。现在大陆各项产能都过剩，台湾有哪些产品值得大陆人去走私引进。对于台湾高粱酒等台湾特产，大陆以台湾渔船允许携带合理生活资料的方式，变相默认其上岸交易，哪里还用得着走私。普通的民生用品贸易早已失去暴利的空间，只有正常大规模贸易才有些许盈利空间，怎么可能值得人去触犯法律铤而走险去走私？偷渡就更无从谈起了。早年福建沿海有人偷渡去台湾打黑工，那是因为当时双方薪资报酬差距太大。现在台湾打工人普遍薪资不超过3万台币，约合6000人民币，有什么值得大陆人向蛇头买高价去“偷渡”台湾打工。因为民进党执政下台湾对大陆人仇视反中不友好的氛围，连犯罪分子都不会考虑偷渡去台湾跑路。谬论2：大陆越界渔船是“三无船只”台湾不分蓝绿众口一词说越界渔船是“三无船只”，在大陆也是违法的。潜台词就是大陆渔船有错在先。“三无船舶”是大陆行政部门对渔船管理的规定概念，指无船名船号、无船舶证书〔无有效渔业船舶检验证书、船舶登记证书、捕捞许可证〕、无船籍港。由于海洋资源逐渐枯竭，大陆对渔船数量控制只减不增，一般渔船很难获得审批，但这只是相对于远洋大海捕捞大型船只而言的。沿海渔民家庭基于生产生活的需要，家家户户都有小渔船小舢板，这些船一般是多用途，比如可以用于渔排的养殖交通运输，又可立刻改成近海“讨小海”捕捞渔船。此类渔船一般难以获得职能部门正规审批，一般纳入乡镇渔船登记备案管理，在乡镇区域范围内行驶。实际中渔船数量庞杂，一艘带柴油机的小舢板不过万把块钱，渔民甚至没有在乡镇政府登记造册也是常态。如果没有登记，就是真正意义上的“三无船只”。金门马祖距离大陆不过数海里，相关海域存在大量“三无船只”并不稀奇。像此次出事的渔船，我在相关报道的图片视频上瞟一眼就可以判断“三无船只”。“三无船只”在大陆是要严格取缔的，依法予以没收拆解。过去如果“三无船只”进入台方控制海域造成纠纷，被遣返回来以后除了船只拆解外，还要面临我方执法部门的加重处罚。台方海巡部门抓住“三无船只”船主的心理，被欺负了也不敢声张，对这些船只“黑吃黑”执法格外粗暴。我有理由相信，此次台海巡船只也就是瞄准了涉事船是“三无船只”，才敢加大马力数次冲撞。既然台方这么在意大陆法律，对大陆法律规定的“三无船只”予以打击重处，那么对于进入台方控制水域大陆审批的合法船只就予以尊重认可呢？2017年—2023年，台方查扣大陆渔船9000余次，只有不到40%是所谓“三无渔船”，对于其他60%的渔船，台方就理性文明执法了吗？谬论3：大陆渔船是自己翻覆的，和台海巡部门无关事件发生当日，台海巡部门就宣称大陆渔船拒捕逃离，蛇形高速下导致自己翻船。事件发生7日后，由于两名生还渔民要返回大陆，台海巡部门纸包不住火，只好再次撒谎：执法过程没有录像，驱离时双方船身确有接触。但是坚决否认撞击。返回大陆渔民则坚决指认，其渔船是台海巡部门撞翻。幸好有渔民生还指认，否则台海巡坚称没有执法视频又否认撞击，一切只能由其撒谎织造罗生门。生还渔民说：“我们的船怎么会翻掉，急转弯也翻不掉。”这说出了基本常识。现在的船舶制造技术很先进，哪怕是乡镇小船舶工坊制造的三无渔船，都有很成熟的图纸和加工技术标准。渔民们一般熟悉近海海域暗礁等情况，事发当天又风和日丽，除非有强外力作用的冲撞，不然船不可能翻覆。遇难渔民家属在金门海边举办招魂仪式时，环绕涉事渔船。我们可以从图片报道上看见涉事渔船吃水线以下有明显的撞击刮痕，这应该是台海巡船撞翻渔船后，在翻船上部碾过倾轧的痕迹。渔民都是熟悉水性会游泳的。假如翻船后在旁边的台海巡人员及时施救，人大概率可以生还。造成两名渔民死亡可能性有两种，一是台海巡人员没有及时施救；二是撞击力度太大，两名渔民在翻船后已经昏迷，丧失游泳自救的能力。同时，对于台海巡船没有拍下执法视频一说，我是坚决不相信的。事件一发生，舆论就要求海巡公布录像，海巡部门一直支支吾吾，直到第七天才表示没有拍摄视频。2016年以后，台海巡查扣驱离大陆渔船经常上台湾新闻，画面上呈现大陆渔民“野蛮”和海巡“英勇”。怎么偏偏这次出了人命的执法没有上新闻。过去七年，台海巡登记在册的查扣大陆渔船有9000余次，其中有多少没有执法视频的，没有视频是如何立案登记在册的。谬论4：大陆渔船越界，台海巡部门是依法依规的正当执法2021年6月，美国总统拜登的狗死了，蔡英文在推特上发文悼念。而面对台海巡粗暴执法造成两名大陆渔民死亡，蔡英文沉默龟缩，连人道主义的悲悯都没有表示。台湾自赖清德以下不分蓝绿，包括社会主流舆论，都表示强烈支持海巡严守“国界”：海巡对越界大陆渔船执法是依法依规，具有执法正当性。如果是日本渔船台湾社会主流舆论论调会是这样吗？如果死的是美国人台湾人敢这样吗？说白了，还是台湾仇中反中的社会主流氛围，让立场决定观点。台湾不分蓝绿，都呼吁大陆要冷静克制，不要政治化操弄利用事件。这就是强盗逻辑了：加害者没有检讨反思道歉，先要受害方先冷静。我要说的是，正是民进党长期政治操弄下建立起来仇中反中氛围，让大陆渔民死亡成为必然。台湾所谓执法的逻辑是：台湾方面单方面在台湾海峡设置各种界线，即使金门和马祖的设置海域线已经压迫到厦门福州家门口了，但是我说界就是界，不需要你同意，你进来我就抓你，理所应当，理直气壮。大陆过去没有去打破这些界线，反而把台湾渔民视为同胞，欢迎台湾渔民到大陆这边打鱼停泊，提供各种便利帮助，从未有过台湾渔民越界一说，没有产生过台湾渔民越界问题。每年5月1日至8月1日是大陆禁渔期，大陆对于自己的渔船管控非常严厉，一律不允许渔船下海。但对台湾渔船禁渔期在大陆海域捕鱼网开一面，甚至允许其渔获上岸交易，让大陆渔民眼馋。马英九执政期间台方对所谓越界大陆渔船处置得较为理性，基本上以喊话驱离为主。马英九执政时期，也较少听说所谓渔民越界纠纷问题。2016年蔡英文上台后，在各行各业各领域都推动反中仇中氛围，把反中视为绝对政治正确。台湾政府部门采购了大陆生产的产品作为活动奖品，民进党都视为“亲中舔共”大肆挞伐抨击。2023年6月，有4名大陆人驾驶帆船环球旅行，因躲避台风在澎湖停泊，一名心怀善意的台海巡署副所长默许他们上岸购物游玩。结果台海巡部门对副所长严惩，还追究相关人员责任。在这种氛围下，台海巡人员谁敢对大陆人表达善意，唯有恶意才是最大正确。在此思想指导下的台湾海巡部门，把大陆渔民视为敌国敌人，个个奋勇争先，粗暴执法。越严厉越政治正确，抓越狠越受肯定，抓越多越受嘉奖。久而久之，开海巡艇撞击恐吓大陆渔船便是家常便饭的常态了，这次金门的海巡人员也是这样，过去可能干多了，看见渔船习惯性就去撞，没想到撞死了人。在2017年—2023年6年间，台海巡部门对大陆渔船执法9000余次，呈爆炸性增长。同样的渔民渔船，同样的海域限制规定，马英九时期较为相安无事，蔡英文时期大肆抓捕，这是法律结果吗？如果这不是政治操作，什么是政治操作？人在做，天在看，两边对待渔民的态度泾渭分明。我还是那句话，别看现在闹得欢，小心将来拉清单。相关分享：75年了，我们的家门口还没有解放！
66765f9ffb88ab4b048dd6f5,https://mp.weixin.qq.com/s/Ue5hHrjRsZF7y2neZi9fvA,福建海警金门执法，台海巡署怂了，承认撞翻大陆渔船，致2人死亡,2024,02,23,2024-02-23,据台湾地区媒体报道，中国国民党民代王鸿薇在社交媒体上表示，大陆海监船“中国海监8029”在2月20日航入金门“禁限制水域”。
66765f9ffb88ab4b048dd6f6,https://mp.weixin.qq.com/s/oRtmPttGc2EKEpfMKRcJKA,被遮掩的真相：福建渔船在金门海域遭台方驱离致死事件前后,2024,02,23,2024-02-23,“冲一下就把我们顶翻掉了。我们就钻到水里面跑出来，四个人只有两个上岸。”距离台湾方面粗暴驱离大陆渔船致两名渔民遇难的恶性事件发生，已过去多日，回到大陆的生还渔民忆起当时场景仍心有余悸。连日来，两岸舆论高度关注此事。国台办发言人朱凤莲多次表示，渔民遇难事件发生后，台有关方面以各种理由推诿塞责，对事件真相遮遮掩掩。 直至目前，台湾方面仍未给予遇难者家属和两岸同胞一个明确交代。2月22日，新党主席、金门县前副县长吴成典，以及多位两岸关系研究专家在接受南都、N视频记者采访时表示，大陆方面对台湾同胞充满善意，但对台方无视大陆渔民生命财产安全的行径也决不容忍。台方驱离福建渔船致两人遇难。“越界”谎言2月14日下午，福建一艘渔船在金门海域被台方驱离，导致船上4人全部落海，其中2人死亡。回忆事发过程，徐姓船员仍心有余悸。“12点多，我们开船出去，到12点50分，就看到‘保缉’（台海巡部门）冲着我们的船开起来了。我们自己的船怎么可能翻掉，开急转弯也翻不掉，要撞才会翻掉，冲一下就把我们顶翻掉了。我们就钻到水里面跑出来，四个人只有两个上岸。”他哽咽道，“我们两边的渔民打渔，我们没对他怎么样。他们以前到我们这来，我们对他们很好，这次他对我们这样，太失望了。我们安全了，已经回来大陆我就很开心了。”金门渔船事件两名生还大陆船员返回。然而，事件发生后，台海洋事务主管机构负责人管碧玲等一众民进党政客信口雌黄，声称大陆渔船“穿越限制水域进到禁止水域”，台方行为是“依法行政，没有什么恶性”。言语之中毫无对生命的尊重，引起大陆各界强烈愤慨。对此，北京联合大学台湾研究院教授朱松岭在接受南都记者采访时介绍，“所谓的‘禁止、限制水域’是1992年台湾军方划定的禁止、限制大陆船舶进入台湾当局控制水域的单方行政命令，大陆根本不承认。”朱松岭分析认为，海峡两岸同属一个中国，“厦门、金门、泉州渔民一直在厦金海域捕鱼，互不侵扰，和谐共处，共同得利。现在民进党当局用所谓海巡部门的力量粗暴干预，就是破坏现状，损害大陆渔民的实际利益，甚至剥夺了大陆渔民的生命权。”此外，新党主席、金门县前副县长吴成典也向南都记者表示，日前他专程回金门了解此事，据他所知，4位渔民都是受雇工人，他们是来收渔网的。因台海巡部门驱赶，船只转弯相撞，造成不幸意外。吴成典说，金门与厦门交往基础深厚，“两边的亲情、友情、爱情都有。两岸本来就是一家人、一家亲，发生这件事，绝对是两边都不想看到的。”吴成典此前也曾表示，过去这些年，类似事情时有发生，两岸过去是尽最大的善意来处理。他认为，金门和厦门没有所谓“界限”，也没有“中线”可言。两岸因同胞之情，一直以来共同维持着渔民们的正常生产作业。“希望这样的事情不要再发生，让死者安息。”未达成共识的谈话事件发生后，台湾“海基会”收到台湾“陆委会”的委托，发函“海协会”协处该起事件。“海基会”也通过诸如各地台商协会与大陆当地有关单位来帮忙联系。据了解，4名船员中，身亡的两名大陆籍人员分别为四川广安人、重庆人，其中一位为船长，另一人为30多岁渔民。2月19日，大陆有关方面提供人员名单后，“海基会”委托旅行社向处理善后的家属和大陆相关工作人员送发证件，同时也派专人赶赴金门协助。20日9时20分许，该事件中的死者家属在泉州台办、晋江红十字会等方面的协助下，由泉州台办副主任李朝晖带队，经泉金客运码头搭乘“八方”轮赴金门处理后事。大陆遇难渔民家属要求还公道。中午时分，家属赴金门县殡葬管理所停柩室确认遇难船员身份。其中一位遇难者的女婿在受访时情绪激动，他说，岳父是家中顶梁柱，家里上有老、下有小，生计需要他来维持。“现在人也走了，留下我们怎么办？”据了解，原定20日当天完成遇难者遗体火化，骨灰由家属带返故乡，但在遗体确认的环节，由于台湾海巡部门无法充分还原“执法”当天的情形，欠缺影像证据，家属有所疑虑，当场拒绝火化。一位家属对着镜头抹泪道：“我们需要的是，一定要查明事情的真相，还给我们一个公道！”对此，吴成典也向南都记者透露，他在现场了解到，记录事发现场录像的缺失，让遇难渔民的家属始终有怀疑。此外，家属抱怨道，台海巡部门在向他们做事故简报时态度不好。吴成典还表示，“没有现场录影，很难还原事情的真相，且过失在哪都不知道，如何赔偿都是问题。”据悉，21日是大陆两名罹难渔民的“头七”，台湾海巡部门在上午为死者举办法会，但家属都没有出席。由于家属没有同意，因此遇难渔民遗体不能火化。21日下午，包括台海巡部门、“陆委会”、“海基会”在内的多位负责人一同赴酒店与遇难渔民家属及泉州台办协商，前后谈判数小时，但未达成共识。缺失的录像针对台湾海巡部门迟迟不公布“执法”影像证据的情况，金门“地检署”20日晚发布新闻稿称，台湾海巡部门向该署表示，追赶及大陆船只翻覆的过程并无录影记录。为还原案发事实，涉案的船只及海巡部门巡防艇均已吊至陆地上存放，经检察官等人前往勘查并制作勘验笔录，检察官确未发现船上有固定的监视录影器材。2月20日，遇难者家属来到金门县殡葬管理所。新华社发金门地方检察机关主任检察官施家荣称，海巡部门人员接受检方讯问时说，追逐的时间很短，当时双方都以超高速行驶且对方不断“蛇行”，海巡人员来不及拿出录影器材，双方就不慎发生碰撞，快艇当场翻覆，4名船员落海，当时海巡部门人员急着救人，根本忘了录影。据悉，事发后台湾海巡部门一直对外辩称，一切“依法行政”，并驳斥“过度或恶意执法”，但时至今日台湾海巡部门依然拿不出任何“执法”影像，引发舆论质疑其有失职之虞。22日，在台湾舆论铺天的质疑声中，台湾海巡部门终于召开新闻发布会，承认“海巡要登检就必须贴往船只，过程中一定会产生轻微碰撞”。在此之前，该部门屡次声称“大陆船只蛇行拒检，不慎翻覆”，完全不提碰撞。此外，台湾海巡部门还首度提供案发时金门海巡部门与巡防区的4段无线电通联录音，其中只有总长不到30秒的通话，并没有翻船意外后的通联录音，再次引发舆论质疑。国台办发言人朱凤莲表示，台有关方面负责人称海巡人员“执法”过程并无不当，企图掩饰其暴力行径；岛内一些人大放厥词，态度嚣张。在两岸同胞和遇难者家属强烈要求下，台有关方面才承认是因台海巡舰艇冲撞导致大陆渔船翻覆、人员伤亡，但仍以各种理由推诿塞责，对事件真相遮遮掩掩。朱凤莲强调，人命关天，公布真相天经地义。大陆方面严正要求台湾有关方面尽快公布事实真相，严惩相关责任人，满足遇难者家属合理诉求，郑重向遇难者家属道歉，给遇难者家属和两岸同胞一个交代。厦门大学台湾研究中心主任陈先才也向南都记者表示，台当局在两岸农历春节、万家团圆的重要日子里，以非常冷血、毫无人情的方式进行粗暴执法，完全不顾两岸同胞的情谊。并且事后称没有录像，试图掩盖真相。这种不尊重生命，没有半分对骨肉同胞的顾念的行为受到岛内外舆论的质疑。常态化巡查背后自2016年5月民进党上台以来，台方粗暴对待大陆渔民，随意抓扣大陆渔船渔民事件频频发生。据台方公布的数据，仅去年1月至11月，就有920余艘大陆渔船被驱逐，28艘被扣留，22艘被罚款。这些行为严重损害大陆渔民利益，给大陆渔民群体造成较大经济损失，伤害大陆同胞感情。2月18日，中国海警局新闻发言人甘羽表示，福建海警局将加强海上执法力量，在厦金海域开展常态化执法巡查行动，进一步维护有关海域作业秩序，维护渔民生命财产安全。同日，朱凤莲表示，大陆海警部门开展常态化执法巡查行动，有利于维护相关海域正常秩序，保障大陆渔民生命财产安全。我们对此坚决支持。陈先才向南都记者表示，该事件对两岸未来关系的影响还在发酵中，大陆海警部门开展常态化执法巡查行动，是对民进党持续破坏两岸关系的种种挑衅行为，予以的坚决回击。此外，朱松岭也向南都记者分析称，台当局就是想制造事端，试探大陆方面的底线，甚至炮制事件、嫁祸大陆。“他们在出事之后，态度野蛮嚣张，根本没有任何的人道主义精神，更没有任何的悔改或道歉，而是沾沾自喜，号称捍卫所谓‘台湾主权’，根本就是在贼喊捉贼，拿着不是当理讲。”朱松岭说。朱松岭认为，大陆方面对台湾同胞充满善意，但对台方无视大陆渔民生命财产安全的行径也决不容忍。大陆方面保留采取进一步措施的权利，一切后果由台方承担。这表明，这个事情还没有结束，老百姓也在拭目以待。（来源：南都即时）
66765f9ffb88ab4b048dd6f7,https://mp.weixin.qq.com/s/2Jh4T1gPrTsjApySxOVBBA,金门大陆渔船惨剧震惊海峡！吹哨者报告揭秘，台海巡真相何在？三大疑问待解！,2024,02,23,2024-02-23,2月23日，围绕金门大陆渔船遭遇的悲剧，新的震撼消息再次浮出水面。在这一天的清晨，国民党的立法委员徐巧芯紧急举办了一场记者会，公开了一份由匿名吹哨者提供的报告。这份报告详细记录了一起严重的海上事故：一艘大陆渔船在与台湾海巡CP-1051艇相撞后翻覆，导致两名船员死亡。这份报告与台湾海巡署在2月22日提供的官方说法截然不同，引发了公众对真相的强烈质疑。徐巧芯指出，不能排除吹哨者是被民进党当局安排的，但这一行为揭露了海巡存在的问题。事故细节的曝光，暴露了台湾海巡在处理此次事故中的诸多疑点。公众特别关注三个问题：为何不公开事发时的监控视频？是因为没有录制，还是有意隐瞒？海巡的救援行动是否及时有效，还是存在拖延甚至不救的情况？为何在大年初五，海巡要无理追逐一艘大陆渔船并强行登船检查，背后是否有不可告人的指令？尽管面对种种疑问，台湾民进党当局似乎选择了对台海巡的行为进行包庇。台湾行政机构的负责人陈建仁在23日前往立法院备询时表示，目前的证据并不能完全证明渔船的翻覆是由碰撞引起的，呼吁公众不要盲目传播未经证实的信息。然而，22日对大陆渔船的检查确实发现了撞击的确凿证据，尽管如此，台海委会的主要负责人管碧玲仍旧坚称海巡并没有故意撞击渔船。在国际舞台上，美国对中国大陆单方面改变台海现状的行为发出警告后，台湾陆委会副主委詹志宏在23日的记者会上强硬回应，强调保卫领土是无庸置疑的，警告大陆若想维持两岸和平，应减少骚扰行为。台湾与美国在海巡合作方面的进展，包括与美国签署的备忘录和军售计划，显示了两岸紧张局势的另一面。大陆死者家属与台湾当局的谈判已陷入僵局，家属的合理诉求遭到台海巡的拒绝，仅同意就赔偿问题进行谈判。这种态度预示着两岸紧张局势的进一步升级。与此同时，中国海警局的动作显示了大陆对此事的重视。三艘海警主力舰被临时调往厦金海域，显示出对台海巡可能行为的警惕。前国民党立委丁守中的警告强调了两岸关系的严峻现实，指出依靠外部势力的幻想是不切实际的，真正的解决之道在于双方的真诚沟通与合作。素材来源官方媒体/网络新闻
66765f9ffb88ab4b048dd6f8,https://mp.weixin.qq.com/s/F4M0kqw-HRLk_tbbapLLqw,解气！海警临检金门船只让美国乱了阵脚，美国务院开始讨好,2024,02,23,2024-02-23,01最近，福建海警在金门附近海域对一艘游轮进行了登船检查，引起了美国国务院的慌张……中国海警在金门附近海域对一艘名为“金厦游轮”的船只进行了检查。检查过程中，海警人员登船，查验了游轮的航行计划、船舶证书、船长及船员证照等。整个过程持续了约30分钟。这一行动被认为是对台湾方面“粗暴驱离大陆渔船”的反制措施，同时是我方对所谓金厦之间“禁止、限制”水域不存在的立场的重申。美国国务院对这一事件表示关注，敦促中国大陆保持克制，避免采取单方面行动改变台海现状。此外，有人质疑为什么中国对于菲律宾和日本在领土争议上表现出的态度相对温和，而对台湾则采取更加强硬的手段。我国的领土一直是神圣不可侵犯的，面对任何侵犯我国领土的，我方都不会客气的。02中国海警在金门附近的行动体现了其在区域内加强主权声索和执法能力的战略意图。这些行动不仅局限于南海，而且还涉及与台湾相关的敏感海域。中国海警的活动，如在南海对越南、马来西亚和印尼的EEZ进行巡逻和执法行动，展示了中国在这些争议水域宣示主权的决心。中国海警的扩展和现代化，包括其组织结构和作战能力的增强，使其能够在争议海域进行更为频繁和持久的行动。这表明中国旨在通过海警的常态化巡航和执法行动，加强对这些关键海域的控制，并向区域邻国展示其海上力量。福建海警在金门附近的行动和中国海警在其他海域的活动，共同体现了中国加强其在周边海域主权声索的决心。这些行动对美国试图在亚太地区维持现状的战略构成挑战，暗示了美中台之间战略博弈的加剧。通过这些海上行动，中国不仅向台湾表明其决心和能力，也在国际舞台上展示了其作为一个海洋大国的地位。中国海警的活动揭示了区域安全格局的潜在变化，其中包括对现有国际规则和秩序的挑战，以及对区域稳定的影响。对于美国和其盟友而言，中国海警的这些行动要求他们重新评估在亚太地区的安全承诺和战略布局，奉劝美国早日放弃霸权主义幻想，停止干预他国内政，不要引火烧身。
66765f9ffb88ab4b048dd6f9,https://mp.weixin.qq.com/s/zYhT1DYxVnCtu5SOPIC19Q,事情闹大了？大陆渔民金门遇难，台当局态度恶劣，国台办发通牒,2024,02,22,2024-02-22,阅读前点击上方蓝色字体“兵器战情室”进行关注，建立深度阅读关系！近日，民进党当局闯下一个大祸。国台办两次发声，态度相当严厉。解放军和海警也接连出手。一、台当局执迷不悟，国台办发出通牒2月14日，也就是大年初五，正当两岸人民欢度春节时，一个悲剧发生了。一艘在金门海域作业的福建渔船遭到了台方的驱离。台“海巡署”紧追不舍，导致船上4人全部落水，其中2人不幸遇难。事故发生后，国台办第一时间发声，严厉谴责台方行为，并要求台当局给个交代。 （国台办新闻发言人朱凤莲）然而，民进党当局不但没有表现出应有的歉意，反而倒打一耙，宣称大陆渔船“越界”捕鱼在先，台“海巡署”才予以驱离，且台方的执法过程“并无不当”。这完全是无稽之谈。一直以来，不论是大陆渔民，还是台岛渔民，都能在厦金海域进行捕捞作业。民进党当局口中的“禁止、限制水域”，其实根本就不存在。既然没有禁止、限制水域，台方又有何理由驱赶大陆渔船呢？事实上，“越界”捕捞不过是他们挑事的惯用伎俩罢了。去年11月，民进党当局就打着“越界”的幌子，搜查一艘大陆渔船。他们不仅将渔获全部抛进海里，还把船上的所有人都带回去了。只不过，此次事件发生的时间更为微妙。一方面，岛内刚刚完成领导人换届选举，民进党的连任给台海局势带来了更多的不确定性。在这种情况下，任何风吹草动都有可能引发不可挽回的后果，何况是致使大陆渔民遇难这样的恶性事件。 （赖清德的当选，让台海局势更加微妙）另一方面，事故发生时，正值春节期间，两岸同胞还都沉浸在辞旧迎新、阖家团圆的喜庆气氛中。再加上民进党当局处理不当，自然引起了民众的强烈愤慨。当然了，我们也没惯着。事故发生的第3天，国台办再次发声，督促民进党当局尽快放船放人，做好善后工作，查明事实真相，并对相关责任人做出严肃处理。否则，大陆方面将采取进一步措施，一切后果由台方承担。除了口头警告之外，解放军和海警也接连出招。二、解放军出手后，我方海警也有大动作渔民遇难事故发生后，解放军派出8架次军机和7艘次军舰巡台。台防务部门宣称，其中有一架军机越过了所谓的“海峡中线”，最近时离台岛最南端的鹅銮鼻只有58海里。显然，解放军是在用实际行动告诉民进党当局，他们捍卫祖国统一和领土完整的决心从未动摇。民进党当局最好不要再搞小动作，否则必将招致解放军的严厉反击。让人失望的是，民进党当局并未就此醒悟，作出正确选择。在这种情况下，我方海警出了一个大招，直接宣布加强海上执法力量，并在厦金海域展开常态化执法巡查行动。 （中国海警将在厦金海域开展执法巡查活动）事实上，此前就有岛内专家警告过民进党当局，大陆可能会借机进一步建立在台湾海峡，甚至台控外离岛的所谓“禁止、限制水域”内执法的事实。现在，这一担心成真了。这对于民进党当局来说，显然不是什么好消息。虽然我们此前也不承认所谓的“禁止、限制水域”，但并未明确给台方划定红线。如今，事情已经闹到这个份儿上了。我们也就不用再顾忌什么了，该巡查巡查，该执法执法，看民进党当局还有什么花招好耍？当然了，我们在台湾问题上的立场没有变，那就是尽最大努力争取和平统一。正因如此，我们没有把事做绝，而是给了民进党当局一个机会。三、民进党当局还有机会这个机会正是主动修复两岸关系的机会。虽然这起事件给两岸关系带来了不小的负面影响，但也不至于立即引发进一步的冲突。如果民进党当局能及时醒悟，主动承认自己的错误，并按照大陆方面的要求，尽快查清事实真相、严惩相关人员，给遇难者家属和两岸同胞一个交代，那么这件事就还有大事化小的可能。 （民进党当局还有机会）与之相反，如果民进党当局执迷不悟，不肯承担起应尽的责任，甚至颠倒黑白，妄图洗刷罪责，那么我们也不会客气，等待着他们的，必然是更严厉的反制措施。要知道，我们的反制措施相当丰富，涉及军事、经济、外交等多个领域。就拿军事来说吧，解放军已经实现了对台湾岛周边海空区域的全方位战备警巡。民进党当局口中的“台海中线”也已经被实质性粉碎。而且，经过多年来的不懈努力，解放军的军事实力已经有了飞跃式的提高。特别是航母、战机、导弹等一系列先进装备的研发与装备，让一向自负的美军也不得不承认，解放军的军力已经跻身世界前列。如果有需要，解放军完全可以向台岛方向挺进，进一步压缩他们的活动空间，或者采取其他威慑力更强的活动。此外，在经济方面反制台方，也是一个非常有效的策略。我们已经中止了《海峡两岸经济合作框架协议》当中的部分惠台条款。接下来，我们还可以进一步中止该协议中的其他惠台措施，例如关税减让等。除了这些，外交等领域的反制措施，也能在一定程度上起到挤压民进党当局空间，迫使其放弃“台独”妄想的作用。总之，我们已经仁至义尽了。现在就看民进党当局如何选择？
66765f9ffb88ab4b048dd6fa,https://mp.weixin.qq.com/s/WRt3f0jVz4c7IhvOt_WTrA,台湾当政谎话连篇！金门渔船被撞翻，台独分子宣称：2名遇难渔民，是来碰瓷儿的...,2024,02,22,2024-02-22,“大过年的，迎财神的日子，竟然变成迎死神了。”台湾学者苑举证这句话，隔着屏幕像针一样直戳人心。2024年2月14日，农历年大年初五，是家家户户迎财神的日子，福建4个渔民就早早准备好出海，开启新一年的捕鱼工作。农历年大年初五但他们当中的两个人，却怎么也想不到，这一去，竟再也回不来！却怎么也想不到，这一去，竟再也回不来！事发7天后，2月20日，船上幸存的两名渔民被接回大陆，接受媒体采访时，含泪回忆了那天的情况：船上幸存的两名渔民被接回大陆，12点多他们出海，12点50左右，台湾“海巡署”朝着他们的渔船“冲过来”，“冲一下就把我们顶翻掉了”。台湾“海巡署”朝着他们的渔船“冲过来”，“冲一下就把我们顶翻掉了”。船上4位船员全部落海，2名幸存者从海里游出来，船长和一位船员不幸溺水身亡。船长和一位船员不幸溺水身亡。令人发指的真相，直接刺痛了14亿同胞心底最柔软的角落：自己人，竟然拿枪对准了自己的同胞！两位亲历整个事件的渔民的惊恐、无助、不解，在镜头前无处藏匿：除了台湾官方“海巡署”碰撞大陆渔船的行为，台湾当局的态度，才是那激起千层浪的“大石头”，一步一步激怒两岸同胞。台湾当局的态度，才是那激起千层浪的“大石头”，一步一步激怒两岸同胞。大过年的，两条人命没了。不仅仅是大陆同胞，台湾上到政府、下到普通民众，也纷纷喊话“为什么不赶快处理？”也纷纷喊话“为什么不赶快处理？”结果台湾海巡署先后变换三次说法。先是说：海巡署驱离渔船，渔船蛇行过程中，自行翻船。驱离渔船蛇行过程自行翻船然后说：海巡署追逐渔船，导致渔船翻船。追逐最后，金门地检署主任检察官承认：追逐过程中发生碰撞，但急于救援，没有录像。眼看真相瞒不住了，他们终于承认——两艘船，多次接触。两艘船，多次接触。什么叫“多次”、“接触”？“多次”、“接触”？两辆车在路上接触=车祸，两辆船在海上“多次接触”，是不是你海巡署撞了渔船好多次，不给撞翻不停手啊？是不是你海巡署撞了渔船好多次，不给撞翻不停手啊？与此同时，国民党立委柯志恩竟在电视台又是一番大放厥词：“过去也有很多碰撞，记录在案的有9000多起碰撞事故。而在这些碰撞事故之后，台湾对于大陆渔民的赔偿很高，甚至超出渔民的预期，因此，很多渔民开始想要以身试法。”渔民开始想要以身试法。啊哈？“以身试法”？这是什么意思？合着两个死去的渔民，是为了在大年正月初五去海上溜一圈，碰瓷台湾的“海巡署”？甚至不惜搭上自己的性命？是为了在大年正月初五去海上溜一圈，碰瓷台湾的“海巡署”？翻来覆去，扯东扯西，就一个意思——我们没错，记录仪没来得及开，记录仪有漏洞，错的是想要碰瓷儿的大陆渔民。记录仪没来得及开，记录仪有漏洞，错的是想要碰瓷儿的大陆渔民。这还没完，整整7天之后，遇难渔民的家属才通过“小三通”赶赴金门处理善后事宜，这一天也不平静。台方想要尽快火化，家属不同意，双方没有谈拢。当然不能轻易同意，有网友说：“海巡署是官方机构，是有武器的。一旦尸体有枪伤、撞击伤，火化了，证据就没了。”出海去的时候，4个人高高兴兴，再次回到大陆，回到故土，已经是7天之后，已经是生离死别。已经是7天之后，已经是生离死别。遇难者家属接受采访说：“岳父（罹难者之一）是家里的顶梁柱，上有老需要赡养，下面还有小的要抚养，现在就这么没了。”岳父（罹难者之一）是家里的顶梁柱，视频里，家属忍不住抹眼泪。是啊，一个顶梁柱塌了，整个家就垮了啊。面对这样的不公，14亿同胞的愤怒已经不可遏制：不能忍。不能忍。国台办在2月17日宣布：两岸渔民自古以来在厦金海域传统渔场作业，没有所谓的“禁止、限制水域”一说。两岸渔民自古以来在厦金海域传统渔场作业，没有所谓的“禁止、限制水域”一说。这意味着什么呢，意味着——金门岛周围这个海域的所有船只，随时都能被中国海警检查。很快，2月19日，中国福建海警局，就对在金门县厦金海域行驶的一艘游艇，进行临时检查。可能这个检查来的太突然，给还没反应过来的台湾当局，打懵了。台湾海事局表示：“大陆海警登船检查金门观光船，伤害了我们人民的感情，制造人民的恐慌，我们表示遗憾。”嗯？海巡署撞击渔船死了两条人命，怎么没见有人跳出来说一句，表示遗憾？怎么没见有人跳出来说一句，表示遗憾？渔民家属只想要一个真相一个公道的时候，你们又是怎么说的？你们又是怎么说的？当初说“不是还给对方渔民家属的一个公道”时，那股子嚣张跋扈的劲儿，哪儿去了？当初说“不是还给对方渔民家属的一个公道”时，那股子嚣张跋扈的劲儿，哪儿去了？中国已经陆陆续续安排了6艘海事船，在厦金海域进行常态化的巡逻，最大的有100多米长，如果有需要的话，也许8艘、10艘都不是没可能。6艘海事船，也就是说，以后，海事局这6艘船就围绕着金门周边转圈圈。海事局这6艘船就围绕着金门周边转圈圈。从前大陆出台的一系列惠台政策，对待台湾，大陆就像是一个大家族里的大哥哥，百般呵护，把好的都给他。但他吃过肉、拿走钱，反过头来就刺你一刀。他吃过肉、拿走钱，反过头来就刺你一刀。金门撞击渔船事件一出，大哥彻底寒了心。既然敬酒不吃，那就不敬了！既然敬酒不吃，那就不敬了！最新消息说，死去的两位渔民，尸体已经开始进行检验。相信所有同胞都和遇难渔民的家属怀着一样的自信——讨回这个公道，早晚的事儿！讨回这个公道，早晚的事儿！实在不行，收了呗！
66765f9ffb88ab4b048dd6fb,https://mp.weixin.qq.com/s/0eC0MUG1G8OLko7hviBG2g,台防务部门的秘密计划曝光！金门渔船事件背后的大棋局,2024,02,22,2024-02-22,阅读前点击上方蓝色字体“烽火观望台”进行关注，可在第一时间接收到文章推送，建立深度阅读关系！你能想象在两岸关系的微妙平衡上，一场引发众怒的渔船事件会掀起多大的波澜吗？金门渔船事件的影子逐渐远去，事实真相却步步紧逼，揭开了台当局所不愿面对的一幕，一场不可避免的冲突正在酝酿之中。近日，随着金门渔船事件中生还渔民的安全返回，事件本身也向公众展开了它不为人知的一面。尽管民进党当局仍旧固执己见，称我方渔民驾驶“三无船只”，海巡部门是“依法办案”，导致死亡的一切都是“纯属意外”。但他们的行动却暴露了更深层的担忧与计划：台防务部门已经开始秘密准备可能爆发的冲突，并要求相关单位提前做好准备，加入日常演练项目中。根据台媒21日的报道，台防务部门的这一系列动作，表明他们已经把目光投向了金门、马祖这两座与大陆沿岸城市有着深厚联系的外岛。显然，台独势力打算将潜在的冲突风险转移到这些地区，以保本岛的平静和安全。他们甚至不惜牺牲金门以达到削弱大陆影响力的目的，明显是企图通过加剧地区紧张来淡化两岸融合的可能。然而，大陆的回应则是冷静而有力的。大陆方面对此次事件的处理，表明了对台顽固势力挑衅行为的强硬态度和对两岸关系的坚定立场。福建海警局已在厦金水域常态化巡逻，并明确表示不会承认也不会遵守台当局单方面划定的“禁止、限制水域”。这种行为不仅是对台当局单方面行为的否定，也是对维护国家领土完整和海洋权益的坚定承诺。金门渔船事件不仅仅是一起恶性事件的简单再现，它背后反映出的是两岸关系的复杂性和敏感性。民进党当局如果继续执迷不悟，拒不认错并逃避责任，必将引发更大的冲突和对立。这将不仅仅是对两岸人民的伤害，也是对地区稳定的严重威胁。总结来说，金门渔船事件是两岸紧张关系的一个缩影，它暴露了台顽固分子挑起事端、制造分裂的险恶用心。然而，大陆方面的果断回应也表明了维护国家主权和领土完整的坚定决心。未来，两岸关系如何发展，将取决于台当局是否能够正视问题，避免激化矛盾。而我们也应该密切关注，任何可能导致两岸关系恶化的行为都将是不负责任的，也是最终损害台湾同胞利益的行为。请点个赞和“在看”吧
66765f9ffb88ab4b048dd6fc,https://mp.weixin.qq.com/s/s2Nazz2eVN9sQFpybKqw0g,夜色黑幕！金门海域惊曝双船碰撞，大陆渔船瞬间翻覆！,2024,02,22,2024-02-22,在宁静的夜晚，金门海域上演了一场惊心动魄的船只碰撞事件，一艘大陆渔船遭遇神秘袭击，惊涛骇浪下，渔民们面临着生死存亡的考验。究竟是什么原因导致这场悲剧发生？海上究竟隐藏着怎样的危险？一艘大陆渔船在执行捕鱼任务时遭受意外袭击，导致船体翻覆，造成渔民伤亡和失踪。这一突发事件再次引发了人们对海上安全的关注。深夜，金门海域波涛汹涌，一艘大陆渔船悄然驶入捕鱼。渔民们披星戴月，期待着丰收的喜悦。然而，一场突如其来的灾难却将他们的梦想化为泡影。突然间，一艘渔船如鬼魅般横冲直撞而来，猝不及防间与大陆渔船相撞，惨不忍睹的一幕发生了——大陆渔船被碰撞后失去平衡，最终翻覆在海面上。渔民们在船体颠簸中惊慌失措，有的跳入海中，有的在船体废墟中挣扎求生，而更多的人却被海水吞噬，生命在黑夜中黯然消逝。金门海域自古以来就是我国渔民捕鱼的重要海域，但这次船只碰撞事故再次让人们意识到，海上作业的安全隐患依然存在。夜晚的海上能见度低，船只操作风险大大增加，而对于船只碰撞事件的调查也显示，一些渔船存在着违规操作、超载等问题，海上秩序亟待加强。夜晚海上的能见度低下，是许多船只航行时面临的重要挑战。在黑暗中，水面上的灯光往往难以辨认，而远处的船只更是模糊不清。这给船只的操作带来了极大的困难，增加了船舶碰撞的风险。在夜晚海上航行时，船舶的船长和船员们必须时刻保持警惕，确保航向和速度，避免与其他船只发生碰撞。同时，加强航海技术的学习和训练也是至关重要的，只有提高自身的操作水平，才能有效地减少事故的发生，确保船员和船只的安全。此次事件给我们带来了深刻的启示，海上作业的安全性不容忽视。我们呼吁渔民们加强技术训练，严格遵守相关规章制度，确保自身和他人的安全。同时，相关部门应加强对海上秩序的监管，严惩违规行为，构建一个安全、有序的海上作业环境。在平静的海面上，隐藏着无数未知的危险和挑战，而我们每一个人都可能成为其中的一员。从这起金门船只碰撞事件中，我们深刻领悟到了海上作业的不易和危险，也意识到了保障海上安全的重要性。因此，让我们共同努力，加强海上安全意识，严格遵守规章制度，保护自己和他人的生命财产安全。愿每一次航行都能平安顺利，让金门海域成为一个蓝天碧水、安全无忧的捕鱼天堂！
66765f9ffb88ab4b048dd6fd,https://mp.weixin.qq.com/s/dpsjRxUnD942wTQcFAqQ3g,大陆渔民遇难，金门拒不放人，大陆专机落地台北，却遭到“冷遇”,2024,02,22,2024-02-22,金门“地检署”妄断案，2名生还渔民仍被拘留，国台办发出“通牒”，上海代表团应邀抵台参加灯节却遭“冷遇”，蒋万安为何避而不见？这几天最牵动两岸民众心绪的，无疑是大陆渔民在金门遇难事件。一艘福建渔船在金门附近捕鱼时，遭到了台海巡队的追缉，导致渔船发生翻覆，船上4名渔民全部掉进海里。按照台当局的说法，海巡队立即展开了“抢救工作”，但仅有2渔民生还，还是导致了2渔民的死亡。更令人生气的是台当局在事故发生后的态度，不仅拒不认错，还称海巡队追缉的做法是正确的，该福建渔船确实是进入了所谓的“渔区界限”，没有错误为何要道歉？甚至还阴阳怪气地称，希望大陆能够加大力度好好“管教”这些渔船，别让他们出现在了“不该出现”的地方，从根源上杜绝此类事情的发生。不仅台当局拒不认错和道歉，金门相关部门也至今扣押着2名生还渔民、拒不放人。2月17日，据台媒报道，2名生还的渔民仍被金门当地的执法部门拘留着，在做完笔录后，台海巡队将他们移交给了金门“地检署”进行复讯。随后金门“地检署”检察官公布了调查结果，认定遇难的2渔民是因为渔船翻覆导致的溺水身亡，还称案件需要进一步的调查，显然是不打算释放另外2名生还的渔民。对此，国台办发言人朱凤莲17日再次发声表示，两岸渔民自古以来在厦金海域传统渔场作业，根本不存在所谓“禁止、限制水域”一说。国台办的意思很明显，台当局以所谓的“越界”捕鱼为借口，追查大陆的渔船，根本站不住脚，必须给出一个合理的交代。就在国台办发出“通牒”后，大陆一架专机还落地了台北。据中国评论通讯社报道，17日下午三点左右，大陆一个上海代表团乘坐专机抵达台北参加灯节。众所周知，台北和上海有双城论坛之谊。春节前不久，台北市长蒋万安公开表示，维持两岸的和平发展是两岸民众的共同心愿，灯节是台北重要的一项活动，也是两岸交流的一大平台，邀请上海代表赴台参加灯会。应邀参会的上海代表团也是诚意满满，还赠送了一个由LED霓虹灯带和200多盏小灯笼组成的大圆灯笼给台北，既增加了春节的喜庆气氛，也很符合灯节这个主题。可没想到，之前做出热情邀请的蒋万安，在上海代表团抵达台北后却变得非常“冷淡”，甚至避而不见。台媒称，蒋万安没有安排正式会见代表团的行程，台北市也没有提前预热上海代表团的访台行程，我代表团明显遭受到了冷遇。蒋万安此举很可能与近期持续紧张的两岸关系有关，他作为台北市长，或多或少都要承受一些来自民进党当局的压力，态度突然变得如此冷淡，很可能也是迫不得已吧！对于渔民事件我们将持续关注，相信两岸同胞都不愿此类惨案再度发生！我们希望看到的是，华灯初上，两岸儿女欢聚一堂，把酒言欢、其乐融融的景象！欢迎下方左侧一键分享至朋友圈，同时点击右侧【点赞】与【在看】，获得更多好文推荐！
66765f9ffb88ab4b048dd6fe,https://mp.weixin.qq.com/s/84YYMMnH-OrBHL2YTcOoFw,大陆船员返回，揭金门事件真相，台承认撞沉渔船，却要大陆送补偿,2024,02,22,2024-02-22,在大陆实施了一系列强力行动后，台当局终于不堪压力，释放了两名被扣押的大陆船员。这一过程中，台“海巡署”不得不承认他们的船只撞沉了大陆渔船。然而，令人惊讶的是，台当局竟然要求大陆派人送上赔偿。他们究竟有何目的？知名人士邱毅对此次事件的关键疑点进行了深入剖析。他提出，台“海巡署”声称事发突然，来不及录像的说法是站不住脚的。根据海巡人员的“标准作业程序”，录像设备必须开启，否则一定有问题。此外，台“海巡署”承认他们撞沉了大陆渔船，这意味着他们是造成两名大陆船员遇难的凶手。无论情况如何，相关人员必须受到严惩。与此同时，生还的大陆船员也揭露了事件的真相。他们表示，台“海巡署”的船只直接加速冲向他们的渔船，导致渔船被顶翻。这一说法证实了台“海巡署”故意对大陆渔船施暴的行为，进一步凸显了事件的严重性。在大陆海警深入金门海域进行执法的过程中，台“海巡署”曾出动船只与大陆海警船进行对峙。同时，解放军也展开了一系列行动，形成了对台湾岛的三面包夹之势。面对大陆的强力行动，台当局不得不选择服软。尽管大陆船员被释放，但台当局的态度仍然缺乏认错的精神。他们拒绝提供事发时的具体录像，试图掩盖真相。金门“检方”在发布会上承认台“海巡署”撞沉了大陆渔船，但声称是因为忙于救人而来不及录像。这种说法显然难以令人信服。此外，台当局还试图利用“禁团令”向大陆施压。他们要求大陆派人送上巨额赔偿，并取消对M503航线的调整。这种无理要求显然是对大陆的不尊重和挑衅。在解放军频繁在台湾岛附近活动的背景下，台当局的军事部门选择躲避，不敢与解放军正面交锋。这种缩头乌龟的态度进一步凸显了台当局的软弱和无力。岛内军事学者马振坤指出，大陆海警接管厦金海域以及解放军在台海的行动都是大陆“台海内海化计划”的一部分。这一计划旨在全面强化对台海的管辖，压缩台民进党当局的台海实际控制区，并阻止域外势力干涉台海局势。现在台当局已经陷入全面被动，只能选择对大陆低头。然而，事态发展到这个地步，台“海巡署”仍然隐藏了最关键的真相。他们拒绝公布完整录像，显然是在心虚和害怕真相被揭露。台当局在金门事件中的态度和做法令人失望和愤怒。他们不仅缺乏认错精神，还试图逃避责任和转移焦点。面对大陆的强力行动和解放军的威慑，台当局只能选择屈服和妥协。然而，这并不意味着他们可以逃避责任和掩盖真相。相反，他们应该正视问题，承担责任，并采取切实有效的措施来防止类似事件再次发生。只有这样，才能真正维护两岸关系的和平稳定和发展。
66765f9ffb88ab4b048dd6ff,https://mp.weixin.qq.com/s/ICQWtTYasvvOiY46Dq2VUw,沉默5天后，金门海巡承认撞翻我渔船！美国要求大陆保持冷静,2024,02,22,2024-02-22,简介：美方扬言，大陆应当保持克制和冷静，与台湾当局进行有意义对话，减少误判风险，更不要单方面改变现状，影响所谓的“台海和平”。两名大陆渔民在金门遇难事故，到现在已经过去了5天时间。随着大陆态度逐渐强硬，海警和解放军方面出动舰机对台当局施压，大陆渔民家属得以前往金门，处理遇难者的善后事宜，接回幸存的另外两名渔民。根据《参考消息》援引台媒最新消息显示，2月20日晚间，金门海巡队方面的执勤人员承认，“当时双方都超高速行驶，对方还不断蛇行，双方不慎发生碰撞，大陆渔船当场翻覆，4名渔民因此落海”。随着金门海巡承认撞翻我渔船，台湾当局的海巡署也发布新闻稿，承认事发当天，台海巡船与大陆渔船“多次接触”。这一重大的事故细节被披露的同时，台当局方面却又宣称，当时由于慌忙，海巡队人员没来得及开录像。也就是说，没有现场“执法录像”。金门海巡承认撞翻大陆渔船的消息，在两岸掀起了轩然大波，一方面该消息坐实了台海巡署方面存在过失致人死亡的嫌疑；另一方面，这一情况直到事故发生5天后才被披露，台当局方面显然是遮盖不住消息了，才不得不承认。那么他们所谓的没有现场“执法录像”，这个说法又有几成可信度？正当舆论铺天盖地谴责台当局的时候，大陆方面也群情激奋的时候，美国发话了。据美国国务院官网消息，美国务院发言人米勒当地时间星期二（2月20日）在媒体简报会，被问到是否担心大陆渔民遇难事件，导致两岸紧张局势升级时声称，正在密切关注大陆行动。美方扬言，大陆应当保持克制和冷静，与台湾当局进行有意义对话，减少误判风险，更不要单方面改变现状，影响所谓的“台海和平”。美方作出这样的表态，一是在拉偏架，不顾是非对错，强行给台当局撑腰。这也给了民进党当局底气，民进党“立院党团”借着美国务院的说法称，希望大陆听进去美国的警告，不要因为两条人命，让两岸局势升温。甚至我们可以很肯定的说，在事故发生这么几天以来，台当局傲慢自居的态度，就是过去有美国撑腰习惯了，不担心大陆高调处理此事。然而，随着大陆海警和解放军开始加强在台海的行动，福建海警船对金门游轮登船执法，解放军17架次舰机分三个方面警巡台海，金门县自己先顶不住压力，承认了撞翻大陆渔船。如果金门县不披露这一消息，恐怕台当局打死也不会承认。现在遇难的大陆渔民善后事宜已经处理完毕，幸存者也回到了大陆，可以说我们已经没有顾虑了，对台当局的施压可以尽情发挥。这几天，大陆互联网上对金门事件的关注度非常高，很多人都认为这是台当局欺负到咱们头上了，人命关天的事情，竟然被他们这么轻描淡写的企图糊弄过去。更有很多人称，直接把金门收回来，就不会再有这样的事情发生了。对于这一说法，岛内也一直在讨论。这两天，台军退役少将栗正杰就称，如果台当局没有妥善处理此事，大陆船只改从台军“驻军”的小离岛中间穿过，驶进厦门港，甚至大陆会把台军运补船拦下来检查，那岛上的饮水就成了大问题。因为这几个岛上的饮用水都是靠海水淡化机，需要燃油、换滤心，一旦台军舰被拦截，金门跟台当局的联系就等于被切断。可以看到，栗正杰的观点还是比较贴合实际的，台当局一昧的不跟大陆沟通，看似高傲，实则在现实中只会影响到金门这块地方。现在最关键的就是，要求台当局严惩凶手，该赔钱的赔钱，该撤职的撤职，该坐牢的坐牢，给遇难者和大陆方面一个完美的交代。否则，事情绝不会以不了了之收场。
66765f9ffb88ab4b048dd700,https://mp.weixin.qq.com/s/H0qrTErgdYk9AVetkxU6MQ,渔船事件升高两岸“敌意螺旋”，对“台独”亮剑彰显反独促统决心,2024,02,22,2024-02-22,春节本是欢乐祥和的中华民族传统节日，平安喜乐是每个中国人在新春佳节里最重要的祈盼。然而，在今年春节期间，却发生了大陆籍渔船在金门海域因躲避台湾方面海巡舰而翻覆的事件，事件造成2名大陆籍船员身亡，这再一次挑动两岸关系的敏感神经。台湾方面一直对该起事件的原委措辞含糊。截至目前，台湾海巡部门也未提供或发布任何有关此事的视频材料。对于大陆方面所质疑的恶意甚至过度执“法”的问题，台当局除了口头强调依“法”行政外，并没有提出任何佐证。这不禁让人怀疑，其中有什么不敢公开的“秘密”？而且，台当局执行的是哪个“法”？在事件发生后，台当局依然强词夺理宣称是大陆渔船闯入了所谓“禁止、限制水域”，因此台湾海巡部门的海巡舰才前来查缉。然而，这块所谓的“禁止、限制水域”如同台当局之前声称的所谓“海峡中线”一样，都是台湾方面自行设定的，大陆方面从来就没有承认过。值得一提的是，台当局在此事件中的各种表现，尤其是多次使用所谓“越界”“禁止、限制水域”等说法，本身就暗含了特定的政治目的，意在暗示所谓“两岸互不隶属”，包藏了“台独”的险恶用心。在法理上，两岸同属一个中国，因此无论是厦门还是金门海域，都应视作中国的内海水域。在此前大陆方面公布的领海基线图中，大陆和台湾所属的岛屿都被统一视作中国的领海基准线，从未进行单独的特定划分。过去，大陆方面秉持“两岸一家亲”理念，采取“默认”的态度与对岸形成一种默契，但并不代表就承认有所谓的“界限”。因为作为中国的一部分，台湾、澎湖、金门、马祖的附属岛屿及其附近海域，理所当然也应被视作中国领海的一部分。多年来，大陆方面对台湾同胞充满善意，对台湾和金门民众的权益都非常重视。厦门和金门相互毗邻，两边的渔民也长期共同在厦金海域共同捕鱼作业。在一些海况气象恶劣的时候，大陆方面经常会通过各种方式对台湾渔民予以救助。在经济上，大陆方面也通过一些优惠政策，充分照顾到对岸的渔民。特别是近年来随着两岸融合发展的不断推进，大陆方面还实施了福建向金门的供水工程。目前，福建向金门的供水已占当地居民日常用水总量的七成以上，彻底解决了金门长期缺水之苦。为促进两岸融合发展，大陆方面还出台了《支持厦门金门加快融合发展，实施金门居民在厦门同等享受当地居民待遇》文件，并且正在继续推进厦金两地通电、通气、通桥“新三通”。然而，对于大陆方面多年来的善意举动，台当局不仅不积极回应，还将这些善意抹黑为“攻心术”。对于在厦金海域作业的大陆船只，台当局海巡部门数次进行暴力驱逐。有数据显示，自2016年以来，大陆已有9000多艘渔船遭到台湾海巡部门无理驱逐、扣押、罚款、没收。而这次还出现导致两名大陆渔民遇难的严重事件。可以说，这次事件的发生虽属偶然，但并不完全出人意料。如果民进党当局持续煽动两岸对立，不断制造各种事端，恶化两岸关系，造成两岸关系持续紧张，这样的严重恶性事件恐怕还会再次发生。而民进党的政客们和绿营“名嘴”们对此次造成生命损失的“渔船事件”，不仅各种歪曲事实，拒不认错，甚至一些人还幸灾乐祸，借机煽动与大陆的对抗和对立，炮制大陆方面“越界侵门踏户”等说辞，混淆视听，图谋捞取自己的政治私利。这次“渔船事件”发生之后，两岸本可以通过友好协商来解决。但台当局在处理该事件中所体现出来的冷漠、冷血的态度，给本已风高浪急的两岸关系再次带来负面影响。可见，不论是蔡英文政府还是即将上台的赖清德政府，在疏离大陆、挑衅大陆，甚至不断激化两岸矛盾的选择上都并无二致。很明显，这将导致两岸之间的“敌意螺旋”不断上升，使两岸关系“雪上加霜”。在维护民众合法权益和反对“台独”上，大陆方面的态度明确而坚定，必定不会任由岛内“台独”分裂势力挑衅。而近日大陆海警部门出动多艘海警巡逻船到厦金海域进行巡逻和临检，即是对台当局发出的严正警告。对于台当局的恶行，此时必须“亮剑”，打出“组合拳”，展现出大陆方面“反独促统”与维护两岸民众合理合法权益的决心与行动力。大/家/都/在/看国台办：台湾方面须给遇难者家属和两岸同胞一个明确交代广州南沙一大桥被船只撞断 有车辆落水中国海警出手！本期排版：刘倩
66765f9ffb88ab4b048dd701,https://mp.weixin.qq.com/s/L8bqsjm4b4jfpt2qahOP0g,金门悲剧，只有拳头才能让台当局懂得什么是​公道！,2024,02,22,2024-02-22,2月14日（大年初五）台“海巡”粗暴对待大陆渔船致2名渔民遇难恶性事件发生后，大陆网民群情激愤，大过年的，还要被台湾当局这帮官不官，匪不匪的东西气到。人命关天，而台“海巡署”和它的上级主管单位“海委会”却还在那里百般狡辩，信口雌黄，把一切责任推到大陆渔船上，并拒绝公布现场录影。19日，多艘大陆海警船到厦金海域执行公务，并直接登船临检一艘金门驶出的观光游艇，查了船只和船员证件，30多分钟后，该游艇驶回金门。船上一些游客对台媒说自己“吓死了”、有的还说“我以为这辈子回不了台湾了”……此事如同一记闷棍打在了台当局头上，因为这是从未有过的事情。20日早上9点左右，大陆海监8029船挺近金门岛，距海岸最近900米，台“海巡”派了一艘船在那里放无电线“驱离”，一个多小时，它们就是不敢再从龟壳里出来追击“越界”的大陆海监船。20日，泉州晋江红十字会曹荣山等人陪同遇难者家属到金门处理相关事宜。由于是遇难者“头七”，现场还请了僧人做法事。2名幸存的大陆渔民通过“小三通”返回厦门。在离开金门前，台湾方面拿出“遣返人员移交”证书，要求签字，被曹荣山当场拒绝。台方就不再坚持，“无奈地握手说再见”其实，签字是一个坑，所谓“遣返人员移交”就是他们要给大陆渔民扣上一顶“非法”的帽子，给自己的非法扣押行为留下合法证明。他们以为大陆方面可能会签（心理恐吓：不签你就不能把人带走）但被拒绝后，他们的心理破防了，也顾不得什么“法不法”、“程序不程序”了，只好握手再见。台当局本打算在遇难者家属到来后，在金门火化遗体。但遇难者家属拒绝火化遗体，要求查明真相，还给家属公道。再看看台“海巡”的嘴脸，就是一副无赖加土匪的样子。一开始，它们就咬定大陆船只是“蛇行拒检，不慎翻覆”。当要台“海巡”拿出现场录影时，它却迟迟不公布。等大陆海警船开始执法后，金门地检署去查岸基雷达“轨迹图”，台“海巡署”这才发新闻稿承认“船身有多次接触”幸存者回来的说法是：一、渔船出海不到一小时，台“海巡”船就追过来了；二、渔船不会自己翻船，急转弯都不会翻，被撞才会翻船；三、台“海巡”船冲撞顶翻渔船，导致船上4人落海；四、台湾渔民以前到大陆，大陆渔民对他们都很好。这次我们的渔民却遭到了如此对待，非常失望。这证明，台“海巡”一直在撒谎，不承认自己有冲撞行为，直到瞒不下去。它们的无赖做法，背后当然有人撑腰，就是“海委会”的主委管碧玲，她比台“海巡”更不要碧脸。她先是帮台“海巡”进一步强调是大陆船只“蛇行拒检，不慎翻覆”，误导岛内舆论。2月19日，她又说大陆海警鸭霸，要台湾船只“遇大陆海警登检，不必停留或转弯避开”。依她所言，当台湾船只被两三艘大陆海警船包围临检时，怎么避开？飞上天还是潜入海？她就是在诱导台湾船只去对抗大陆海警船，冒死亡风险。然后，她又改口了，承认有碰撞，但扯了一通“保险理赔”。昨天，她又换话术了，说：“此次个案，如今发展成升高到政治层次，不符合两岸人民福祉。基本上也是伤害人民的感情”。这不就是活脱脱的无赖吗？你不跟它来点硬的，它就反咬你一口。你要来硬的，它就说你鸭霸，“伤害人民的感情”了。这帮家伙居然知道“感情”了，话都被它们说完了，但录影视频呢？居然没了。台“海巡”说现场没有开录影设备，一是因为双方接触，剧烈摇晃，手持不稳。二是因为后来急于救上落水者，忘开了，所以没有录影视频。台“海巡”是把台湾民众当傻子吗？不仅“海巡船”上有自动录影设备，工作人员胸口也有“密录仪”。没事的时候它们还秀过，现在居然说没开录影。不过，管碧玲也只是一个“中无赖”，她背后还有大无赖，但它们目前还不愿出来面对。台湾各路人才的狡辩或“怂话”，我也看了听了很多，不想再分析它们的套路了。如果台当局想初步做个了结，至少要做到三点：一、严惩直接以及相关责任人；二、向受害人家属支付赔偿金（不要扯什么“补偿金”）和抚恤金，并赔礼道歉；三、及时公布全部真相。但台湾方面想要的“了结”其实就是蒙混过关。在大陆派人来接人时，台湾方面就把套路都设计好了，上策：诱诈对方在移交文件上签字。下策：跳过程序，先把渔民放走。他们很想让两名幸存者离开金门，然后再把这事给了结了。因为台当局高层知道这件事闹大以后，所谓的“限制和禁止水域”将不复存在。在历史上，金门是台当局对抗大陆最前线，也是手段最凶残的地方。90年代之前，金门守军只要发现海面2公里处有船只，就可以用机枪进行扫射，这叫“警示射击”；再接近一点，就瞄准目标射击，这叫“驱离射击”；1公里内集中火力进行“摧毁射击”。这是毫无人性的做法，因为船只大多是渔船，而他们的理由仅仅是“越界”，也就是今天说的“限制和禁止水域”。1987年3月7日，一艘从香港出发的越南难民船就这样被金门守军“摧毁射击”，机枪、步枪、迫击炮全部用上，全船19人全部被杀死，有的女人死在沙滩上，孩子围着妈妈尸体跑，连孩子也被用圆锹打死。然后，烧船埋尸，毁灭证据。后来香港媒体披露了越南船失踪一事，蒋经国才在舆论压力下，让郝柏村（“总参谋长”）成立调查组到金门挖掘现场，但最后只是基层军官承担责任（象征性地判处一年两年）到了90年代，这种“射击程序”才结束，两岸关系也渐渐缓和，但是“限制和禁止水域”仍一直存在。在本着两岸同属一个中国信念，从台海到厦金海域，主权属于中国是铁一样的事实的基础上，并考虑到历史原因，双方对渔民出海作业等问题才有了“默契”。直到2016年马英九离任台湾地区领导人之前，厦金海域并没有闹出过什么大的动静。再说，大陆渔民用小船捕鱼，能给台湾造成什么损失？要说损失，大陆渔民才是经济受损的一方，你看那线划的，都快贴着福建家门口了。说白了，就是福建省在照顾台湾省这个“娇气”的小弟弟。台湾当局真正在意的是海域的“管理权”，而这是一个敏感的问题。2017年，民进党上台，厦金海域就开始“风不平，浪不静”了。这起悲剧的发生并不是偶然的，这是台当局这几年来用粗暴手段对待大陆渔民的必然结果。那么，“限制和禁止水域”还有必要存在吗？它就是一条心理界线，跟所谓的“台海中线”一样，佩洛西窜访台湾之后，“台海中线”无论是空中还是海上都不复存在了。厦金海域的“限制和禁止水域”在此事之后，也将不复存在。什么敏感不敏感，我们不在意了，难道还要照顾你的情绪？换句话说，只要台当局在厦金海域还有“管理权”，那么，它们还要害死多少条人命？还要发生多少次这样的悲剧？台当局现在乖乖放人，连程序都不用走，你以为是什么善意吗？并不是，它们是怕厦金海域以后就是大陆海警船的执法范围了。而台“海巡”那几条船又根本无力跟大陆海警船叫板，所以，它们想赶紧了结此事，混过去。没有那么容易，我们必须为遇难渔民讨回公道。对于这些数典忘祖的家伙，只有拳头才能让它们懂得什么是公道。
66765f9ffb88ab4b048dd702,https://mp.weixin.qq.com/s/-RT5PKzYEjDwH831nKTgXw,金门海难事件性质反转，赖清德面临上任挑战，520后两岸关系走向如何？,2024,02,22,2024-02-22,点击上方▲收听《震海听风》音频各位朋友，大家好。今天的文章主要有四条线索。第一，两岸关系。大家知道，2月14日下午一艘大陆渔船在被台湾方面追赶时发生了翻船，导致两人死亡。现在，根据我们最新获知的消息，这艘渔船是被台湾方面撞翻的，那么这件事的性质将完全不一样。在大陆公务船已经开始对台湾方面的船只实施登船检查的情况下，这一消息无论是对蔡英文还是赖清德都将是一个重大的挑战。520之后，赖清德将如何处理类似的问题，我们拭目以待。第二，21日，美众议院“中国问题特别委员会”主席加拉格尔和几名美国民主、共和两党国会议员组成的代表团已经抵达台湾地区，并分别在今天上午10时和11时会见了蔡英文和赖清德。截稿前，台湾方面还没有传出和会面内容有关的消息，所以双方具体的会谈内容无从得知，但最大的基调其实已经有了。第三，我国外长已经结束了参加第六十届慕尼黑安全会议的行程，并开始了对几个欧洲国家的访问。21日，我国外长抵达了法国，并与法国总统马克龙举行会面。其实，去年慕尼黑安全会议行程结束后，我国外长也曾顺便对几个欧洲国家进行访问，区别是，去年法国是第一站，今年则是最后一站。去年王毅的访问为3月底马克龙访华做了铺垫，那今年的访问又会解决什么问题？第四，后天就是俄乌战争两周年了，对于俄乌战争，其实也有了一个整体的反思机会和空间。碍于篇幅原因，这部分内容估计不会太多，朋友们如果对俄乌战争两周年整体的反思，以及俄乌战争的底层逻辑、未来的走向和历史背后更加深刻的思考感兴趣。想了解普京到底在想什么？俄罗斯人到底在想什么？普京与苏联的关系到底是什么样？普京为什么不认可乌克兰？普京对前苏联领导人的态度如何？以及俄乌战争对欧洲、对整个世界局势会有什么影响？等一系列问题。欢迎各位在24日晚8时来到直播间，我们会邀请一批大咖嘉宾进行权威解构和透视。当然，除了俄乌战争，直播还会穿插一些对今年整个中国经济的预测，朋友们如果想感兴趣，可以点击下面的链接购买门票。言归正传，我们首先来看两岸关系。中国大陆的渔船现在不光是被驱赶，而且还受到了撞击。坦率地讲，涉及到撞击这件事的性质就不一样了，这牵扯到台湾有关方面在执法时的问题。其实，台湾方面驱赶大陆渔船的行为本身就已经说明他们粗暴，和中国大陆那种人情的温暖相比，完全不可同日而语。在大陆方面给他们搭帐篷、送饭、送水的情况下，他们驱赶本就不对，再加上撞击的情况，性质将发生更大的变化。有渔民在接受媒体采访时表示，如果台湾方面只是驱赶是不会翻船的，最多就开得快一点，而且“快艇”意思就是能开得快，如果因为开得快就翻船，逻辑上根本就说不通，因此翻船的捕鱼快艇是被撞击才翻的。翻船导致4人落海，其中两人死亡，这是以两条人命为代价。就目前的情况来看，我认为大陆当前的动作做得非常好，是果断出手，就像佩洛西执意窜访台湾地区后，大陆的军舰、飞机立即出动。本来所谓的“台海中线”就不存在，我们也不承认，而现在台湾当局所谓的专属经济区和海域也是同理。我一直强调，厦门到金门很近，甚至最近的距离就1.8公里，两公里都不到。国际法规定，12海里以外才是公海，而两岸本就不受国际法约束，更何况1.8公里的距离根本就谈不上所谓的“专属经济区”。所以，如果不从两岸一家亲的角度出发，大陆和台湾地区的局势只会越来越激化。这件事对于中国来说，首先是坏事，因为我们付出了两条人命的代价，但从战略和策略角度来说，也未必不是一件好事，因为我们可以抓住这个机会再进一步。而从未来的两岸关系，以及大陆、台湾地区和美国三方的关系来说，本来三方的关系就已经非常错综复杂了，尤其今年5月20日赖清德就要上任，这无疑会使三方的关系更加混乱。在这个过程中我注意到台湾内部这几天就这一事件发出的舆论称，中国大陆的快速渔艇被台湾有关方面撞沉这件事对赖清德是一大挑战。从1月13日之后，两岸关系从表面看上去还是风平浪静，但这件事发生后，似乎又起波澜。老实说，这件事其实可大可小，如果台湾方面面对中国公务船只未来采取的执法行动相安无事，那就可以继承事实，但如果要采取行动那就是恶意挑衅，那520之前两岸关系可能就会比较动荡。就目前来看，大陆方面还算比较克制，只是动用公务船只进行例行公务检查，但下一步的行动呢？我们可以继续观察。无独有偶，偏偏是这时候美众议院“中国问题特别委员会”主席加拉格尔带领两名共和党和两名民主党议员到了台湾。上文提到过，有关加拉格尔与蔡英文和赖清德会面的具体内容，到目前还没消息，可能到今天晚间才会有消息流出，因为台湾当局肯定要筛选一些敏感的内容，但大概内容无非就这几条。美国所谓的“中国问题特别委员会”其实就是一个刻意反共反华的机构，虽然它在美国国会内部没有行政权力，但它有设立议题的权力。在特别委员会里，议员可以设立、炒作、蛊惑或煽动国会众议院通过某项决议，这项决议甚至可以提到参议院继续通过。这对美国的白宫、五角大楼等行政机关来说构成很大的压力，假设行政机关也正有此意，想必还会构成重大影响。所以，一是我们不用过于关注和担心特别委员会目前的动作，因为它没有行政权力；二是我们仍需关注其背后的动机，因为它有设置议题的权力，可能会产生一些潜在的影响。编辑：张纪红 陈诗敏 排版：陈诗敏2024年震海会重磅升级，全新学习年卡隆重登场！升级后的震海会学习年卡会成为一个学习大讲堂，以线上课程的形式更加系统化、垂直化、深入化地服务全球华人中产以上人士，为学员提供科技、经济、趋势等前瞻性、实用性课程。在全新升级的震海会中，共设置两张学习年卡：1）至尊学习年卡，包含四门课程：爆款趋势课、音频学习课、精品内参课、前沿资讯课。全年24期+的爆款趋势课，包含《震海面对面》和《震海月月谈》，以视频或直播形式呈现；全年104期+的音频学习课，包含《倾听彼得·邱》，以音频形式呈现；全年156期+的精品内参课，包含《震海内参》双日报和周报，以文字及音频教学稿形式呈现；全年312期+的前沿资讯课，包含《震海速递》和《震海速递-突发》，以文字及音频教学稿形式呈现。在这里，学员们可以通过最前沿的科技、经济和地缘环境资讯，更好地掌握自己的事业及家庭。2）超级学习年卡，涵盖以上（至尊年卡）课程，并另外享受两项权益：博师空间站、年度演讲。博师空间站是震海会各位大咖讲师汇聚的精品课程，包含人文、经济、财富、法律等多领域内容；年度演讲是震海会每年举行的大型品牌活动，超级学习年卡的学员可免费参加，享VIP坐席。在这里，学员们可以构建完整的知识体系、认知逻辑、生活技能和人生哲学，更好应对未来的挑战和机遇。往期推荐金门海难事件大陆强势回应，海警搜查台湾邮轮，迈出第一步！欧盟批准红海护航，德国黑森号即将出动，欧盟外交为何走上偏路？
66765f9ffb88ab4b048dd703,https://mp.weixin.qq.com/s/3pfb6p7rEnZG8WqO5688_g,金门渔船事件是谁给伪海巡署的狗胆？是台当局？是美国？,2024,02,22,2024-02-22,从大年初一台湾伪海巡署撞击大陆船只导致两人落水遇难已经过去十多天，台湾当局依然没有一个令人信服的调查结果。台湾名嘴赵少康21日发文质问：金门检查部门证实，渔船是被台湾海巡船碰撞才会翻覆，也没有事发当时的录影画面，跟侦查不公开无法公开影像无关，海巡署一连被抓包撒了两个谎，荒腔走板。「当你说了一个谎，就要用更多谎言来圆!」渔船距离大陆那么近，如果真的要跑，应该是加速直行跑回大陆，怎么会用蛇行?台湾民进党当局面对两岸汹涌的民意和质疑还在硬拗，不但没有道歉，更是找各种借口拖延事件的调查。厦门和金门之间自从2001年开放小三通以来，已经形成良好的互动。两地二十多年毗邻相望，交通往来，相安无事，为何在这个时间点发生如此令人气愤的事件。上图为伪海巡署第九岸巡队，据说就是这个部门干的坏事。那么问题来了，就这么一个离岛偏乡的小组织，竟敢惹这么大的事端？那么会不会是意外呢？即便落水是意外，那么冲撞渔船，粗暴执法就没法用意外来搪塞了。只有一种可能，就是负责金门水域的台湾海巡部门得到了上级的示意，即：遇到大陆船只千万不要客气。如果是民进党当局主导了粗暴执法的政策，那么这个政策又是因何推出？首先，不可能是民进党为应对年初选举而临时推出，因为两岸摩擦操作不当很容易被反噬。如果是长期政策，那么类似事件也早就爆发了。那会不会是民进党的美国主子暗中指使传导到金厦海域的？有消息称，大年三十美军“绿色贝雷帽”特种部队进驻金门。
66765f9ffb88ab4b048dd704,https://mp.weixin.qq.com/s/uavmDyFuruaxbdEf_CTV4g,金门渔船事件闹大了！台湾网民评论曝光,2024,02,22,2024-02-22,2月14日，台湾海巡队在金门县北碇东0.5里海域发现1艘大陆籍快艇“越界”作业捕鱼。该大陆船只在海巡队追缉过程中翻覆，船上4人落海，后被全数救起，其中2人生还、另2人送医抢救后不治。2月18日，中国海警局新闻发言人甘羽表示，福建海警局将加强海上执法力量，在厦金海域开展常态化执法巡查行动。2月20日，泉州市红十字会等派人陪同家属，经泉金客运码头搭乘“八方”轮赴金门，接回2名生还人员并处理相关善后事宜。同日，由泉州市红十字会等派人陪同6位船员家属，搭乘“八方”轮抵达金门。船员家属到金门县殡葬管理所停柩室，确认遇难船员身份。两名生还的船员下午从金门返回泉州。但是湾湾的网友我觉得才是这起事件真正让大家无比愤怒的重点！要知道金门岛距离祖国大陆福建省最近的地方仅仅只有不到10公里，甚至连游泳都可以游过来，美台当局的目的很明确，就是在学习美军精锐部队训练模式，加强台地方武装力量，让台军拥有美国先进的战术战法，提升台军一些精锐部队的整体作战实力。放在如此敏感的地方，其针对之意不言而喻！不得不说他们的胆子是真的越来越大！
66765f9ffb88ab4b048dd705,https://mp.weixin.qq.com/s/fjQ-eb_e1oq7-THEDs0unw,金门渔船事件闹大了！福建渔船遭台湾方面暴力驱赶致2人遇难，台湾网民评论曝光,2024,02,22,2024-02-22,2月14日，台湾海巡队在金门县北碇东0.5里海域发现1艘大陆籍快艇“越界”作业捕鱼。该大陆船只在海巡队追缉过程中翻覆，船上4人落海，后被全数救起，其中2人生还、另2人送医抢救后不治。2月18日，中国海警局新闻发言人甘羽表示，福建海警局将加强海上执法力量，在厦金海域开展常态化执法巡查行动。2月20日，泉州市红十字会等派人陪同家属，经泉金客运码头搭乘“八方”轮赴金门，接回2名生还人员并处理相关善后事宜。同日，由泉州市红十字会等派人陪同6位船员家属，搭乘“八方”轮抵达金门。船员家属到金门县殡葬管理所停柩室，确认遇难船员身份。两名生还的船员下午从金门返回泉州。但是湾湾的网友我觉得才是这起事件真正让大家无比愤怒的重点！要知道金门岛距离祖国大陆福建省最近的地方仅仅只有不到10公里，甚至连游泳都可以游过来，美台当局的目的很明确，就是在学习美军精锐部队训练模式，加强台地方武装力量，让台军拥有美国先进的战术战法，提升台军一些精锐部队的整体作战实力。放在如此敏感的地方，其针对之意不言而喻！不得不说他们的胆子是真的越来越大！
66765f9ffb88ab4b048dd706,https://mp.weixin.qq.com/s/qmBAXb4Amb3K6lK-4cfxBw,2·14金门海域渔船事件 请问大陆方面如何接招？？？,2024,02,22,2024-02-22,根据一周来事态发展，认为存在以下三种可能：台湾当局有意为之。刻意在厦金海域制造冲突。远离本岛，试探应手。事出偶然。台执法人员先前刻意对上隐瞒。导致台当局描述前后不一。偶然事件。但是发生后，台当局见机行事。争取主动权。今年的台海第一波操作正常时间点应该是三月份两会定调，520新“总统”就职之间这段时间。预计是硬的更硬，软的更软的两面手法。对台当局更硬，透过外交，经贸，军事领域施加压力。对民间更软，主打一个两岸融合示范区。2.14事件的发生，一定程度上打乱这个节奏，并被迫做出反应。注定影响到两会的对台工作定调。事实上，今年美国大选，并同时面对欧洲和中东两场同时上演的冲突，不希望亚洲出事；同时大陆面临内部经济问题，也无意过多着墨台海。本就是看北京软硬两手毫无新意的表演而草草收场。本次事件的发生，倒是出现了新的观察方向。面对国台办“严正要求台湾有关方面尽快公布事实真相，严惩相关责任人，满足遇难者家属合理诉求，郑重向遇难者家属道歉，给遇难者家属和两岸同胞一个交代。”的要求。如果台方的条件是借此恢复中断的两岸相关对口单位的直接交流，否则就拒不答应。请问大陆方面如何接招？？？如果陆方答应了这个条件，那么由于台当局拒绝承认“九二共识”而中断的官方对口交流就恢复了！自从台民进党上台之后，贸易额还在增加，而如果官方交流又恢复了，那么请问要不要坚持那个所谓“共识”还有何必要？如果不答应，台方面拒不道歉，也不严惩，请问对大陆内部鹰派如何交代？金门作为外岛，常年驻军约3000-4000人，和蒋时期，高峰17万大军相比，已经是常年弃守状态，根本不在乎出事。总之，2.14事件时机微妙，无疑是对陆对台工作者智慧的考验。拭目以待！不能排除对台既定方针出现重大调整的可能性，届时或有投机机会出现。
66765f9ffb88ab4b048dd707,https://mp.weixin.qq.com/s/Y_44LxaHGaKNl-3hOry_Hw,金门翻船事件真相曝光！,2024,02,22,2024-02-22,"作者 | 燕赤侠台方在金门粗暴对待大陆渔船的恶性事件发生后，真相一直没有被揭开。我们都想知道，大陆渔船究竟是怎么翻的？毕竟此次事件性质极其恶劣，不仅是在春节期间发生的，而且还在厦金海域，并且台方在事后的态度十分傲慢。最重要的是，这次翻船事件，导致两名大陆渔民遇难，两名渔民被抓，只有调查清楚事实真相，才能还我两位同胞一个公道！最初的时候，台方竟然声称“海巡人员”“执法”过程并无不当，试图掩盖其暴力行径。对岸的“海巡部门”以“侦查不公开”为理由，不公布事发时的录像。面对台方这种无赖的行为，大陆方面也不再客气，先是公开表示根本不存在所谓的""禁止、限制水域”，直接将对岸的所谓“执法”行为定义为不合法。随后敦促对岸查明事实真相并严肃处置相关责任人，给遇难人员家属和两岸同胞一个交代。大陆方面保留采取进一步措施的权利，一切后果由台方承担!同时中国海警也开始在厦金海域开展常态化执法巡查行动，第一天就派出六艘海警船对金门实施围岛巡查，并且强制登上金门一艘游轮进行临检。看到大陆的态度如此强硬，并且直接就把厦金海域接管了，台方完全懵了。为了避免被中国海警船直接拖回内地，金门的所谓“海巡队”全部休假，以往在厦金海域飞扬跋扈的“海巡船”，龟缩在金门港口不敢露头。自从民进党上台后，就已经切断了两岸所有直接对话的渠道，所以在此次恶性事件发生后，民进党当局对中国海警接管厦金海域毫无办法。眼看局势越来越紧张，岛内的民意也越发汹涌，台当局只能通过金门的红十字会和大陆进行沟通。按照台方的意思，就是用过去处理海难的方式，把大陆渔民的遗体进行转交，同时释放被抓渔民，并且愿意做出补偿。然而对于台方打的小算盘，我们根本懒得搭理，因为此次肇事的罪魁祸首必须受到中国法律的制裁，并且必须做出赔偿，而不是台方所谓的补偿，因为这根本是两个概念。于是我方决定，先接回两位大陆渔民，尽早调查清楚事情真相。就在20日，泉州市红十字会派人陪同船员家属抵达金门，处理相关善后事宜。台当局“海巡署”、海基会等皆派专员全程协助入境、住宿、交通及抚慰等，两名生还大陆渔民在当天下午从金门坐船返回大陆。然而就在离开金门前，台方还要求大陆方面在“遣返人员移交”的文件上签字，结果遭到我方人员拒绝。要知道，这就是台方故意设置的陷阱，只要在“遣返人员移交”的文件上签了字，就相当于承认台方的行为是合法的。看到我方人员的态度后，台方也不敢再逼逼赖赖，在没有任何办理手续的情况下，目送我方人员返回大陆。除此以外，台方还准备让遇难者家属到金门以后，同意在金门直接火化两位遇难同胞的遗体。很显然台方是想尽可能掩盖事实真相，将此事尽快了解。对于这种想法，也直接遭到遇难者家属的拒绝。眼看自己的如意算盘全部落空，台方知道真相已经捂不住了，毕竟两位渔民回到大陆以后，事件真相自然就会大白于天下。最终我方的两位渔民在回来以后，回忆了当天的事发过程，这时我们才知道，原来台方一直在撒谎。根据生还渔民的陈述，当天他们出海不到一小时，台方“海巡船”就已经出动追赶。两位渔民明确表示，渔船不可能自己翻，只有被撞才会翻，就是因为遭到台方船只的直接冲撞，大陆渔船才会被顶翻，4个人只有2个上岸。最后两位渔民哽咽地说：“我们两边的渔民打鱼，我们没对他怎么样，他们以前到我们这来，我们对他们很好，这次他对我们这样，太失望了。”眼见事情真相被大白于天下，台方立即实话实说，承认是因台“海巡舰艇”冲撞导致大陆渔船翻覆、人员伤亡，但仍以各种理由推诿塞责，对事件真相遮遮掩掩。直到今天，台方依然拿不出任何“执法”录像，反而不断狡辩，称来不及开始录影，双方就不慎发生碰撞，然后因为急着救人，根本忘了录影。对于这种经不起推敲的谎言，岛内的舆论已经看不下去，台湾媒体人指出：“海巡人员”的密录器是标配，这么多“海巡人员”，怎么每个人的密录器都没开？就算追逐时没开，出事以后，怎么搜救、急救过程也没开？台“海巡部门”遮遮掩掩，到底在掩饰什么？看到台方依然不知悔改，国台办已经发出最后警告：2016年5月民进党上台以来，台方粗暴对待大陆渔民，随意抓扣大陆渔船渔民事件频频发生，严重损害大陆渔民利益，给大陆渔民群体造成较大经济损失，伤害大陆同胞感情。我们严正要求台湾有关方面尽快公布事实真相，严惩相关责任人，满足遇难者家属合理诉求，郑重向遇难者家属道歉，给遇难者家属和两岸同胞一个交代。我们将坚决维护同胞的合法权益，绝不允许此类事件再度发生。话说得已经很清楚，台方必须给一个明确交代，必须严惩肇事凶手，不然这事过不去！现在厦金海域的控制权已经被中国海警完全接管，金门油轮接受中国海警的登船临检，就意味着大陆已经收回厦金海域的执法权！这个既定事实，台方根本无力改变，你接受也得接受，不接受也得接受！对岸要明白坦白从宽，抗拒从严的道理！这次是登船，下次就该登岛了！- End -文章写尽天下事，只为俯首看苍生！@关注和转发，就是最大的支持@为防失联，请添加小编微信：gss15732022"
66765f9ffb88ab4b048dd708,https://mp.weixin.qq.com/s/z7qo-mUbw_-PL2oEUYm5Rw,为何由红十字会派员赴金门处理渔船事件善后事宜？,2024,02,21,2024-02-21,国务院台办发言人朱凤莲19日表示，2月14日台湾有关方面粗暴对待大陆渔船致2名渔民遇难恶性事件发生后，泉州市红十字会将派人陪同渔民家属于20日赴金门，接回2名生还人员并处理善后事宜。2月20日上午，泉州市红十字会等派人陪同家属，经泉金客运码头搭乘“八方”轮抵达金门。看到消息后，有网友不禁疑惑：为何是由红十字会派人陪同家属赴金门？红十字会在两岸关系发展中起到了什么作用？说到这里，就不能不提到《金门协议》的签订。两岸由此开启了交流的先河。《金门协议》：为两岸民众架起人道的桥梁1990年9月11日至12日，海峡两岸红十字组织代表在金门举行商谈，解决违反有关规定进入对方地区的居民和刑事嫌疑犯或刑事犯的遣返问题。两方经充分交换意见后，最终达成《金门协议》。1990年9月12日，海峡两岸红十字组织签署《金门协议》这是1949年以来，双方分别授权的民间团体签订的第一个书面协议；是两岸民间团体第一次以事务性商谈的方式解决两岸交往中产生的法律事务；也是最早实践 “正视现实，建立互信，搁置争议，追求双赢”的新尝试。如果说“九二共识”是两岸认可的共同政治基础，那么“金门协议”应该被视为“九二共识”的起源。《金门协议》的签订，为两岸民众架起了一座人道的桥梁，“金门协议一小步，两岸关系一大步”。基于大家对“一个中国”原则的认可，虽然签订期间遇到了不少问题，诸如组织名称、个人称谓、时间纪元等等，但最终都得到了妥善处理。两起惨案：金门商谈的近因1990年7月22日凌晨，福建平潭县澳前镇光裕村渔民发现一艘搁浅渔船，在两个被密封钉死的船舱里，有25具尸体。舱中惟一的幸存者林里城，也已奄奄一息。在被全力抢救脱险后，林里城讲述了这一惨案的经历。这艘渔船叫“闽平渔5540号”，是7月中旬到台湾海域做生意时被抓扣的。7月21日下午，台湾有关方面在宜兰县澳底，将陆续渡海入台的大陆同胞用黑布蒙住双眼，强行关进船舱，用六寸长的全新圆钉将船舱顶盖钉死，并压上木头等重物。被关押的渔民挤蹲在一米来高、三米见方的船舱内，缺氧缺水，闷热异常。他们用头顶，用手砸，拼死欲打开舱盖，但无济于事，最后一个个痛苦地死去。仅存的林里城是偶然发现船舱隔板上有一个绿豆大的小孔，贴近呼吸才尚存一息。这起命案在台湾曝光后，舆论大哗。8月4日，中国红十字会将新华社福州8月3日电的消息稿传真给台湾红十字组织，并指出“这是一起严重违反人道主义的事件，请贵方帮助调查了解，并催促台湾有关方面追查肇事人员”。8月6日，台湾红十字组织发来传真，承认此案“引起此间朝野之严重关切”。8月7日，台湾红十字组织副秘书长常松茂代表秘书长陈长文打电话给中国红十字会秘书长韩长林：建议今后在台海中线交接遣返，具体问题可在第三地研究。这个电话是以后促成金门商谈的一个最初的信号。8月8日，陈长文传真给韩长林，称“本会拟与有关单位协调，研究一套由本会参与大陆居民留置及遣返作业的方式，以昭公信，如贵会将来亦能配合派员洽借民用船只驶至海峡中线以西某一经双方联系之地点，接回为我方遣返之大陆船只，护送其返回大陆，当有助于人道精神之发挥、责任之厘清，避免误会之发生，还望从优考虑惠复”。该传真还表示，“此后我方经海上遣返大陆居民时，本会亦可能逐批提供名单，供贵会参处”。8月10日，韩长林发传真给陈长文，告之“我们原则同意您提出的有关红十字会今后参与人员遣返的建议，具体办法待与有关部门研商后另告”。这个传真对台方红十字会发出的信号表示了积极态度，预示了两岸红十字组织有可能会在未来合作。然而，正在两岸为25人惨案交流之际，另一起惨案又发生了。8月13日，在台湾基隆港以北13海里处，“闽平渔5202号”渔船与押送其返回的台湾方面军舰相撞，被遣返的50名福建人中有21人因渔船翻覆而溺毙。至此，46条人命含冤以殁，台湾有关方面已如千夫所指。台湾“中国统一联盟”两次发表声明，呼吁当局废弃“三不”陋规，与彼岸相关部门尽速接触会商，针对海峡两岸人民渡海往来事宜，签订明确规范，使台、闽同胞皆有法可依，彻底防杜悲剧之重演。台湾有关方面也感到事态严重，难辞其咎。在内外压力下，台湾方面开始通过各种渠道，寻求与大陆联系商谈的对象。权衡再三，最后还是找到红十字会。相关链接：海峡两岸红十字组织早期往来1987年11月，台湾当局迫于内外压力，开放台湾民众赴祖国大陆探亲。一时间，探亲的人流如堤之决口，使海峡两岸查人转信、寻根问祖信件激增。中国红十字会遵循组织宗旨和原则，帮助海峡两岸同胞查人转信成了义不容辞的任务。由于两岸不通邮电，无法正常联系，只能通过红十字国际委员会驻东亚地区办事处（当时设在香港）中转。大量印有“红十字”的规范的查人专用信函，源源不断地流向对方。数以万计的两岸离散同胞因此取得了联系，得以团聚，此事被人称为“一件功德无量的事”。在两岸关系日益发展的时候，时机已经成熟，海峡两岸红十字组织开始了彼此往来。11988年10月12日，在厦门浯屿海面，厦门市红十字会将落水被救的国民党军队士兵许志淞转交台湾红十字组织，这是两岸红十字组织第一次直接接触。21990年4月16日，两岸红十字组织负责人第一次互通电话。应台湾方面要求，中国红十字会救助了在宜昌发病的台胞刘凤子女士。31990年五六月间，台湾红十字组织负责人徐亨、常松茂一行到大陆访问。中国红十字会副秘书长曲折与台湾红十字组织副秘书长常松茂进行了工作会谈，达成了五项口头协议。41990年7月下旬，台湾红十字组织负责人陈长文、常松茂访问北京等地，并商谈了双方举办红十字冬夏令营有关事宜。这些往来为以后两岸红十字组织有效接触商谈奠定了基础。来源：新华社、央视新闻客户端、中国红十字会官网相关阅读
66765f9ffb88ab4b048dd709,https://mp.weixin.qq.com/s/tTNsIem5yeSmPqObZMc04w,台媒：遇难渔民家属已抵金门 遗体20日火化21日带回,2024,02,21,2024-02-21,2月14日台湾有关方面粗暴对待大陆渔船，造成2名渔民遇难的恶性事件。据台湾“中时新闻网”报道，遇难者家属20日上午10时许已抵达金门水头码头，中午至金门殡葬管理所，下午举办法会、祭拜、火化等仪式，预计今晚留宿金门，明早8时30分离开。报道转述，据相关人士透露，遇难者家属在金门的行程是双方协调后大致拟定，台“海巡署”将会协助进行，但是否会有变量，目前仍不得而知。不过，据报道，台“海巡署”称，将与台湾方面陆委会相互配合，对于遇难者亲属入境及奔丧事宜，已筹组专责人员进驻金门提供项目协助，将与金门县政府、县议会、红十字会及民意代表等紧密联系合作，全力为遇难者家属提供最大的支持和最实际的协助。国台办发言人朱凤莲19日表示，台湾有关方面应对船员家属及有关人员赴金门提供便利，做好安排，认真对待他们的正当关切，配合处理好善后事宜，避免进一步伤害两岸同胞感情。
66765f9ffb88ab4b048dd70a,https://mp.weixin.qq.com/s/w5o5ytSHeZNhQBL5y_m8-w,大陆下最后通牒，必须给个说法，军舰抵台24海里，金门公布渔民死因,2024,02,21,2024-02-21,👆点击上方蓝字，关注“杧果视点”，第一时间获取更多国际资讯动态！“金门翻船事故”造成2死2伤的悲剧，国台办直接下最后通牒，要求台当局必须 个说法。与此同时，解放军也采取行动，军舰抵台24海里，这一系列动作台当局究竟看懂了没？国台办下通牒，解放军采取行动针对“金门翻船事故”，国台办发言人朱凤莲日前再度发声，强调两岸同属一个中国，台湾是中国领土不可分割的一部分。从古至今，两岸渔民就在厦金海域进行传统渔场作业，压根就没有所谓的“限制水域”的说法。至于所谓的“海峡中线”的说法，也完全不存在。众所周知，在“金门翻船事故”中，台“海巡署”就是以所谓的“越界捕捞”为借口，对大陆渔船进行了追逐，最终导致大陆船只侧翻，酿成2死2伤的悲剧。更让人没想到的是，事发后，台湾当局并未表达出任何歉意，反而试图为自己的行为辩护，并称其海巡队只是在维护渔民权益，其海巡队采取的措施并无不当。这也就有了国台办出面发声怒怼台方说法一事。国台办不仅明确指出台“海巡署”追逐大陆渔船并非“正常执法”，休想打着“执法”的名义撇清干系，还对台下最后通牒，要求其务必查明真相，追究相关人的责任，给两岸同胞和遇难者家属一个说法。与此同时，解放军也出手敲打台当局。台防务部门在上周五声称，在过去短短24小时的时间里，就发现解放军舰机现身台海周边，其中7架次战机更是抵达了“海峡中线”以西。台媒还称，在国台办对台当局下最后通牒的当天，大陆一艘“情报船”在台岛东北方向活动，紧挨着24海里南北行驶。金门公布两名渔民死因在中国大陆的重磅手段下，台当局也终于意识到闯了大祸，大陆不会容忍任何损害中国领土完整和民众利益的行为。因此，就在国台办话音刚落之际，金门检方就公开了大陆渔民的死因，声称经当地地检署和法医相验，初步判断两名大陆渔民是溺水身亡，不存在致命伤。然而，这种官方表态并不足以洗清台“海巡署”的嫌疑。外界普遍认为，若是在台“海巡署”追逐的过程中出言威胁等，造成了最终悲剧的发生，那么他们就应该为此承担相应的责任。再者说，关于溺水身亡的说法，如今只是金门检方的一面之词。要确认当时具体的情况，还需要进行多方调查和取证。台当局若是希望通过强调溺水身亡来快速平息事态，那是不可能的，14亿人民绝对不允许台当局漠视两条生命。中国大陆不仅在希望看到台当局对此事负起责任，同时也要求台当局采取积极的行动来避免类似悲剧的再次发生，为两岸关系的和平发展作出积极贡献。台当局应清楚，冲突和紧张局势无益于任何一方，只会给两岸民众带来痛苦和损失。更多精彩内容欢迎下方左侧一键分享至朋友圈，同时点击右侧【点赞】与【在看】，获得更多好文推荐！
66765f9ffb88ab4b048dd70b,https://mp.weixin.qq.com/s/R9Ifq2KSVvp8aan2DER3XA,大陆海警出手，台当局慌了神，金门渔民闹起来了,2024,02,21,2024-02-21,亲，在开始阅读之前，欢迎点击上方蓝字👆，关注“马哥观察”，第一时间获取更多国际热点动态！台当局敬酒不吃吃罚酒，国台办的警告没听进去，大陆海警正式出手，台当局慌了神，金门的渔民先闹起来了。前几天，台“海巡署”以所谓的“越界捕捞”为由追捕厦门的一艘渔船，导致船上的2名渔民丧生。此事一出后就在两岸掀起了轩然大波，国台办也在第一时间要求民进党当局就此事做出一个交代，但台当局却“不以为耻反以为荣”，声称台海巡单位执法的过程“并无不当”。民进党甚至还将责任推卸到大陆渔民的头上，至今为止台当局不仅没有就此事致歉，也没有释放扣押的渔船和渔民。当然，国台办也已经有言在先，要求台当局立即放人放船并严肃处理与此事相关的责任人，否则一切后果都要由台方来承担。显然，对于国台办的警告台当局并没有听进去，所以，大陆必然也要给民进党一点颜色瞧瞧。这两天，大陆海警局就已经发布通知称，福建海警局将会加强海上执法力量，为了进一步维护海上作业的相关秩序以及保护大陆渔民的生命财产安全，福建海警局将会在厦金海域进行常态化执法巡查行动。而大陆此举则是释放了两大重要信号。第一，用实际行动否定了台当局所谓“禁止限制水域”的存在。这些年来，台当局不仅单方面给两岸划分了所谓的“禁止、限制水域”，还不断以“越界捕捞”为借口阻挠大陆渔民的正常捕捞作业。甚至在上世纪90年代，还造成了大陆46名私渡客的死亡，台当局的这些行径不仅给两岸关系带来恶劣的影响，还严重损害了大陆民众的安全利益，大陆也多次警告过台当局立即停止对大陆渔船的恶意打压。但台当局始终置若罔闻，所以，这次翻船事发之后，大陆也不必继续保持客气。第二，宣示大陆在厦金海域的主权。大陆海警在该海域展开常态化执法巡查就是对台当局的一种威慑行为。直白一点来说，今后在厦金海域就容不得台当局继续作威作福，肆意妄为，否则台“海巡署”只有和大陆海警硬碰硬。并且，也能让台当局意识到不管是在渔业纠纷上和大陆叫板，还是想“谋取独立”都不过是在以卵击石，最终倒霉的只能是台当局自身。更何况，大陆一贯是遵循两岸渔民正常捕鱼作业的惯例，从来没有单方面阻挠过台湾的渔民。是台当局一再得寸进尺，步步紧逼，无视大陆的善意和两岸的默契，才造就了今天这起悲剧。虽说这次金门翻船只是一次意外的事故，但也与台“海巡署”执法不当脱不了干系。而国台办两度发声已经是给了台当局纠错的机会，但民进党的言行完全就是一副敬酒不吃吃罚酒的态度。然而，在大陆真正出手后，台当局却慌了神。现在岛内不少专家和政客都开始喊话台当局出面发声。国民党“立委”马文君表示，自佩洛西窜台起，民进党就一直没有和大陆展开沟通交流，如果他们继续秉持“抗中”的姿态，不在两岸关系上释放出善意，不排除大陆会在厦金海域再塑造出一种新常态。民进党前“立委”郭正亮也喊话台当局，应当尽快公布执法现场的录像带，如果继续拖延下去只会对台湾地区不利。台“退辅会主委”冯世宽近日也在一场活动中表示，两岸应当用智慧化解危机，翻船事件也应当成为两岸沟通的契机。不仅如此，在大陆宣布海上执法常态化后，金门渔民先闹起来了。当地渔民纷纷担心今后大陆海警会以牙还牙，阻止他们在厦金海域捕鱼作业，并喊话台当局马上公布现场画面，否则会招致大陆的进一步“报复”。由此可见，台当局当前不作为的态度已经激起了岛内的不满。而大陆也已经就此事给台当局开出条件，只要按照大陆的要求合理处置，两岸局势就能化险为夷，否则只会进一步激化两岸的矛盾。从长远来看，一旦两岸关系继续恶化，和平统一的可能性就会削弱，届时，民进党将会付出难以承受的代价。如果您感觉我们的文章还不错，可以点击下方左侧一键分享至朋友圈，如果您点击右侧【点赞】与【在看】，可以获得更多好文推荐！
66765f9ffb88ab4b048dd70c,https://mp.weixin.qq.com/s/WM6qTGwXX_E3ZtXAZqpwAA,岛内刚爆出重磅消息，美军入驻金门，大陆渔民就被追赶遇难，不简单,2024,02,21,2024-02-21,台海巡船非法追逐致使两名大陆渔民遇难，背后的真相真有那么简单吗？岛内爆出重磅消息，美军入驻金门后不久，大陆渔民就被追赶遇难，这事看来非常蹊跷！众所周知，近两天台海突然发生了一起“恶性事件”，两名大陆渔民遇难，事情的经过相信大家都有所耳闻，在此就不过多赘述了！消息一出，迅速激起了人们心中的怒火，许多网友替大陆渔民打抱不平，谴责台湾当局的行为，并要求立刻查明真相，惩治凶手。虽然此前大陆渔民与台湾海巡人员发生过多次对峙，但大部分时候也就是口头上炒闹一番，最多也就是把鱼倒回海里后离开，毕竟中华儿女一家亲，哪有舌头碰不到牙齿的时候呢。可是这次明显不一样，已经上升到了人命关天的程度，而且还是正值阖家团圆的春节期间，发生这样一起严重伤害两岸同胞感情的事情，换作谁都接受不了！值得注意的是，台湾当局在得知消息后，不但没有一丝愧疚之情，反而开始推卸责任，对外声称并没有发生什么“恶性”事件，是大陆渔民自己失误造成的意外坠海事故，之后还放话大陆称，要求大陆严格约束渔民的行为。根据台湾当局无视大陆同胞的傲慢态度和冷漠的处理方式来看，台湾当局对大陆已经没有任何善意可言。对于这一事件，也有不少人质疑，往年两岸之间的渔民海事纠纷也不少，但从未上升到这种地步，台方为何会在春节期间，突然出此狠手呢？据岛内媒体爆出的重磅消息，在大陆渔民坠海事件发生前不久，美军已入驻金门，这个消息让外界迅速提高了警觉，也使得事情更加扑朔迷离。毕竟是在美军入驻金门后不久就发生大陆渔民被追赶遇难的恶性事件，这不禁让人怀疑，大陆渔民的坠海事故真的那么简单吗？背后究竟隐藏着怎样的阴谋呢？据台湾《联合报》消息，随着民进党赖清德当选和外部势力的干涉，现在的台海局势可谓是风高浪急。在美国接连派出代表团窜访台湾之后，近日更是派出了一支特种兵小组常驻金门，虽然派出的人数很少，但其性质已经触犯了我们的红线。值得注意的是，就在美军特种兵小组入驻金门后不久，大陆渔民就被驱赶遇难，这也难怪引发了外界对这两件事是否有关联的猜测！因此，有人质疑，这次金门海域发生的悲剧事件的罪魁祸首就是台湾当局，明面上是台海巡人员所谓的“海上执法”，实际上是民进党执行的“一边一国”政策，擅自划定海上区域所导致。而美军特种兵的入驻，代表着美国等外部势力的撑腰，也给了台湾当局十足的底气，因此台湾民进党当局才敢如此肆意妄为！
66765f9ffb88ab4b048dd70d,https://mp.weixin.qq.com/s/oYy5sqjYEkZnMFZ9SOwtHA,敬酒不吃吃罚酒，大陆海警出手，台当局慌了神，金门渔民闹起来了,2024,02,21,2024-02-21,在这片古老而又充满活力的东海之滨，最近发生了一件令人心痛的事件。厦门的一艘渔船，在寻常的捕鱼行程中，被台海巡署以“越界捕捞”为由追捕。这场意外的风波，不幸地夺走了两位渔民的生命。这不仅是两个家庭的悲剧，也是两岸关系的一个缩影。对此，大陆方面的国台办迅速做出了回应，要求台当局对这一悲剧给出合理的解释并承担相应的责任。然而，台当局的态度似乎并不明朗，他们没有向大陆方面表达道歉，也没有释放被扣押的渔船和渔民。在大陆民众眼中，这种行为无异于“敬酒不吃吃罚酒”。  台当局甚至还将责任推诿到大陆渔民身上，这一做法引起了岛内外的广泛质疑。大陆方面的态度始终明确，要求台方立即停止对渔船的不当打压。与此同时，福建海警局宣布加强海上执法力度，开始在厦金海域进行常态化巡查。    这一行动不仅是对渔民生命财产安全的保护，也是对台当局所谓“禁止、限制水域”的存在的否定，以及对厦金海域主权的宣示。这件事情在岛内外引起了广泛的讨论。许多专家和政治人物呼吁台当局公布执法现场的录像，以展现事实真相，同时也是作为和解的一种努力。而金门的渔民们也表达了他们的担忧，他们担心未来在厦金海域的捕鱼作业会受到影响，同时也希望台当局能够公布现场画面，以缓解紧张的局势。     在这个故事中，我们看到的不仅仅是一场意外，更是两岸关系微妙平衡的一个缩影。从长远来看，只有理解和尊重，才能促进两岸关系的和平发展。而对于台当局来说，这也是一个思考和改变的契机，他们的任何行动和决策都将直接影响到两岸关系的未来。此时此刻，我们期待的是理解、沟通和和解。只有这样，两岸的民众才能够共享这片海域带来的宁静与和谐。  
66765f9ffb88ab4b048dd70e,https://mp.weixin.qq.com/s/SCKENQuc_RJ5YCLPq68W_Q,金门渔船事件两名生还大陆船员已返回泉州 - 要闻简报,2024,02,21,2024-02-21,数据显示，1月26日春运开始以来，全国铁路累计发送旅客超3亿人次。1月，我国社会融资规模增量为6.5万亿元，创历史同期最高水平。全国总工会印发通知，决定在2024年推选200名左右大国工匠进行培育，培育期为2年。国家版权局消息，2023年全国著作权登记总量达8923901件，同比增长40.46%。中国人民银行20日公布，五年期贷款市场报价利率（LPR）从4.20%下调至3.95%。截至20日，全国有214个城市已建立房地产融资协调机制，有57个城市162个项目已获得银行融资共294.3亿元。民航局等四部门日前印发方案，明确到2025年，机场噪声污染防控标准体系基本建成。20日，泉州红会派员陪同家属赴金门处理渔船事件善后。目前，两名生还船员已从金门返回福建泉州。美欧对华电动汽车实施贸易保护举措，我外交部回应，构筑“小院高墙”，不追求“跑得更快”，却试图“绊倒别人”，看似赢了，实则输掉了自己的长远发展。中国第40次南极科考队近日成功完成南极冰盖边缘航空调查国际合作任务，填补了冰盖冰厚和冰下地形数据空白。20日，省委书记、省全面实施新时代民营经济强省战略领导小组组长周祖翼主持召开领导小组第一次会议，强调要深入学习贯彻习近平总书记关于民营经济发展的重要论述和中央经济工作会议精神，聚焦民营企业关切，持续创新和发展“晋江经验”，把改革的精神、改革的思维、改革的方法贯穿始终，以更加科学精准有效的政策举措，持续促进福建民营经济发展壮大。省长、省全面实施新时代民营经济强省战略领导小组第一副组长赵龙出席。20日，省委书记、省委财经委员会主任周祖翼主持召开十一届省委财经委员会第七次会议，审议省委财经委员会工作规则和省委财经委员会办公室工作细则，审议省委财经委员会2023年工作总结报告和2024年工作要点，听取省委财经委员会第六次会议关于新形势下推动外贸高质量发展议题部署落实情况，研究新形势下深化国资国企改革增强核心功能提高核心竞争力问题，研究推动我省政府引导基金高质量发展问题，研究发展壮大我省新能源产业问题。省长、省委财经委员会副主任赵龙出席。19日，省委副书记罗东川赴省委党史方志办调研，强调要全面贯彻落实党的二十大精神，深入学习贯彻习近平总书记关于党史和地方志工作的重要论述，学习贯彻中央刚刚发布的《党史学习教育工作条例》，牢牢把握“党史姓党、方志为党”根本政治方向，紧扣中心大局，聚焦主责主业，充分发挥党史方志存史资政育人作用，为推进中国式现代化福建实践提供历史智慧和精神力量。20日，市委市政府项目工作现场评价总结部署会召开。市委书记崔永辉出席并讲话，强调要深入贯彻中央和省委、市委经济工作会议精神，深化拓展“深学争优、敢为争先、实干争效”行动，保持定力、坚定信心，振奋精神、鼓足干劲、迅速行动，切实把项目作为经济工作的总抓手，不断巩固和增强经济回升向好态势，奋力夺取一季度“开门稳”“开门红”，努力实现全年经济质的有效提升和量的合理增长。市委副书记、市长黄文辉主持会议并作具体部署。市领导杨国豪、魏克良、李辉跃等出席。20日，市长黄文辉到市人民群众来访接待中心，认真倾听了群众反映的道路交通安全隐患整治、村庄排水系统改造、房屋产权证办理等方面的诉求和意见建议，逐项研究解决方案，要求相关区和部门紧抓快办、跟踪落实，用心用情解决，同时举一反三、着眼长远，推动破解共性问题。20日，市十六届人大常委会召开第十八次会议。市人大常委会主任杨国豪主持，副主任张灿民、孙明忠、李伟华、陈沈阳、陈紫萱、陈琛、郑岳林、王成全，秘书长陈鸿萍和常委会委员出席。刚刚！破31°C！冷空气即将抵厦，“断崖式”降温就在……太突然，又涨价了！回复【就业服务】进入湖里区就业服务系统回复【妇幼预约】获取湖里区妇幼保健院预约渠道回复【随手拍】随时随地反馈城市管理问题回复【网上办事】进入办事大厅回复【办事预约】进入i厦门办事预约系统来源：人民日报、新华社、央视新闻、《求是》杂志、光明日报、经济日报、科技日报、福建日报、厦门日报编辑：白涵校对：郑靖审核：陆晓凤、庄筱婧、陈瑜瑾点亮和扩散告诉更多人↓↓↓
66765f9ffb88ab4b048dd70f,https://mp.weixin.qq.com/s/yeIKU5pK2hdyFChPK_KIYQ,金门事件后续来了，我方幸存渔民称是被台方故意撞翻的,2024,02,21,2024-02-21,果然有猫腻，随着我们的渔民回来，台海巡署一直隐瞒的真相一步一步的暴露了。幸存渔民表示：渔船是被海巡署的船只顶翻的！不是说越界吗？不是说追逐过程中渔船蛇形走位倾覆的吗？台检方公布的问讯，也提到船只多次碰撞云云。我方渔民回忆说：“我们自己船怎么可能翻掉，开急转弯也翻不掉，佟一下就把我们给顶翻掉了，我们就钻到水里面。跑出来4个人，只有2个人上岸。”前金门副县长新党主席吴成典说，金门跟厦门原本一家，金门这个事情，如果让我们金门人来做，不会发生今天这个情况。海巡署是属于民进党执政党在管，那怎么可能不出事呢？他们不了解金门，心里跟我们也不一样。那么问题就来了，既然是撞翻船只，那么是故意为之还是意外？从船的吨位来看，海巡署的船只远远大于渔船，直接相撞吃亏的肯定是渔船。另外既然发生多次碰撞，能是意外发生的吗？结论只能是故意撞船。大过年的故意撞船明显就是挑衅，台当局就是想激怒大陆制造热点！真的是登鼻上脸了！愤慨之余，我觉得这也是个好机会。2012年菲律宾黄岩岛挑衅我们直接实控了黄岩岛，同年小本本在钓鱼岛挑衅，结果我们也实控了钓鱼岛。裴老太太串访凤梨，引发我们直接锁岛演练。切香肠谁不会？这一次就是海警执法层面对那边进行彻底压制的好时机。不过这都不解恨，我认为最应该做的是惩戒肇事者，对台海巡署的涉事船只相关直接责任人和负有间接责任的属对领导人员实施制裁。在此基础上把金门妈祖澎湖的水域进一步规范管理起来，既然那边给脸不要那就收回来。后续，双方可能会发生执法方面的摩擦，考验毅力意志和决心的时刻或将到来，让我们拭目以待。
66765f9ffb88ab4b048dd710,https://mp.weixin.qq.com/s/GKvTD6FN8bYaw2iqoRbSbQ,金门岛边界之谜：大陆渔船频频“越界”，真相竟是,2024,02,21,2024-02-21,科技博主来揭秘啦！金门岛的那条神秘边界线，你听说过吗？春节期间，一艘大陆快艇在金门海域遭遇台湾海巡部门的追击，结果翻船了，两人不幸遇难。这事儿一出来，台湾那边就说这船“越界0.86海里并违规捕鱼”。啊？这界线到底在哪儿啊？厦门和金门可是隔海相望，最短距离才2公里！这界线难道是隐形的？其实啊，金门岛的边界线问题一直挺玄妙的。你知道吗，金门和厦门之间并没有明确的界线，多年来都是靠大家的默契来维持。但这种默契在台湾行政部门单方面给金门岛划定“禁、限制水域线”后就被打破了。他们把本来就不宽的海道从中间截断，有些界线离大陆岸边只有几百米！这意味着大陆的船只稍不注意就可能“越界”。这简直就是欺负人啊！说起金门和马祖地区，它们现在还在台湾当局的控制之下呢，这可是历史遗留问题。当年两岸在这个问题上还有一定的默契，但现在台湾当局却试图通过这些界线来限制大陆。这不明摆着找茬儿吗？金门距离大陆这么近，最近的地方只有1.8公里！2023年甚至还有金门的守军游泳前往厦门投诚的事情发生。这事儿一出来，大家都震惊了！这说明什么？说明这些界线在实际上并没有起到什么作用嘛！大陆一直以来对台湾人充满善意和关照，但台湾方面却不断给大陆设定各种限制和框框。这次恶性事件的发生，就是因为台湾海巡部门对大陆船只进行了无理的攻击。这种行径不仅破坏了两岸的和谐关系，也让人们对台湾当局的做法感到愤怒和不满。他们到底是怎么想的？为什么要这么做呢？有金门本地人看不下去了，站出来说话。他说金门近海早就没有什么渔获可捕捉了，所以福建人不可能跑到金门来捕鱼。他认为这次事件中的船只其实并不是真正的渔船，而是给游客玩的钓鱼艇。这也解释了为什么落水的四个人之中，有两位是来自四川广安和重庆的游客。原来台湾海巡部门的攻击行为完全是在针对游客啊！这种恶劣行径必须受到谴责！现在掌管台湾海洋事务的是“台独”政客管碧玲等人，他们一贯秉持“逢中必反”的立场，对大陆充满敌意。在这种背景下，恶性事件的发生绝非偶然，可能只是一个开始。我们必须对台湾当局的挑衅行为保持高度警惕，并采取必要的措施进行反击！不能再让他们为所欲为了！回顾历史，我们曾经对台湾方面保持过极大的善意和耐心，但得到的却是他们不断的挑衅和侵犯。现在是时候采取行动了！我们不能再一忍再忍、一让再让！必须让台湾方面明白，大陆的力量是强大的，我们有能力维护自己的权益和尊严！不能再让他们欺负我们了！说到这里，我突然想起一件事儿来。你知道“海峡中线”吗？还有金门的所谓“禁限制水域线”？这些话啊，不应该只是口号，而应该付诸实践！我们应该用实际行动来打破这些束缚我们多年的条条框框，让两岸关系真正回归到一个中国的原则上来！你说是不是啊？这事儿说起来真是让人生气！台湾当局给金门岛设置的边界线也太离谱了吧！大陆渔船稍不注意就越界，这简直就是在欺负人啊！他们到底是怎么想的？为什么要这么做呢？真是让人摸不着头脑。不过啊，我相信总有一天，这些条条框框都会被打破的！两岸关系一定会越来越好的！你说呢？欢迎下方左侧一键分享至朋友圈，同时点击右侧【点赞】与【在看】，获得更多好文推荐！欢迎下方左侧一键分享至朋友圈，同时点击右侧【点赞】与【在看】欢迎下方左侧一键分享分享至朋友圈，同时点击右侧【点赞】【点赞】与【在看】【在看】，获得更多好文推荐！
66765f9ffb88ab4b048dd711,https://mp.weixin.qq.com/s/J3Cam068PJZcwdYzbsFIBg,大陆下通牒，要求必须给说法，军舰抵台24海里，金门公布渔民死因,2024,02,20,2024-02-20,造成2死2伤的悲剧后，国台办下最后通牒，要求台当局必须给个说法。与此同时，解放军舰机直扑台海，舰船抵台24海里。台当局看懂了？金门公布大陆渔民死因。据环球网报道，17日，国台办发言人朱凤莲表示，两岸同属一个中国，台湾作为中国领土不可分割的一部分。自古以来两岸渔民就在厦金海域进行传统渔场作业，压根不存在所谓“限制水域”的说法。众所周知，日前发生了一起令岛内外极度震惊的恶性事件，台“海巡队”以所谓的“越界捕捞”为借口，对一艘正在台海作业的大陆渔船穷追不舍，结果不慎酿成悲剧，大陆船只翻覆，造成2死2伤。而让人更愤怒的是，台当局非但没有流露出一丝一毫的歉意，台陆委会还狡辩称，其海巡队采取的措施并无不当，强调需通过“严正执法捍卫渔民权益”。这才有了上述国台办怒怼所谓“限制水域”的说法，这就是在反驳台陆委会，正告他们，台“海巡队”追缉大陆渔船，并非“正常执法”，休想打着“执法”的名义撇清干系。除此之外，国台办发言人朱凤莲还对台下了最后通牒，要求务必查明真相，追究与此事相关人的责任，给两岸民众和遇难者家属一个说法，称大陆保留采取进一步行动的权利，只不过，台方须承受由此带来的一切后果。而大陆也深知口头警告的效果有限，于是可以看到，国台办表态之际，解放军也上场了，适当出手敲打了台当局。上周五，台防务部门表示，过去24小时发现解放军舰机在台海周边现身，其中7架次战机抵达了“海峡中线”以西。另据台媒透露，国台办对台当局下最后通牒的当天，一艘来自大陆的“情报船”在台岛东北方向活动，紧挨着24海里南北行驶。这下可把台海巡署吓坏了，紧急出动“桃园舰”跟踪监视。事实表明，大陆舰机和船只先后逼近台岛，台当局的确看懂了这些行动背后的意思。国台办话音刚落，金门检方就公开了大陆渔民的死因，称经当地地检署和法医相验，初步判断遇难的2名大陆渔民身上不存在致命伤，是溺水而亡。金门地检署则表态称，由于遇难者家属并未表达对死因的意见，且尚未核发死者的死亡证明，即便进行了初次尸检，未来将视案情需求，或进行第二次尸检。金门检方言之凿凿的称遇难者身上并无致命伤，是溺水身亡，这几句话并不足以彻底洗清台“海巡队”的嫌疑，若追缉过程中，台“海巡队”出言威胁，亦或是直接动武，那么都得为此承担相应的责任。再者，关于溺水身亡，仅仅只是金门检方的一面之词，真相究竟如何，还需通过多方查证，结合各方证词证据方可下定论。台当局想让此事尽早翻篇，意图用溺水身亡这几个字糊弄过去，大陆的14亿人民绝不会答应！
66765f9ffb88ab4b048dd712,https://mp.weixin.qq.com/s/eE_3Kb3478sW4Dr_WmnBsQ,"大陆海警登船检查金门游艇，台""防长""：不会主动介入",2024,02,20,2024-02-20,2月14日台湾有关方面粗暴对待大陆渔船致2名渔民遇难，大陆海警部门18日宣布，福建海警局将加强海上执法力量，在厦金海域开展常态化执法巡查行动。19日，金门一艘载有台湾游客的游轮遇大陆海警登船临检，引发台媒关注。据台湾“中时新闻网”等台媒20日报道，台防务部门负责人邱国正20日被台湾“立法委员”质询时回应此事，他表示，这件事归台“海巡署”处理，台军不会主动介入，介入的话会引发冲突升级。图片我海警临检金门渔船 图源：社交媒体图片资料图：邱国正台行政部门负责人陈建仁20日率行政团队至台立法机构备询，邱国正会前在接受媒体采访时谈到金门游轮遇大陆海警临检一事。邱国正回应称，此事归“海巡署”处理，台防务部门作为政府部门应该“配合”。台防务部门本身就是为了避免战争，不会主动介入。台军介入会升高冲突，这不乐见，应该非常平和地把问题处理好，军人避战是避免战争，应战而不必战，避战的方法很多，不要升高冲突。至于是否担心厦金海域会擦枪走火，邱国正称，台军一定很担忧，他最后说：“若不担忧的话，你们就要担忧了。”据台湾媒体此前报道，一艘载有23名台湾乘客的金门游轮19日下午行经金门县大二胆海域、五通水道附近时，遇福建海警局登船临检。船上台湾领队表示，临检没有惊扰到游客。另有旅客提到，登船临检的大陆海警多数时间与船务人员交谈，与旅客没有太多接触，也没有为难乘客。2月18日，海警局新闻发言人甘羽表示，福建海警局将加强海上执法力量，在厦金海域开展常态化执法巡查行动，进一步维护有关海域作业秩序，维护渔民生命财产安全。据香港“中评社”19日报道，厦门大学两岸关系和平发展协同创新中心主任刘国深对民进党政客不断炒作的所谓“限制水域”问题予以批驳。刘国深认为，金门县作为福建省的一个县域，与闽南其他地区拥有共同的生产生活水域，这是历史传统的自然延续，两地渔民作业海域很难做到泾渭分明。更重要的是，金门县域属于福建省域之内，自然不存在“禁止、限制水域”问题。此前，国台办发言人朱凤莲表示，2月14日台湾方面粗暴驱离大陆渔船致两名渔民遇难，草菅人命，态度恶劣，引起大陆各界强烈愤慨，严重伤害两岸同胞感情，严重破坏两岸关系。大陆海警部门开展常态化执法巡查行动，有利于维护相关海域正常秩序，保障大陆渔民生命财产安全。我们对此坚决支持。
66765f9ffb88ab4b048dd713,https://mp.weixin.qq.com/s/n0apAghXqkK3SK-kHq7T4w,大陆渔船2死2伤后，金门县长发声，侯柯露出真面目，美飞机抵达台军机场,2024,02,20,2024-02-20,👆点击上方蓝字，关注“杧果视点”，第一时间获取更多国际资讯动态！近期台海局势并不稳定，大陆渔船在台“海巡署”的针对下，致2死2伤后，金门县长发声积极示好，侯柯二人真面目也彻底暴露，关键时刻，美国NASA飞机超低空掠过台岛上空，并触达军用机场后复飞，此举究竟意欲何为？台海发生激烈交锋，大陆渔船“越界”作业？众所周知，中国大陆方面始终致力于维护两岸和平稳定，频繁对岛内释放善意，为促进祖国统一大业的完成殚精竭虑。然而，岛内却借着中国大陆的这份善意，有恃无恐地挑衅大陆，严重伤害了两岸同胞的民族感情。尤其是近段时间发生在台海的危险对峙，对两岸关系的持续性健康发展造成了重击。台当局声称，由于大陆渔船“越界”作业，并拒绝接受台“海巡署”的检查，在逃离的过程中发生翻船事件，导致两人死亡两人受伤。赤裸裸的“强盗逻辑”，外界看得一清二楚。金门地理位置特殊，台当局直接将其整个海域划入其管辖范围，并对中国大陆渔船进行无理指控等，此举是对台湾属于中国一部分领土事实的无视和伤害。据相关数据统计，从上世纪90年代到现在，大陆渔船曾多次在台海地区遭受不公待遇，近300艘渔船被抢，3200多名渔民被扣押。在2023年，也有多达920艘大陆渔船遭到驱逐，还有20艘渔船被扣留，罚款金额在100万新台币左右。这一系列数据背后隐藏的是，对两岸关系的严重冲击。金门县长发声，侯柯真面目露出在这一背景下，民众党籍金门县长陈福海针对大陆渔船2死2伤事件发声，表示对遇难渔民哀悼，同时希望开启金门与厦门两岸渔民生计议题的和平务实对谈。陈福海强调，他坚持“两岸一家亲，共享一片海”的理念，展现金门县作为“两岸和平先行者”的形象。相较于金门县长的表态，部分岛内政客的反应令人相当失望，比如说侯友宜和柯文哲。据了解，侯友宜虽然呼吁两岸解决“冲突”时，要保持“平等尊重”的态度，但他并没有对台“海巡署”的行为表示明确反对。柯文哲的表现更是明显，直接避重就轻地说，台湾保护渔民的利益与“疆界”是应该做的，但是采取的手段要尽量“平和”。这些岛内政客的言论，彻底暴露了其“台独”的真面目。从根本上讲，他们并不认为“海巡署”的行为有错，只是认为后者可以采取更平和的手段来挑衅大陆，这无疑会加剧两岸关系的紧张升级。台海局势紧张加剧，美国采取行动大陆渔船2死2伤事件，让两岸陷入高度紧张局势。关键时刻，美国NASA飞机却超低空掠过台湾省上空。据航空管制信息显示，一架美国NASA的特种飞机日前进入台岛及其周边空域，以超低空飞行姿态穿越台湾恒春半岛，并在台湾上空多次往返。与此同时，美国NASA飞机还在台南、嘉义等军用机场进行了触地重飞。值得一提的是，这种特种飞机采集的数据可以用于军事领域，它能够通过对大气的详细分析，为制导武器和航空器的飞行提供关键的数据支持。有必要提及的是，该飞机还有近期在菲律宾的活动记录。可想而知，美国飞机的出现绝对没有那么简单，我国有必要提高警惕。而面对美国的贴脸挑衅，解放军也没有坐视不理。在不到24小时的时间里，解放军就出动了多架次战机，还有数艘军舰现身台海，这是中国大陆坚决维护自身的领土完整和主权的最好姿态。美国一直以来都试图利用台湾问题来干涉中国内政，以牵制中国的发展和影响。他们将台湾视为一个筹码，试图在台海问题上挑拨离间，同时搅动东亚地区的稳定。然而，美国的挑衅行为不会改变大陆的决心和立场，大陆绝对不会容忍任何形式的“台独”行径，并将继续努力推动两岸关系和平发展，但同时也保留采取一切必要措施捍卫国家利益的权利。更多精彩内容
66765f9ffb88ab4b048dd714,https://mp.weixin.qq.com/s/xp5rVb3v_aWpjGWK-U_jGQ,大陆渔船金门捕鱼越了“台独”的界？民进党当局草菅人命，孰不可忍！,2024,02,20,2024-02-20,2月14日，沉浸在欢度龙年春节氛围的两岸同胞，被突如其来的噩耗打破平静。当日下午，福建一艘渔船在金门海域作业，被台“海巡署”以所谓“越界”捕鱼为由追逐，最终导致渔船翻覆，船上4人全部落海，其中2人死亡。消息传来，两岸同胞从错愕到愤慨，纷纷指责、要求肇事方给出合理解释，还死者一个公道。国台办第一时间表态，在对遇难大陆同胞及其家属表示深切哀悼与真挚慰问的同时，强烈谴责民进党当局的行为，并敦促其认真查明真相，妥善处理善后事宜。台湾方面陆委会在“沉默”一天后，于次日出面辩解称，上述大陆渔船因拒绝接受所谓“检查”而“蛇行”，导致船只翻覆，而台方执法过程“并无不当”。民进党当局如此避重就轻，想急着“甩锅”，引起大陆各方极大愤怒。2月17日，国台办在事件发生后4天之内二度表态，严正驳斥民进党当局所谓“大陆渔船闯入金门‘限制水域’的说法”，并再次强调“海峡两岸同属一个中国，台湾是中国领土不可分割的一部分。两岸渔民自古以来在厦金海域传统渔场作业，根本不存在所谓‘禁止、限制水域’一说。”事实上，这件事情并非孤例，翻开记录本，民进党当局的“黑历史”比比皆是，而两岸对待双方渔民的做法和态度，在对比之下则高下立判。多年来，大陆一直秉持“两岸一家亲”理念，为保障两岸渔民正常作业做了大量工作，特别是在沿海多地设立台湾渔民接待设施，为台湾渔船和渔民提供避风、补给、抢险、救助等相关帮助。“反观台湾方面，一段时间以来，民进党当局以各种借口强力查扣大陆渔船，以粗暴和危险的方式对待大陆渔民，这是导致这起恶性事件发生的主要原因。”国台办在2月14日的声明中指出。据台方数据显示，仅去年1月至11月期间，便有近千艘大陆渔船被追逐、扣留或罚款。甚至短短3个月前，民进党当局还曾以所谓“越界”为由查获1艘大陆渔船，将渔货全部抛入海中，还将船上13人全部带回。民进党当局在台湾海峡问题上动作频频、不断挑衅大陆方面底线的行径，其险恶的目的昭然若揭，就是要破坏厦金两地融合发展的大局，制造两岸对立。事件发生后，民进党当局更是罔顾两岸渔民自古以来在厦金海域传统渔场作业的事实，不仅在回应中对于执法过程发生了什么、为何会发生追逐、大陆渔民为何落海、两位不幸罹难的大陆渔民的死亡原因是什么等等个中细节通通缺失，用“在管辖范围内依法行政”“陆籍船员不合作”“渔船拒检”等措辞一言以蔽之推诿责任、为自己辩护，还打出他们认为的所谓“法律牌”，对追逐大陆渔船的行为“合法化”。金门县长陈福海在社交平台发文表示，金门与厦门经济海域相连，彼此间的重要渔场更相互重叠，盼望两岸应秉持“两岸一家亲，共享一片海”相向而行。台湾《联合报》在2月18日的一篇评论中指出，民进党当局处理此事必须多些善意与同理，尽快透过公正调查还原真相，死者为大，别吝于给予人道抚慰，也要给予生还者应有照顾，才能化解歧见，让此事尽快落幕。厦金两地同处一个生活圈，仅隔数公里，渔区重叠，民进党当局所谓的“越界”从何谈起？号称“务实台独工作者”的赖清德刚刚在台湾地区领导人选举中侥幸当选，两岸即发生普通民众不幸丧生的悲剧，难道大陆渔民越的是“台独”分裂分子的“界”吗？中国国民党籍的金门县民代陈玉珍表示，两岸关系冰冻三尺已经非一日之寒，尤其在民进党赖清德上任后可能更为悲观，希望不要让这样的憾事变成两岸擦枪走火的引爆点。“简直是草菅人命，难道民进党当局一点人性都没有吗？”两岸舆论异口同声地发出质问。对于鲜活生命逝去的漠视，让民进党口口声声的所谓“人权”谎言，再一次被其自己撕得粉碎，两岸民众更加看清这群戴着虚伪面具的丑陋政客。历史的车轮滚滚向前，任何逆历史潮流而动的行径都注定要以失败告终。大陆方面始终践行以人民为中心的发展理念，对台湾同胞的善意和亲情从未改变、也不会改变，但对民进党当局及其绿营政客无视大陆渔民生命财产安全的行径，也决不容忍。“台方应尽快放船放人，做好善后工作，查明事实真相并严肃处置相关责任人，给遇难人员家属和两岸同胞一个交代。大陆方面保留采取进一步措施的权利，一切后果由台方承担。”国台办在2月17日的声明中警告。2月18日，中国海警局对外宣布，福建海警局将加强海上执法力量，在厦金海域开展常态化执法巡查行动，进一步维护有关海域作业秩序，维护渔民生命财产安全。（文/乐晤）END-今日台湾往期推荐宋涛会见台湾电电公会交流团《繁花》在台好评如潮引 国台办：两岸共同文化根脉、共同情感共鸣从未改变台湾民众对美国信任度明显下降 国台办：美只顾自身利益，所谓“挺台”是害台、毁台
66765f9ffb88ab4b048dd715,https://mp.weixin.qq.com/s/RRTfnKtNfZJauDbEujbzUQ,抵达金门！将接回2名生还人员,2024,02,20,2024-02-20,2月14日台湾有关方面粗暴对待大陆渔船致2名渔民遇难恶性事件发生后，福建省、泉州市有关方面持续与船员家属沟通。2月20日上午，泉州市红十字会等派人陪同船员家属抵达金门，将接回2名生还人员并处理相关善后事宜。来源：央视新闻客户端、此前报道责编：宋方灿南部战区：情况尽在掌握！Sora来袭，明星失业？开工了！招人！
66765f9ffb88ab4b048dd716,https://mp.weixin.qq.com/s/G2skxT4IkLGZmBADanTQfg,敬酒不吃吃罚酒，大陆海警出手，台当局慌了神，金门渔民闹起来了！,2024,02,20,2024-02-20,"欢迎点击上方免费订阅本账号！台当局敬酒不吃吃罚酒，国台办的警告没听进去，大陆海警正式出手，台当局慌了神，金门的渔民先闹起来了。前几天，台“海巡署”以所谓的“越界捕捞”为由追捕厦门的一艘渔船，导致船上的2名渔民丧生。此事一出后就在两岸掀起了轩然大波，国台办也在第一时间要求民进党当局就此事做出一个交代，但台当局却“不以为耻反以为荣”，声称台海巡单位执法的过程“并无不当”。                                               民进党甚至还将责任推卸到大陆渔民的头上，至今为止台当局不仅没有就此事致歉，也没有释放扣押的渔船和渔民。当然，国台办也已经有言在先，要求台当局立即放人放船并严肃处理与此事相关的责任人，否则一切后果都要由台方来承担。显然，对于国台办的警告台当局并没有听进去，所以，大陆必然也要给民进党一点颜色瞧瞧。这两天，大陆海警局就已经发布通知称，福建海警局将会加强海上执法力量，为了进一步维护海上作业的相关秩序以及保护大陆渔民的生命财产安全，福建海警局将会在厦金海域进行常态化执法巡查行动。而大陆此举则是释放了两大重要信号。第一，用实际行动否定了台当局所谓“禁止限制水域”的存在。这些年来，台当局不仅单方面给两岸划分了所谓的“禁止、限制水域”，还不断以“越界捕捞”为借口阻挠大陆渔民的正常捕捞作业。甚至在上世纪90年代，还造成了大陆46名私渡客的死亡，台当局的这些行径不仅给两岸关系带来恶劣的影响，还严重损害了大陆民众的安全利益，大陆也多次警告过台当局立即停止对大陆渔船的恶意打压。                                                     但台当局始终置若罔闻，所以，这次翻船事发之后，大陆也不必继续保持客气。第二，宣示大陆在厦金海域的主权。大陆海警在该海域展开常态化执法巡查就是对台当局的一种威慑行为。直白一点来说，今后在厦金海域就容不得台当局继续作威作福，肆意妄为，否则台“海巡署”只有和大陆海警硬碰硬。并且，也能让台当局意识到不管是在渔业纠纷上和大陆叫板，还是想“谋取独立”都不过是在以卵击石，最终倒霉的只能是台当局自身。更何况，大陆一贯是遵循两岸渔民正常捕鱼作业的惯例，从来没有单方面阻挠过台湾的渔民。是台当局一再得寸进尺，步步紧逼，无视大陆的善意和两岸的默契，才造就了今天这起悲剧。虽说这次金门翻船只是一次意外的事故，但也与台“海巡署”执法不当脱不了干系。而国台办两度发声已经是给了台当局纠错的机会，但民进党的言行完全就是一副敬酒不吃吃罚酒的态度。然而，在大陆真正出手后，台当局却慌了神。现在岛内不少专家和政客都开始喊话台当局出面发声。国民党“立委”马文君表示，自佩洛西窜台起，民进党就一直没有和大陆展开沟通交流，如果他们继续秉持“抗中”的姿态，不在两岸关系上释放出善意，不排除大陆会在厦金海域再塑造出一种新常态。民进党前“立委”郭正亮也喊话台当局，应当尽快公布执法现场的录像带，如果继续拖延下去只会对台湾地区不利。台“退辅会主委”冯世宽近日也在一场活动中表示，两岸应当用智慧化解危机，翻船事件也应当成为两岸沟通的契机。不仅如此，在大陆宣布海上执法常态化后，金门渔民先闹起来了。当地渔民纷纷担心今后大陆海警会以牙还牙，阻止他们在厦金海域捕鱼作业，并喊话台当局马上公布现场画面，否则会招致大陆的进一步“报复”。                                        由此可见，台当局当前不作为的态度已经激起了岛内的不满。而大陆也已经就此事给台当局开出条件，只要按照大陆的要求合理处置，两岸局势就能化险为夷，否则只会进一步激化两岸的矛盾。从长远来看，一旦两岸关系继续恶化，和平统一的可能性就会削弱，届时，民进党将会付出难以承受的代价。同意我的观点,请您点击""分享""和""在看""后续推荐更多类似文章 "
66765f9ffb88ab4b048dd717,https://mp.weixin.qq.com/s/rESjpcHEiTAsMW58Ja3YCA,最新！抵达金门，将接回2名生还人员,2024,02,20,2024-02-20,据央视新闻客户端消息，2月14日台湾有关方面粗暴对待大陆渔船致2名渔民遇难恶性事件发生后，福建省、泉州市有关方面持续与船员家属沟通。2月20日上午，泉州市红十字会等派人陪同船员家属抵达金门，将接回2名生还人员并处理相关善后事宜。泉州红会将陪同家属赴金门，处理渔船事件善后>>台方驱离福建渔船，致2人遇难！国台办发声>>国台办再发声！>>国台办：坚决支持！>>中国新闻社（CNS1952）综合自央视新闻客户端、中新社此前报道编辑：韩娇娇责编：彭大伟美英发动空袭！湖北多地宣布推迟开学！多趟列车停运突发！菲政府军与“穆特组织”交火，多人死伤
66765f9ffb88ab4b048dd718,https://mp.weixin.qq.com/s/HXRt4X8pNC3kqGIxM1QVCw,泉州红会派员陪同家属前往金门 处理渔船事件善后事宜,2024,02,20,2024-02-20,2月14日台湾有关方面粗暴对待大陆渔船致2名渔民遇难恶性事件发生后，福建省、泉州市有关方面持续与船员家属沟通。今天上午9:20，泉州市红十字会等派人陪同家属，经泉金客运码头搭乘“八方”轮赴金门，接回2名生还人员并处理相关善后事宜。
66765f9ffb88ab4b048dd719,https://mp.weixin.qq.com/s/JjWKvq_RpBkur4UYTWnf8g,泉州红会派员陪同家属抵金门处理渔船事件善后,2024,02,20,2024-02-20,台湾有关方面追逐大陆渔船致2名渔民遇难，泉州市红十字会等派员陪同遇难者家属20日来到金门，处理相关善后事宜，并接回2名生还人员。  2月20日，遇难者家属来到金门县殡葬管理所。14日下午，福建一艘渔船在金门海域被台方海巡舰艇追撞，致船上4人全部落海，其中2人遇难。这一恶性事件发生后，福建省、泉州市有关方面与船员家属沟通，决定由泉州市红十字会等派员陪同家属赴金门处理善后事宜。20日上午10时30分许，泉州方面人员与遇难船员家属乘船经由“小三通”抵达金门。在金门水头码头，泉州晋江红十字会高级顾问李朝晖受访表示，2月14日是农历大年初五，正值春节期间，台方粗暴对待福建渔船致2名渔民遇难，性质恶劣，令人愤慨，严重伤害两岸同胞感情。我们来金门就是要了解事实真相，协助家属善后，接回2名生还者。我们要求台湾有关方面认真对待家属的正当关切，配合处理善后事宜，避免对家属造成进一步伤害。当日，2名遇难者的多位家属来到金门县殡葬管理所，对遗体进行查看和确认，他们全程面色凝重、神情哀戚。“我岳父是家里的顶梁柱，上有老、下有小，生计需要他维持，老人需要他赡养。他就这么没了，留下我们怎么办？我们的悲伤真的无法用言语形容。”面对媒体，一位遇难者的女婿几度哽咽语塞。他擦拭泪水、平复心情后说：“我们需要的是，一定要查明事情的真相，还给我们一个公道！”李朝晖当日受访时还表示，我们强烈要求查明事件真相，查看事发现场完整录像和我方船只，了解人是怎么死的，这是最基本的诉求。台方不得以任何理由拒绝。人命关天，希望台方公布事实真相，严惩有关责任人，配合家属做好善后工作，给遇难者家属和两岸同胞一个交代，告慰遇难者在天之灵。20日下午，2名生还船员在泉州晋江红十字会人员陪同下乘船返回厦门。李朝晖介绍，我们向2名生还同胞转达了有关方面的关心和慰问。他们介绍了情况，感谢有关方面的关心和协助，并强烈要求尽快返回福建。我们以最快速度为他们提供帮助，全力维护他们的正当合法权益。新党主席吴成典当日也来到金门县殡葬管理所。在接受记者采访时，他悲痛地表示，金门与晋江距离很近，本就是一家。金门用水很大一部分来自晋江，两地的感情怎么忘怀得了？我们要把事件查清楚，让遇难者安息，也希望这样的事情不要再发生。金门县前县长李炷烽受访时表示，在中国人团圆的美好年节期间发生这样的事情，让人痛心。任何有同情心的中国人，都会同掬一把辛酸泪。让两岸渔民在金门周边海域都能安居乐业、共享太平，才是永久之道。来源：新华社
66765f9ffb88ab4b048dd71a,https://mp.weixin.qq.com/s/dBsOg_iJ5V7w_D6c0XNfEw,泉州红十字会派员陪同家属抵达金门 处理渔船事件善后事宜,2024,02,20,2024-02-20,2月14日台湾有关方面粗暴对待大陆渔船致2名渔民遇难恶性事件发生后，福建省、泉州市有关方面持续与船员家属沟通。2月20日上午，泉州市红十字会等派人陪同船员家属抵达金门，将接回2名生还人员并处理相关善后事宜。
66765f9ffb88ab4b048dd71b,https://mp.weixin.qq.com/s/ZhTwplWkoFaM_Ap824GPMQ,金门沉没渔船事故后续,2024,02,20,2024-02-20,泉州市红十字会协助接回金门生还人员，全力处理相关善后事！【泉州讯】今天上午9:20，泉州市红十字会联合相关部门，派出专人陪同家属，经过泉金客运码头搭乘“八方”轮赴金门，成功接回两名在金门发生的意外事件中生还的人员，并全力处理相关善后事宜。泉州市红十字会是党和政府在人道领域的得力助手，长期以来致力于从事人道主义工作的社会救助。此次事件中，泉州市红十字会迅速响应，与相关部门紧密配合，展现出了其高度的责任感和专业的救助能力。据悉，此次金门意外事件发生后，泉州市红十字会第一时间与金门方面取得联系，了解事故情况和生还人员状况，并制定了详细的接回计划。同时，红十字会还积极与家属沟通，为他们提供了必要的心理支持和安抚，确保家属能够安心等待生还人员的归来。今天上午，在泉州市红十字会的精心组织下，家属们搭乘“八方”轮顺利抵达金门，并与生还人员团聚。在接到生还人员后，泉州市红十字会立即启动了相关善后工作，为生还人员提供了必要的医疗和生活保障，确保他们能够得到及时有效的帮助。泉州市红十字会表示，将继续关注此次事件的后续发展，为生还人员和家属提供必要的帮助和支持。同时，红十字会也呼吁社会各界关注人道主义事业，共同为人道救助事业贡献力量。此次事件的成功处理，充分体现了泉州市红十字会在人道领域的专业能力和高效行动。我们向泉州市红十字会及其工作人员表示崇高的敬意和衷心的感谢！
66765f9ffb88ab4b048dd71c,https://mp.weixin.qq.com/s/WHLXpmgWhsmDN5Clf-5UnQ,金门海域渔船事件后续：2名生还船员已返回福建泉州,2024,02,20,2024-02-20,↑↑↑关注本网，发送 拼车、招聘、租房、动车票、交友 等快速进入频道💎 打广告、进本地群、便民电话加 wpwb666武平-厦门零担货运24H到达 13774667734【出租】客都汇附近毗邻第三实小15959002960【招聘】保底7000元！漳平超纤厂招聘普工15805961897【招聘】文员2名（女）熟悉办公软件，全职，兼职阿姨13860119106【拼车】每天顺风车可包车13959483106【招聘】武平中国人寿售后服务部3-5人18250129079【招聘】文员高中以上学历，负责人员招聘运营公众号等13055867678  武平单身男女请看，“速配交友会”开始报名啦！----------------------------------------------------  我也要出现在这里，发布后推荐显示，更多 >>>---------- 正文内容 ----------中新社金门2月20日电(记者 杨程晨)台湾有关方面粗暴对待大陆渔船致2名渔民遇难的恶性事件发生后，2名生还者于20日下午从金门返回泉州，另2名遇难者的遗体尚未火化。有家属表示，当下“需要查明事情的真相”。当天上午，泉州市红十字会等派人陪同船员家属抵达金门。中午时分，家属赴金门确认遇难船员身份。“现在我真的无法用言语(来形容)这种心情。”其中一位遇难者的女婿何代波在晚间受访时情绪激动，其间多次停顿平复语气。他说，岳父是家中顶梁柱，家里上有老、下有小，生计需要他来维持。“现在人也走了，留下我们怎么办？”“我们需要的是，一定要查明事情的真相，还给我们一个公道。”何代波强调。2月20日傍晚，渔船事件的其中一位遇难者女婿何代波接受采访时情绪激动。中新社记者 杨程晨 摄台湾媒体最新报道指，台“海巡署”至今未公布14日的“执法影像”，原因据称是“海巡队员”当时“忘记录影”。相关说法遭到舆论质疑，“海巡署”金马澎分署副分署长蔡茂埕20日晚面对记者时未直接回应相关情况。他声称，后续处置将依照遇难者家属需求及期望来进行，会“在最短时间内让家属将亲人骨灰带回家乡”。泉州晋江红十字会高级顾问李朝晖表示，人命关天，我们希望台湾方面公布事实真相，严惩相关责任人，配合家属做好善后工作，给遇难者家属和两岸同胞一个交代，告慰遇难者在天之灵。下午4时左右，两名生还船员在泉州晋江红十字会秘书长的陪同下，搭乘“小三通”航班返回厦门，再乘车返回泉州。李朝晖表示，已看望两位船员并转达有关方面的慰问，二人介绍了情况并感谢有关方面的关心和协助。“他们劫后余生，思乡心切，强烈要求尽快返回福建。我们以最快的速度为他们提供帮助，全力维护他们的正当合法权益。”新党主席吴成典下午受访时说，过去这些年，类似事情时有发生，两岸过去是尽最大的善意来处理。但这次很特殊，“我看报道说是因为捕鱼造成的，捕鱼怎么会最后(导致)致命？”他认为，金门和厦门是没有所谓“界限”的，也没有“中线”可言。两岸因同胞之情一直以来共同维持着渔民们的正常生产作业。“希望这样的事情不要再发生，要让死者能够安息。”金门县前县长李炷烽说，内陆省份的居民来闽南打工，结果发生这样妻离子散的事故，“我作为金门人觉得很难过”。金门的周边海域应该能让两边的渔民多一些接触和认知，大家能够在这个共同的范围里安居乐业、共享太平。(完)武平同城网实用导航完善中，欢迎关注...🏡关注本站后，公众号对话框内回复【关键字】查询：   回复 招聘，查询发布招聘求职信息；   回复 房产，查询发布楼盘、出租、二手房；   回复 交友，进入武平同城征婚交友频道；   回复 汽车，查询动车、汽车时刻表、微信订票；   回复 公交，查询武平公交线路（站点、时间）；   回复 114，预约上门服务：维修、开锁，疏通等；   回复 拼车，查看谁有顺风车，谁想和你拼车；   回复 县医院，网上预约县医院挂号缴费等；   回复 推广，在本网站宣传推广你的生意=====================点击 阅读原文 发布 广告.招聘.卖房 等信息
66765f9ffb88ab4b048dd71d,https://mp.weixin.qq.com/s/sAJvLI9VQyKOwYkTJ5zpqA,​闹大了，台湾金门巡署船对大陆渔船进行恶劣驱赶，俩人死亡，冲突升级,2024,02,20,2024-02-20,2月14日大年初五，中国大陆一艘渔船在福建厦门与金门海域被台湾金门海巡署认定为所谓越界捕渔。台湾金门巡署船只对大陆渔船进行激烈的驱赶、撞击过程中，致使大陆渔船翻沉，船上四人全部落水，其中两人救起生还，另外两人在送往医院后不治身亡。2月19日，国台办发言人朱凤莲宣布，泉州市红十字会将于2月20日派员陪同渔民家属前往金门，处理善后事宜。陆船翻覆造成渔民2人死亡意外，家属今天抵达金门，原定傍晚举行火化仪式，但家属突然拒绝火化，要求查明事情真相，还给他们一个公道。但海巡署却传出案发过程并无拍摄影像。对此，金门地检署今晚间发布新闻稿证实，海巡队向该署表示追赶及大陆船只翻覆的过程并无录影记录；至于死因，检察官将视情形决定是否安排解剖。金门地检署表示，2月14日下午所发生2名大陆地区人民落水死亡案件，于2月16日下午5时50分许，接获海巡署舰队分署第九海巡队正式报验，立即指派检察官于同日晚间漏夜相验，了解死因并迅为必要搜证。20日死者家属抵达金门后，家属在场状况下复验，并听取家属意见。其实，厦金海域一直是两岸渔民共同劳作的渔场，不应该被一些人肆意划定所谓的“禁止、限制水域”。毕竟，海峡两岸同属一个中国，厦金海域本就是两岸渔民的共同家园。然而，台湾当局却一再无理打压大陆渔民，这种行为不仅违背了历史和现实，也破坏了两岸民间交流与合作的良好氛围。我们不禁要问没有恶性行为会导致渔船翻覆？会导致两名渔民直接溺水而亡？已经出了如此恶劣的事件台湾民进党当局对此却视而不见，对于大陆严惩肇事者的要求不作回复，甚至对于国台办释放渔民的要求也置之不理。甚至台湾民进党还要倒打一耙，不仅不处理事件的肇事者，还准备处理中国两名无辜的受害者渔民。还记得康熙在收复台湾时，也是先派代表和谈了几次，都被郑经拒绝。最后，施琅大军在澎湖消灭了台湾水军主力后，台湾郑氏集团迫不得已才投降的。相信在2025年左右，大陆的经济、军事、科技实力上了一个台阶，和美国实力相当时，就该考虑解决台湾问题了。
66765f9ffb88ab4b048dd71e,https://mp.weixin.qq.com/s/pvcwL-Px0ZuXc47uWtVtfQ,​深度-打破台独幻想！大陆铁拳接连落下，统一从金门开始,2024,02,19,2024-02-19,【何浩明】多功能按摩床垫，30年老品牌；可折叠+全身+按摩（揉捏、气囊、振动三合一）+热敷全身按摩；有效放松；方便不占地，折叠起来也就和一个被子差不多大小，也就是按摩椅的十分之一左右。现年终抄底价：699元；这个羊毛不薅，那可就太亏了！!正文：【何浩明】多功能按摩床垫：4套柔性气囊，可以单独控制上面腰部气囊及下面臀部气囊，也可以上下气囊联动顶起腰臀，缓解压力。别看动图幅度并没有很大，但实际感受起来，就像是有六七个有经验的老师傅，从头到脚给你按了个遍，且力道分毫不差。广告
66765f9ffb88ab4b048dd71f,https://mp.weixin.qq.com/s/urk_9ltEjUuiD8eyRJblvA,“金门渔船”事件的思考,2024,02,19,2024-02-19,  春节期间，年初五。台湾海巡署，对我在金门水域作业的渔船，进行粗暴执法，导致渔船侧翻，4名渔民掉海，2名渔民死亡。  事发以后，大陆一方高度重视。要求台方调查事实，给予澄清，抚恤死者，放人放船。台当局十分傲慢。坚持认为，台海巡署没有过错，大陆渔民不得在“禁限区”捕鱼作业  沉寂四天以后，台当局洋洋自得，以为大陆会吞下苦果。2月18日，初九。突然宣布，根本不存在什么“禁限区”。厦门金门海域，是两岸共同的捕鱼作业的地方。两岸渔民均有权在此海域捕鱼作业。同时，福建海警局表示，将加大对厦金海域的执法巡查力度。并于当日，出动多艘海警船在此海域巡查执法。同时，解放军出动多艘军舰和战机，在此海、空领域巡航。  几点思考。  一、赖清德当选后，其台独气焰十分嚣张，甚嚣尘上。加快了以武拒统的步伐，宣布要与解放军打巷战。台湾岛内台独势力，看到菲律宾对华在南海的小动作。把我们的理智理解为软弱与退让。还没有真正认识到，大陆实现中国完全统一的决心，或者对美国对台承诺过于信任。他们把美国所谓的五个航母战斗群放到西太平洋，理解为台独挑事的机会。难道他们就没看到美国的内忧外困得处境吗！  二、我国的惠台策略，使一部分台湾人，理解为大陆的软弱和理所当然。最近大陆在研究终止对台关税优惠。就是改变对台策略的一种态度。我们提出两岸家亲，在台湾那边，有人在公共场合打出“谁给你一家亲”。我本将心向明月，奈何明月照沟渠。台湾民意，在台独势力的宣传鼓动下，两岸和平统一的民意基础已被大大动摇。  三、古语云，反者道之动，弱者道之用，福祸相依。此次沉渔船事件，势必让厦金水域变成，我方的实际控制水域。大陆海警船的常态执法巡查，台湾方面如何应对？正面冲突？台湾有这个实力和胆量吗？  正如台湾当局，邀请佩洛西访台，造成了台海海峡中线的名存实亡。日本对钓鱼岛的私有化，改变了钓鱼岛由日方实际控制的局面。菲律宾在南海的挑事，造成了我们在南海的大规模造岛行动。扩大了我国，对南海的实际控制权。  中国文化中的借力打力，顺势而为，在处理两岸及国际事务当中，发挥的淋漓尽致
66765f9ffb88ab4b048dd720,https://mp.weixin.qq.com/s/habjE-7aHFBBKfB_n21PFA,中国海警进入金门海域常态化执法！笑到最后的才是赢家！,2024,02,19,2024-02-19,在2月16日军武菌的文章《台湾伪“海巡署”造成中国大陆渔民两人死亡！渔民到底越了什么“界”？》中，军武菌在最后写到“飞越海峡中线的行动，也应该拓展到金门了”。
66765f9ffb88ab4b048dd721,https://mp.weixin.qq.com/s/3-bOprckvCNa7Sv8CmJ92Q,出手了！两渔民被驱赶戕害后全面反制来了，金门肇事凶手被曝光，台名嘴大呼：麻烦大了-,2024,02,19,2024-02-19,"目前已有100000+人关注加入我们...              监督政府施政，报料有奖！敢对同胞下狠手，不肖子孙这般作为最终等来的只能是大耳刮子！2月14日，在我国金门海域，伪台金门“海巡署第12巡防区统筹舰队分署第九海巡队”以“越界”捕鱼为由追查中国籍渔船，最终导致两名渔民同胞落水遇难！这种恶性事件发生之后，伪台无论是官方还是媒体，最开始居然还一副“公事公办，死了活该”的嘴脸，嚣张回应强调所谓的“执法过程没有问题”，更有阴阳怪气“有种你打过来”的评论。这样的不肖子孙当然不能惯着了，在伪金门海巡戕害渔民事件的四天之后，中国终于出手了！在国台办宣布两岸渔民自古以来在厦金海域传统渔场作业，根本不存在所谓""禁止、限制水域""一说，并要求台当局做好善后工作，释放扣押的渔船和渔民，严肃处理相关责任人等少见的强硬表态打响反制的第一枪后，中国海警在2月18日在厦门金门海域，全面开展执法巡查活动。当日大批中国海警船只云集厦门与金门之间的海域，而且还都主动打开了船舶自动识别系统，直接亮明身份，震慑对岸。这连续的反制不但彻底的否决了伪台金门海巡署的执法权，中国海警还正式在当前海域开启常态化执法巡查，这标志着续“海峡中线”不被承认之后，所谓的“厦金线”也不复存在了。咱们的海警直接就抵近金门巡查作业了，从识别系统可以看到，除了大批海警杀到，甚至还有开了识别器的武直10出现在金门以东的海域，另外，厦漳渔民也跟着来了！果然是吃硬不吃软，之前嚣张得不行的对岸，如今态度来了个急转弯，几天前还大叫“执法没问题”，更表示要持续高压驱赶大陆渔船的伪台海巡署，现在片板不敢下水，更是要求金门渔民也不要下海，纷纷玩起了消失。而几天前还幸灾乐祸的台媒也开始清醒起来，“厦金线”一丢才知道吃了大亏，名嘴郭正亮大呼：麻烦大了！其实所谓的厦金线，原本也只是两岸的默契，如果不是我们有意相让，金门那几条所谓的海巡署条破船别说蛮横执法，连咱们漳州龙海的渔民都不一定对付得了。过去让他们借着我们的善意，一度把大陆渔船当成了摇钱树，靠着查扣来发财。比如这次肇事的第九海巡队队长身份被曝光后，他名下竟然就有两个渔业公司，可见他没少借此假公济私了。在伪台海巡署粗暴驱离大陆渔船致两名渔民遇难恶性事件发生后不久，愤慨的网友把肇事的恶差役第九海巡队队长资料扒了出来，这个在2013年买了伪台警察硕士学位叫吴孟哲的家伙就是罪魁祸首，相信这位吴孟哲中校以后的日子睡不着了，这次事件不可能就此悄悄揭过，这位吴孟哲中校必须得到严惩。有消息称，这次伪台搞出这样的恶性事件，可能与美军特种部队将入驻金门等地有关，背后更有可能是美台精心知来策划激怒大陆，然后借此炒作台海热点，吸引全球注意力，从而为美国在深陷乌克兰危机与中东巴以冲突危机中解套。不过可能这些人已经忘了“中国人民是不好惹的,惹翻了是不好办的”，之前已经有前车之鉴了：菲律宾南海黄岩岛挑衅，我们不但实际管控而且大规模“种岛”；小日本在钓鱼岛的挑衅，我们直接实际控制；佩洛西窜访台湾，我们不但长时间封锁演习面是且连“海峡中线”也没了！免责申明:部分文章与素材来源互联网，如有侵犯到您的权益，请留言告之，我们会在第一时间删除请点击下列名片即可关注我们的公众号“澳门江湖”和“澳新社”！"
66765f9ffb88ab4b048dd722,https://mp.weixin.qq.com/s/jEX3ada_NfAnxnZrhbNkWg,国台办再回应！泉州红会将派员陪同家属赴金门处理渔船事件善后,2024,02,19,2024-02-19,据央视新闻消息，国务院台办发言人朱凤莲19日表示，2月14日台湾有关方面粗暴对待大陆渔船致2名渔民遇难恶性事件发生后，福建省、泉州市有关方面持续与船员家属沟通，决定由泉州市红十字会等派人陪同家属于20日赴金门，接回2名生还人员并处理相关善后事宜。朱凤莲强调，台湾有关方面应对船员家属及有关人员赴金门提供便利，做好安排，认真对待他们的正当关切，配合处理好善后事宜，避免进一步伤害两岸同胞感情。
66765f9ffb88ab4b048dd723,https://mp.weixin.qq.com/s/WyOG8hL2fAVlZ_KHNczDcg,国台办：泉州红会将派员陪同家属赴金门处理渔船事件善后,2024,02,19,2024-02-19,国务院台办发言人朱凤莲19日表示，2月14日台湾有关方面粗暴对待大陆渔船致2名渔民遇难恶性事件发生后，福建省、泉州市有关方面持续与船员家属沟通，决定由泉州市红十字会等派人陪同家属于20日赴金门，接回2名生还人员并处理相关善后事宜。朱凤莲强调，台湾有关方面应对船员家属及有关人员赴金门提供便利，做好安排，认真对待他们的正当关切，配合处理好善后事宜，避免进一步伤害两岸同胞感情。来源：人民日报客户端，记者：孙天霖本期编辑：石磊、朱田恬关注！↓↓↓
66765f9ffb88ab4b048dd724,https://mp.weixin.qq.com/s/VwRfouBqaOqOCnnsGAkSEg,国台办：泉州红会将派员陪同家属赴金门处理渔船事件善后事宜,2024,02,19,2024-02-19,编辑丨李岩国务院台办发言人朱凤莲2月19日表示，2月14日台湾有关方面粗暴对待大陆渔船致2名渔民遇难恶性事件发生后，福建省、泉州市有关方面持续与船员家属沟通，决定由泉州市红十字会等派人陪同家属于20日赴金门，接回2名生还人员并处理相关善后事宜。朱凤莲强调，台湾有关方面应对船员家属及有关人员赴金门提供便利，做好安排，认真对待他们的正当关切，配合处理好善后事宜，避免进一步伤害两岸同胞感情。“中国海警”公号2月18日还发布消息称，中国海警局新闻发言人甘羽表示，福建海警局将加强海上执法力量，在厦金海域开展常态化执法巡查行动，进一步维护有关海域作业秩序，维护渔民生命财产安全。
66765f9ffb88ab4b048dd725,https://mp.weixin.qq.com/s/l7hoW5cbp-kt4yLPsdTu9w,大陆宣布常态巡查，金门高层和渔民反应一致：以后遇到陆船离远点,2024,02,19,2024-02-19,对民进党当局来说，该来的总会来！2月18日当天，大陆海警部门正式宣布：在厦金（厦门和金门）海域展开执法巡查行动。毫无疑问，这是针对此前台“海巡署”追逐大陆渔船造成两名大陆渔民遇难一事的措施。前几天，岛内还有台官员担心大陆会这么做，现在他们也算是怕什么就来什么了。 非常值得一提的是，针对大陆海警局这种做法，金门官员及当地渔民的反应相当一致。我们先说金门当地官员现在的态度。因为当日事发金门附近水域，再加上这几天赖清德和蔡英文都不敢回应，所以压力几乎全给到了金门当地官员。金门县渔会理事长陈水义，认为事情到了这一步，为了避免出现更多冲突，应该做好以下两点：1.告诉金门当地渔民，在这一非常时期如果碰到了大陆船只要保持距离，避免更多摩擦发生；2.同时他也呼吁，民进党当局应该授权金门地方政府直接跟大陆沟通。毕竟，一直以来金门和大陆的关系都不错，特别跟厦门的民间关系。所谓人熟好办事，如果金门官员愿意出来与大陆沟通，矛盾或许能稍有化解。目前，民进党当局虽然还没有回应金门这位理事的建议，但目前在处理善后事宜的，确实是金门检方，他们已经联系上这几名大陆渔民的家属。 而另一面，金门渔民对于大陆展开执法巡查行动，也吐露了心声。有记者就采访了几位当地渔民。他们认为自己就是小老百姓，年后这几天还能多休息几天，观察一下情况，但过些天肯定还是要出去捕鱼，养活一家老小。不过，虽然渔民们对局势表现出了担忧的一面，但仍然始终相信大陆海警不会太针对他们这些普通渔民。一位姓王的当地渔民就告诉大家：只要大家安分守己，顶多看到大陆船只就离远一点，应该问题不大。看得出来，金门渔民们还是比较理智的，他们明白大陆海警要针对的是“台独”那群人。同时，从他们的担忧中，我们也不难窥见台湾同胞在民进党当局的执政下，是何等无奈。厦金海域自古就是中国的领土，两岸渔民一向和谐地在该地捕渔，根本不存在任何“界线”。此次台“海巡署”居然以大陆渔船“越界”为由，引发如此恶性事件。这么做，两岸关系遭到破坏，两岸渔民的利益也直接受损。 目前，岛内一些精英人士已经在喊话蔡英文当局，要求他们尽快放出当日的视频，给大家一交代。台名嘴郭正亮就表示：“这个时间拖下去，对台湾是不利的！” 而国台办在第二次回应此事时，也已经挑明了：“大陆方面保留采取进一步措施的权利”。这话是什么意思？就是说：如果你们民进党继续执迷不悟，不认错、不道歉、不放人放船、不妥善处理此事，那更严厉的惩罚还在后面。
66765f9ffb88ab4b048dd726,https://mp.weixin.qq.com/s/XAAkBJPJNr-nI08VCiIbig,泉州红会将陪同家属赴金门，处理渔船事件善后,2024,02,19,2024-02-19,此前消息据央视新闻客户端14日消息，14日下午，福建一艘渔船在金门海域被台方驱离，导致船上4人全部落海，其中2人死亡。台方驱离福建渔船，致2人遇难！国台办发声>>国台办再发声！>>国台办：坚决支持！>>中国新闻社（CNS1952）综合自中国新闻网、央视新闻客户端、中新社此前报道编辑：赵静怡责编：彭大伟FBI局长称中国在美网络中植入恶意软件，外交部回应日本议员偷井盖被捕，犯案动机令人意想不到......傅莹当面纠正！这番回应信息量很大
66765f9ffb88ab4b048dd727,https://mp.weixin.qq.com/s/NmqUhQDoynYu6cdr9B3ggw,渔船金门翻覆事件,2024,02,19,2024-02-19,事件回顾：2月14日在厦金海域发生的大陆渔船因台湾方面海巡船只追捕而翻覆，导致两名大陆渔民落水遇难、另外两名大陆渔民被带往金门的不幸事件。国台办回应：2月14日台湾有关方面粗暴对待大陆渔船致2名渔民遇难恶性事件发生后，福建省、泉州市有关方面持续与船员家属沟通，决定由泉州市红十字会等派人陪同家属于2月20日赴金门，接回2名生还人员并处理相关善后事宜。台媒报道：台湾《中国时报》称，4名船员中身亡的大陆籍人员为四川人和重庆人，其中一人是船长；生还的两人为四川与贵州人，目前台湾海基会经辗转联络，已联系上4名渔民的家属。笔者：在春节期间发生这样不幸的事情还是非常的让人心痛的。但还是有几个方面值得我们深思。首先，为啥是 红十字会 出面协调，这个问题其实和台湾当下的政治环境有关系，经过民进党8年的执政和中国大陆的沟通管道基本已经切断，无正式的官方渠道可以接触。这里需要注意一下，没有正式的官方渠道并不代表没有接触，事件发生点在金门，而金门和厦门之间本来就是很多沟通的管道，只是该公共事件两方都能拿得出手，相互承认的官方机构，目前看来是没有的。其次，我们看下事件本身孰对孰错。台湾是中国的一部分自然不存在所谓的限制线，从法理上站不住脚。其次，退一万步，就算交警遇到违章的情况下，是否进行急迫的追逐非要导致车毁人亡呢？这就存在一个执法度的问题，人命大于天，显然这点台湾方面难辞其咎。最后，我们看下我们的出招。福建海警局将加强海上执法力量，在厦金海域开展常态化执法巡查行动，进一步维护有关海域作业秩序，维护渔民生命财产安全。这样的回应显然是释放了善意，并没有牵涉到相关海域的军事行动。民进党目前只会强调所谓的限制线来撇清关系再加上日前突袭式宣布停招陆客团，再度牵动两岸敏感神经。只要民进党反中的路线不改变，在未来很长一段时间内两岸的关系都难以缓和。但民进党真的敢得罪美国，放弃成为一颗棋子么？答案是显然的。所以，我们不能抱有幻想，中国一点都不能少。总结语：两岸目前用一句话来说，破镜需重圆，破冰遇寒冬。
66765f9ffb88ab4b048dd728,https://mp.weixin.qq.com/s/mCZhDKDByv05F3eX2CwAUA,秦安：初五撞死大陆渔民，美军要进驻金门，算总账从抓捕行动开始,2024,02,19,2024-02-19,咬人的狗不叫，“台独金孙”赖清德上演的就是这个角色。曾经极为嚣张，疯狂叫嚣的“台独务实工作者”赖清德，在当选后，接受美国政客现场指导，开始了压低吼叫，张嘴咬人的伎俩。先是禁止台湾旅行团赴大陆，这招非常毒辣，属于釜底抽薪的毒计。两岸统一最怕的就是两岸同胞隔离，老死不相往来、无期限拖延两岸统一。然而，更恶毒的还在后面。大年初五，同根同源的中国人，都知道这一天是送财神的日子，但福建渔民，却遭遇死神。当天，台当局“海巡署”舰艇对正在金门海域实施捕捞作业的大陆渔民实施暴力驱赶，在追击过程中两船发生撞击，我大陆4名渔民落海，其中两人当场死亡，另外两人紧急送医抢救！而且事发地点就在我大陆很近的地方。金门距离厦门仅1.8公里，距离台湾岛200公里。如果我们放任如此近的距离，台湾当局肆意妄为，那后续的行动必将蹬鼻子上脸！大陆与台湾血脉相连，尽管是历史原因形成了一个国家的分治态势，但一个国家的性质没有改变，两岸同胞同根同源的本质没有改变，国际层面承认“一个中国”的实质没有改变。也正因为如此，大陆一直基于庞大的市场，对台湾同胞不断让利，也是为了最终化干戈为玉帛，两岸团圆奔向美好的未来。可越是忍让，“台独”顽固分子越是嚣张，并采取了各种卑鄙的伎俩，企图永远分裂台湾。就目前来看，需要警惕台湾当局与美国等外部干涉势力勾结，不断延迟两岸统一的时间。概况来看，以下三种伎俩需高度警惕。一是武力统一的“陷阱论”。一段时间以来，将两岸发生武力冲突作为美国企图让中国大陆踏入的大陷阱。一些小作文极力渲染绝对不战，绝对不上当，尤其是结合俄乌战争与巴以冲突的残酷性，渲染台海爆发战争的严峻后果，企图让大陆裹足不前。岂不知，这就是阻碍两岸统一的最大陷阱，对于领土完整，14亿中国人民不惜一战，从不畏惧战争。而且，近年来，随着“台独”势力的嚣张，大陆老百姓呼吁武力统一成为主流民意。二是无力统一的“等待论”。一些小作文，包括台湾岛上的名嘴，以及美等西方政客，极力渲染中国大陆的经济困难，从“中国威胁论”转向“中国崩溃论”，认为大陆无力随时启动两岸统一进程。更有甚至，一些大陆学者也称“时间在大陆这边”，公开宣扬等待中国强大到世界第一，然后碾压性地收复台湾。岂不知，维持现状正是美等干涉势力最如意的算盘。三是全力统一的“毁灭论”。美国以舰机在我周边的耀武扬威，以及持续不断、步步升级的“对台军售”，不断武装台湾，同时，通过计算机模拟，渲染美军介入台海冲突的毁灭性后果。甚至制定“南北夹击”轰炸中国全境的计划，包括美军亚太前司令自导自演，制定所谓轰炸中国南海岛礁的作战计划。岂不知，这一切美国都是建立在轰炸南联盟、叙利亚、伊拉克等弱小国家的幻想之中。美军敢对中国动手，美国全境包括首都都是中国导弹打击的范围，毫无安全可言。美国政客没有为保卫台湾而自我毁灭的勇气。美国人民也不答应政客的这种死亡冒险。在保持战略清晰，毫不迟疑地加快两岸统一进程的同时，处理当前的我渔民伤亡事件，必须把握以下两个要点。第一，初五台湾当局的死亡挑衅，不是什么意外事件，是美军登岛金门的极限试探。这一点绝对不能放任。美国的做法已经从“武装”升级到“占领”。据台湾联合新闻网2月5日报道，美国“2023财年国防授权法”实施后，今年起美军顾问常驻金门、澎湖陆军两栖营，并不定期驻训各特战营；去年起并开始协助台特战部队学习使用“黑色大黄蜂”微型无人机，以及协助撰写准则与教案。另外，春节之前，美国特种兵在台北街头剃着小平头晃悠，也是一种极为嚣张、毫不掩饰的信号，对于这种企图，无论是针锋相对，还是一劳永逸，必须行动了。第二，无论是针锋相对，还是一劳永逸，实现两年统一最给力的就是现在就干，启动统一进行时，发布统一倒计时。秦安战略之前强调过，“台独金孙”赖清德上台，是美国的一枚棋子，但也可以作为中国统一的一枚棋子。利用其分裂的恶劣行为，坚决采取行动。应对目前的死亡事件，必须坚持“一个中国”的原则，对肇事者启动法律程序，甚至缺席审判，全国乃至全球通缉，坚决抓捕归案。一句话总结：百年未有之大变局，是挑战也是机遇，但一定是两岸统一的最大机会，任何一个中国人，都没有理由让这个良机丧失！
66765f9ffb88ab4b048dd729,https://mp.weixin.qq.com/s/IgKV5eiw-ITsTVLwvO7OJg,首次，大陆海警登船临检金门游艇 - 湾区望海峡,2024,02,19,2024-02-19,直新闻是深圳卫视全媒体新闻品牌由《直播港澳台》团队出品更多分析请下载直新闻APP参与评论请在新浪微博@直新闻台媒：大陆海警登船临检金门游艇据联合新闻网等多家台媒报道，台湾金门蓝“初日号”游艇今日（19日）下午四时许行经金门县大二胆海域、五通水道附近时，遭福建海警登船临检约30分钟，游艇上约20余名游客在座位上休息，结果看到身穿红背心不明人士上船，纷纷转头了解情况，结果发现是大陆海警船拦停并登船检查，前后约半小时。台媒称，这是大陆宣布没有限禁制水域，并常态化执法巡查后，第一次登上金门的船检查，等同于宣示水域的管理权。中国海警局新闻发言人甘羽2月18日表示，福建海警局将加强海上执法力量，在厦金海域开展常态化执法巡查行动，进一步维护有关海域作业秩序，维护渔民生命财产安全。大陆渔船于金门翻覆事件持续延烧，岛内不少人士敦促台当局尽快公布调查结果，出示证据。台湾“中时新闻网”报道指，台湾前民代郭正亮郭正亮18日在政论节目指出：“如果有录像带，一目了然！”郭正亮还强调，“事实上，这个时间拖下去，对台湾是不利的。”然而，台海洋事务主管机构负责人管碧玲等一众民进党政客，在台当局仍未查实事件真相、做好善后工作，且仍没能给遇难人员家属和两岸同胞一个交代的前提下，竟不断信口雌黄、胡搅蛮缠，炒作所谓“越界”问题，声称大陆渔船“穿越限制水域进到禁止水域”，台方行为是“依法行政，没有什么恶性”。对此，朱凤莲17日曾强调，两岸渔民自古以来在厦金海域传统渔场作业，根本不存在所谓“禁止、限制水域”一说，在舆论场上对岛内不断炒作所谓“越界”的一众民进党政客予以回击。台湾《联合报》19日援引“中国港口网”资讯报道称，当日午后有六艘大陆海警执法船在金厦海域周边航行，较上午的四艘还增加两艘。根据位置资讯，这六艘大陆海警执法船正分为两队，紧贴“禁止、限制水域”线环绕金门航行。大陆海警部门在厦金海域开展常态化执法巡查行动，不仅有利于维护相关海域正常秩序，同时也是对岛内“杂音”的又一有力回应。图源：中国港口网不过，岛内民进党政客发出的“杂音”并未就此消停。台海洋事务主管机构负责人管碧玲昨天晚些时候（18日）在社交平台针对大陆方面的表态发文，称台海巡部门必须守护所谓“限制水域”，甚至还抛出了“金门乡亲”作为挡箭牌，竟说“这是金门乡亲的看法与需要”，以此佐证非台当局“一意孤行”，罔顾事实。对于管碧玲此番言论，岛内舆论场纷纷冒火，更别提台湾金门当地民众颇为不满。19日，金门出身的资深媒体人董智森在中天政论节目《大新闻大爆卦》直言，台海巡部门是台海洋事务主管机构辖下机关，从管碧玲的态度就可知道，民进党当局想借此甩锅给金门，这也说明，民进党当局是个什么事都做不成的“饭桶政府”。董智森表示，国民党民代陈玉珍日前表态，只要台当局授权她和金门县政府，他们绝对能和大陆谈出一个结果，但民进党当局当然不敢回应。他指出，金门县政府能做成但台当局却做不成，“这是长期以来的情况，说明蔡政府是个什么都做不成的饭桶政府”，正是被陈玉珍将了一军，管碧玲才赶快发文。在董智森看来，这次事件要解决其实很简单，那就是比照警察值勤，公布事发当时的值勤录像，厘清相关细节，若台海洋事务主管机构不敢拿出来，就说明“他们心里有鬼”。香港“中评社”19日刊发的报道援引厦门大学两岸关系和平发展协同创新中心主任刘国深的说法，对民进党政客不断炒作的所谓“限制水域”问题予以批驳。刘国深认为，金门县作为福建省的一个县域，与闽南其他地区拥有共同的生产生活水域，这是历史传统的自然延续，两地渔民作业海域很难做到泾渭分明。更重要的是，金门县域属于福建省域之内，自然不存在“禁止、限制水域”问题。刘国深还指出，金门海域发生的悲剧事件属于两岸共同事务，最高的方案是双方进行合作治理。过去两岸关系和平发展正常阶段，这个问题容易处理，但目前双方缺乏政治互信，包括这类事件的两岸很多问题就陷入零和竞争了。他强调，当前的两岸关系已经到了走向零和还是双赢的十字路口，民进党当局必须格外谨慎处理两岸共同事务，否则将导致陷入万劫不复的境地。国台办：泉州红会将派员陪同家属赴金门处理渔船事件善后国务院台办发言人朱凤莲19日表示，2月14日台湾有关方面粗暴对待大陆渔船致2名渔民遇难恶性事件发生后，福建省、泉州市有关方面持续与船员家属沟通，决定由泉州市红十字会等派人陪同家属于20日赴金门，接回2名生还人员并处理相关善后事宜。朱凤莲强调，台湾有关方面应对船员家属及有关人员赴金门提供便利，做好安排，认真对待他们的正当关切，配合处理好善后事宜，避免进一步伤害两岸同胞感情。国务院台办发言人朱凤莲（资料图）2月14日下午，福建一艘渔船在金门海域被台方追逐，导致船上4人全部落海，其中2人生还，2人送医抢救后死亡。另据台湾“中时新闻网”19日早些时候报道，台陆委会已派官员到金门等候，而死者家属已跟泉州的陆方人员对接。在此之前，台湾《联合报》在15日报道中援引知情人士消息指，船员家属可能会从厦门经由小三通前往金门，通关入境作业仍在协调当中，海基会也将派员赴金门。图源：台湾“中时新闻网”台湾新一届立法机构明日开议 韩国瑜今主持立法机构党团协商失败据台湾《联合报》报道，台当局立法机构本会期将于20日开议，在野党团“磨刀霍霍”，蓝绿19日皆祭出甲级动员，召开党团会议备战。据悉，国民党团已盘点“五大战场”与民进党当局展开攻防。报道称，国民党团盘点的“五大战场”中，首先是针对春节前爆出的台糖猪肉片瘦肉精风波，朝野都要求开议后邀台行政主管部门负责人陈建仁赴台立法机构先进行项目报告，再进行总质询，预料台中市政府的抽检过程，将成询答焦点。其次，国民党团总召傅昆萁抛出立法机构改革、恢复特侦组，包括完备立法机构听证权、调查权，不得藐视立法机构等，引来民进党团总召柯建铭抨击，蓝绿后续将有攻防。第三，台交通部门“观光署”春节前突下令，6月起再度禁止台湾旅行社组团到大陆旅游，引爆旅游业者怒火。国民党、民众党民代纷纷质疑“禁团令”没有“法源依据”。蓝营分析，出团是否“有损台湾利益”，将成为质询交锋关键。第四，台当局与印度签署合作备忘录，引进印度移民劳工议题再掀讨论。蓝营“立委”牛煦庭说，民进党若面对质疑仍要像过去横柴入灶、一意孤行，开议后势必会成为攻防焦点。第五个“战场”则是瞄准岛内媒体人周玉蔻，国民党民代徐巧芯已向各部会发文，要求揭露周玉蔻创立的“放言科技传媒股份有限公司”2016年迄今所有标案结案报告。徐巧芯此前指出，根据标案系统查询，除了已揭露的台电、台湾“中油”外，还有台文化部门、交通部门、内务部门，都是“放言”周玉蔻的金主。若将台当局与地方标案均算入，总金额累计已达新台币千万。其中，针对春节前爆出的食安问题，台立法机构负责人韩国瑜今天（19日）召集各党团代表共同协商，然而最终仍然破局，同时也成为韩国瑜上任后的首次协商失败。综合台湾《联合报》、ETtoday新闻云报道，韩国瑜今天（19日）召集各党团代表共同协商，就邀请台行政主管部门负责人陈建仁到立法机构针对食安议题专案报告进行讨论。韩国瑜2月19日主持党团协商。图源：台湾风传媒不过，对于专案报告的日期，各党团想法不一，这也是韩国瑜今日召开党团协商的主要原因。各党团均同意邀请陈建仁就食安议题做专案报告，国民党团建议20日邀陈建仁到立法院，就这八年的食安总检讨做意见交换与沟通；民进党团建议20日进行专案报告，总质询改到23日；民众党则是提出不延宕议事日程，建议于21日加开会议。据报指，经过70分钟的党团讨论，韩国瑜两度提出草拟的协商结论，即20日邀请陈建仁率相关部门负责人进行专案报告并接受质询，23日进行施政方针报告及质询。不过，由于民众党团总召集人黄国昌拒签协商结论，协商失败。黄国昌称，这一次协商没办法签，不反对食品安全专案报告，但应该加开会议。民进党立法机构党团总召集人柯建铭则于19日中午受访时称，民进党团答应要做专案报告，若不答应“在野党”，对方会占领主席台，但黄国昌说要21日加开会议，“没有这样的道理，也没有这样的必要”。他称，民众党不要在小事上坚持，也别在这上面做戏了，“这个太矫情了”。推荐阅读更多精彩内容 搜索微博“直新闻”
66765f9ffb88ab4b048dd72a,https://mp.weixin.qq.com/s/N60c_FUIsUFl_WmxunmqQA,驱逐渔船事件后，金门县长发声，侯柯露真面目，大陆军机巡台警告,2024,02,19,2024-02-19,"版权声明：【我们尊重原创。文字图片素材，版权属于原作者。部分文章推送时因种种原因未能与原作者联系上，若涉及版权问题，敬请原作者联系我们,立即处理。】如果您对上述内容感兴趣，请点击上方“历史真有意思”蓝字，扫描二维码，关注“历史真有意思”，会有更多惊喜致读者：为防失联，更多精彩内容会发布在备用小号，欢迎朋友们扫码关注基于各种原因，中国的内部事务始终没能得到妥善解决，美国为了对中国进行打压，甚至将这一问题当作自己的王牌，不断介入中国的内部事务，这不仅给两国的关系增加更多变数，也让相关地区的局势变得越发紧张。目前，岛内已经不再组织前往中国的旅游团，近期还出现了令中国民众寒心的渔船事件，岛内的海上力量认为福建渔船“越界”，因此对其进行追踪，最终导致渔船上的两名船员身亡，但岛内并不认为自己有任何过错。中国早已宣示了自己的主权，世界各国也承认中国的相关主张，尊重中国的主权与领土完整，即使是美国，也不敢在这一问题上公然与中国唱反调。这也就意味着相关海域本就是中国的领海，所谓的“越界”则无从谈起，而岛内的风气也应该引起中国的关注。一直以来，中国都希望通过和平的方式解决两岸之间的矛盾与分歧，不断向岛内释放善意，在经济方面也给予岛内很多优惠政策，但中国的努力却没有换来对等的诚意。此次的渔船事件，无疑让中国感到十分失望，台岛擅自划定了所谓的“管辖范围”，并行使自己的“执法权”，但台岛本就是中国的一部分，没有这样的权限，台岛的行动与中国的原则是相违背的，因此，中国也必须做出回应。与此同时，民众党籍金门县长陈福海对此事回应表示，希望通过谈判，平等、和平地解决相关矛盾，但这也凸显出更深层的问题，岛内人士强调平等对话，这意味着岛内的各方人士认为，岛内力量追击渔船并没有问题，也就变相承认了所谓的“执法权”。事实上，类似的渔船事件已经不是第一次发生，三十余年来，台岛的无理“执法”已经使得近50名中国渔民身亡，114人受伤，共300艘被抢，3500多名渔民被绑架，在2023年，就有920艘中国渔船被驱逐，扣留28艘，罚款共计1600万新台币。中国的渔船在自己国家的海域内作业，无疑是合法合规的，但岛内的错误做法却使得中国渔民遭受巨大损失，台岛显然应该对此做出解释与承诺，更要避免类似事件再次发生。当前，两岸关系十分复杂，美国等西方国家也虎视眈眈，在这种情况下，岛内的风气也悄然变化，如果中国一味地忍让，只会让自己的利益再次受损，甚至可能使得两岸关系进一步恶化。因此，相关的绕岛巡航行动必不可少，在渔船事件发生后，中国也派出了战机与军舰现身相关海域，明显是在用自己的行动警告岛内的分裂分子。此次渔船事件也充分说明，中国始终牢牢掌握主动权，如果岛内能够释放出诚意，中国也会秉承两岸一家亲的原则，推动两岸交流，争取早日平稳解决相关问题。如果岛内试图与虎谋皮，并不断激化矛盾，中国也有能力做出强势应对，岛内分裂分子更应该认清事实，企图倚靠美国是不现实的，虽然美国不断介入其中，并释放大量错误信号，但美国的真正目标是与中国博弈，岛内的相关问题只是美国的棋子，如果岛内分裂分子一意孤行，最终也将承受巨大代价。"
66765f9ffb88ab4b048dd72b,https://mp.weixin.qq.com/s/WHCFehaGFOc-AK-Nwuef6w,【90号茶室】美国又驻军我国金门，台当局又杀害大陆渔民！我们该如何回击？,2024,02,18,2024-02-18,最近在金门岛及附近海域发生了两件事，使金门再成大家关注的焦点话题。第一件事，据环球网报道，据中时新闻网等多家台媒2月14日报道，台“海巡署第12巡防区统筹舰队分署第九海巡队”声称，14日在金门县北碇东0.5里海域发现1艘大陆籍快艇“越界”作业捕鱼。台媒报道称，该大陆船只在海巡队追缉过程中翻覆，船上4人落海，后被全数救起，其中2人生还、另2人送医抢救后不治。第二件事，据台湾地区“联合新闻网”2月5日的报道，根据美国“2023财年国防授权法案”，美国将从2024年起派美军顾问常驻金门、澎湖“陆军”两栖营，并不定期驻训各特战营。根据计划，美国现在驻台湾地区的“特战合作组”先行扩大驻军模式，“特战合作组”由10多名具备各类军事专长的美军特战小组官兵组成，到2024年，美国“特战合作组”率先常驻金门、澎湖。此次进驻台湾地区的是由美军陆战特种作战群“绿色贝雷帽”第1总队第2大队1中队，以三人小组为单位进驻“台湾陆军”两栖营和“高空特种勤务中队”集训。美军进驻主要以6人小组作为基本编成，计划驻扎于澎湖、金门、马祖等离岛地区，主要执行的任务是海域巡弋、越界渔船驱离、水文侦察、运补护航、海上救难等等任务，代号叫“海龙蛙兵”。金门县隶属于福建省泉州市，由金门岛、小金门岛、大担岛、二担岛、东碇岛、北碇岛等12个岛屿组成，总面积151.656平方公里，与大陆最近处仅2300米，与台湾岛相距210公里，现由台湾当局实际控制。1958年，溃逃台湾岛的国民党政权在美军第七舰队支持下，叫嚣反攻大陆，蒋介石多次偷偷飞抵金门岛检查反攻大陆准备情况。8月23日18时30分，解放军用340门大炮分别从厦门、大嶝、小嶝、深江、莲河、围头等处向金门发起炮击，2小时内，对金门岛发射炮弹57400发。这并不是一次象征性的炮击，而是实实在在地对国民党驻军实施炮火打击，国民党军驻守金门的陆、海、空三个副司令吉星文、赵家骧、章杰当场阵亡，前来视察的“国防部长”俞大维被击伤头部。8月25日，当天台湾派出的5艘补给船被解放军鱼雷快艇击沉两艘，其余逃跑，金门补给线被切断。9月7日，在美国军舰护航下，蒋军补给舰向金门进发，解放军毫不留情向蒋舰开炮，将5艘国民党军舰击沉，而美舰并没有对蒋舰进行保护，转身逃离战区，开到安全区。炮击金门彻底粉碎了蒋介石“反攻大陆”计划。后来炮击金门改为单打双不打，直到1979年炮击金门才正式结束。以上发生在金门及金门海域的两件事，我有两点感想。一是解放军炮击金门、美军撤离金门之后，现在美军又回来了，而且是长期驻扎并训练“台军”，这是历史的轮回还是新的挑衅？二是台湾当局又开始在金门海域残暴地杀害大陆渔民，这是否预示着两岸关系进入了新的对抗甚至战争阶段？大家都在想，我们该如何应对？我想可能会有以下五个选项：一是作为普通民事渔业纠纷处理，要求台当局道歉并向死亡渔民家属赔偿。二是坚决追凶，缉拿并严惩凶手。凶手是谁？台湾“海巡署”及所属第12巡防区统筹舰队分署第九海巡队所有船只和人员，如果是更高层下令，则直接追凶到最高层。三是恢复对金门炮击，炮击强度与1958年8月23日相同，什么时候停止炮击则视情况而定。四是解放军以武力解放金门及澎湖列岛，中央政府恢复对金门及澎湖列岛管理。五是以此为契机，一举解放台湾，实现祖国统一。这五个选项，哪一个更适合更有利？这里我还想提几点看法。一是1958年，在美国仍然驻军台湾岛、美国第七舰队控制台湾海峡的情况下，中央毅然决定对金门炮击，对美国的护航舰队也是毫无所惧，而且炮击金门一直持续二十多年直到1979年才结束。我想这是在向美国发出明确信号并体现坚定意志：中国绝不惧怕战争，中国必将解放台湾，必将实现国家统一，这是绝不会动摇的国家战略、民族意志和军人使命。二是国家强大和民族复兴的标志是什么？除了经济强大、人民幸福安康，还应包括国家统一，主权完全独立，没有任何国家和势力敢欺负和污辱你，昂首挺胸，意志坚定，受人尊敬。如果领土不统一、部分主权不独立，人民受欺辱甚至被杀害，那么这种复兴和强大又有什么意义？三是近两百年来，中国从衰落到重新强大，经历了无数苦难，最终我们能够打败一个又一个强大敌人，能够从胜利走向更大胜利，其法宝之一是绝不惧怕任何强敌，绝不惧怕任何战争，在残酷的斗争中经受考验，不怕牺牲，敢于斗争，冲锋向前。四是无论是一个国家、一个民族还是一个家庭、一个个人，如果不敢在敌人的肆意挑衅面前展示力量，不敢发出敢战能胜的信念，那么这个国家无论经济多么强大，身体多么肥硕，最终都只能是敌人待宰的羔羊。因此，我们一定要敢于展示自己绝不惧怕战争、敢战能胜的坚定意志。如果我们始终不敢出手，别说美国，就是台湾当局也会加更加肆无忌惮地屠杀大陆同胞，就是日本、韩国、菲律宾、越南也敢上来踢你几脚、抽你几耳光，鄙视你，欺负你。我们要一直忍让吗？有时候忍让是一种智慧，而更多的时候，忍让是懦弱的表现，会给国家和民族带来屈辱和灾难。五是有人说如果中国发动解放台湾战争就是掉进了美国设的战略陷阱里，我不这么认为。解放台湾是一场统一祖国的正义之战，是实现中华民族伟大复兴无法回避的历史使命，绝不存在什么阴谋和陷阱，除了正义还是正义，除了国家利益还是国家利益，如果美国和日本军事干涉，干就是了，没有什么好犹豫的，更不必患得患失。解放台湾，统一祖国必然会付出代价，但所有付出的代价都是值得的。想想抗美援朝战争中牺牲的那么多英雄烈士，你问他们值不值？你问他们是为了什么？美军又来金门驻军了，台湾当局又来屠杀大陆渔民了，我们该如何回击？我想这绝不应是一道选择题，而应是一道必答题，答案早已写在毛主席的那句题词里：我们一定要解放台湾！完成解放台湾、统一祖国是一种使命、担当和责任。我很欣赏南昌舰95后女操舵手徐文茜面对外舰挑衅时说的那句硬气又霸气的话：“干就完了。祖国利益高于一切，包括生命。国家和人民需要我的时候到了，不上等什么呢？”@所有版权原创者，如有侵权，请及时联系我们删除。成绩一般、没有把握考上理想大学，竞争激烈，没能考上研究生，内卷厉害，没能找到理想工作，赴日本留学，读研，就职，也是一种选择！● 高中，中专毕业赴日读本科，保证100%就读教育部承认学历的日本大学；     ● 大专，大学毕业赴日读研究生，保证100%就读教育部承认学历的日本大学；  ● 大专，大学毕业赴日就职，经验不限，收入不低于20万人民币；● 日本移民，高福利，低门槛，最快一年可以拿绿卡；90号留学提供服务赴日留学，读研，就职服务的几大特点         ● 从国内日语学习，资料准备，签证申请，到赴日后日常生活，升学指导全程服务；         ● 与日本多个知名语言学校，升学指导机构，大学紧密合作，提供多种选择；         ● 100%保证读本科，上研究生，大批推荐就职岗位；         ● 主要负责人在日本工作多年，有丰富的日本生活经验，人脉资源，能为赴日前，到日本后提供各种咨询帮助；   咨询热线吴老师电话：18036871289         桃李春风一杯酒，江湖夜雨十年灯。【90号茶室】主编，打过工，教过书，出过国，从过政，办过公司，江湖奔波五十载，东阳，金华、长沙、镇江、北京、东京，无锡，一路走来，终于在某江南小城一个闹中取静之处，觅得一处门牌号为90号的茶室，一方小院，一间茶室，听雨观落花，吃茶读闲书，昔日书生意气，万丈豪情，江湖恩怨，随着袅袅的茶香，随着窗外的烟雨，逐渐淡去，淡去……👉👉👉台海风云，大国博弈，国情，财经，人物，主编推荐300篇精选文章，收藏细读！
66765f9ffb88ab4b048dd72c,https://mp.weixin.qq.com/s/kk1SAD70Qkhj2Npyq8BxvQ,美特种兵进驻金门不到10天，金门海巡队驱逐大陆渔船，致2人死亡,2024,02,18,2024-02-18,这两件事情的发生，不是偶然的。它们可能是一场精心策划的行动，旨在测试中国大陆的反应。美军的存在提供了一种安全的保护伞，鼓励台湾当局采取更加激进的行动。但是，这种行为的背后，是对两岸人民情感的严重伤害，也是对地区稳定的巨大威胁。面对这样的局势，大陆的反应显得尤为重要。我们既要展现出足够的坚定和毅力，也要保持理性，避免被对方挑衅所诱导。在处理这类事件时，大陆的宽容和克制不仅是对台湾同胞的一种温暖拥抱，也是对国际社会的一种负责任的表态。同时，我们也要认识到，任何对外部势力企图分裂中国的挑衅，都必须得到坚决的回应。无论是关闭自来水阀门这样的象征性措施，还是更为严肃的政治和军事回应，都应当被视为捍卫国家主权和领土完整的必要手段。最后，这场围绕金门岛的纷争，不仅是一个地区性的问题，更是大中华民族团结一致面对外部压力的试金石。我们不能忘记，不论是海峡这边，还是海峡那边，我们都是同一个民族的人。对待金门海巡队的做法，我们感到寒心，但更应该以此为鉴，加强两岸之间的沟通与理解，共同维护民族的大义和地区的和平稳定。这件事不应该就此糊弄过去。14亿中国人的眼睛是雪亮的，我们期待着公正的调查结果。期待着冰冷的政治态度能够融化，在这个特殊的时期，两岸同胞能够携手，共同面对未来的挑战。
66765f9ffb88ab4b048dd72d,https://mp.weixin.qq.com/s/M9GcYQi4wsFB2_mdT1Gy_w,初五撞死大陆渔民，美军要进驻金门，算总账从抓捕行动开始,2024,02,17,2024-02-17,近日，台湾地区领导人赖清德上演了“台独金孙”的角色，通过一系列咄咄逼人的行动，试图在两岸关系中制造事端。这一举动引发广泛关注，我们必须坚决捍卫国家尊严，维护中华民族的整体利益。赖清德在当选后，接受美国政客的指导，改变了之前的嚣张态度，开始低调发声，却在实际行动中采取了一系列破坏性的举措。其中，禁止台湾旅行团赴大陆，以及在金门海域对大陆渔民实施暴力驱赶等行为，都是其极力挑衅的表现。首先，禁止台湾旅行团赴大陆，意图隔离两岸同胞，制造隔阂。这种做法是极为毒辣的，因为两岸同胞之间的相互往来一直是促进统一的重要途径。赖清德此举显然是为了延长两岸分裂的时间，让两岸同胞老死不相往来，为“台独”分裂创造条件。其次，在大年初五，赖清德领导的“海巡署”舰艇对大陆渔民进行暴力驱赶，导致渔民伤亡。这一事件发生在离大陆非常近的金门海域，金门距离厦门仅1.8公里。这种挑衅行为无疑是对两岸关系的极大冲击，也是对中华民族整体利益的公然挑战。在两岸同胞团结一心、共同奋斗的时刻，台湾当局与美国等外部势力妄图通过各种卑鄙伎俩，延迟两岸统一的时间。现需高度警惕三种伎俩，共同捍卫中华民族尊严。一、警惕武力统一的“陷阱论”。一些小作文极力渲染将两岸发生武力冲突作为美国企图让中国大陆踏入的大陷阱。强调绝对不战、绝对不上当，企图通过制造战争的严峻后果，阻碍两岸统一进程。然而，对于中国大陆而言，领土完整是14亿中国人民不惜一战的底线，我们绝不畏惧战争。在“台独”嚣张的当下，武力统一已成为主流民意。一、警惕武力统一的“陷阱论”。二、防范无力统一的“等待论”。一些小作文渲染中国大陆的经济困难，将中国威胁论转化为中国崩溃论，企图通过制造无力启动两岸统一进程的假象。更有甚者宣扬等待中国强大到世界第一后再统一台湾。然而，维持现状只是美等干涉势力的算盘，两岸同胞应保持清醒，不受其影响，推动两岸统一进程。二、防范无力统一的“等待论”。三、抵制全力统一的“毁灭论”。美国不断进行对台军售，以及耀武扬威的军事行动，通过计算机模拟渲染对台海冲突的毁灭性后果，甚至制定南北夹击计划，企图牵制中国大陆。在这一背景下，两岸同胞需共同抵制外部势力的干涉，坚决维护国家尊严，捍卫中华民族整体利益。三、抵制全力统一的“毁灭论”。岂不知，这一切美国都是建立在轰炸南联盟、叙利亚、伊拉克等弱小国家的幻想之中。美军敢对中国动手，美国全境包括首都都是中国导弹打击的范围，毫无安全可言。随着外部势力对台湾问题的不断插手，我们要保持冷静，坚持外交理性，拒绝美国的武力威胁，捍卫国家安全。在保持战略清晰，毫不迟疑地加快两岸统一进程的同时，处理当前的我渔民伤亡事件，必须把握以下三个要点。一、揭示美国的“毁灭论”幻想美国的对台军售和军事干涉，似乎建立在对他国武力干预的过去幻想之上。然而，中国拥有强大的导弹打击能力，美国全境包括首都都在中国导弹打击范围之内，对中国动手将是自取灭亡的冒险。中国政府要坚定拒绝任何形式的武力威胁，向外界展示我们捍卫国家安全的坚定决心。二、强调台湾问题是中国内政中国政府要明确向外界表明台湾问题是中国的内政，任何外部势力不得干预。我们拥有处理台湾问题的绝对决心和能力，而美国政客不应在这一问题上挑战中国的底线。通过强有力的外交手段，我们要向国际社会阐明中国在台湾问题上的立场，维护国家尊严。三、坚持和平解决台湾问题中国政府始终坚持和平解决台湾问题的立场。对于外部势力的挑战，我们要保持克制，通过对话协商解决分歧。加强两岸人民的交流，促进互信，为和平解决台湾问题创造有利条件。我们要积极参与国际事务，争取更多国家的支持，让国际社会认识到台湾问题的敏感性。在处理台湾问题上，我们要强调中美两国关系的大局。中美两国有许多共同的利益，通过对话解决分歧，推动双方建立更加稳定的关系，符合两国和国际社会的长远利益。我们要展现中方的负责任态度，促使美方认清局势，妥善处理分歧。当前，外部势力不断对两岸关系进行干涉，嚣张企图延缓两岸统一进程。在维护国家尊严的同时，两岸同胞应当紧密团结，共同应对外部势力的挑战，推动两岸关系向着团结、和平、发展的方向前进。美国通过军事行动、军售等手段对台湾进行持续干涉，企图制造对台海冲突的毁灭性后果。然而，这种幻想建立在对弱小国家的轰炸历史上，美国决不敢轻举妄动，因为中国导弹打击的范围已经包括美国全境，没有安全可言。中国政府要坚决维护国家安全，不允许任何外部势力妄图干预两岸关系的图谋得逞。对于近期发生在两岸海域的渔民伤亡事件，中国政府应坚决采取行动。首先，要追究肇事者的责任，启动法律程序，甚至可以通过全球通缉等手段将其绳之以法。其次，要坚持“一个中国”的原则，加强两岸文化、经济等领域的交流，拉近两岸同胞的心理距离。只有通过果断的行动，我们才能有效维护国家尊严，推动两岸关系走向和谐发展。在外部势力不断插手的情况下，中国政府要坚持战略清晰，毫不迟疑地加快两岸统一进程。对于“台独金孙”赖清德上台，可以将其看作是中国统一的一个契机。通过启动统一进行时，发布统一倒计时，向全世界传递两岸关系发展的积极信号。在这个历史性的时刻，两岸同胞应齐心协力，共同应对外部干涉，共创两岸统一的美好未来。在外部势力不断插手的情况下，中国政府要坚持战略清晰，毫不迟疑地加快两岸统一进程。对于“台独金孙”赖清德上台，可以将其看作是中国统一的一个契机。通过启动统一进行时，发布统一倒计时，向全世界传递两岸关系发展的积极信号。在这个历史性的时刻，两岸同胞应齐心协力，共同应对外部干涉，共创两岸统一的美好未来。
66765f9ffb88ab4b048dd72e,https://mp.weixin.qq.com/s/nSM-g7BY5kjCuL2jAWytYA,大陆两渔民金门遇难，台方回应，邱毅不幸言中，赖清德动作刚开始,2024,02,17,2024-02-17,戳蓝字“视角云观察”关注我们哟！更多精彩内容等着你农历新年刚刚进入尾声，两岸居然就发生了严重的摩擦事件，大陆渔船在金门附近进行捕捞作业，竟然遭到台“海巡署”的追赶，造成了二人死亡。大陆当即向台当局要交代，台当局不敢怠慢，不到24小时，就立即给出了回应。一切都被邱毅言中了，民进党赖清德的“报复”可能才刚刚开始。大年初五，在许多人还沉浸在新年的氛围当中时，勤劳的福建渔民已经开始为新一年的生计奔波忙碌，在金门县北碇岛东方1.2海里的地方，一艘福建渔船上，四名渔民正按部就班地进行着捕捞作业，他们谁都没有想到，一个巨大的威胁正悄悄逼近。就在渔民们辛勤劳作的时候，台“海巡队”获悉了这一情况，立即前往相关海域。经常关注台海形势的朋友们都知道，台湾地区“海巡署”在海上经常采取暴力“执法”手段，每每遇到大陆船只，他们的恶行包括但不限于强登渔船进行检查，暴力扣押带回大陆渔民，将渔民们的辛苦所得渔获尽数抛入大海。两岸明明是一家人，台当局却始终将大陆当成仇敌，距离台岛最近的大陆渔民们就成为了他们耍狠发泄的对象。这一次，台湾“海巡队”仍要强登大陆渔船进行抽检，这艘福建渔船上的四名渔民明显也是有脾气的，他们拒绝台方人员检查，双方随即在海上展开了激烈的追逐战，就是在这危险的追逐途中，大陆渔船不慎翻覆，船上的四名渔民尽数落入海中，不幸的是，其中两人救起后送医抢救不治。近年来大陆渔船和台湾“海巡署”之间没少发生冲突，这次竟然有两人都不幸罹难，还是在春节期间，不仅严重伤害了两岸同胞的感情，更有可能引发严重的事态，在两岸都引起了高度重视。国台办表达了强烈谴责，并要求台湾方面立即查明事件真相，协助遇难渔民家属妥善处理善后事宜。台当局根本不敢怠慢，台“海巡署”立即通报了事情的详细过程，还积极联系了两名遇难者的家属，拍着胸脯保证整个过程中台方都是“依法”行事。金门区渔会也紧急发布了通告，提醒台湾渔民出海作业的时候注意安全，千万不要“越界”或者从事违法行为，一定要注意安全。事态发展到现在，可以说大陆依然保持着极致的克制，如果这次事件的对象是日本或者菲律宾，地点换在钓鱼岛或者仁爱礁，大陆的反应绝对不会这么简单，措辞也会比这个严厉得多。这次的台湾地区选举过后，两岸关系可谓如履薄冰，任何一个微小的摩擦都有可能在台海上刮起飓风。这次事件虽然是偶发事件，但台当局却坚称这是正当的“执法”行为，这充分表明台当局并无服软的打算，也就意味着往后台海仍是风高浪急。在台当局宣布撤回取消赴陆旅行“禁团令”的决定时，岛内评论员邱毅就说过，赖清德这是要“以眼还眼，以牙还牙”，按照现在台当局的行事风格来看，邱毅很有可能不幸言中了。赖清德上台后，一定会采取各种“报复”手段，破坏两岸人民的情感，突破一中的红线。收台虽易，但如何以最小的代价收台却是一门学问，今天的账，我们总有讨回来的一天。请点个赞和“在看”吧
66765f9ffb88ab4b048dd72f,https://mp.weixin.qq.com/s/iFytAWYaFlnLQJZL2r9M7A,家属说他们会游泳！金门海域大陆渔民2死案疑窦丛生,2024,02,17,2024-02-17,2月14日、正月初五在金门海域发生的大陆渔民2死命案，目前有几个明显的疑点。两逝者会游泳根据多家媒体的报道，包括台湾媒体的报道，4位当事人的家属都已经联系上。其中，两位逝者分别是四川广安籍的船长、30岁的重庆籍船员，两位家属都表示，逝者生前都会游泳。这就非常非常的奇怪，为什么2人会淹死？那么，到底是什么原因？我们先来做排除法。首先排除恶劣天气。人掉入海里，如果是大风大浪，就容易淹死。如果是低温寒潮，容易被冻死。但是，从台湾方面公布的现场照片看，海面上风平浪静，连一点点白浪花都没有。我查了当天厦门的天气，2月14日厦门市风力：<3级，气温：16/13℃。这个气温、风力，海面上是比较舒适的，并且与现场照片上显现的水文气象是相吻合的。因此，两位逝者不可能因恶劣天气致死。其次排除操舵不熟。同样的，从台湾方面公布的船体照片看，该船底部掉漆明显，显然不是新船，也就基本排除了新船长或者对船体操纵不熟悉的可能。同时，船长虽然是四川广安籍，但是居住在泉州围头的时间已经不短。第三也排除了台湾“海巡”无动于衷。船翻了，4人落水，2人淹死，另外2人被救起并送金门医治。有一说一，这说明台湾“海巡”部门的初衷并不是要制造命案，也就是说不是“故意杀人”。那么，为什么2位落水的渔民包括1名船长会淹死？在这么良好的海况条件下，能够让善于游泳的船长淹死，我认为其中最大的可能就是台湾“海巡”部门的暴力“执法”，导致落水者行动不便或者丧失自救能力。具体地说，是以下这两种情况：1.逝者在落水前已经行动不便。例如被台湾“海巡”部门的非致命性武器击中，产生晕眩、短暂休克等情况。非致命性武器是地方警察部门常用的器械，例如橡皮子弹。船长及船员被非致命性武器击中后，瞬间丧失行动能力，因此船失控、进而翻覆，4人落水，船长及一名船员溺亡。2.逝者在落水后遭二次撞击导致行动不便。台湾“海巡”船直接冲撞大陆渔船，导致船员落水，同时高速航行的台湾“海巡”船的船体或船尾二次撞击落水者，致使落水者丧失自救能力。甚至被螺旋桨击中，直接导致重伤，进而去世。总之，不幸遇难的船长及船员，绝不是简简单单的淹死。熟悉海面的朋友可能会说，有没有被船体高速航行产生的涌浪吸卷，进而导致溺水而亡的可能？我认为这种可能性很小，因为事件的双方，不管是大陆的渔船、还是台湾的“海巡”船，都是不是大船，不足以产生溺亡的涌浪。最后，我要强调几点。1.不谈有没有“越界”，就看事件，这是非常恶劣的责任事故。谈有没有“越界”，两岸各有各的说法。大陆认为“海峡中线”都不存在，更何况金门与厦门、金门与泉州之间的海面，哪有什么“界线”。台湾方面包括金门当地认为，海上的“界线”是有的，大陆的渔船渔民不能“越界”。这个问题，两岸显然很难在短时间内达成一致，所以，这里就先不谈什么“越界”，就看事件。从事件本身看，最大的可能就是台湾“海巡”部门行为粗暴，尺度不当，导致命案发生。不管看哪边的法令，两位逝者都不应该死。因此，甲辰龙年春节期间发生的海峡命案，是台湾“海巡”部门的责任事故。2.民进党当局对事件的态度，是敷衍的。事件过去已经3天了，民进党当局依然没有公布海上现场相关的视频、音频等资料，只有几张零星的现场照片。3天了，为什么不公布现场的信息资料？是没有还是不敢公开？或者是故意拖着不公开？特别是两位逝者的尸体情况，是简单的溺水而亡吗？有没有外伤？这些一看便知，但是，台湾当局至今没有只言片语，似乎在遮掩什么。台湾“海巡”部门，至今也没有任何的官方通报。而台湾“海巡署”的顶头上司、台湾“海委会”主委管碧玲16日甚至说，现阶段不能去还原事件真相。不仅仅是对2位逝者，就是对2位幸存者，台湾当局不仅没有及时将他们送回大陆与亲人团聚，更阻止他们对外发声。作为事件的直接当事人，金门海域命案的目击者、亲历者，他们的说法至关重要，但是，台湾当局至今仍然扣押着他们，既限制了他们的人身自由，也妨碍了他们接受新闻采访的自由，还剥夺了他们发布自媒体信息的自由。3.人命关天，命案要追责。不管有没有所谓的“越界”，任何人、任何部门都没有权力剥夺渔民的生命。大陆海警在钓鱼岛、黄岩岛等海域驱离外籍渔船时，有发生过命案吗？这起发生金门海域的命案，令早已阴云密布的台海更加形势严峻。大陆网民义愤填膺，群起汹汹，国台办、中国海警的官方账号被骂得关闭评论，可见舆情压力之大。人命关天，命案一定要有负责任的交代。在缅北制造多起命案的明家，首犯明学昌畏罪自杀、验明正身，罪犯明国平、明珍珍、明菊兰移交我方公检部门审判，整个事件的办理得到了公众的肯定。金门海域“2·14”命案的处理，也理应如此。如果台湾当局拒绝向大陆移交涉事的“海巡”船上的人员，这笔账先记着，等到几年后统一了，再审理办案。同时，一定要告诉公众，这笔账会记着，不是不算，只是时候未到。涉及命案的犯罪嫌疑人，在国外的缅甸尚能抓捕归案，更何况是国内的台湾。4.只有统一，才能治本。两岸之间现存的这样那样的问题，根本的原因是两岸尚未统一。只有统一了，类似的悲剧才不会再发生，台湾海峡才是永久的和平之海。统一永远是正途！
66765f9ffb88ab4b048dd730,https://mp.weixin.qq.com/s/dZkCPG08Xjsbtge6TKtLgw,岛内最新消息！驱逐渔船事件后，金门县长发声，侯柯露真面目，大陆军机巡台警告,2024,02,17,2024-02-17,近期，台海紧张局势不断升级，特别是赖清德当选后，民进党政府的行为更加直接，宣布停止组织赴大陆旅游团，紧接着，台湾“海巡署”追逐福建籍渔船事件导致两名船员遇难，这进一步加剧了两岸的紧张关系。                   大陆方面始终致力于维护两岸和平稳定，通过经济合作协议（ECFA）等措施，为台湾提供关税减免，每年节省高达10亿美元。然而，面对这种利益让渡，岛内部分声音却未能给予积极响应，此次渔船事件更是伤害了大陆民众的情感。                                                         台湾“海委会”对此事件的解释是，发现大陆渔船在所谓的“越界”作业并拒绝接受检查，随后发生的追逐导致渔船翻覆，造成人员伤亡。台方声称这是“依法行政”，并不是“恶意执法”，但这种解释充满了强盗逻辑。金门岛的特殊地理位置使得所谓的“越界”说法站不住脚，台湾作为中国的一部分，无权划分专属经济区，所谓的“执法权”亦不存在。                         金门县长陈福海表示希望开启两岸渔民生计议题的和平对话，对遇难渔民表示哀悼，并强调“两岸一家亲，共享一片海”的理念。金门将继续扮演“两岸和平先行者”的角色，推动两岸和平沟通。                                                   金门地区立法委员陈玉珍也指出，当前两岸关系紧张，缺乏有效的沟通渠道，必须妥善处理此类事件，避免局势进一步恶化。赖清德上台后，两岸关系面临的挑战可能会增加，应避免因小失大。新北市市长侯友宜和台北市市长柯文哲也对此事表达了看法，强调两岸应以平等尊严的态度解决冲突，通过和平手段保护渔民利益，并就渔业权益问题进行对话，以防止类似事件再次发生。                                                                     然而，历史数据显示，自1990年以来，大陆渔民在台湾单方面划定的海域中遭受重大损失，包括多人遇难、受伤，船只被扣押和罚款。这些事件严重损害了大陆渔民的利益，台当局需要为此负责。在岛内政治人物相继发声的同时，大陆军方也通过军事行动表达了其立场。据报道，大陆军机和军舰近期在台海的活动增加，这被视为对台当局行为的警告。                             综上所述，大陆方面在坚持和平原则的同时，也必须采取必要措施保护渔民权益，加强在相关海域的巡逻，确保大陆渔民的安全和利益不受侵害，同时促进两岸关系的和平发展。● 仁爱礁取得大捷，打废菲海警雷达，打瘫补给船，052D吓跑菲船队● 上百辆军列开往前线，25个师30万大军严阵以待：俄乌最终决战拉开序幕！● 准备收台？福建开始提前准备了，我军的收台之日，将会是一场“人民战争”！素材来源官方媒体/网络新闻
66765f9ffb88ab4b048dd731,https://mp.weixin.qq.com/s/CK3WJlM9RvNYs_gOfe7qrA,统一进度表498：金门渔船事件最大疑点及后续台海走势,2024,02,17,2024-02-17,统一台湾进度表（498）应该看到此事发生后，几乎所有的蓝绿“名嘴”都对这起渔船倾覆造成两死两伤的严重后果的恶性事件持一个观点，那就是该事件是所谓的“大陆渔船越界捕鱼造成的”。
66765f9ffb88ab4b048dd732,https://mp.weixin.qq.com/s/8Pw2LaZa-mp7EVIj3X7kTA,嘴炮模式还是缅北模式，金门渔民这事，且让子弹飞一会,2024,02,16,2024-02-16,周公恐惧流言日，王莽谦恭未篡时。渔民殒命这事，且有些耐心。2023年初的时候，谁能想到缅北干的如此漂亮？谁能确定，2024年2月的金门，不是2023年7月的缅北呢？主不可以怒而兴师，将不可以愠而致战。这事不会这么简单结束，但万钧雷霆也不会来的那么随便。终于可以留言评论啦，欢迎大家向笔者拍砖周公恐惧流言日如今缅甸的事情，跟当年傅介子、班超的高超手法如出一辙，以微小的成本，借助天朝威势，撬动地缘政治的大成功。缅甸有缅北民地武，菲律宾也有棉兰老岛分裂组织，越南有南北党争，印度有地方游击队和穆斯林分裂派，这种隔山打牛的模式，给咱们周边的宵小，来点小惩大诫，前景广泛。毕竟好钢要用在刀刃上，战略资源要集中在关键点。其他方向上，能用“尔敢不服王化？”和“毋敢动，动，灭国矣”搞定的，才是最优解。主不可以怒而兴师一万亿的大棒风大浪高，有些不方便说的，可以点击下边卡片移步可以留言的小号聊一聊，也可关注笔者微博账号 @摸鱼学教授美第奇
66765f9ffb88ab4b048dd733,https://mp.weixin.qq.com/s/NteiMymfhZBm6bHl2vVHug,致2渔民死亡后，台当局称“合法”，不到24小时，解放军动手！,2024,02,16,2024-02-16,"请您点击上方蓝字关注“上海热线观察”，点评台湾时事，分析台海形势，爆料国际热点秘闻。两岸漩涡中的捕鱼之争：台湾当局的嚣张挑衅与大陆的强烈回应在舆论呈现纷乱的背景下，我想谈一个在近期频繁触动两岸敏感神经的问题——金门渔船事件。该事件首次爆发于2月14日，当时大陆渔船在金门海域作业，却被台海巡署以“越界”为由进行追赶，最终导致渔船翻覆，四名大陆渔民落水，其中有两人不幸遇难。这起事故似乎又一次公开暴露了台当局对中国大陆的戾气与挑衅。此事件发生后，台当局不仅推诿责任，威胁大陆加强约束，还打出了他们认为的""法律牌""，对追击大陆渔船的行为“合法化”。然而，这种嚣张的行动并无法掩盖他们对生命的无视和对两岸关系的漠视。分析台当局对此的回应，他们死扛到底，并极力地把责任推诿到大陆方面，诸如“在管辖范围内依法行政”和“陆籍船员不合作导致”的说辞，天真地试图为自己的行为辩护。可想而知，这一切并未得到公众的支持。别看金门岛面积微小，只有1.8平方公里，然而台湾海巡署却将其“执法领域”划定在厦门附近的大海上，这无异于将犬牙交错的海域划为了自己的地盘。让人惊讶的是，台海巡署已经多次以“越界捕鱼”为借口对大陆渔船动手，这种行动为了维护他们所谓的“渔业保护区”。通过此类行动，他们早已削弱了大陆渔民的权益，激化了两岸关系的紧张局势。很明显，对于台当局来说，他们的动机不仅仅是保护自己的渔业资源，更深层次的是利用这些事件，向外界宣示他们的存在感和“台独”声索。显而易见，这种态度并没有赢得他们应有的尊重与理解，反而引发了更大的冲击和反响。大陆方面的回应则非常果断与明确。国台办在最短的时间内回应了此事!14日，国台办发言人朱凤莲最先对遇难者及其家族表示沉痛悼念和深情慰问，接着转变语气，明确提出强烈抗议，针对春节期间出现的这种严重损害两岸亲情的残忍事件对台湾方面进行谴责。“恶性事件”这个词汇准确地界定了事件的本质。“恶性”一词的使用，表明了事件的性质极端恶劣，并可能引起重大影响。台湾当局若处理不善，有可能导致两岸关系进一步的恶化。除此之外，朱凤莲对台湾方面还提出了三项要求：首先是要求台湾方面迅速明确查清事实真相，并向公众作出解释。其次是要帮助死难渔民家属恰当地处理后事并完成赔偿工作。最后是要实际上防止此类事件的再次发生。值得一提的是，对大陆持强硬态度的民进党自赖清德2024年大选胜出后，一直坚持“台独”立场，并更加嚣张地对大陆施压。他们的任性与挑衅，无论对岛内的和平稳定还是两岸关系的发展，都产生了极其消极的影响。尤其是在突如其来的金门渔船事件中，民进党当局的冷漠与漠视更是令人震惊。然而，对于台当局的顽固态度，我军并没有坐视不理，而是选择直接动手军演。根据台军方公布的消息，14日当天，大陆出动21架军机、6艘军舰在台海周边活动，以实际行动示警并回应台当局的挑衅行为。这显然表明，大陆已经做好全面准备，坚决捍卫自己的领土和海洋权益，对于任何挑衅和侵犯行为，都将给予强烈回应。那么，面对台当局如此恶劣的行径，大陆应如何进行有力的回击?笔者认为，首先，必须加强在台海尤其是金门附近的海警巡逻力度，确保自身渔民的安全。其次，应进一步中止(经济合作架构协议)ECFA，停止对台让利，让台当局认识到自己的错误。无视两岸同胞感情的行径，绝不能得逞。难道我们就该坐视台当局的嚣张挑衅吗?难道我们就该默默忍受他们对大陆渔民的粗暴对待吗?答案肯定是不可能!最后，值得一提的是，我们基于海峡两岸同胞的浓重血缘和深厚亲情，已在多个沿海地区设立了“台湾渔民接待处”，当台湾地区渔民不幸误入我方海域时，我们像待亲人般地给予热情款待，为他们的渔船提供加油和加水服务。与此对照，该“海巡署”的行为令人无法接受并引起公愤。面对海巡署这等恶劣行径，我们绝不能忘记，更不容忽视。当两岸实现和平统一的那一天到来时，必须对这个海巡署进行严厉惩处，为受害者伸张正义。目前，大陆海警所需做的，就是加强常态化巡逻的规模和力度，以确保大陆渔民的生命财产安全，而这也正是每一个主权国家应有的权利和责任。追因溯源，台湾属于中国的一部分，大陆对台海拥有管辖权。对此，台当局会深思吗?他们会选择接受大陆的善意，还是继续一错再错，直到走到无路可退的境地?唯有台当局自己能给出答案。欢迎您下方左侧一键分享至朋友圈，同时点击右侧【点赞】与【在看】，获得更多好文推荐！"
66765f9ffb88ab4b048dd734,https://mp.weixin.qq.com/s/vseXCvMfGFNXz0AmyNIeCQ,刚刚，金门2渔民死亡！伪海巡署难辞其咎,2024,02,16,2024-02-16,对话老板关注后免费收听热点资讯，经商策略，精英必备！就在我们欢度春节，享受团聚的时候。台湾又在搞事了。14日下午，福建一艘渔船在金门海域被台方驱离，导致船上4人全部落海，其中2人死亡。台“海巡署”宣称在追缉过程中大陆船只翻覆，导致船上4人落海 图源：台湾“联合新闻网”报道配图翻看历史。最狠莫过“自己人”。2016年，蔡英文上台后，“伪海巡署”驱离大陆渔船多达490艘，四年后这个数字达到了1700艘，涨了三倍多。不只是驱离，还有大量的扣留和罚款，按照岛上自己的统计，2016年7月到2023年11月，有多达83艘大陆渔船被没收，大陆渔民还被处以罚款2.88亿台币，造成死伤的情况也屡见不鲜。之后台湾伪当局对金门事件的回应来了，内容主要有以下四点：1、“海巡人员”是依法执行职务，过程没有不当之处。2、台湾民众强烈要求这样做，“海巡”是维护台湾民众权利，我们是顺应台湾民意，责无旁贷。3、陆籍船员拒绝配合台方“执法工作”才导致落水，都是死者的责任。4、大陆今后应该严加约束渔民。总体上看是非常傲慢和狂妄的，即使是鼎盛时期的美国，也差不多就是这个口气了。再一看，“伪海巡署”说的非法越界是什么越界，一看帝都更是气，从厦门一登船差不多就越界了！对此，国台办发言人朱凤莲表示，我们对遇难同胞及其家属表示深切哀悼与诚挚慰问，对春节期间发生这样一起严重伤害两岸同胞感情的恶性事件向台方表达强烈谴责。台“海巡署”宣称在追缉过程中大陆船只翻覆，导致船上4人落海 图源：台湾“联合新闻网”报道配图朱凤莲指出，多年来，我们秉持“两岸一家亲”理念，为保障两岸渔民正常作业做了大量工作，特别是在沿海多地设立台湾渔民接待设施，为台湾渔船和渔民提供避风、补给、抢险、救助等相关帮助。反观台湾方面，一段时间以来，民进党当局以各种借口强力查扣大陆渔船，以粗暴和危险的方式对待大陆渔民，这是导致这起恶性事件发生的主要原因。朱凤莲表示，我们强烈要求台方立即查明事件真相，协助遇难渔民家属妥善处理善后事宜。我们正告台湾有关方面，要尊重两岸渔民在台湾海峡传统渔区作业的历史事实，确保大陆渔民人身安全，切实杜绝此类事件再度发生。大侠，文章看完了，给大伙说点什么
66765f9ffb88ab4b048dd735,https://mp.weixin.qq.com/s/WcJJEGDXGiOF3ZitoxzOVQ,福建渔船被逐遇难：大陆民众公愤何在,2024,02,16,2024-02-16,春节期间，福建渔船在金门水域被台湾海巡署船只驱逐，致使渔船倾覆，两渔民遇难，引起大陆民众广泛关注和普遍公愤。与以往不同的是，此次大陆民众关注的焦点不再只是台海地区两岸渔业纠纷本身，而是更深层次的问题：国家在台海的资源分配权、领海执法权和海事裁判权如何得到切实的履行，如何对两岸渔业资源进行公正合理的分配与统一管辖治理。既然都是中国的领土和领海，福建渔民与台湾渔民就应该享有同等的渔业权利。可金门离厦门只有8公里，离台湾本岛210公里，福建渔民在自己的家门口不能捕渔，要遭到所谓台湾海巡船的驱逐，这是什么道理？先看上面这张地图，再看福建渔船在金门海域被逐遇难，请问谁还能不愤慨？台海能和平当然好，但和平也必需建立在公正平等的基础之上。当台独势力如此猖狂，享受着大陆海量的包容与忍耐而不自知，竟然胆敢在金门海域行渔业霸道之举，强驱福建渔民时，还需要继续包容与忍让吗？通过这个件事，中央政府应该看到国家对整个台湾地区进行领土和领海管控与治理的必要性已经迫在眉捷。如何在台湾地区着手切实履行领土领海主权，如何重新在两岸之间公正分配台湾地区的渔业和其他一切资源，如何在整个台湾地区的领海内行使领海执法权和海事裁判权，都需要迅速提上议事日程。要通过立法和执法，迅速对整个台湾地区的领海范围实施有效的管控与治理。应迅速宣布一直在干扰大陆渔业，危害大陆渔民安全的所谓台湾海巡署等机构为非法机构，并在整个台湾海域对这些非法机构展开严厉打击，见到就进行抓捕，反抗就立即正法。‍‍‍‍‍‍‍要充分认识到，台独势力在台湾已经坐大。任何继续对台湾地区的包容与忍耐都是对台独的纵容。你越是包容与忍让，他们就越是猖狂至极。现在应该做的是，首先对整个台湾海域展开海事管控，大陆海警船应该在整个台湾海域履行起巡查和执法任务，然后再视台独当局的态度决定是否采取更进一步的行动。‍‍‍‍‍‍‍‍‍‍‍‍不能再等了。你讲同胞情宜，台独们可是视你为仇敌。在台湾问题上，永远不要相信美国的任何鬼话，不要再理会美国的态度如何。拜登政府一面承诺不支持台湾独立，一面又通过所谓“2023年财政年度国防授权法”和“美台安全合作机制”，决定从2024年开始派美军顾问常驻金门、澎湖，训练那里的所谓台军特战营。‍‍‍‍‍正是在这样的背景之下，发生了此次福建渔船被强逐的恶性事件。很显然，台独当局是想制造事端，为美军常驻金门和澎湖寻找借口。此时不迅速采取强硬措施，还要等到什么时候？难道真要让美军驻扎到离厦门只有8公里的金门岛上来再去亡羊补牢吗？‍‍‍‍‍‍永远只是谴责或者抗议，这已经完全没有任何意义，必需用强硬的实际行动讲话了。俄罗斯敢打乌克兰，哈马斯敢打以色列，土耳其敢打库尔德，连胡塞都敢打美英联军，打了又如何？卡尔森专访普京的视频点击量在全球已经超过了12亿人次，并在专访普京后又去考察了俄罗斯社会。他刚发的视频说，他随便在莫斯科的一家超市购买了100美元的东西，发现这些东西在今天的美国需要花400美元，并因此感叹说：这就是俄乌战争和美西方制裁俄罗斯的实际后果。反抗美国霸权，实现祖国统一要靠行动，像俄罗斯和普京那样的果敢行动。不真打他几耳光，人家怎么会知道痛呢？
66765f9ffb88ab4b048dd736,https://mp.weixin.qq.com/s/_lg6zOzT0tOIIBcqqAMM7A,关注 - 台方驱离福建渔船致2人遇难，国台办：强烈谴责！,2024,02,15,2024-02-15,2月14日下午，福建一艘渔船在金门海域被台方驱离，导致船上4人全部落海，其中2人死亡。对此，国台办发言人朱凤莲表示，我们对遇难同胞及其家属表示深切哀悼与诚挚慰问，对春节期间发生这样一起严重伤害两岸同胞感情的恶性事件向台方表达强烈谴责。朱凤莲指出，多年来，我们秉持“两岸一家亲”理念，为保障两岸渔民正常作业做了大量工作，特别是在沿海多地设立台湾渔民接待设施，为台湾渔船和渔民提供避风、补给、抢险、救助等相关帮助。反观台湾方面，一段时间以来，民进党当局以各种借口强力查扣大陆渔船，以粗暴和危险的方式对待大陆渔民，这是导致这起恶性事件发生的主要原因。朱凤莲表示，我们强烈要求台方立即查明事件真相，协助遇难渔民家属妥善处理善后事宜。我们正告台湾有关方面，要尊重两岸渔民在台湾海峡传统渔区作业的历史事实，确保大陆渔民人身安全，切实杜绝此类事件再度发生。
66765f9ffb88ab4b048dd737,https://mp.weixin.qq.com/s/mULPCgW-_qOAlbVmvmEf7w,出事了！台当局追捕大陆渔船造两死两伤，金门渔民喊继续强力执法,2024,02,15,2024-02-15,最近，一起涉及两岸关系的悲剧事件引发了人们对台湾与大陆关系的关注。据环球网报道，台海巡部门声称在金门县北碇东部海域发现一艘大陆快艇“越界”捕鱼，而在追逐过程中这艘船只不幸翻覆，造成四人落海，其中两人不幸遇难。这一悲剧发生后，引发了两岸舆论的热议和政府间的争端，也引发了对台湾当局处理两岸关系的反思与展望。根据报道，台海巡部门声称大陆快艇“越界”捕鱼，并在追捕过程中发生翻覆事故。这一事件的发生令人惋惜，不仅造成了人员伤亡，也加剧了两岸关系的紧张局势。然而，台湾当局对此事件的处理态度备受争议。尽管事发后，台海巡部门对大陆渔船采取强硬执法措施，并拒绝承认事件的恶性，但柯文哲等岛内人士则呼吁双方尽快坐下来谈判，以避免类似事件再次发生。这起事件凸显了两岸关系的复杂性和挑战。台湾与大陆之间存在着政治、经济和文化等多方面的差异和分歧，而这些分歧往往会在一些特定问题上激化。尤其是在涉及主权和领土问题的情况下，双方的立场往往会对立，难以妥协。因此，如何有效地处理两岸关系，成为摆在各方面前的一个严峻挑战。文章还提到了民进党当局的政策对两岸关系的影响。长期以来，“逢中必反”的政策已成为民进党当局的一贯作风，他们试图通过强硬立场和划清两岸界限来巩固自身的统治地位。然而，这种做法不仅使得两岸关系持续紧张，还导致了岛内舆论的分裂和社会的动荡。许多岛内民众对此表示不满，呼吁台湾当局能够审慎处理两岸关系，促进双方的合作与交流。除了内部因素外，外部势力对台湾的影响也是不容忽视的。民进党当局不仅在内部推动“逢中必反”，还积极勾结外部势力，试图“倚外谋独”。这种做法使得台湾深陷外部势力的牵制，导致了台湾的国际地位受到影响，也加剧了台海局势的不稳定。这起涉及两岸关系的悲剧事件引发了人们对台湾与大陆关系的反思与展望。首先，双方应该加强沟通与交流，尽快解决存在的分歧和矛盾。其次，台湾当局应该审慎处理两岸关系，避免采取过激的措施，导致局势进一步恶化。最后，外部势力应该尊重两岸关系的发展，不干涉双方的内政事务，以维护地区的和平稳定。综上所述，这起涉及两岸关系的悲剧事件为我们提供了一个反思与展望的机会。希望双方能够共同努力，解决分歧，促进和平发展，实现共赢。
66765f9ffb88ab4b048dd738,https://mp.weixin.qq.com/s/MVSAywN_NLfXC8KZhuK8xg,福建渔民死亡事件，是否会成为大陆收回金门海权的导火索？,2024,02,15,2024-02-15,2月14日下午，福建一艘渔船在金门海域被台方驱离，导致船上4人全部落海，其中2人死亡。此事在国内网络上引起了极大的愤慨。大家愤慨的主要原因有：1、时间点，过年期间；2、恶果，2人死亡；3，力量对比，台方力量远弱于大陆，通常又被不少大陆网友认为软弱无能，结果却“欺负”到了大陆头上，造成大陆渔民死亡；4；地点，金门距离大陆也就几公里，也就是在大陆家门口，等等。而且，台方海巡署抓扣大陆渔民，是常有的事，“几乎每天都在发生”。   根据台方的说法，该大陆渔船（快艇）属于“三无船只”（无船名、无船舶证书、无船籍港登记），是两岸协同执法共同关注对象，双方对于这类船舶，都会加强取缔。14号下午，台方海巡署金马澎分署在金门北碇岛东约1海里处，发现该越界船只。在执法过程中，“该船只蛇形拒检，不幸倾翻，造成4人落海”。巡防艇“立即搜救，陆续救起4人并送医，但2人因急救无效死亡”。海巡署对此深表遗憾，将全力协助家属处理后续事宜。台方的描述只是一面之词，我们有理由怀疑其执法粗暴问题、恶意执法问题，以及救援不及时等问题。台方必须给出交代。但这只是表面，根本的还是，我们何时能控制该海域——这个近在咫尺，就在家门口的海域。   在我们印象里，大陆海军、海警，在面对外敌时，是比较强硬的——面对美方航母也敢拼，面对日本海警船，也敢夺回半个钓鱼岛的控制权，为何偏偏到了台岛这边，却显得“不够硬”呢？这恐怕还是理念问题。基本上，在嘴上，我们会喊着台岛是中方的一部分，不存在所谓的中线，等等，但在实际执行时，又比较遵守所谓的默认规则，往往需要经过对方“刺激”，才会有所改变。比如台海中线问题，佩老太访台事件发生后，我们的战机、军舰，开始普遍出现在中线以东，并将此当作成绩来宣讲。作是以前的实力不足吗？当然不是；中线以东就是台岛的领空/领海吗？当然也不是。以前的那种情况，主要还是一种“自我封锁”。渔民事件的根本，大抵如此。认为对方有执法权，又为了所谓的善意，威慑手段不足，让对方越来越嚣张，以至于造成恶果。   我们可以理解大陆暂时不想打仗的战略，但在战争与妥协之间，还有很多的选项。在10几年前，在我们还不够强的时候，我们的海军、海警船，就能够从当时还比较强大的日本海军、海警船手里，夺回半个钓鱼岛的控制权，保卫我们的渔民，那么现在，我们已经如此强大，又面对如此弱小的台方海军/海巡署，我们即使不通过战争，即使依靠海警船，也能有所作为——重要的是，想不想。如果单纯看这次事件，大陆有关人士或许已经习以为常，比如某办的反应就是“要求台方查明真相，协助家属处理善后事宜；正告台方，要尊重两岸渔民在传统渔区作业的历史事实，确保大陆渔民安全，杜绝此类事件再度发生”——这恐怕是不行的。从目前的时间点看，在战争之前，我们大可以在民事、执法等方面，在相对和平的领域，有所作为。也就是说，海警船，也该动动了。   
66765f9ffb88ab4b048dd739,https://mp.weixin.qq.com/s/h-3AnIXNCA0lxTiCtCaxEw,金门渔船翻覆事件处理不好恐影响两岸关系,2024,02,15,2024-02-15,图 来自网络中国大陆福建一艘渔船星期三下午进入金门县海域捕捞，被台湾海巡队船只追赶而翻覆，导致船上四人落海，其中两人送医抢救不治。中国国务院台湾事务办公室表达强烈谴责，并要求台湾方面立即查明事件真相。朱凤莲还说：“我们正告台湾有关方面，要尊重两岸渔民在台湾海峡传统渔区作业的历史事实，确保大陆渔民人身安全，切实杜绝此类事件再度发生。”从国台办新闻发言人的表态看，尊重两岸渔民在台湾海峡传统渔区作业的历史事实，基本意味着台湾划定的所谓禁、限水域不该被承认。同时，这件事如果台湾方面处理不好，不能给大陆及大陆人民一个合理的交代，恐影响两岸关系，至少金厦之间的所谓分割线、禁限区将不复存在。
66765f9ffb88ab4b048dd73a,https://mp.weixin.qq.com/s/OmJ1b9ul0RY147gNiWb7AA,没天理！金门海域台方明目张胆驱离福建渔船，导致2人遇难,2024,02,15,2024-02-15,2024年2月14日，一艘福建渔船在金门海域捕鱼时被台方驱离。这个过程中发生了极其不幸的事故，船上4人落海，2人遇难。台方的行动引起了大陆方面的强烈不满。国台办发言人朱凤莲表达了对遇难者的哀悼，并对台方的行为表示了强烈谴责，称这是伤害两岸同胞感情的恶性事件。台湾海巡署则称，这艘大陆快艇越界捕鱼，并在追逐过程中翻覆。台媒和岛内网友对此事件的看法分化，有的质疑台方执法是否过当。台当局的这一行动，无疑是在用“越界”这个经常挂在嘴边的借口来进行过激执法。这不仅是对大陆渔民的生命安全的严重威胁，更是对两岸关系的冷酷无情的挑衅。我们可以看到，台当局在处理两岸关系时，似乎总是选择最能激化矛盾的方式。这不禁让人想问，这是所谓的“民主光环”下的人权关怀吗？还是另一种形式的政治操弄？而国台办所提到的“两岸一家亲”的理念，在这样的事件面前显得尤为重要。大陆方面一直在努力为两岸渔民创造更好的作业条件，包括设立台湾渔民接待设施等。反观台湾方面，这种“以安全为由”的执法行动，实际上是在削弱两岸人民之间的亲情和信任。民进党当局以安全为借口，实施的各种政策和行动，不仅没有为台湾带来更大的安全，反而在两岸之间制造了更多的不信任和分裂。策略，真的挺简单的。想想看，每当我们听到“两岸一家亲”的时候，心里不是挺温暖的吗？这不就是大陆一直以来的态度和做法。他们在那边辛辛苦苦搭桥建路，想的就是怎么让两岸的人更容易相见啊，更别提那些渔民接待设施了，那可是实实在在的好事，给了渔民们一个多大的安全感。然后呢，看看大陆怎么对待这些事。每次发生什么事，大陆方面总是首先想到的是人，是人民的安全和福祉。这不是咱们常说的人文关怀吗？这种态度，让人觉得他们真的是把“两岸一家亲”的理念当回事，不是说说而已。再说了，大陆对台湾渔民的这种照顾和关心，实际上就是在用行动告诉大家，两岸的人民其实可以很和睦，可以相互支持，相互帮助。这种大气，这种胸怀，说实话，挺让人佩服的。对比一下台当局的做法，你就明白了。大陆这边是真心实意想要和平发展，想要两岸同胞好，而不是一味地找茬、挑起事端。这种态度和努力，真的值得我们赞扬。朋友们，当我们看到这些事情的时候，我们不仅仅要看到表面的冲突，更要看到背后的意图和努力。大陆这边的做法，无疑是在为两岸关系的和平发展铺路，为两岸人民的福祉考虑。这种大爱无疆的精神，真的挺值得我们学习和传承的。最后我们要强调的是，任何冲突和误解的解决，都需要双方以诚恳和平的态度来对待。只有通过对话和合作，才能确保两岸人民的利益和安全，避免类似的悲剧再次发生。对于台当局来说，现在是反思和调整其对待大陆渔民和两岸关系
