_id,URL,title,date,content,Official media,author,media,account,Internet news license,Commercial media,chunk_id,original_id,chunk_size
66c4ba164fd1fd0e3c30e535,,中国十大雌性城市！,2024-01-31,：,0,夏言,9,正商参阅,0,1,66c4ba164fd1fd0e3c30e535_112,66c4ba164fd1fd0e3c30e535,1
66c4ba164fd1fd0e3c30e536,,中国人口大迁移：3000县全景呈现,2024-02-10,、,0,任泽平,22,正商阅读,0,1,66c4ba164fd1fd0e3c30e536_47,66c4ba164fd1fd0e3c30e536,1
66c4ba164fd1fd0e3c30e536,,中国人口大迁移：3000县全景呈现,2024-02-10,、,0,任泽平,22,正商阅读,0,1,66c4ba164fd1fd0e3c30e536_61,66c4ba164fd1fd0e3c30e536,1
66c4ba164fd1fd0e3c30e536,,中国人口大迁移：3000县全景呈现,2024-02-10,、,0,任泽平,22,正商阅读,0,1,66c4ba164fd1fd0e3c30e536_102,66c4ba164fd1fd0e3c30e536,1
66c4ba164fd1fd0e3c30e538,,这位曾任国家领导人的老台胞走了，晚年成了“文坛新秀”,2024-01-29,，,1,黄卫,10,中国新闻周刊,1,0,66c4ba164fd1fd0e3c30e538_34,66c4ba164fd1fd0e3c30e538,1
66c4ba164fd1fd0e3c30e538,,这位曾任国家领导人的老台胞走了，晚年成了“文坛新秀”,2024-01-29,▼,1,黄卫,10,中国新闻周刊,1,0,66c4ba164fd1fd0e3c30e538_95,66c4ba164fd1fd0e3c30e538,1
66c4ba164fd1fd0e3c30e538,,这位曾任国家领导人的老台胞走了，晚年成了“文坛新秀”,2024-01-29,▼,1,黄卫,10,中国新闻周刊,1,0,66c4ba164fd1fd0e3c30e538_96,66c4ba164fd1fd0e3c30e538,1
66c4ba164fd1fd0e3c30e53a,,国台办：强烈谴责！,2024-02-14,▼,1,央视中文国际,3,CCTV4,0,0,66c4ba164fd1fd0e3c30e53a_10,66c4ba164fd1fd0e3c30e53a,1
66c4ba164fd1fd0e3c30e53e,,内定的台湾省委书记,2024-02-09,.............................................,0,原創,11,国魂,0,1,66c4ba164fd1fd0e3c30e53e_1,66c4ba164fd1fd0e3c30e53e,45
66c4ba164fd1fd0e3c30e53e,,内定的台湾省委书记,2024-02-09,.............................................,0,原創,11,国魂,0,1,66c4ba164fd1fd0e3c30e53e_2,66c4ba164fd1fd0e3c30e53e,45
66c4ba164fd1fd0e3c30e53e,,内定的台湾省委书记,2024-02-09,.............................................,0,原創,11,国魂,0,1,66c4ba164fd1fd0e3c30e53e_4,66c4ba164fd1fd0e3c30e53e,45
66c4ba164fd1fd0e3c30e53e,,内定的台湾省委书记,2024-02-09,.............................................,0,原創,11,国魂,0,1,66c4ba164fd1fd0e3c30e53e_5,66c4ba164fd1fd0e3c30e53e,45
66c4ba164fd1fd0e3c30e53e,,内定的台湾省委书记,2024-02-09,.............................................,0,原創,11,国魂,0,1,66c4ba164fd1fd0e3c30e53e_8,66c4ba164fd1fd0e3c30e53e,45
66c4ba164fd1fd0e3c30e540,,台湾伪“海巡署”造成中国大陆渔民两人死亡！渔民到底越了什么“界”？,2024-02-16,‍,0,我是军武菌,29,军武次位面,0,1,66c4ba164fd1fd0e3c30e540_88,66c4ba164fd1fd0e3c30e540,1
66c4ba164fd1fd0e3c30e541,,台媒炒作大陆“穿岛气球”？其实台湾才是始作俑者！,2024-02-13,‍,0,我是军武菌,33,军武次位面,0,1,66c4ba164fd1fd0e3c30e541_2,66c4ba164fd1fd0e3c30e541,1
66c4ba164fd1fd0e3c30e546,,早啊！新闻来了〔2024.02.20〕,2024-02-20,○,1,原創,11,央视新闻,0,0,66c4ba164fd1fd0e3c30e546_2,66c4ba164fd1fd0e3c30e546,1
66c4ba164fd1fd0e3c30e546,,早啊！新闻来了〔2024.02.20〕,2024-02-20,○,1,原創,11,央视新闻,0,0,66c4ba164fd1fd0e3c30e546_4,66c4ba164fd1fd0e3c30e546,1
66c4ba164fd1fd0e3c30e546,,早啊！新闻来了〔2024.02.20〕,2024-02-20,/,1,原創,11,央视新闻,0,0,66c4ba164fd1fd0e3c30e546_30,66c4ba164fd1fd0e3c30e546,1
66c4ba164fd1fd0e3c30e547,,原创丨重大机会：台湾威胁开炮！福建海警强制登船检查！乌克兰和中东都有大消息！,2024-02-20,：,0,占豪,8,占豪,0,1,66c4ba164fd1fd0e3c30e547_9,66c4ba164fd1fd0e3c30e547,1
66c4ba164fd1fd0e3c30e547,,原创丨重大机会：台湾威胁开炮！福建海警强制登船检查！乌克兰和中东都有大消息！,2024-02-20,：,0,占豪,8,占豪,0,1,66c4ba164fd1fd0e3c30e547_11,66c4ba164fd1fd0e3c30e547,1
66c4ba164fd1fd0e3c30e549,,中国人口大迁移：3000县全景呈现,2024-02-10,、,0,任泽平,22,正商阅读,0,1,66c4ba164fd1fd0e3c30e549_47,66c4ba164fd1fd0e3c30e549,1
66c4ba164fd1fd0e3c30e549,,中国人口大迁移：3000县全景呈现,2024-02-10,、,0,任泽平,22,正商阅读,0,1,66c4ba164fd1fd0e3c30e549_61,66c4ba164fd1fd0e3c30e549,1
66c4ba164fd1fd0e3c30e549,,中国人口大迁移：3000县全景呈现,2024-02-10,、,0,任泽平,22,正商阅读,0,1,66c4ba164fd1fd0e3c30e549_102,66c4ba164fd1fd0e3c30e549,1
66c4ba164fd1fd0e3c30e54c,,开店1年，营业额10000000元,2024-02-18,▼,1,贾诗卉,8,中国新闻周刊,1,0,66c4ba164fd1fd0e3c30e54c_65,66c4ba164fd1fd0e3c30e54c,1
66c4ba164fd1fd0e3c30e54f,,来了！新闻早班车,2024-02-26,。,1,原創,11,人民日报,1,0,66c4ba164fd1fd0e3c30e54f_27,66c4ba164fd1fd0e3c30e54f,1
66c4ba164fd1fd0e3c30e557,,国台办：2名金门遇险人员中，1人已被送返,2024-03-22,▼,1,央视中文国际,3,CCTV4,0,0,66c4ba164fd1fd0e3c30e557_11,66c4ba164fd1fd0e3c30e557,1
66c4ba164fd1fd0e3c30e558,,国台办：坚决支持,2024-03-15,▼,1,央视中文国际,4,CCTV4,0,0,66c4ba164fd1fd0e3c30e558_18,66c4ba164fd1fd0e3c30e558,1
66c4ba164fd1fd0e3c30e559,,“无情、无义、无理”！,2024-03-13,▼,1,央视中文国际,4,CCTV4,0,0,66c4ba164fd1fd0e3c30e559_21,66c4ba164fd1fd0e3c30e559,1
66c4ba164fd1fd0e3c30e55a,,福建海警在金门附近海域执法巡查,2024-02-25,▼,1,央视中文国际,6,CCTV4,0,0,66c4ba164fd1fd0e3c30e55a_8,66c4ba164fd1fd0e3c30e55a,1
66c4ba164fd1fd0e3c30e55b,,国台办：泉州红会将派员陪同家属赴金门处理渔船事件善后,2024-02-19,▼,1,央视中文国际,3,CCTV4,0,0,66c4ba164fd1fd0e3c30e55b_9,66c4ba164fd1fd0e3c30e55b,1
66c4ba164fd1fd0e3c30e55c,,国台办：强烈谴责！,2024-02-14,▼,1,央视中文国际,3,CCTV4,0,0,66c4ba164fd1fd0e3c30e55c_10,66c4ba164fd1fd0e3c30e55c,1
66c4ba164fd1fd0e3c30e566,,国台办：获救吴姓男子22日送返金门,2024-03-22,‍‍,1,原創,8,环球网,1,0,66c4ba164fd1fd0e3c30e566_6,66c4ba164fd1fd0e3c30e566,2
66c4ba164fd1fd0e3c30e566,,国台办：获救吴姓男子22日送返金门,2024-03-22,‍,1,原創,8,环球网,1,0,66c4ba164fd1fd0e3c30e566_7,66c4ba164fd1fd0e3c30e566,1
66c4ba164fd1fd0e3c30e566,,国台办：获救吴姓男子22日送返金门,2024-03-22,‍,1,原創,8,环球网,1,0,66c4ba164fd1fd0e3c30e566_8,66c4ba164fd1fd0e3c30e566,1
66c4ba164fd1fd0e3c30e566,,国台办：获救吴姓男子22日送返金门,2024-03-22,‍,1,原創,8,环球网,1,0,66c4ba164fd1fd0e3c30e566_10,66c4ba164fd1fd0e3c30e566,1
66c4ba164fd1fd0e3c30e566,,国台办：获救吴姓男子22日送返金门,2024-03-22,‍,1,原創,8,环球网,1,0,66c4ba164fd1fd0e3c30e566_11,66c4ba164fd1fd0e3c30e566,1
66c4ba164fd1fd0e3c30e566,,国台办：获救吴姓男子22日送返金门,2024-03-22,‍,1,原創,8,环球网,1,0,66c4ba164fd1fd0e3c30e566_12,66c4ba164fd1fd0e3c30e566,1
66c4ba164fd1fd0e3c30e566,,国台办：获救吴姓男子22日送返金门,2024-03-22,‍,1,原創,8,环球网,1,0,66c4ba164fd1fd0e3c30e566_13,66c4ba164fd1fd0e3c30e566,1
66c4ba164fd1fd0e3c30e566,,国台办：获救吴姓男子22日送返金门,2024-03-22,‍,1,原創,8,环球网,1,0,66c4ba164fd1fd0e3c30e566_14,66c4ba164fd1fd0e3c30e566,1
66c4ba164fd1fd0e3c30e566,,国台办：获救吴姓男子22日送返金门,2024-03-22,‍,1,原創,8,环球网,1,0,66c4ba164fd1fd0e3c30e566_15,66c4ba164fd1fd0e3c30e566,1
66c4ba164fd1fd0e3c30e566,,国台办：获救吴姓男子22日送返金门,2024-03-22,‍,1,原創,8,环球网,1,0,66c4ba164fd1fd0e3c30e566_16,66c4ba164fd1fd0e3c30e566,1
66c4ba164fd1fd0e3c30e566,,国台办：获救吴姓男子22日送返金门,2024-03-22,‍,1,原創,8,环球网,1,0,66c4ba164fd1fd0e3c30e566_17,66c4ba164fd1fd0e3c30e566,1
66c4ba164fd1fd0e3c30e566,,国台办：获救吴姓男子22日送返金门,2024-03-22,‍,1,原創,8,环球网,1,0,66c4ba164fd1fd0e3c30e566_18,66c4ba164fd1fd0e3c30e566,1
66c4ba164fd1fd0e3c30e566,,国台办：获救吴姓男子22日送返金门,2024-03-22,‍,1,原創,8,环球网,1,0,66c4ba164fd1fd0e3c30e566_19,66c4ba164fd1fd0e3c30e566,1
66c4ba164fd1fd0e3c30e566,,国台办：获救吴姓男子22日送返金门,2024-03-22,‍,1,原創,8,环球网,1,0,66c4ba164fd1fd0e3c30e566_20,66c4ba164fd1fd0e3c30e566,1
66c4ba164fd1fd0e3c30e566,,国台办：获救吴姓男子22日送返金门,2024-03-22,‍,1,原創,8,环球网,1,0,66c4ba164fd1fd0e3c30e566_21,66c4ba164fd1fd0e3c30e566,1
66c4ba164fd1fd0e3c30e566,,国台办：获救吴姓男子22日送返金门,2024-03-22,‍,1,原創,8,环球网,1,0,66c4ba164fd1fd0e3c30e566_22,66c4ba164fd1fd0e3c30e566,1
66c4ba164fd1fd0e3c30e566,,国台办：获救吴姓男子22日送返金门,2024-03-22,‍,1,原創,8,环球网,1,0,66c4ba164fd1fd0e3c30e566_23,66c4ba164fd1fd0e3c30e566,1
66c4ba164fd1fd0e3c30e566,,国台办：获救吴姓男子22日送返金门,2024-03-22,‍,1,原創,8,环球网,1,0,66c4ba164fd1fd0e3c30e566_24,66c4ba164fd1fd0e3c30e566,1
66c4ba164fd1fd0e3c30e566,,国台办：获救吴姓男子22日送返金门,2024-03-22,‍,1,原創,8,环球网,1,0,66c4ba164fd1fd0e3c30e566_25,66c4ba164fd1fd0e3c30e566,1
66c4ba164fd1fd0e3c30e566,,国台办：获救吴姓男子22日送返金门,2024-03-22,‍,1,原創,8,环球网,1,0,66c4ba164fd1fd0e3c30e566_26,66c4ba164fd1fd0e3c30e566,1
66c4ba164fd1fd0e3c30e566,,国台办：获救吴姓男子22日送返金门,2024-03-22,‍,1,原創,8,环球网,1,0,66c4ba164fd1fd0e3c30e566_27,66c4ba164fd1fd0e3c30e566,1
66c4ba164fd1fd0e3c30e566,,国台办：获救吴姓男子22日送返金门,2024-03-22,‍,1,原創,8,环球网,1,0,66c4ba164fd1fd0e3c30e566_28,66c4ba164fd1fd0e3c30e566,1
66c4ba164fd1fd0e3c30e566,,国台办：获救吴姓男子22日送返金门,2024-03-22,‍,1,原創,8,环球网,1,0,66c4ba164fd1fd0e3c30e566_29,66c4ba164fd1fd0e3c30e566,1
66c4ba164fd1fd0e3c30e566,,国台办：获救吴姓男子22日送返金门,2024-03-22,‍,1,原創,8,环球网,1,0,66c4ba164fd1fd0e3c30e566_30,66c4ba164fd1fd0e3c30e566,1
66c4ba164fd1fd0e3c30e566,,国台办：获救吴姓男子22日送返金门,2024-03-22,‍,1,原創,8,环球网,1,0,66c4ba164fd1fd0e3c30e566_31,66c4ba164fd1fd0e3c30e566,1
66c4ba164fd1fd0e3c30e566,,国台办：获救吴姓男子22日送返金门,2024-03-22,‍,1,原創,8,环球网,1,0,66c4ba164fd1fd0e3c30e566_32,66c4ba164fd1fd0e3c30e566,1
66c4ba164fd1fd0e3c30e566,,国台办：获救吴姓男子22日送返金门,2024-03-22,‍,1,原創,8,环球网,1,0,66c4ba164fd1fd0e3c30e566_33,66c4ba164fd1fd0e3c30e566,1
66c4ba164fd1fd0e3c30e566,,国台办：获救吴姓男子22日送返金门,2024-03-22,‍,1,原創,8,环球网,1,0,66c4ba164fd1fd0e3c30e566_34,66c4ba164fd1fd0e3c30e566,1
66c4ba164fd1fd0e3c30e566,,国台办：获救吴姓男子22日送返金门,2024-03-22,‍,1,原創,8,环球网,1,0,66c4ba164fd1fd0e3c30e566_35,66c4ba164fd1fd0e3c30e566,1
66c4ba164fd1fd0e3c30e566,,国台办：获救吴姓男子22日送返金门,2024-03-22,‍,1,原創,8,环球网,1,0,66c4ba164fd1fd0e3c30e566_36,66c4ba164fd1fd0e3c30e566,1
66c4ba164fd1fd0e3c30e566,,国台办：获救吴姓男子22日送返金门,2024-03-22,‍,1,原創,8,环球网,1,0,66c4ba164fd1fd0e3c30e566_37,66c4ba164fd1fd0e3c30e566,1
66c4ba164fd1fd0e3c30e566,,国台办：获救吴姓男子22日送返金门,2024-03-22,‍,1,原創,8,环球网,1,0,66c4ba164fd1fd0e3c30e566_38,66c4ba164fd1fd0e3c30e566,1
66c4ba164fd1fd0e3c30e566,,国台办：获救吴姓男子22日送返金门,2024-03-22,‍,1,原創,8,环球网,1,0,66c4ba164fd1fd0e3c30e566_39,66c4ba164fd1fd0e3c30e566,1
66c4ba164fd1fd0e3c30e566,,国台办：获救吴姓男子22日送返金门,2024-03-22,‍,1,原創,8,环球网,1,0,66c4ba164fd1fd0e3c30e566_40,66c4ba164fd1fd0e3c30e566,1
66c4ba164fd1fd0e3c30e566,,国台办：获救吴姓男子22日送返金门,2024-03-22,‍,1,原創,8,环球网,1,0,66c4ba164fd1fd0e3c30e566_41,66c4ba164fd1fd0e3c30e566,1
66c4ba164fd1fd0e3c30e566,,国台办：获救吴姓男子22日送返金门,2024-03-22,‍,1,原創,8,环球网,1,0,66c4ba164fd1fd0e3c30e566_42,66c4ba164fd1fd0e3c30e566,1
66c4ba164fd1fd0e3c30e566,,国台办：获救吴姓男子22日送返金门,2024-03-22,‍,1,原創,8,环球网,1,0,66c4ba164fd1fd0e3c30e566_43,66c4ba164fd1fd0e3c30e566,1
66c4ba164fd1fd0e3c30e566,,国台办：获救吴姓男子22日送返金门,2024-03-22,‍,1,原創,8,环球网,1,0,66c4ba164fd1fd0e3c30e566_44,66c4ba164fd1fd0e3c30e566,1
66c4ba164fd1fd0e3c30e566,,国台办：获救吴姓男子22日送返金门,2024-03-22,‍,1,原創,8,环球网,1,0,66c4ba164fd1fd0e3c30e566_45,66c4ba164fd1fd0e3c30e566,1
66c4ba164fd1fd0e3c30e566,,国台办：获救吴姓男子22日送返金门,2024-03-22,‍,1,原創,8,环球网,1,0,66c4ba164fd1fd0e3c30e566_46,66c4ba164fd1fd0e3c30e566,1
66c4ba164fd1fd0e3c30e566,,国台办：获救吴姓男子22日送返金门,2024-03-22,‍,1,原創,8,环球网,1,0,66c4ba164fd1fd0e3c30e566_47,66c4ba164fd1fd0e3c30e566,1
66c4ba164fd1fd0e3c30e566,,国台办：获救吴姓男子22日送返金门,2024-03-22,‍,1,原創,8,环球网,1,0,66c4ba164fd1fd0e3c30e566_48,66c4ba164fd1fd0e3c30e566,1
66c4ba164fd1fd0e3c30e566,,国台办：获救吴姓男子22日送返金门,2024-03-22,‍,1,原創,8,环球网,1,0,66c4ba164fd1fd0e3c30e566_49,66c4ba164fd1fd0e3c30e566,1
66c4ba164fd1fd0e3c30e566,,国台办：获救吴姓男子22日送返金门,2024-03-22,‍,1,原創,8,环球网,1,0,66c4ba164fd1fd0e3c30e566_50,66c4ba164fd1fd0e3c30e566,1
66c4ba164fd1fd0e3c30e566,,国台办：获救吴姓男子22日送返金门,2024-03-22,‍,1,原創,8,环球网,1,0,66c4ba164fd1fd0e3c30e566_51,66c4ba164fd1fd0e3c30e566,1
66c4ba164fd1fd0e3c30e566,,国台办：获救吴姓男子22日送返金门,2024-03-22,‍,1,原創,8,环球网,1,0,66c4ba164fd1fd0e3c30e566_52,66c4ba164fd1fd0e3c30e566,1
66c4ba164fd1fd0e3c30e566,,国台办：获救吴姓男子22日送返金门,2024-03-22,‍,1,原創,8,环球网,1,0,66c4ba164fd1fd0e3c30e566_53,66c4ba164fd1fd0e3c30e566,1
66c4ba164fd1fd0e3c30e566,,国台办：获救吴姓男子22日送返金门,2024-03-22,‍,1,原創,8,环球网,1,0,66c4ba164fd1fd0e3c30e566_54,66c4ba164fd1fd0e3c30e566,1
66c4ba164fd1fd0e3c30e566,,国台办：获救吴姓男子22日送返金门,2024-03-22,‍,1,原創,8,环球网,1,0,66c4ba164fd1fd0e3c30e566_55,66c4ba164fd1fd0e3c30e566,1
66c4ba164fd1fd0e3c30e566,,国台办：获救吴姓男子22日送返金门,2024-03-22,‍,1,原創,8,环球网,1,0,66c4ba164fd1fd0e3c30e566_56,66c4ba164fd1fd0e3c30e566,1
66c4ba164fd1fd0e3c30e566,,国台办：获救吴姓男子22日送返金门,2024-03-22,‍,1,原創,8,环球网,1,0,66c4ba164fd1fd0e3c30e566_57,66c4ba164fd1fd0e3c30e566,1
66c4ba164fd1fd0e3c30e566,,国台办：获救吴姓男子22日送返金门,2024-03-22,‍,1,原創,8,环球网,1,0,66c4ba164fd1fd0e3c30e566_58,66c4ba164fd1fd0e3c30e566,1
66c4ba164fd1fd0e3c30e566,,国台办：获救吴姓男子22日送返金门,2024-03-22,‍,1,原創,8,环球网,1,0,66c4ba164fd1fd0e3c30e566_59,66c4ba164fd1fd0e3c30e566,1
66c4ba164fd1fd0e3c30e566,,国台办：获救吴姓男子22日送返金门,2024-03-22,‍,1,原創,8,环球网,1,0,66c4ba164fd1fd0e3c30e566_60,66c4ba164fd1fd0e3c30e566,1
66c4ba164fd1fd0e3c30e566,,国台办：获救吴姓男子22日送返金门,2024-03-22,‍,1,原創,8,环球网,1,0,66c4ba164fd1fd0e3c30e566_61,66c4ba164fd1fd0e3c30e566,1
66c4ba164fd1fd0e3c30e566,,国台办：获救吴姓男子22日送返金门,2024-03-22,‍,1,原創,8,环球网,1,0,66c4ba164fd1fd0e3c30e566_62,66c4ba164fd1fd0e3c30e566,1
66c4ba164fd1fd0e3c30e566,,国台办：获救吴姓男子22日送返金门,2024-03-22,‍,1,原創,8,环球网,1,0,66c4ba164fd1fd0e3c30e566_63,66c4ba164fd1fd0e3c30e566,1
66c4ba164fd1fd0e3c30e566,,国台办：获救吴姓男子22日送返金门,2024-03-22,‍,1,原創,8,环球网,1,0,66c4ba164fd1fd0e3c30e566_64,66c4ba164fd1fd0e3c30e566,1
66c4ba164fd1fd0e3c30e566,,国台办：获救吴姓男子22日送返金门,2024-03-22,‍,1,原創,8,环球网,1,0,66c4ba164fd1fd0e3c30e566_65,66c4ba164fd1fd0e3c30e566,1
66c4ba164fd1fd0e3c30e566,,国台办：获救吴姓男子22日送返金门,2024-03-22,‍,1,原創,8,环球网,1,0,66c4ba164fd1fd0e3c30e566_66,66c4ba164fd1fd0e3c30e566,1
66c4ba164fd1fd0e3c30e566,,国台办：获救吴姓男子22日送返金门,2024-03-22,‍,1,原創,8,环球网,1,0,66c4ba164fd1fd0e3c30e566_67,66c4ba164fd1fd0e3c30e566,1
66c4ba164fd1fd0e3c30e566,,国台办：获救吴姓男子22日送返金门,2024-03-22,‍,1,原創,8,环球网,1,0,66c4ba164fd1fd0e3c30e566_68,66c4ba164fd1fd0e3c30e566,1
66c4ba164fd1fd0e3c30e566,,国台办：获救吴姓男子22日送返金门,2024-03-22,‍,1,原創,8,环球网,1,0,66c4ba164fd1fd0e3c30e566_69,66c4ba164fd1fd0e3c30e566,1
66c4ba164fd1fd0e3c30e566,,国台办：获救吴姓男子22日送返金门,2024-03-22,‍,1,原創,8,环球网,1,0,66c4ba164fd1fd0e3c30e566_70,66c4ba164fd1fd0e3c30e566,1
66c4ba164fd1fd0e3c30e566,,国台办：获救吴姓男子22日送返金门,2024-03-22,‍,1,原創,8,环球网,1,0,66c4ba164fd1fd0e3c30e566_71,66c4ba164fd1fd0e3c30e566,1
66c4ba164fd1fd0e3c30e566,,国台办：获救吴姓男子22日送返金门,2024-03-22,‍,1,原創,8,环球网,1,0,66c4ba164fd1fd0e3c30e566_72,66c4ba164fd1fd0e3c30e566,1
66c4ba164fd1fd0e3c30e566,,国台办：获救吴姓男子22日送返金门,2024-03-22,‍,1,原創,8,环球网,1,0,66c4ba164fd1fd0e3c30e566_73,66c4ba164fd1fd0e3c30e566,1
66c4ba164fd1fd0e3c30e566,,国台办：获救吴姓男子22日送返金门,2024-03-22,‍,1,原創,8,环球网,1,0,66c4ba164fd1fd0e3c30e566_74,66c4ba164fd1fd0e3c30e566,1
66c4ba164fd1fd0e3c30e566,,国台办：获救吴姓男子22日送返金门,2024-03-22,‍,1,原創,8,环球网,1,0,66c4ba164fd1fd0e3c30e566_75,66c4ba164fd1fd0e3c30e566,1
66c4ba164fd1fd0e3c30e566,,国台办：获救吴姓男子22日送返金门,2024-03-22,‍,1,原創,8,环球网,1,0,66c4ba164fd1fd0e3c30e566_76,66c4ba164fd1fd0e3c30e566,1
66c4ba164fd1fd0e3c30e566,,国台办：获救吴姓男子22日送返金门,2024-03-22,‍,1,原創,8,环球网,1,0,66c4ba164fd1fd0e3c30e566_77,66c4ba164fd1fd0e3c30e566,1
66c4ba164fd1fd0e3c30e566,,国台办：获救吴姓男子22日送返金门,2024-03-22,‍,1,原創,8,环球网,1,0,66c4ba164fd1fd0e3c30e566_78,66c4ba164fd1fd0e3c30e566,1
66c4ba164fd1fd0e3c30e566,,国台办：获救吴姓男子22日送返金门,2024-03-22,‍,1,原創,8,环球网,1,0,66c4ba164fd1fd0e3c30e566_79,66c4ba164fd1fd0e3c30e566,1
66c4ba164fd1fd0e3c30e566,,国台办：获救吴姓男子22日送返金门,2024-03-22,‍,1,原創,8,环球网,1,0,66c4ba164fd1fd0e3c30e566_80,66c4ba164fd1fd0e3c30e566,1
66c4ba164fd1fd0e3c30e566,,国台办：获救吴姓男子22日送返金门,2024-03-22,‍,1,原創,8,环球网,1,0,66c4ba164fd1fd0e3c30e566_81,66c4ba164fd1fd0e3c30e566,1
66c4ba164fd1fd0e3c30e566,,国台办：获救吴姓男子22日送返金门,2024-03-22,‍,1,原創,8,环球网,1,0,66c4ba164fd1fd0e3c30e566_82,66c4ba164fd1fd0e3c30e566,1
66c4ba164fd1fd0e3c30e566,,国台办：获救吴姓男子22日送返金门,2024-03-22,‍,1,原創,8,环球网,1,0,66c4ba164fd1fd0e3c30e566_83,66c4ba164fd1fd0e3c30e566,1
66c4ba164fd1fd0e3c30e566,,国台办：获救吴姓男子22日送返金门,2024-03-22,‍,1,原創,8,环球网,1,0,66c4ba164fd1fd0e3c30e566_84,66c4ba164fd1fd0e3c30e566,1
66c4ba164fd1fd0e3c30e566,,国台办：获救吴姓男子22日送返金门,2024-03-22,‍,1,原創,8,环球网,1,0,66c4ba164fd1fd0e3c30e566_85,66c4ba164fd1fd0e3c30e566,1
66c4ba164fd1fd0e3c30e566,,国台办：获救吴姓男子22日送返金门,2024-03-22,‍,1,原創,8,环球网,1,0,66c4ba164fd1fd0e3c30e566_86,66c4ba164fd1fd0e3c30e566,1
66c4ba164fd1fd0e3c30e566,,国台办：获救吴姓男子22日送返金门,2024-03-22,‍,1,原創,8,环球网,1,0,66c4ba164fd1fd0e3c30e566_87,66c4ba164fd1fd0e3c30e566,1
66c4ba164fd1fd0e3c30e566,,国台办：获救吴姓男子22日送返金门,2024-03-22,‍,1,原創,8,环球网,1,0,66c4ba164fd1fd0e3c30e566_88,66c4ba164fd1fd0e3c30e566,1
66c4ba164fd1fd0e3c30e566,,国台办：获救吴姓男子22日送返金门,2024-03-22,‍,1,原創,8,环球网,1,0,66c4ba164fd1fd0e3c30e566_89,66c4ba164fd1fd0e3c30e566,1
66c4ba164fd1fd0e3c30e566,,国台办：获救吴姓男子22日送返金门,2024-03-22,‍,1,原創,8,环球网,1,0,66c4ba164fd1fd0e3c30e566_90,66c4ba164fd1fd0e3c30e566,1
66c4ba164fd1fd0e3c30e566,,国台办：获救吴姓男子22日送返金门,2024-03-22,‍,1,原創,8,环球网,1,0,66c4ba164fd1fd0e3c30e566_91,66c4ba164fd1fd0e3c30e566,1
66c4ba164fd1fd0e3c30e566,,国台办：获救吴姓男子22日送返金门,2024-03-22,‍,1,原創,8,环球网,1,0,66c4ba164fd1fd0e3c30e566_92,66c4ba164fd1fd0e3c30e566,1
66c4ba164fd1fd0e3c30e566,,国台办：获救吴姓男子22日送返金门,2024-03-22,‍,1,原創,8,环球网,1,0,66c4ba164fd1fd0e3c30e566_93,66c4ba164fd1fd0e3c30e566,1
66c4ba164fd1fd0e3c30e566,,国台办：获救吴姓男子22日送返金门,2024-03-22,‍,1,原創,8,环球网,1,0,66c4ba164fd1fd0e3c30e566_94,66c4ba164fd1fd0e3c30e566,1
66c4ba164fd1fd0e3c30e566,,国台办：获救吴姓男子22日送返金门,2024-03-22,‍,1,原創,8,环球网,1,0,66c4ba164fd1fd0e3c30e566_95,66c4ba164fd1fd0e3c30e566,1
66c4ba164fd1fd0e3c30e566,,国台办：获救吴姓男子22日送返金门,2024-03-22,‍,1,原創,8,环球网,1,0,66c4ba164fd1fd0e3c30e566_96,66c4ba164fd1fd0e3c30e566,1
66c4ba164fd1fd0e3c30e566,,国台办：获救吴姓男子22日送返金门,2024-03-22,‍,1,原創,8,环球网,1,0,66c4ba164fd1fd0e3c30e566_97,66c4ba164fd1fd0e3c30e566,1
66c4ba164fd1fd0e3c30e566,,国台办：获救吴姓男子22日送返金门,2024-03-22,‍,1,原創,8,环球网,1,0,66c4ba164fd1fd0e3c30e566_98,66c4ba164fd1fd0e3c30e566,1
66c4ba164fd1fd0e3c30e566,,国台办：获救吴姓男子22日送返金门,2024-03-22,‍,1,原創,8,环球网,1,0,66c4ba164fd1fd0e3c30e566_99,66c4ba164fd1fd0e3c30e566,1
66c4ba164fd1fd0e3c30e566,,国台办：获救吴姓男子22日送返金门,2024-03-22,‍,1,原創,8,环球网,1,0,66c4ba164fd1fd0e3c30e566_100,66c4ba164fd1fd0e3c30e566,1
66c4ba164fd1fd0e3c30e566,,国台办：获救吴姓男子22日送返金门,2024-03-22,‍,1,原創,8,环球网,1,0,66c4ba164fd1fd0e3c30e566_101,66c4ba164fd1fd0e3c30e566,1
66c4ba164fd1fd0e3c30e566,,国台办：获救吴姓男子22日送返金门,2024-03-22,‍,1,原創,8,环球网,1,0,66c4ba164fd1fd0e3c30e566_102,66c4ba164fd1fd0e3c30e566,1
66c4ba164fd1fd0e3c30e566,,国台办：获救吴姓男子22日送返金门,2024-03-22,‍,1,原創,8,环球网,1,0,66c4ba164fd1fd0e3c30e566_103,66c4ba164fd1fd0e3c30e566,1
66c4ba164fd1fd0e3c30e566,,国台办：获救吴姓男子22日送返金门,2024-03-22,‍,1,原創,8,环球网,1,0,66c4ba164fd1fd0e3c30e566_104,66c4ba164fd1fd0e3c30e566,1
66c4ba164fd1fd0e3c30e566,,国台办：获救吴姓男子22日送返金门,2024-03-22,‍,1,原創,8,环球网,1,0,66c4ba164fd1fd0e3c30e566_105,66c4ba164fd1fd0e3c30e566,1
66c4ba164fd1fd0e3c30e566,,国台办：获救吴姓男子22日送返金门,2024-03-22,‍,1,原創,8,环球网,1,0,66c4ba164fd1fd0e3c30e566_106,66c4ba164fd1fd0e3c30e566,1
66c4ba164fd1fd0e3c30e566,,国台办：获救吴姓男子22日送返金门,2024-03-22,‍,1,原創,8,环球网,1,0,66c4ba164fd1fd0e3c30e566_107,66c4ba164fd1fd0e3c30e566,1
66c4ba164fd1fd0e3c30e566,,国台办：获救吴姓男子22日送返金门,2024-03-22,‍,1,原創,8,环球网,1,0,66c4ba164fd1fd0e3c30e566_108,66c4ba164fd1fd0e3c30e566,1
66c4ba164fd1fd0e3c30e566,,国台办：获救吴姓男子22日送返金门,2024-03-22,‍,1,原創,8,环球网,1,0,66c4ba164fd1fd0e3c30e566_109,66c4ba164fd1fd0e3c30e566,1
66c4ba164fd1fd0e3c30e566,,国台办：获救吴姓男子22日送返金门,2024-03-22,‍,1,原創,8,环球网,1,0,66c4ba164fd1fd0e3c30e566_110,66c4ba164fd1fd0e3c30e566,1
66c4ba164fd1fd0e3c30e566,,国台办：获救吴姓男子22日送返金门,2024-03-22,‍,1,原創,8,环球网,1,0,66c4ba164fd1fd0e3c30e566_111,66c4ba164fd1fd0e3c30e566,1
66c4ba164fd1fd0e3c30e566,,国台办：获救吴姓男子22日送返金门,2024-03-22,‍,1,原創,8,环球网,1,0,66c4ba164fd1fd0e3c30e566_112,66c4ba164fd1fd0e3c30e566,1
66c4ba164fd1fd0e3c30e566,,国台办：获救吴姓男子22日送返金门,2024-03-22,‍,1,原創,8,环球网,1,0,66c4ba164fd1fd0e3c30e566_113,66c4ba164fd1fd0e3c30e566,1
66c4ba164fd1fd0e3c30e566,,国台办：获救吴姓男子22日送返金门,2024-03-22,‍,1,原創,8,环球网,1,0,66c4ba164fd1fd0e3c30e566_114,66c4ba164fd1fd0e3c30e566,1
66c4ba164fd1fd0e3c30e566,,国台办：获救吴姓男子22日送返金门,2024-03-22,‍,1,原創,8,环球网,1,0,66c4ba164fd1fd0e3c30e566_115,66c4ba164fd1fd0e3c30e566,1
66c4ba164fd1fd0e3c30e566,,国台办：获救吴姓男子22日送返金门,2024-03-22,‍,1,原創,8,环球网,1,0,66c4ba164fd1fd0e3c30e566_116,66c4ba164fd1fd0e3c30e566,1
66c4ba164fd1fd0e3c30e566,,国台办：获救吴姓男子22日送返金门,2024-03-22,‍,1,原創,8,环球网,1,0,66c4ba164fd1fd0e3c30e566_117,66c4ba164fd1fd0e3c30e566,1
66c4ba164fd1fd0e3c30e566,,国台办：获救吴姓男子22日送返金门,2024-03-22,‍,1,原創,8,环球网,1,0,66c4ba164fd1fd0e3c30e566_118,66c4ba164fd1fd0e3c30e566,1
66c4ba164fd1fd0e3c30e566,,国台办：获救吴姓男子22日送返金门,2024-03-22,‍,1,原創,8,环球网,1,0,66c4ba164fd1fd0e3c30e566_119,66c4ba164fd1fd0e3c30e566,1
66c4ba164fd1fd0e3c30e566,,国台办：获救吴姓男子22日送返金门,2024-03-22,‍,1,原創,8,环球网,1,0,66c4ba164fd1fd0e3c30e566_120,66c4ba164fd1fd0e3c30e566,1
66c4ba164fd1fd0e3c30e566,,国台办：获救吴姓男子22日送返金门,2024-03-22,‍,1,原創,8,环球网,1,0,66c4ba164fd1fd0e3c30e566_121,66c4ba164fd1fd0e3c30e566,1
66c4ba164fd1fd0e3c30e566,,国台办：获救吴姓男子22日送返金门,2024-03-22,‍,1,原創,8,环球网,1,0,66c4ba164fd1fd0e3c30e566_122,66c4ba164fd1fd0e3c30e566,1
66c4ba164fd1fd0e3c30e566,,国台办：获救吴姓男子22日送返金门,2024-03-22,‍,1,原創,8,环球网,1,0,66c4ba164fd1fd0e3c30e566_123,66c4ba164fd1fd0e3c30e566,1
66c4ba164fd1fd0e3c30e566,,国台办：获救吴姓男子22日送返金门,2024-03-22,‍,1,原創,8,环球网,1,0,66c4ba164fd1fd0e3c30e566_124,66c4ba164fd1fd0e3c30e566,1
66c4ba164fd1fd0e3c30e566,,国台办：获救吴姓男子22日送返金门,2024-03-22,‍,1,原創,8,环球网,1,0,66c4ba164fd1fd0e3c30e566_125,66c4ba164fd1fd0e3c30e566,1
66c4ba164fd1fd0e3c30e566,,国台办：获救吴姓男子22日送返金门,2024-03-22,‍,1,原創,8,环球网,1,0,66c4ba164fd1fd0e3c30e566_126,66c4ba164fd1fd0e3c30e566,1
66c4ba164fd1fd0e3c30e566,,国台办：获救吴姓男子22日送返金门,2024-03-22,‍,1,原創,8,环球网,1,0,66c4ba164fd1fd0e3c30e566_127,66c4ba164fd1fd0e3c30e566,1
66c4ba164fd1fd0e3c30e566,,国台办：获救吴姓男子22日送返金门,2024-03-22,‍,1,原創,8,环球网,1,0,66c4ba164fd1fd0e3c30e566_128,66c4ba164fd1fd0e3c30e566,1
66c4ba164fd1fd0e3c30e566,,国台办：获救吴姓男子22日送返金门,2024-03-22,‍,1,原創,8,环球网,1,0,66c4ba164fd1fd0e3c30e566_129,66c4ba164fd1fd0e3c30e566,1
66c4ba164fd1fd0e3c30e566,,国台办：获救吴姓男子22日送返金门,2024-03-22,‍,1,原創,8,环球网,1,0,66c4ba164fd1fd0e3c30e566_130,66c4ba164fd1fd0e3c30e566,1
66c4ba164fd1fd0e3c30e566,,国台办：获救吴姓男子22日送返金门,2024-03-22,‍,1,原創,8,环球网,1,0,66c4ba164fd1fd0e3c30e566_131,66c4ba164fd1fd0e3c30e566,1
66c4ba164fd1fd0e3c30e566,,国台办：获救吴姓男子22日送返金门,2024-03-22,‍,1,原創,8,环球网,1,0,66c4ba164fd1fd0e3c30e566_132,66c4ba164fd1fd0e3c30e566,1
66c4ba164fd1fd0e3c30e566,,国台办：获救吴姓男子22日送返金门,2024-03-22,‍,1,原創,8,环球网,1,0,66c4ba164fd1fd0e3c30e566_133,66c4ba164fd1fd0e3c30e566,1
66c4ba164fd1fd0e3c30e566,,国台办：获救吴姓男子22日送返金门,2024-03-22,‍,1,原創,8,环球网,1,0,66c4ba164fd1fd0e3c30e566_134,66c4ba164fd1fd0e3c30e566,1
66c4ba164fd1fd0e3c30e566,,国台办：获救吴姓男子22日送返金门,2024-03-22,‍,1,原創,8,环球网,1,0,66c4ba164fd1fd0e3c30e566_135,66c4ba164fd1fd0e3c30e566,1
66c4ba164fd1fd0e3c30e566,,国台办：获救吴姓男子22日送返金门,2024-03-22,‍,1,原創,8,环球网,1,0,66c4ba164fd1fd0e3c30e566_136,66c4ba164fd1fd0e3c30e566,1
66c4ba164fd1fd0e3c30e566,,国台办：获救吴姓男子22日送返金门,2024-03-22,‍,1,原創,8,环球网,1,0,66c4ba164fd1fd0e3c30e566_137,66c4ba164fd1fd0e3c30e566,1
66c4ba164fd1fd0e3c30e566,,国台办：获救吴姓男子22日送返金门,2024-03-22,‍,1,原創,8,环球网,1,0,66c4ba164fd1fd0e3c30e566_138,66c4ba164fd1fd0e3c30e566,1
66c4ba164fd1fd0e3c30e566,,国台办：获救吴姓男子22日送返金门,2024-03-22,‍,1,原創,8,环球网,1,0,66c4ba164fd1fd0e3c30e566_139,66c4ba164fd1fd0e3c30e566,1
66c4ba164fd1fd0e3c30e566,,国台办：获救吴姓男子22日送返金门,2024-03-22,‍,1,原創,8,环球网,1,0,66c4ba164fd1fd0e3c30e566_140,66c4ba164fd1fd0e3c30e566,1
66c4ba164fd1fd0e3c30e566,,国台办：获救吴姓男子22日送返金门,2024-03-22,‍,1,原創,8,环球网,1,0,66c4ba164fd1fd0e3c30e566_141,66c4ba164fd1fd0e3c30e566,1
66c4ba164fd1fd0e3c30e566,,国台办：获救吴姓男子22日送返金门,2024-03-22,‍,1,原創,8,环球网,1,0,66c4ba164fd1fd0e3c30e566_142,66c4ba164fd1fd0e3c30e566,1
66c4ba164fd1fd0e3c30e566,,国台办：获救吴姓男子22日送返金门,2024-03-22,‍,1,原創,8,环球网,1,0,66c4ba164fd1fd0e3c30e566_143,66c4ba164fd1fd0e3c30e566,1
66c4ba164fd1fd0e3c30e566,,国台办：获救吴姓男子22日送返金门,2024-03-22,‍,1,原創,8,环球网,1,0,66c4ba164fd1fd0e3c30e566_144,66c4ba164fd1fd0e3c30e566,1
66c4ba164fd1fd0e3c30e566,,国台办：获救吴姓男子22日送返金门,2024-03-22,‍,1,原創,8,环球网,1,0,66c4ba164fd1fd0e3c30e566_145,66c4ba164fd1fd0e3c30e566,1
66c4ba164fd1fd0e3c30e566,,国台办：获救吴姓男子22日送返金门,2024-03-22,‍,1,原創,8,环球网,1,0,66c4ba164fd1fd0e3c30e566_146,66c4ba164fd1fd0e3c30e566,1
66c4ba164fd1fd0e3c30e566,,国台办：获救吴姓男子22日送返金门,2024-03-22,‍,1,原創,8,环球网,1,0,66c4ba164fd1fd0e3c30e566_147,66c4ba164fd1fd0e3c30e566,1
66c4ba164fd1fd0e3c30e566,,国台办：获救吴姓男子22日送返金门,2024-03-22,‍,1,原創,8,环球网,1,0,66c4ba164fd1fd0e3c30e566_148,66c4ba164fd1fd0e3c30e566,1
66c4ba164fd1fd0e3c30e566,,国台办：获救吴姓男子22日送返金门,2024-03-22,‍,1,原創,8,环球网,1,0,66c4ba164fd1fd0e3c30e566_149,66c4ba164fd1fd0e3c30e566,1
66c4ba164fd1fd0e3c30e566,,国台办：获救吴姓男子22日送返金门,2024-03-22,‍,1,原創,8,环球网,1,0,66c4ba164fd1fd0e3c30e566_150,66c4ba164fd1fd0e3c30e566,1
66c4ba164fd1fd0e3c30e566,,国台办：获救吴姓男子22日送返金门,2024-03-22,‍,1,原創,8,环球网,1,0,66c4ba164fd1fd0e3c30e566_151,66c4ba164fd1fd0e3c30e566,1
66c4ba164fd1fd0e3c30e566,,国台办：获救吴姓男子22日送返金门,2024-03-22,‍,1,原創,8,环球网,1,0,66c4ba164fd1fd0e3c30e566_152,66c4ba164fd1fd0e3c30e566,1
66c4ba164fd1fd0e3c30e566,,国台办：获救吴姓男子22日送返金门,2024-03-22,‍,1,原創,8,环球网,1,0,66c4ba164fd1fd0e3c30e566_153,66c4ba164fd1fd0e3c30e566,1
66c4ba164fd1fd0e3c30e566,,国台办：获救吴姓男子22日送返金门,2024-03-22,‍,1,原創,8,环球网,1,0,66c4ba164fd1fd0e3c30e566_154,66c4ba164fd1fd0e3c30e566,1
66c4ba164fd1fd0e3c30e566,,国台办：获救吴姓男子22日送返金门,2024-03-22,‍,1,原創,8,环球网,1,0,66c4ba164fd1fd0e3c30e566_155,66c4ba164fd1fd0e3c30e566,1
66c4ba164fd1fd0e3c30e566,,国台办：获救吴姓男子22日送返金门,2024-03-22,‍,1,原創,8,环球网,1,0,66c4ba164fd1fd0e3c30e566_156,66c4ba164fd1fd0e3c30e566,1
66c4ba164fd1fd0e3c30e566,,国台办：获救吴姓男子22日送返金门,2024-03-22,‍,1,原創,8,环球网,1,0,66c4ba164fd1fd0e3c30e566_157,66c4ba164fd1fd0e3c30e566,1
66c4ba164fd1fd0e3c30e566,,国台办：获救吴姓男子22日送返金门,2024-03-22,‍,1,原創,8,环球网,1,0,66c4ba164fd1fd0e3c30e566_158,66c4ba164fd1fd0e3c30e566,1
66c4ba164fd1fd0e3c30e566,,国台办：获救吴姓男子22日送返金门,2024-03-22,‍,1,原創,8,环球网,1,0,66c4ba164fd1fd0e3c30e566_159,66c4ba164fd1fd0e3c30e566,1
66c4ba164fd1fd0e3c30e566,,国台办：获救吴姓男子22日送返金门,2024-03-22,‍,1,原創,8,环球网,1,0,66c4ba164fd1fd0e3c30e566_160,66c4ba164fd1fd0e3c30e566,1
66c4ba164fd1fd0e3c30e566,,国台办：获救吴姓男子22日送返金门,2024-03-22,‍,1,原創,8,环球网,1,0,66c4ba164fd1fd0e3c30e566_161,66c4ba164fd1fd0e3c30e566,1
66c4ba164fd1fd0e3c30e566,,国台办：获救吴姓男子22日送返金门,2024-03-22,‍,1,原創,8,环球网,1,0,66c4ba164fd1fd0e3c30e566_162,66c4ba164fd1fd0e3c30e566,1
66c4ba164fd1fd0e3c30e566,,国台办：获救吴姓男子22日送返金门,2024-03-22,‍,1,原創,8,环球网,1,0,66c4ba164fd1fd0e3c30e566_163,66c4ba164fd1fd0e3c30e566,1
66c4ba164fd1fd0e3c30e566,,国台办：获救吴姓男子22日送返金门,2024-03-22,‍,1,原創,8,环球网,1,0,66c4ba164fd1fd0e3c30e566_164,66c4ba164fd1fd0e3c30e566,1
66c4ba164fd1fd0e3c30e567,,现场视频来了！中国海警霸气喊话,2024-03-15,‍‍,1,央视新闻等,10,环球网,1,0,66c4ba164fd1fd0e3c30e567_7,66c4ba164fd1fd0e3c30e567,2
66c4ba164fd1fd0e3c30e567,,现场视频来了！中国海警霸气喊话,2024-03-15,‍,1,央视新闻等,10,环球网,1,0,66c4ba164fd1fd0e3c30e567_8,66c4ba164fd1fd0e3c30e567,1
66c4ba164fd1fd0e3c30e567,,现场视频来了！中国海警霸气喊话,2024-03-15,‍,1,央视新闻等,10,环球网,1,0,66c4ba164fd1fd0e3c30e567_9,66c4ba164fd1fd0e3c30e567,1
66c4ba164fd1fd0e3c30e567,,现场视频来了！中国海警霸气喊话,2024-03-15,‍,1,央视新闻等,10,环球网,1,0,66c4ba164fd1fd0e3c30e567_11,66c4ba164fd1fd0e3c30e567,1
66c4ba164fd1fd0e3c30e567,,现场视频来了！中国海警霸气喊话,2024-03-15,‍,1,央视新闻等,10,环球网,1,0,66c4ba164fd1fd0e3c30e567_12,66c4ba164fd1fd0e3c30e567,1
66c4ba164fd1fd0e3c30e567,,现场视频来了！中国海警霸气喊话,2024-03-15,‍,1,央视新闻等,10,环球网,1,0,66c4ba164fd1fd0e3c30e567_13,66c4ba164fd1fd0e3c30e567,1
66c4ba164fd1fd0e3c30e567,,现场视频来了！中国海警霸气喊话,2024-03-15,‍,1,央视新闻等,10,环球网,1,0,66c4ba164fd1fd0e3c30e567_14,66c4ba164fd1fd0e3c30e567,1
66c4ba164fd1fd0e3c30e567,,现场视频来了！中国海警霸气喊话,2024-03-15,‍,1,央视新闻等,10,环球网,1,0,66c4ba164fd1fd0e3c30e567_15,66c4ba164fd1fd0e3c30e567,1
66c4ba164fd1fd0e3c30e567,,现场视频来了！中国海警霸气喊话,2024-03-15,‍,1,央视新闻等,10,环球网,1,0,66c4ba164fd1fd0e3c30e567_16,66c4ba164fd1fd0e3c30e567,1
66c4ba164fd1fd0e3c30e567,,现场视频来了！中国海警霸气喊话,2024-03-15,‍,1,央视新闻等,10,环球网,1,0,66c4ba164fd1fd0e3c30e567_17,66c4ba164fd1fd0e3c30e567,1
66c4ba164fd1fd0e3c30e567,,现场视频来了！中国海警霸气喊话,2024-03-15,‍,1,央视新闻等,10,环球网,1,0,66c4ba164fd1fd0e3c30e567_18,66c4ba164fd1fd0e3c30e567,1
66c4ba164fd1fd0e3c30e567,,现场视频来了！中国海警霸气喊话,2024-03-15,‍,1,央视新闻等,10,环球网,1,0,66c4ba164fd1fd0e3c30e567_19,66c4ba164fd1fd0e3c30e567,1
66c4ba164fd1fd0e3c30e567,,现场视频来了！中国海警霸气喊话,2024-03-15,‍,1,央视新闻等,10,环球网,1,0,66c4ba164fd1fd0e3c30e567_20,66c4ba164fd1fd0e3c30e567,1
66c4ba164fd1fd0e3c30e567,,现场视频来了！中国海警霸气喊话,2024-03-15,‍,1,央视新闻等,10,环球网,1,0,66c4ba164fd1fd0e3c30e567_21,66c4ba164fd1fd0e3c30e567,1
66c4ba164fd1fd0e3c30e567,,现场视频来了！中国海警霸气喊话,2024-03-15,‍,1,央视新闻等,10,环球网,1,0,66c4ba164fd1fd0e3c30e567_22,66c4ba164fd1fd0e3c30e567,1
66c4ba164fd1fd0e3c30e567,,现场视频来了！中国海警霸气喊话,2024-03-15,‍,1,央视新闻等,10,环球网,1,0,66c4ba164fd1fd0e3c30e567_23,66c4ba164fd1fd0e3c30e567,1
66c4ba164fd1fd0e3c30e567,,现场视频来了！中国海警霸气喊话,2024-03-15,‍,1,央视新闻等,10,环球网,1,0,66c4ba164fd1fd0e3c30e567_24,66c4ba164fd1fd0e3c30e567,1
66c4ba164fd1fd0e3c30e567,,现场视频来了！中国海警霸气喊话,2024-03-15,‍,1,央视新闻等,10,环球网,1,0,66c4ba164fd1fd0e3c30e567_25,66c4ba164fd1fd0e3c30e567,1
66c4ba164fd1fd0e3c30e567,,现场视频来了！中国海警霸气喊话,2024-03-15,‍,1,央视新闻等,10,环球网,1,0,66c4ba164fd1fd0e3c30e567_26,66c4ba164fd1fd0e3c30e567,1
66c4ba164fd1fd0e3c30e567,,现场视频来了！中国海警霸气喊话,2024-03-15,‍,1,央视新闻等,10,环球网,1,0,66c4ba164fd1fd0e3c30e567_27,66c4ba164fd1fd0e3c30e567,1
66c4ba164fd1fd0e3c30e567,,现场视频来了！中国海警霸气喊话,2024-03-15,‍,1,央视新闻等,10,环球网,1,0,66c4ba164fd1fd0e3c30e567_28,66c4ba164fd1fd0e3c30e567,1
66c4ba164fd1fd0e3c30e567,,现场视频来了！中国海警霸气喊话,2024-03-15,‍,1,央视新闻等,10,环球网,1,0,66c4ba164fd1fd0e3c30e567_29,66c4ba164fd1fd0e3c30e567,1
66c4ba164fd1fd0e3c30e567,,现场视频来了！中国海警霸气喊话,2024-03-15,‍,1,央视新闻等,10,环球网,1,0,66c4ba164fd1fd0e3c30e567_30,66c4ba164fd1fd0e3c30e567,1
66c4ba164fd1fd0e3c30e567,,现场视频来了！中国海警霸气喊话,2024-03-15,‍,1,央视新闻等,10,环球网,1,0,66c4ba164fd1fd0e3c30e567_31,66c4ba164fd1fd0e3c30e567,1
66c4ba164fd1fd0e3c30e567,,现场视频来了！中国海警霸气喊话,2024-03-15,‍,1,央视新闻等,10,环球网,1,0,66c4ba164fd1fd0e3c30e567_32,66c4ba164fd1fd0e3c30e567,1
66c4ba164fd1fd0e3c30e567,,现场视频来了！中国海警霸气喊话,2024-03-15,‍,1,央视新闻等,10,环球网,1,0,66c4ba164fd1fd0e3c30e567_33,66c4ba164fd1fd0e3c30e567,1
66c4ba164fd1fd0e3c30e567,,现场视频来了！中国海警霸气喊话,2024-03-15,‍,1,央视新闻等,10,环球网,1,0,66c4ba164fd1fd0e3c30e567_34,66c4ba164fd1fd0e3c30e567,1
66c4ba164fd1fd0e3c30e567,,现场视频来了！中国海警霸气喊话,2024-03-15,‍,1,央视新闻等,10,环球网,1,0,66c4ba164fd1fd0e3c30e567_35,66c4ba164fd1fd0e3c30e567,1
66c4ba164fd1fd0e3c30e567,,现场视频来了！中国海警霸气喊话,2024-03-15,‍,1,央视新闻等,10,环球网,1,0,66c4ba164fd1fd0e3c30e567_36,66c4ba164fd1fd0e3c30e567,1
66c4ba164fd1fd0e3c30e567,,现场视频来了！中国海警霸气喊话,2024-03-15,‍,1,央视新闻等,10,环球网,1,0,66c4ba164fd1fd0e3c30e567_37,66c4ba164fd1fd0e3c30e567,1
66c4ba164fd1fd0e3c30e567,,现场视频来了！中国海警霸气喊话,2024-03-15,‍,1,央视新闻等,10,环球网,1,0,66c4ba164fd1fd0e3c30e567_38,66c4ba164fd1fd0e3c30e567,1
66c4ba164fd1fd0e3c30e567,,现场视频来了！中国海警霸气喊话,2024-03-15,‍,1,央视新闻等,10,环球网,1,0,66c4ba164fd1fd0e3c30e567_39,66c4ba164fd1fd0e3c30e567,1
66c4ba164fd1fd0e3c30e567,,现场视频来了！中国海警霸气喊话,2024-03-15,‍,1,央视新闻等,10,环球网,1,0,66c4ba164fd1fd0e3c30e567_40,66c4ba164fd1fd0e3c30e567,1
66c4ba164fd1fd0e3c30e567,,现场视频来了！中国海警霸气喊话,2024-03-15,‍,1,央视新闻等,10,环球网,1,0,66c4ba164fd1fd0e3c30e567_41,66c4ba164fd1fd0e3c30e567,1
66c4ba164fd1fd0e3c30e567,,现场视频来了！中国海警霸气喊话,2024-03-15,‍,1,央视新闻等,10,环球网,1,0,66c4ba164fd1fd0e3c30e567_42,66c4ba164fd1fd0e3c30e567,1
66c4ba164fd1fd0e3c30e567,,现场视频来了！中国海警霸气喊话,2024-03-15,‍,1,央视新闻等,10,环球网,1,0,66c4ba164fd1fd0e3c30e567_43,66c4ba164fd1fd0e3c30e567,1
66c4ba164fd1fd0e3c30e567,,现场视频来了！中国海警霸气喊话,2024-03-15,‍,1,央视新闻等,10,环球网,1,0,66c4ba164fd1fd0e3c30e567_44,66c4ba164fd1fd0e3c30e567,1
66c4ba164fd1fd0e3c30e567,,现场视频来了！中国海警霸气喊话,2024-03-15,‍,1,央视新闻等,10,环球网,1,0,66c4ba164fd1fd0e3c30e567_45,66c4ba164fd1fd0e3c30e567,1
66c4ba164fd1fd0e3c30e567,,现场视频来了！中国海警霸气喊话,2024-03-15,‍,1,央视新闻等,10,环球网,1,0,66c4ba164fd1fd0e3c30e567_46,66c4ba164fd1fd0e3c30e567,1
66c4ba164fd1fd0e3c30e567,,现场视频来了！中国海警霸气喊话,2024-03-15,‍,1,央视新闻等,10,环球网,1,0,66c4ba164fd1fd0e3c30e567_47,66c4ba164fd1fd0e3c30e567,1
66c4ba164fd1fd0e3c30e567,,现场视频来了！中国海警霸气喊话,2024-03-15,‍,1,央视新闻等,10,环球网,1,0,66c4ba164fd1fd0e3c30e567_48,66c4ba164fd1fd0e3c30e567,1
66c4ba164fd1fd0e3c30e567,,现场视频来了！中国海警霸气喊话,2024-03-15,‍,1,央视新闻等,10,环球网,1,0,66c4ba164fd1fd0e3c30e567_49,66c4ba164fd1fd0e3c30e567,1
66c4ba164fd1fd0e3c30e567,,现场视频来了！中国海警霸气喊话,2024-03-15,‍,1,央视新闻等,10,环球网,1,0,66c4ba164fd1fd0e3c30e567_50,66c4ba164fd1fd0e3c30e567,1
66c4ba164fd1fd0e3c30e567,,现场视频来了！中国海警霸气喊话,2024-03-15,‍,1,央视新闻等,10,环球网,1,0,66c4ba164fd1fd0e3c30e567_51,66c4ba164fd1fd0e3c30e567,1
66c4ba164fd1fd0e3c30e567,,现场视频来了！中国海警霸气喊话,2024-03-15,‍,1,央视新闻等,10,环球网,1,0,66c4ba164fd1fd0e3c30e567_52,66c4ba164fd1fd0e3c30e567,1
66c4ba164fd1fd0e3c30e567,,现场视频来了！中国海警霸气喊话,2024-03-15,‍,1,央视新闻等,10,环球网,1,0,66c4ba164fd1fd0e3c30e567_53,66c4ba164fd1fd0e3c30e567,1
66c4ba164fd1fd0e3c30e567,,现场视频来了！中国海警霸气喊话,2024-03-15,‍,1,央视新闻等,10,环球网,1,0,66c4ba164fd1fd0e3c30e567_54,66c4ba164fd1fd0e3c30e567,1
66c4ba164fd1fd0e3c30e567,,现场视频来了！中国海警霸气喊话,2024-03-15,‍,1,央视新闻等,10,环球网,1,0,66c4ba164fd1fd0e3c30e567_55,66c4ba164fd1fd0e3c30e567,1
66c4ba164fd1fd0e3c30e567,,现场视频来了！中国海警霸气喊话,2024-03-15,‍,1,央视新闻等,10,环球网,1,0,66c4ba164fd1fd0e3c30e567_56,66c4ba164fd1fd0e3c30e567,1
66c4ba164fd1fd0e3c30e567,,现场视频来了！中国海警霸气喊话,2024-03-15,‍,1,央视新闻等,10,环球网,1,0,66c4ba164fd1fd0e3c30e567_57,66c4ba164fd1fd0e3c30e567,1
66c4ba164fd1fd0e3c30e567,,现场视频来了！中国海警霸气喊话,2024-03-15,‍,1,央视新闻等,10,环球网,1,0,66c4ba164fd1fd0e3c30e567_58,66c4ba164fd1fd0e3c30e567,1
66c4ba164fd1fd0e3c30e567,,现场视频来了！中国海警霸气喊话,2024-03-15,‍,1,央视新闻等,10,环球网,1,0,66c4ba164fd1fd0e3c30e567_59,66c4ba164fd1fd0e3c30e567,1
66c4ba164fd1fd0e3c30e567,,现场视频来了！中国海警霸气喊话,2024-03-15,‍,1,央视新闻等,10,环球网,1,0,66c4ba164fd1fd0e3c30e567_60,66c4ba164fd1fd0e3c30e567,1
66c4ba164fd1fd0e3c30e567,,现场视频来了！中国海警霸气喊话,2024-03-15,‍,1,央视新闻等,10,环球网,1,0,66c4ba164fd1fd0e3c30e567_61,66c4ba164fd1fd0e3c30e567,1
66c4ba164fd1fd0e3c30e567,,现场视频来了！中国海警霸气喊话,2024-03-15,‍,1,央视新闻等,10,环球网,1,0,66c4ba164fd1fd0e3c30e567_62,66c4ba164fd1fd0e3c30e567,1
66c4ba164fd1fd0e3c30e567,,现场视频来了！中国海警霸气喊话,2024-03-15,‍,1,央视新闻等,10,环球网,1,0,66c4ba164fd1fd0e3c30e567_63,66c4ba164fd1fd0e3c30e567,1
66c4ba164fd1fd0e3c30e567,,现场视频来了！中国海警霸气喊话,2024-03-15,‍,1,央视新闻等,10,环球网,1,0,66c4ba164fd1fd0e3c30e567_64,66c4ba164fd1fd0e3c30e567,1
66c4ba164fd1fd0e3c30e567,,现场视频来了！中国海警霸气喊话,2024-03-15,‍,1,央视新闻等,10,环球网,1,0,66c4ba164fd1fd0e3c30e567_65,66c4ba164fd1fd0e3c30e567,1
66c4ba164fd1fd0e3c30e567,,现场视频来了！中国海警霸气喊话,2024-03-15,‍,1,央视新闻等,10,环球网,1,0,66c4ba164fd1fd0e3c30e567_66,66c4ba164fd1fd0e3c30e567,1
66c4ba164fd1fd0e3c30e567,,现场视频来了！中国海警霸气喊话,2024-03-15,‍,1,央视新闻等,10,环球网,1,0,66c4ba164fd1fd0e3c30e567_67,66c4ba164fd1fd0e3c30e567,1
66c4ba164fd1fd0e3c30e567,,现场视频来了！中国海警霸气喊话,2024-03-15,‍,1,央视新闻等,10,环球网,1,0,66c4ba164fd1fd0e3c30e567_68,66c4ba164fd1fd0e3c30e567,1
66c4ba164fd1fd0e3c30e567,,现场视频来了！中国海警霸气喊话,2024-03-15,‍,1,央视新闻等,10,环球网,1,0,66c4ba164fd1fd0e3c30e567_69,66c4ba164fd1fd0e3c30e567,1
66c4ba164fd1fd0e3c30e567,,现场视频来了！中国海警霸气喊话,2024-03-15,‍,1,央视新闻等,10,环球网,1,0,66c4ba164fd1fd0e3c30e567_70,66c4ba164fd1fd0e3c30e567,1
66c4ba164fd1fd0e3c30e567,,现场视频来了！中国海警霸气喊话,2024-03-15,‍,1,央视新闻等,10,环球网,1,0,66c4ba164fd1fd0e3c30e567_71,66c4ba164fd1fd0e3c30e567,1
66c4ba164fd1fd0e3c30e567,,现场视频来了！中国海警霸气喊话,2024-03-15,‍,1,央视新闻等,10,环球网,1,0,66c4ba164fd1fd0e3c30e567_72,66c4ba164fd1fd0e3c30e567,1
66c4ba164fd1fd0e3c30e567,,现场视频来了！中国海警霸气喊话,2024-03-15,‍,1,央视新闻等,10,环球网,1,0,66c4ba164fd1fd0e3c30e567_73,66c4ba164fd1fd0e3c30e567,1
66c4ba164fd1fd0e3c30e567,,现场视频来了！中国海警霸气喊话,2024-03-15,‍,1,央视新闻等,10,环球网,1,0,66c4ba164fd1fd0e3c30e567_74,66c4ba164fd1fd0e3c30e567,1
66c4ba164fd1fd0e3c30e567,,现场视频来了！中国海警霸气喊话,2024-03-15,‍,1,央视新闻等,10,环球网,1,0,66c4ba164fd1fd0e3c30e567_75,66c4ba164fd1fd0e3c30e567,1
66c4ba164fd1fd0e3c30e567,,现场视频来了！中国海警霸气喊话,2024-03-15,‍,1,央视新闻等,10,环球网,1,0,66c4ba164fd1fd0e3c30e567_76,66c4ba164fd1fd0e3c30e567,1
66c4ba164fd1fd0e3c30e567,,现场视频来了！中国海警霸气喊话,2024-03-15,‍,1,央视新闻等,10,环球网,1,0,66c4ba164fd1fd0e3c30e567_77,66c4ba164fd1fd0e3c30e567,1
66c4ba164fd1fd0e3c30e567,,现场视频来了！中国海警霸气喊话,2024-03-15,‍,1,央视新闻等,10,环球网,1,0,66c4ba164fd1fd0e3c30e567_78,66c4ba164fd1fd0e3c30e567,1
66c4ba164fd1fd0e3c30e567,,现场视频来了！中国海警霸气喊话,2024-03-15,‍,1,央视新闻等,10,环球网,1,0,66c4ba164fd1fd0e3c30e567_79,66c4ba164fd1fd0e3c30e567,1
66c4ba164fd1fd0e3c30e567,,现场视频来了！中国海警霸气喊话,2024-03-15,‍,1,央视新闻等,10,环球网,1,0,66c4ba164fd1fd0e3c30e567_80,66c4ba164fd1fd0e3c30e567,1
66c4ba164fd1fd0e3c30e567,,现场视频来了！中国海警霸气喊话,2024-03-15,‍,1,央视新闻等,10,环球网,1,0,66c4ba164fd1fd0e3c30e567_81,66c4ba164fd1fd0e3c30e567,1
66c4ba164fd1fd0e3c30e567,,现场视频来了！中国海警霸气喊话,2024-03-15,‍,1,央视新闻等,10,环球网,1,0,66c4ba164fd1fd0e3c30e567_82,66c4ba164fd1fd0e3c30e567,1
66c4ba164fd1fd0e3c30e567,,现场视频来了！中国海警霸气喊话,2024-03-15,‍,1,央视新闻等,10,环球网,1,0,66c4ba164fd1fd0e3c30e567_83,66c4ba164fd1fd0e3c30e567,1
66c4ba164fd1fd0e3c30e567,,现场视频来了！中国海警霸气喊话,2024-03-15,‍,1,央视新闻等,10,环球网,1,0,66c4ba164fd1fd0e3c30e567_84,66c4ba164fd1fd0e3c30e567,1
66c4ba164fd1fd0e3c30e567,,现场视频来了！中国海警霸气喊话,2024-03-15,‍,1,央视新闻等,10,环球网,1,0,66c4ba164fd1fd0e3c30e567_85,66c4ba164fd1fd0e3c30e567,1
66c4ba164fd1fd0e3c30e567,,现场视频来了！中国海警霸气喊话,2024-03-15,‍,1,央视新闻等,10,环球网,1,0,66c4ba164fd1fd0e3c30e567_86,66c4ba164fd1fd0e3c30e567,1
66c4ba164fd1fd0e3c30e567,,现场视频来了！中国海警霸气喊话,2024-03-15,‍,1,央视新闻等,10,环球网,1,0,66c4ba164fd1fd0e3c30e567_87,66c4ba164fd1fd0e3c30e567,1
66c4ba164fd1fd0e3c30e567,,现场视频来了！中国海警霸气喊话,2024-03-15,‍,1,央视新闻等,10,环球网,1,0,66c4ba164fd1fd0e3c30e567_88,66c4ba164fd1fd0e3c30e567,1
66c4ba164fd1fd0e3c30e567,,现场视频来了！中国海警霸气喊话,2024-03-15,‍,1,央视新闻等,10,环球网,1,0,66c4ba164fd1fd0e3c30e567_89,66c4ba164fd1fd0e3c30e567,1
66c4ba164fd1fd0e3c30e567,,现场视频来了！中国海警霸气喊话,2024-03-15,‍,1,央视新闻等,10,环球网,1,0,66c4ba164fd1fd0e3c30e567_90,66c4ba164fd1fd0e3c30e567,1
66c4ba164fd1fd0e3c30e567,,现场视频来了！中国海警霸气喊话,2024-03-15,‍,1,央视新闻等,10,环球网,1,0,66c4ba164fd1fd0e3c30e567_91,66c4ba164fd1fd0e3c30e567,1
66c4ba164fd1fd0e3c30e567,,现场视频来了！中国海警霸气喊话,2024-03-15,‍,1,央视新闻等,10,环球网,1,0,66c4ba164fd1fd0e3c30e567_92,66c4ba164fd1fd0e3c30e567,1
66c4ba164fd1fd0e3c30e567,,现场视频来了！中国海警霸气喊话,2024-03-15,‍,1,央视新闻等,10,环球网,1,0,66c4ba164fd1fd0e3c30e567_93,66c4ba164fd1fd0e3c30e567,1
66c4ba164fd1fd0e3c30e567,,现场视频来了！中国海警霸气喊话,2024-03-15,‍,1,央视新闻等,10,环球网,1,0,66c4ba164fd1fd0e3c30e567_94,66c4ba164fd1fd0e3c30e567,1
66c4ba164fd1fd0e3c30e567,,现场视频来了！中国海警霸气喊话,2024-03-15,‍,1,央视新闻等,10,环球网,1,0,66c4ba164fd1fd0e3c30e567_95,66c4ba164fd1fd0e3c30e567,1
66c4ba164fd1fd0e3c30e567,,现场视频来了！中国海警霸气喊话,2024-03-15,‍,1,央视新闻等,10,环球网,1,0,66c4ba164fd1fd0e3c30e567_96,66c4ba164fd1fd0e3c30e567,1
66c4ba164fd1fd0e3c30e567,,现场视频来了！中国海警霸气喊话,2024-03-15,‍,1,央视新闻等,10,环球网,1,0,66c4ba164fd1fd0e3c30e567_97,66c4ba164fd1fd0e3c30e567,1
66c4ba164fd1fd0e3c30e567,,现场视频来了！中国海警霸气喊话,2024-03-15,‍,1,央视新闻等,10,环球网,1,0,66c4ba164fd1fd0e3c30e567_98,66c4ba164fd1fd0e3c30e567,1
66c4ba164fd1fd0e3c30e567,,现场视频来了！中国海警霸气喊话,2024-03-15,‍,1,央视新闻等,10,环球网,1,0,66c4ba164fd1fd0e3c30e567_99,66c4ba164fd1fd0e3c30e567,1
66c4ba164fd1fd0e3c30e567,,现场视频来了！中国海警霸气喊话,2024-03-15,‍,1,央视新闻等,10,环球网,1,0,66c4ba164fd1fd0e3c30e567_100,66c4ba164fd1fd0e3c30e567,1
66c4ba164fd1fd0e3c30e567,,现场视频来了！中国海警霸气喊话,2024-03-15,‍,1,央视新闻等,10,环球网,1,0,66c4ba164fd1fd0e3c30e567_101,66c4ba164fd1fd0e3c30e567,1
66c4ba164fd1fd0e3c30e567,,现场视频来了！中国海警霸气喊话,2024-03-15,‍,1,央视新闻等,10,环球网,1,0,66c4ba164fd1fd0e3c30e567_102,66c4ba164fd1fd0e3c30e567,1
66c4ba164fd1fd0e3c30e567,,现场视频来了！中国海警霸气喊话,2024-03-15,‍,1,央视新闻等,10,环球网,1,0,66c4ba164fd1fd0e3c30e567_103,66c4ba164fd1fd0e3c30e567,1
66c4ba164fd1fd0e3c30e567,,现场视频来了！中国海警霸气喊话,2024-03-15,‍,1,央视新闻等,10,环球网,1,0,66c4ba164fd1fd0e3c30e567_104,66c4ba164fd1fd0e3c30e567,1
66c4ba164fd1fd0e3c30e567,,现场视频来了！中国海警霸气喊话,2024-03-15,‍,1,央视新闻等,10,环球网,1,0,66c4ba164fd1fd0e3c30e567_105,66c4ba164fd1fd0e3c30e567,1
66c4ba164fd1fd0e3c30e567,,现场视频来了！中国海警霸气喊话,2024-03-15,‍,1,央视新闻等,10,环球网,1,0,66c4ba164fd1fd0e3c30e567_106,66c4ba164fd1fd0e3c30e567,1
66c4ba164fd1fd0e3c30e567,,现场视频来了！中国海警霸气喊话,2024-03-15,‍,1,央视新闻等,10,环球网,1,0,66c4ba164fd1fd0e3c30e567_107,66c4ba164fd1fd0e3c30e567,1
66c4ba164fd1fd0e3c30e567,,现场视频来了！中国海警霸气喊话,2024-03-15,‍,1,央视新闻等,10,环球网,1,0,66c4ba164fd1fd0e3c30e567_108,66c4ba164fd1fd0e3c30e567,1
66c4ba164fd1fd0e3c30e567,,现场视频来了！中国海警霸气喊话,2024-03-15,‍,1,央视新闻等,10,环球网,1,0,66c4ba164fd1fd0e3c30e567_109,66c4ba164fd1fd0e3c30e567,1
66c4ba164fd1fd0e3c30e567,,现场视频来了！中国海警霸气喊话,2024-03-15,‍,1,央视新闻等,10,环球网,1,0,66c4ba164fd1fd0e3c30e567_110,66c4ba164fd1fd0e3c30e567,1
66c4ba164fd1fd0e3c30e567,,现场视频来了！中国海警霸气喊话,2024-03-15,‍,1,央视新闻等,10,环球网,1,0,66c4ba164fd1fd0e3c30e567_111,66c4ba164fd1fd0e3c30e567,1
66c4ba164fd1fd0e3c30e567,,现场视频来了！中国海警霸气喊话,2024-03-15,‍,1,央视新闻等,10,环球网,1,0,66c4ba164fd1fd0e3c30e567_112,66c4ba164fd1fd0e3c30e567,1
66c4ba164fd1fd0e3c30e567,,现场视频来了！中国海警霸气喊话,2024-03-15,‍,1,央视新闻等,10,环球网,1,0,66c4ba164fd1fd0e3c30e567_113,66c4ba164fd1fd0e3c30e567,1
66c4ba164fd1fd0e3c30e567,,现场视频来了！中国海警霸气喊话,2024-03-15,‍,1,央视新闻等,10,环球网,1,0,66c4ba164fd1fd0e3c30e567_114,66c4ba164fd1fd0e3c30e567,1
66c4ba164fd1fd0e3c30e567,,现场视频来了！中国海警霸气喊话,2024-03-15,‍,1,央视新闻等,10,环球网,1,0,66c4ba164fd1fd0e3c30e567_115,66c4ba164fd1fd0e3c30e567,1
66c4ba164fd1fd0e3c30e567,,现场视频来了！中国海警霸气喊话,2024-03-15,‍,1,央视新闻等,10,环球网,1,0,66c4ba164fd1fd0e3c30e567_116,66c4ba164fd1fd0e3c30e567,1
66c4ba164fd1fd0e3c30e567,,现场视频来了！中国海警霸气喊话,2024-03-15,‍,1,央视新闻等,10,环球网,1,0,66c4ba164fd1fd0e3c30e567_117,66c4ba164fd1fd0e3c30e567,1
66c4ba164fd1fd0e3c30e567,,现场视频来了！中国海警霸气喊话,2024-03-15,‍,1,央视新闻等,10,环球网,1,0,66c4ba164fd1fd0e3c30e567_118,66c4ba164fd1fd0e3c30e567,1
66c4ba164fd1fd0e3c30e567,,现场视频来了！中国海警霸气喊话,2024-03-15,‍,1,央视新闻等,10,环球网,1,0,66c4ba164fd1fd0e3c30e567_119,66c4ba164fd1fd0e3c30e567,1
66c4ba164fd1fd0e3c30e567,,现场视频来了！中国海警霸气喊话,2024-03-15,‍,1,央视新闻等,10,环球网,1,0,66c4ba164fd1fd0e3c30e567_120,66c4ba164fd1fd0e3c30e567,1
66c4ba164fd1fd0e3c30e567,,现场视频来了！中国海警霸气喊话,2024-03-15,‍,1,央视新闻等,10,环球网,1,0,66c4ba164fd1fd0e3c30e567_121,66c4ba164fd1fd0e3c30e567,1
66c4ba164fd1fd0e3c30e567,,现场视频来了！中国海警霸气喊话,2024-03-15,‍,1,央视新闻等,10,环球网,1,0,66c4ba164fd1fd0e3c30e567_122,66c4ba164fd1fd0e3c30e567,1
66c4ba164fd1fd0e3c30e567,,现场视频来了！中国海警霸气喊话,2024-03-15,‍,1,央视新闻等,10,环球网,1,0,66c4ba164fd1fd0e3c30e567_123,66c4ba164fd1fd0e3c30e567,1
66c4ba164fd1fd0e3c30e567,,现场视频来了！中国海警霸气喊话,2024-03-15,‍,1,央视新闻等,10,环球网,1,0,66c4ba164fd1fd0e3c30e567_124,66c4ba164fd1fd0e3c30e567,1
66c4ba164fd1fd0e3c30e567,,现场视频来了！中国海警霸气喊话,2024-03-15,‍,1,央视新闻等,10,环球网,1,0,66c4ba164fd1fd0e3c30e567_125,66c4ba164fd1fd0e3c30e567,1
66c4ba164fd1fd0e3c30e567,,现场视频来了！中国海警霸气喊话,2024-03-15,‍,1,央视新闻等,10,环球网,1,0,66c4ba164fd1fd0e3c30e567_126,66c4ba164fd1fd0e3c30e567,1
66c4ba164fd1fd0e3c30e567,,现场视频来了！中国海警霸气喊话,2024-03-15,‍,1,央视新闻等,10,环球网,1,0,66c4ba164fd1fd0e3c30e567_127,66c4ba164fd1fd0e3c30e567,1
66c4ba164fd1fd0e3c30e567,,现场视频来了！中国海警霸气喊话,2024-03-15,‍,1,央视新闻等,10,环球网,1,0,66c4ba164fd1fd0e3c30e567_128,66c4ba164fd1fd0e3c30e567,1
66c4ba164fd1fd0e3c30e567,,现场视频来了！中国海警霸气喊话,2024-03-15,‍,1,央视新闻等,10,环球网,1,0,66c4ba164fd1fd0e3c30e567_129,66c4ba164fd1fd0e3c30e567,1
66c4ba164fd1fd0e3c30e567,,现场视频来了！中国海警霸气喊话,2024-03-15,‍,1,央视新闻等,10,环球网,1,0,66c4ba164fd1fd0e3c30e567_130,66c4ba164fd1fd0e3c30e567,1
66c4ba164fd1fd0e3c30e567,,现场视频来了！中国海警霸气喊话,2024-03-15,‍,1,央视新闻等,10,环球网,1,0,66c4ba164fd1fd0e3c30e567_131,66c4ba164fd1fd0e3c30e567,1
66c4ba164fd1fd0e3c30e567,,现场视频来了！中国海警霸气喊话,2024-03-15,‍,1,央视新闻等,10,环球网,1,0,66c4ba164fd1fd0e3c30e567_132,66c4ba164fd1fd0e3c30e567,1
66c4ba164fd1fd0e3c30e567,,现场视频来了！中国海警霸气喊话,2024-03-15,‍,1,央视新闻等,10,环球网,1,0,66c4ba164fd1fd0e3c30e567_133,66c4ba164fd1fd0e3c30e567,1
66c4ba164fd1fd0e3c30e567,,现场视频来了！中国海警霸气喊话,2024-03-15,‍,1,央视新闻等,10,环球网,1,0,66c4ba164fd1fd0e3c30e567_134,66c4ba164fd1fd0e3c30e567,1
66c4ba164fd1fd0e3c30e567,,现场视频来了！中国海警霸气喊话,2024-03-15,‍,1,央视新闻等,10,环球网,1,0,66c4ba164fd1fd0e3c30e567_135,66c4ba164fd1fd0e3c30e567,1
66c4ba164fd1fd0e3c30e567,,现场视频来了！中国海警霸气喊话,2024-03-15,‍,1,央视新闻等,10,环球网,1,0,66c4ba164fd1fd0e3c30e567_136,66c4ba164fd1fd0e3c30e567,1
66c4ba164fd1fd0e3c30e567,,现场视频来了！中国海警霸气喊话,2024-03-15,‍,1,央视新闻等,10,环球网,1,0,66c4ba164fd1fd0e3c30e567_137,66c4ba164fd1fd0e3c30e567,1
66c4ba164fd1fd0e3c30e567,,现场视频来了！中国海警霸气喊话,2024-03-15,‍,1,央视新闻等,10,环球网,1,0,66c4ba164fd1fd0e3c30e567_138,66c4ba164fd1fd0e3c30e567,1
66c4ba164fd1fd0e3c30e567,,现场视频来了！中国海警霸气喊话,2024-03-15,‍,1,央视新闻等,10,环球网,1,0,66c4ba164fd1fd0e3c30e567_139,66c4ba164fd1fd0e3c30e567,1
66c4ba164fd1fd0e3c30e567,,现场视频来了！中国海警霸气喊话,2024-03-15,‍,1,央视新闻等,10,环球网,1,0,66c4ba164fd1fd0e3c30e567_140,66c4ba164fd1fd0e3c30e567,1
66c4ba164fd1fd0e3c30e567,,现场视频来了！中国海警霸气喊话,2024-03-15,‍,1,央视新闻等,10,环球网,1,0,66c4ba164fd1fd0e3c30e567_141,66c4ba164fd1fd0e3c30e567,1
66c4ba164fd1fd0e3c30e567,,现场视频来了！中国海警霸气喊话,2024-03-15,‍,1,央视新闻等,10,环球网,1,0,66c4ba164fd1fd0e3c30e567_142,66c4ba164fd1fd0e3c30e567,1
66c4ba164fd1fd0e3c30e567,,现场视频来了！中国海警霸气喊话,2024-03-15,‍,1,央视新闻等,10,环球网,1,0,66c4ba164fd1fd0e3c30e567_143,66c4ba164fd1fd0e3c30e567,1
66c4ba164fd1fd0e3c30e567,,现场视频来了！中国海警霸气喊话,2024-03-15,‍,1,央视新闻等,10,环球网,1,0,66c4ba164fd1fd0e3c30e567_144,66c4ba164fd1fd0e3c30e567,1
66c4ba164fd1fd0e3c30e567,,现场视频来了！中国海警霸气喊话,2024-03-15,‍,1,央视新闻等,10,环球网,1,0,66c4ba164fd1fd0e3c30e567_145,66c4ba164fd1fd0e3c30e567,1
66c4ba164fd1fd0e3c30e567,,现场视频来了！中国海警霸气喊话,2024-03-15,‍,1,央视新闻等,10,环球网,1,0,66c4ba164fd1fd0e3c30e567_146,66c4ba164fd1fd0e3c30e567,1
66c4ba164fd1fd0e3c30e567,,现场视频来了！中国海警霸气喊话,2024-03-15,‍,1,央视新闻等,10,环球网,1,0,66c4ba164fd1fd0e3c30e567_147,66c4ba164fd1fd0e3c30e567,1
66c4ba164fd1fd0e3c30e567,,现场视频来了！中国海警霸气喊话,2024-03-15,‍,1,央视新闻等,10,环球网,1,0,66c4ba164fd1fd0e3c30e567_148,66c4ba164fd1fd0e3c30e567,1
66c4ba164fd1fd0e3c30e567,,现场视频来了！中国海警霸气喊话,2024-03-15,‍,1,央视新闻等,10,环球网,1,0,66c4ba164fd1fd0e3c30e567_149,66c4ba164fd1fd0e3c30e567,1
66c4ba164fd1fd0e3c30e567,,现场视频来了！中国海警霸气喊话,2024-03-15,‍,1,央视新闻等,10,环球网,1,0,66c4ba164fd1fd0e3c30e567_150,66c4ba164fd1fd0e3c30e567,1
66c4ba164fd1fd0e3c30e568,,国台办：坚决支持,2024-03-15,‍‍,1,原創,10,环球网,1,0,66c4ba164fd1fd0e3c30e568_8,66c4ba164fd1fd0e3c30e568,2
66c4ba164fd1fd0e3c30e568,,国台办：坚决支持,2024-03-15,‍,1,原創,10,环球网,1,0,66c4ba164fd1fd0e3c30e568_9,66c4ba164fd1fd0e3c30e568,1
66c4ba164fd1fd0e3c30e568,,国台办：坚决支持,2024-03-15,‍,1,原創,10,环球网,1,0,66c4ba164fd1fd0e3c30e568_10,66c4ba164fd1fd0e3c30e568,1
66c4ba164fd1fd0e3c30e568,,国台办：坚决支持,2024-03-15,‍,1,原創,10,环球网,1,0,66c4ba164fd1fd0e3c30e568_12,66c4ba164fd1fd0e3c30e568,1
66c4ba164fd1fd0e3c30e568,,国台办：坚决支持,2024-03-15,‍,1,原創,10,环球网,1,0,66c4ba164fd1fd0e3c30e568_13,66c4ba164fd1fd0e3c30e568,1
66c4ba164fd1fd0e3c30e568,,国台办：坚决支持,2024-03-15,‍,1,原創,10,环球网,1,0,66c4ba164fd1fd0e3c30e568_14,66c4ba164fd1fd0e3c30e568,1
66c4ba164fd1fd0e3c30e568,,国台办：坚决支持,2024-03-15,‍,1,原創,10,环球网,1,0,66c4ba164fd1fd0e3c30e568_15,66c4ba164fd1fd0e3c30e568,1
66c4ba164fd1fd0e3c30e568,,国台办：坚决支持,2024-03-15,‍,1,原創,10,环球网,1,0,66c4ba164fd1fd0e3c30e568_16,66c4ba164fd1fd0e3c30e568,1
66c4ba164fd1fd0e3c30e568,,国台办：坚决支持,2024-03-15,‍,1,原創,10,环球网,1,0,66c4ba164fd1fd0e3c30e568_17,66c4ba164fd1fd0e3c30e568,1
66c4ba164fd1fd0e3c30e568,,国台办：坚决支持,2024-03-15,‍,1,原創,10,环球网,1,0,66c4ba164fd1fd0e3c30e568_18,66c4ba164fd1fd0e3c30e568,1
66c4ba164fd1fd0e3c30e568,,国台办：坚决支持,2024-03-15,‍,1,原創,10,环球网,1,0,66c4ba164fd1fd0e3c30e568_19,66c4ba164fd1fd0e3c30e568,1
66c4ba164fd1fd0e3c30e568,,国台办：坚决支持,2024-03-15,‍,1,原創,10,环球网,1,0,66c4ba164fd1fd0e3c30e568_20,66c4ba164fd1fd0e3c30e568,1
66c4ba164fd1fd0e3c30e568,,国台办：坚决支持,2024-03-15,‍,1,原創,10,环球网,1,0,66c4ba164fd1fd0e3c30e568_21,66c4ba164fd1fd0e3c30e568,1
66c4ba164fd1fd0e3c30e568,,国台办：坚决支持,2024-03-15,‍,1,原創,10,环球网,1,0,66c4ba164fd1fd0e3c30e568_22,66c4ba164fd1fd0e3c30e568,1
66c4ba164fd1fd0e3c30e568,,国台办：坚决支持,2024-03-15,‍,1,原創,10,环球网,1,0,66c4ba164fd1fd0e3c30e568_23,66c4ba164fd1fd0e3c30e568,1
66c4ba164fd1fd0e3c30e568,,国台办：坚决支持,2024-03-15,‍,1,原創,10,环球网,1,0,66c4ba164fd1fd0e3c30e568_24,66c4ba164fd1fd0e3c30e568,1
66c4ba164fd1fd0e3c30e568,,国台办：坚决支持,2024-03-15,‍,1,原創,10,环球网,1,0,66c4ba164fd1fd0e3c30e568_25,66c4ba164fd1fd0e3c30e568,1
66c4ba164fd1fd0e3c30e568,,国台办：坚决支持,2024-03-15,‍,1,原創,10,环球网,1,0,66c4ba164fd1fd0e3c30e568_26,66c4ba164fd1fd0e3c30e568,1
66c4ba164fd1fd0e3c30e568,,国台办：坚决支持,2024-03-15,‍,1,原創,10,环球网,1,0,66c4ba164fd1fd0e3c30e568_27,66c4ba164fd1fd0e3c30e568,1
66c4ba164fd1fd0e3c30e568,,国台办：坚决支持,2024-03-15,‍,1,原創,10,环球网,1,0,66c4ba164fd1fd0e3c30e568_28,66c4ba164fd1fd0e3c30e568,1
66c4ba164fd1fd0e3c30e568,,国台办：坚决支持,2024-03-15,‍,1,原創,10,环球网,1,0,66c4ba164fd1fd0e3c30e568_29,66c4ba164fd1fd0e3c30e568,1
66c4ba164fd1fd0e3c30e568,,国台办：坚决支持,2024-03-15,‍,1,原創,10,环球网,1,0,66c4ba164fd1fd0e3c30e568_30,66c4ba164fd1fd0e3c30e568,1
66c4ba164fd1fd0e3c30e568,,国台办：坚决支持,2024-03-15,‍,1,原創,10,环球网,1,0,66c4ba164fd1fd0e3c30e568_31,66c4ba164fd1fd0e3c30e568,1
66c4ba164fd1fd0e3c30e568,,国台办：坚决支持,2024-03-15,‍,1,原創,10,环球网,1,0,66c4ba164fd1fd0e3c30e568_32,66c4ba164fd1fd0e3c30e568,1
66c4ba164fd1fd0e3c30e568,,国台办：坚决支持,2024-03-15,‍,1,原創,10,环球网,1,0,66c4ba164fd1fd0e3c30e568_33,66c4ba164fd1fd0e3c30e568,1
66c4ba164fd1fd0e3c30e568,,国台办：坚决支持,2024-03-15,‍,1,原創,10,环球网,1,0,66c4ba164fd1fd0e3c30e568_34,66c4ba164fd1fd0e3c30e568,1
66c4ba164fd1fd0e3c30e568,,国台办：坚决支持,2024-03-15,‍,1,原創,10,环球网,1,0,66c4ba164fd1fd0e3c30e568_35,66c4ba164fd1fd0e3c30e568,1
66c4ba164fd1fd0e3c30e568,,国台办：坚决支持,2024-03-15,‍,1,原創,10,环球网,1,0,66c4ba164fd1fd0e3c30e568_36,66c4ba164fd1fd0e3c30e568,1
66c4ba164fd1fd0e3c30e568,,国台办：坚决支持,2024-03-15,‍,1,原創,10,环球网,1,0,66c4ba164fd1fd0e3c30e568_37,66c4ba164fd1fd0e3c30e568,1
66c4ba164fd1fd0e3c30e568,,国台办：坚决支持,2024-03-15,‍,1,原創,10,环球网,1,0,66c4ba164fd1fd0e3c30e568_38,66c4ba164fd1fd0e3c30e568,1
66c4ba164fd1fd0e3c30e568,,国台办：坚决支持,2024-03-15,‍,1,原創,10,环球网,1,0,66c4ba164fd1fd0e3c30e568_39,66c4ba164fd1fd0e3c30e568,1
66c4ba164fd1fd0e3c30e568,,国台办：坚决支持,2024-03-15,‍,1,原創,10,环球网,1,0,66c4ba164fd1fd0e3c30e568_40,66c4ba164fd1fd0e3c30e568,1
66c4ba164fd1fd0e3c30e568,,国台办：坚决支持,2024-03-15,‍,1,原創,10,环球网,1,0,66c4ba164fd1fd0e3c30e568_41,66c4ba164fd1fd0e3c30e568,1
66c4ba164fd1fd0e3c30e568,,国台办：坚决支持,2024-03-15,‍,1,原創,10,环球网,1,0,66c4ba164fd1fd0e3c30e568_42,66c4ba164fd1fd0e3c30e568,1
66c4ba164fd1fd0e3c30e568,,国台办：坚决支持,2024-03-15,‍,1,原創,10,环球网,1,0,66c4ba164fd1fd0e3c30e568_43,66c4ba164fd1fd0e3c30e568,1
66c4ba164fd1fd0e3c30e568,,国台办：坚决支持,2024-03-15,‍,1,原創,10,环球网,1,0,66c4ba164fd1fd0e3c30e568_44,66c4ba164fd1fd0e3c30e568,1
66c4ba164fd1fd0e3c30e568,,国台办：坚决支持,2024-03-15,‍,1,原創,10,环球网,1,0,66c4ba164fd1fd0e3c30e568_45,66c4ba164fd1fd0e3c30e568,1
66c4ba164fd1fd0e3c30e568,,国台办：坚决支持,2024-03-15,‍,1,原創,10,环球网,1,0,66c4ba164fd1fd0e3c30e568_46,66c4ba164fd1fd0e3c30e568,1
66c4ba164fd1fd0e3c30e568,,国台办：坚决支持,2024-03-15,‍,1,原創,10,环球网,1,0,66c4ba164fd1fd0e3c30e568_47,66c4ba164fd1fd0e3c30e568,1
66c4ba164fd1fd0e3c30e568,,国台办：坚决支持,2024-03-15,‍,1,原創,10,环球网,1,0,66c4ba164fd1fd0e3c30e568_48,66c4ba164fd1fd0e3c30e568,1
66c4ba164fd1fd0e3c30e568,,国台办：坚决支持,2024-03-15,‍,1,原創,10,环球网,1,0,66c4ba164fd1fd0e3c30e568_49,66c4ba164fd1fd0e3c30e568,1
66c4ba164fd1fd0e3c30e568,,国台办：坚决支持,2024-03-15,‍,1,原創,10,环球网,1,0,66c4ba164fd1fd0e3c30e568_50,66c4ba164fd1fd0e3c30e568,1
66c4ba164fd1fd0e3c30e568,,国台办：坚决支持,2024-03-15,‍,1,原創,10,环球网,1,0,66c4ba164fd1fd0e3c30e568_51,66c4ba164fd1fd0e3c30e568,1
66c4ba164fd1fd0e3c30e568,,国台办：坚决支持,2024-03-15,‍,1,原創,10,环球网,1,0,66c4ba164fd1fd0e3c30e568_52,66c4ba164fd1fd0e3c30e568,1
66c4ba164fd1fd0e3c30e568,,国台办：坚决支持,2024-03-15,‍,1,原創,10,环球网,1,0,66c4ba164fd1fd0e3c30e568_53,66c4ba164fd1fd0e3c30e568,1
66c4ba164fd1fd0e3c30e568,,国台办：坚决支持,2024-03-15,‍,1,原創,10,环球网,1,0,66c4ba164fd1fd0e3c30e568_54,66c4ba164fd1fd0e3c30e568,1
66c4ba164fd1fd0e3c30e568,,国台办：坚决支持,2024-03-15,‍,1,原創,10,环球网,1,0,66c4ba164fd1fd0e3c30e568_55,66c4ba164fd1fd0e3c30e568,1
66c4ba164fd1fd0e3c30e568,,国台办：坚决支持,2024-03-15,‍,1,原創,10,环球网,1,0,66c4ba164fd1fd0e3c30e568_56,66c4ba164fd1fd0e3c30e568,1
66c4ba164fd1fd0e3c30e568,,国台办：坚决支持,2024-03-15,‍,1,原創,10,环球网,1,0,66c4ba164fd1fd0e3c30e568_57,66c4ba164fd1fd0e3c30e568,1
66c4ba164fd1fd0e3c30e568,,国台办：坚决支持,2024-03-15,‍,1,原創,10,环球网,1,0,66c4ba164fd1fd0e3c30e568_58,66c4ba164fd1fd0e3c30e568,1
66c4ba164fd1fd0e3c30e568,,国台办：坚决支持,2024-03-15,‍,1,原創,10,环球网,1,0,66c4ba164fd1fd0e3c30e568_59,66c4ba164fd1fd0e3c30e568,1
66c4ba164fd1fd0e3c30e568,,国台办：坚决支持,2024-03-15,‍,1,原創,10,环球网,1,0,66c4ba164fd1fd0e3c30e568_60,66c4ba164fd1fd0e3c30e568,1
66c4ba164fd1fd0e3c30e568,,国台办：坚决支持,2024-03-15,‍,1,原創,10,环球网,1,0,66c4ba164fd1fd0e3c30e568_61,66c4ba164fd1fd0e3c30e568,1
66c4ba164fd1fd0e3c30e568,,国台办：坚决支持,2024-03-15,‍,1,原創,10,环球网,1,0,66c4ba164fd1fd0e3c30e568_62,66c4ba164fd1fd0e3c30e568,1
66c4ba164fd1fd0e3c30e568,,国台办：坚决支持,2024-03-15,‍,1,原創,10,环球网,1,0,66c4ba164fd1fd0e3c30e568_63,66c4ba164fd1fd0e3c30e568,1
66c4ba164fd1fd0e3c30e568,,国台办：坚决支持,2024-03-15,‍,1,原創,10,环球网,1,0,66c4ba164fd1fd0e3c30e568_64,66c4ba164fd1fd0e3c30e568,1
66c4ba164fd1fd0e3c30e568,,国台办：坚决支持,2024-03-15,‍,1,原創,10,环球网,1,0,66c4ba164fd1fd0e3c30e568_65,66c4ba164fd1fd0e3c30e568,1
66c4ba164fd1fd0e3c30e568,,国台办：坚决支持,2024-03-15,‍,1,原創,10,环球网,1,0,66c4ba164fd1fd0e3c30e568_66,66c4ba164fd1fd0e3c30e568,1
66c4ba164fd1fd0e3c30e568,,国台办：坚决支持,2024-03-15,‍,1,原創,10,环球网,1,0,66c4ba164fd1fd0e3c30e568_67,66c4ba164fd1fd0e3c30e568,1
66c4ba164fd1fd0e3c30e568,,国台办：坚决支持,2024-03-15,‍,1,原創,10,环球网,1,0,66c4ba164fd1fd0e3c30e568_68,66c4ba164fd1fd0e3c30e568,1
66c4ba164fd1fd0e3c30e568,,国台办：坚决支持,2024-03-15,‍,1,原創,10,环球网,1,0,66c4ba164fd1fd0e3c30e568_69,66c4ba164fd1fd0e3c30e568,1
66c4ba164fd1fd0e3c30e568,,国台办：坚决支持,2024-03-15,‍,1,原創,10,环球网,1,0,66c4ba164fd1fd0e3c30e568_70,66c4ba164fd1fd0e3c30e568,1
66c4ba164fd1fd0e3c30e568,,国台办：坚决支持,2024-03-15,‍,1,原創,10,环球网,1,0,66c4ba164fd1fd0e3c30e568_71,66c4ba164fd1fd0e3c30e568,1
66c4ba164fd1fd0e3c30e568,,国台办：坚决支持,2024-03-15,‍,1,原創,10,环球网,1,0,66c4ba164fd1fd0e3c30e568_72,66c4ba164fd1fd0e3c30e568,1
66c4ba164fd1fd0e3c30e568,,国台办：坚决支持,2024-03-15,‍,1,原創,10,环球网,1,0,66c4ba164fd1fd0e3c30e568_73,66c4ba164fd1fd0e3c30e568,1
66c4ba164fd1fd0e3c30e568,,国台办：坚决支持,2024-03-15,‍,1,原創,10,环球网,1,0,66c4ba164fd1fd0e3c30e568_74,66c4ba164fd1fd0e3c30e568,1
66c4ba164fd1fd0e3c30e568,,国台办：坚决支持,2024-03-15,‍,1,原創,10,环球网,1,0,66c4ba164fd1fd0e3c30e568_75,66c4ba164fd1fd0e3c30e568,1
66c4ba164fd1fd0e3c30e568,,国台办：坚决支持,2024-03-15,‍,1,原創,10,环球网,1,0,66c4ba164fd1fd0e3c30e568_76,66c4ba164fd1fd0e3c30e568,1
66c4ba164fd1fd0e3c30e568,,国台办：坚决支持,2024-03-15,‍,1,原創,10,环球网,1,0,66c4ba164fd1fd0e3c30e568_77,66c4ba164fd1fd0e3c30e568,1
66c4ba164fd1fd0e3c30e568,,国台办：坚决支持,2024-03-15,‍,1,原創,10,环球网,1,0,66c4ba164fd1fd0e3c30e568_78,66c4ba164fd1fd0e3c30e568,1
66c4ba164fd1fd0e3c30e568,,国台办：坚决支持,2024-03-15,‍,1,原創,10,环球网,1,0,66c4ba164fd1fd0e3c30e568_79,66c4ba164fd1fd0e3c30e568,1
66c4ba164fd1fd0e3c30e568,,国台办：坚决支持,2024-03-15,‍,1,原創,10,环球网,1,0,66c4ba164fd1fd0e3c30e568_80,66c4ba164fd1fd0e3c30e568,1
66c4ba164fd1fd0e3c30e568,,国台办：坚决支持,2024-03-15,‍,1,原創,10,环球网,1,0,66c4ba164fd1fd0e3c30e568_81,66c4ba164fd1fd0e3c30e568,1
66c4ba164fd1fd0e3c30e568,,国台办：坚决支持,2024-03-15,‍,1,原創,10,环球网,1,0,66c4ba164fd1fd0e3c30e568_82,66c4ba164fd1fd0e3c30e568,1
66c4ba164fd1fd0e3c30e568,,国台办：坚决支持,2024-03-15,‍,1,原創,10,环球网,1,0,66c4ba164fd1fd0e3c30e568_83,66c4ba164fd1fd0e3c30e568,1
66c4ba164fd1fd0e3c30e568,,国台办：坚决支持,2024-03-15,‍,1,原創,10,环球网,1,0,66c4ba164fd1fd0e3c30e568_84,66c4ba164fd1fd0e3c30e568,1
66c4ba164fd1fd0e3c30e568,,国台办：坚决支持,2024-03-15,‍,1,原創,10,环球网,1,0,66c4ba164fd1fd0e3c30e568_85,66c4ba164fd1fd0e3c30e568,1
66c4ba164fd1fd0e3c30e568,,国台办：坚决支持,2024-03-15,‍,1,原創,10,环球网,1,0,66c4ba164fd1fd0e3c30e568_86,66c4ba164fd1fd0e3c30e568,1
66c4ba164fd1fd0e3c30e568,,国台办：坚决支持,2024-03-15,‍,1,原創,10,环球网,1,0,66c4ba164fd1fd0e3c30e568_87,66c4ba164fd1fd0e3c30e568,1
66c4ba164fd1fd0e3c30e568,,国台办：坚决支持,2024-03-15,‍,1,原創,10,环球网,1,0,66c4ba164fd1fd0e3c30e568_88,66c4ba164fd1fd0e3c30e568,1
66c4ba164fd1fd0e3c30e568,,国台办：坚决支持,2024-03-15,‍,1,原創,10,环球网,1,0,66c4ba164fd1fd0e3c30e568_89,66c4ba164fd1fd0e3c30e568,1
66c4ba164fd1fd0e3c30e568,,国台办：坚决支持,2024-03-15,‍,1,原創,10,环球网,1,0,66c4ba164fd1fd0e3c30e568_90,66c4ba164fd1fd0e3c30e568,1
66c4ba164fd1fd0e3c30e568,,国台办：坚决支持,2024-03-15,‍,1,原創,10,环球网,1,0,66c4ba164fd1fd0e3c30e568_91,66c4ba164fd1fd0e3c30e568,1
66c4ba164fd1fd0e3c30e568,,国台办：坚决支持,2024-03-15,‍,1,原創,10,环球网,1,0,66c4ba164fd1fd0e3c30e568_92,66c4ba164fd1fd0e3c30e568,1
66c4ba164fd1fd0e3c30e568,,国台办：坚决支持,2024-03-15,‍,1,原創,10,环球网,1,0,66c4ba164fd1fd0e3c30e568_93,66c4ba164fd1fd0e3c30e568,1
66c4ba164fd1fd0e3c30e568,,国台办：坚决支持,2024-03-15,‍,1,原創,10,环球网,1,0,66c4ba164fd1fd0e3c30e568_94,66c4ba164fd1fd0e3c30e568,1
66c4ba164fd1fd0e3c30e568,,国台办：坚决支持,2024-03-15,‍,1,原創,10,环球网,1,0,66c4ba164fd1fd0e3c30e568_95,66c4ba164fd1fd0e3c30e568,1
66c4ba164fd1fd0e3c30e568,,国台办：坚决支持,2024-03-15,‍,1,原創,10,环球网,1,0,66c4ba164fd1fd0e3c30e568_96,66c4ba164fd1fd0e3c30e568,1
66c4ba164fd1fd0e3c30e568,,国台办：坚决支持,2024-03-15,‍,1,原創,10,环球网,1,0,66c4ba164fd1fd0e3c30e568_97,66c4ba164fd1fd0e3c30e568,1
66c4ba164fd1fd0e3c30e568,,国台办：坚决支持,2024-03-15,‍,1,原創,10,环球网,1,0,66c4ba164fd1fd0e3c30e568_98,66c4ba164fd1fd0e3c30e568,1
66c4ba164fd1fd0e3c30e568,,国台办：坚决支持,2024-03-15,‍,1,原創,10,环球网,1,0,66c4ba164fd1fd0e3c30e568_99,66c4ba164fd1fd0e3c30e568,1
66c4ba164fd1fd0e3c30e568,,国台办：坚决支持,2024-03-15,‍,1,原創,10,环球网,1,0,66c4ba164fd1fd0e3c30e568_100,66c4ba164fd1fd0e3c30e568,1
66c4ba164fd1fd0e3c30e568,,国台办：坚决支持,2024-03-15,‍,1,原創,10,环球网,1,0,66c4ba164fd1fd0e3c30e568_101,66c4ba164fd1fd0e3c30e568,1
66c4ba164fd1fd0e3c30e568,,国台办：坚决支持,2024-03-15,‍,1,原創,10,环球网,1,0,66c4ba164fd1fd0e3c30e568_102,66c4ba164fd1fd0e3c30e568,1
66c4ba164fd1fd0e3c30e568,,国台办：坚决支持,2024-03-15,‍,1,原創,10,环球网,1,0,66c4ba164fd1fd0e3c30e568_103,66c4ba164fd1fd0e3c30e568,1
66c4ba164fd1fd0e3c30e568,,国台办：坚决支持,2024-03-15,‍,1,原創,10,环球网,1,0,66c4ba164fd1fd0e3c30e568_104,66c4ba164fd1fd0e3c30e568,1
66c4ba164fd1fd0e3c30e568,,国台办：坚决支持,2024-03-15,‍,1,原創,10,环球网,1,0,66c4ba164fd1fd0e3c30e568_105,66c4ba164fd1fd0e3c30e568,1
66c4ba164fd1fd0e3c30e568,,国台办：坚决支持,2024-03-15,‍,1,原創,10,环球网,1,0,66c4ba164fd1fd0e3c30e568_106,66c4ba164fd1fd0e3c30e568,1
66c4ba164fd1fd0e3c30e568,,国台办：坚决支持,2024-03-15,‍,1,原創,10,环球网,1,0,66c4ba164fd1fd0e3c30e568_107,66c4ba164fd1fd0e3c30e568,1
66c4ba164fd1fd0e3c30e568,,国台办：坚决支持,2024-03-15,‍,1,原創,10,环球网,1,0,66c4ba164fd1fd0e3c30e568_108,66c4ba164fd1fd0e3c30e568,1
66c4ba164fd1fd0e3c30e568,,国台办：坚决支持,2024-03-15,‍,1,原創,10,环球网,1,0,66c4ba164fd1fd0e3c30e568_109,66c4ba164fd1fd0e3c30e568,1
66c4ba164fd1fd0e3c30e568,,国台办：坚决支持,2024-03-15,‍,1,原創,10,环球网,1,0,66c4ba164fd1fd0e3c30e568_110,66c4ba164fd1fd0e3c30e568,1
66c4ba164fd1fd0e3c30e568,,国台办：坚决支持,2024-03-15,‍,1,原創,10,环球网,1,0,66c4ba164fd1fd0e3c30e568_111,66c4ba164fd1fd0e3c30e568,1
66c4ba164fd1fd0e3c30e568,,国台办：坚决支持,2024-03-15,‍,1,原創,10,环球网,1,0,66c4ba164fd1fd0e3c30e568_112,66c4ba164fd1fd0e3c30e568,1
66c4ba164fd1fd0e3c30e568,,国台办：坚决支持,2024-03-15,‍,1,原創,10,环球网,1,0,66c4ba164fd1fd0e3c30e568_113,66c4ba164fd1fd0e3c30e568,1
66c4ba164fd1fd0e3c30e568,,国台办：坚决支持,2024-03-15,‍,1,原創,10,环球网,1,0,66c4ba164fd1fd0e3c30e568_114,66c4ba164fd1fd0e3c30e568,1
66c4ba164fd1fd0e3c30e568,,国台办：坚决支持,2024-03-15,‍,1,原創,10,环球网,1,0,66c4ba164fd1fd0e3c30e568_115,66c4ba164fd1fd0e3c30e568,1
66c4ba164fd1fd0e3c30e568,,国台办：坚决支持,2024-03-15,‍,1,原創,10,环球网,1,0,66c4ba164fd1fd0e3c30e568_116,66c4ba164fd1fd0e3c30e568,1
66c4ba164fd1fd0e3c30e568,,国台办：坚决支持,2024-03-15,‍,1,原創,10,环球网,1,0,66c4ba164fd1fd0e3c30e568_117,66c4ba164fd1fd0e3c30e568,1
66c4ba164fd1fd0e3c30e568,,国台办：坚决支持,2024-03-15,‍,1,原創,10,环球网,1,0,66c4ba164fd1fd0e3c30e568_118,66c4ba164fd1fd0e3c30e568,1
66c4ba164fd1fd0e3c30e568,,国台办：坚决支持,2024-03-15,‍,1,原創,10,环球网,1,0,66c4ba164fd1fd0e3c30e568_119,66c4ba164fd1fd0e3c30e568,1
66c4ba164fd1fd0e3c30e568,,国台办：坚决支持,2024-03-15,‍,1,原創,10,环球网,1,0,66c4ba164fd1fd0e3c30e568_120,66c4ba164fd1fd0e3c30e568,1
66c4ba164fd1fd0e3c30e568,,国台办：坚决支持,2024-03-15,‍,1,原創,10,环球网,1,0,66c4ba164fd1fd0e3c30e568_121,66c4ba164fd1fd0e3c30e568,1
66c4ba164fd1fd0e3c30e568,,国台办：坚决支持,2024-03-15,‍,1,原創,10,环球网,1,0,66c4ba164fd1fd0e3c30e568_122,66c4ba164fd1fd0e3c30e568,1
66c4ba164fd1fd0e3c30e568,,国台办：坚决支持,2024-03-15,‍,1,原創,10,环球网,1,0,66c4ba164fd1fd0e3c30e568_123,66c4ba164fd1fd0e3c30e568,1
66c4ba164fd1fd0e3c30e568,,国台办：坚决支持,2024-03-15,‍,1,原創,10,环球网,1,0,66c4ba164fd1fd0e3c30e568_124,66c4ba164fd1fd0e3c30e568,1
66c4ba164fd1fd0e3c30e568,,国台办：坚决支持,2024-03-15,‍,1,原創,10,环球网,1,0,66c4ba164fd1fd0e3c30e568_125,66c4ba164fd1fd0e3c30e568,1
66c4ba164fd1fd0e3c30e568,,国台办：坚决支持,2024-03-15,‍,1,原創,10,环球网,1,0,66c4ba164fd1fd0e3c30e568_126,66c4ba164fd1fd0e3c30e568,1
66c4ba164fd1fd0e3c30e568,,国台办：坚决支持,2024-03-15,‍,1,原創,10,环球网,1,0,66c4ba164fd1fd0e3c30e568_127,66c4ba164fd1fd0e3c30e568,1
66c4ba164fd1fd0e3c30e568,,国台办：坚决支持,2024-03-15,‍,1,原創,10,环球网,1,0,66c4ba164fd1fd0e3c30e568_128,66c4ba164fd1fd0e3c30e568,1
66c4ba164fd1fd0e3c30e568,,国台办：坚决支持,2024-03-15,‍,1,原創,10,环球网,1,0,66c4ba164fd1fd0e3c30e568_129,66c4ba164fd1fd0e3c30e568,1
66c4ba164fd1fd0e3c30e568,,国台办：坚决支持,2024-03-15,‍,1,原創,10,环球网,1,0,66c4ba164fd1fd0e3c30e568_130,66c4ba164fd1fd0e3c30e568,1
66c4ba164fd1fd0e3c30e568,,国台办：坚决支持,2024-03-15,‍,1,原創,10,环球网,1,0,66c4ba164fd1fd0e3c30e568_131,66c4ba164fd1fd0e3c30e568,1
66c4ba164fd1fd0e3c30e568,,国台办：坚决支持,2024-03-15,‍,1,原創,10,环球网,1,0,66c4ba164fd1fd0e3c30e568_132,66c4ba164fd1fd0e3c30e568,1
66c4ba164fd1fd0e3c30e568,,国台办：坚决支持,2024-03-15,‍,1,原創,10,环球网,1,0,66c4ba164fd1fd0e3c30e568_133,66c4ba164fd1fd0e3c30e568,1
66c4ba164fd1fd0e3c30e568,,国台办：坚决支持,2024-03-15,‍,1,原創,10,环球网,1,0,66c4ba164fd1fd0e3c30e568_134,66c4ba164fd1fd0e3c30e568,1
66c4ba164fd1fd0e3c30e568,,国台办：坚决支持,2024-03-15,‍,1,原創,10,环球网,1,0,66c4ba164fd1fd0e3c30e568_135,66c4ba164fd1fd0e3c30e568,1
66c4ba164fd1fd0e3c30e568,,国台办：坚决支持,2024-03-15,‍,1,原創,10,环球网,1,0,66c4ba164fd1fd0e3c30e568_136,66c4ba164fd1fd0e3c30e568,1
66c4ba164fd1fd0e3c30e568,,国台办：坚决支持,2024-03-15,‍,1,原創,10,环球网,1,0,66c4ba164fd1fd0e3c30e568_137,66c4ba164fd1fd0e3c30e568,1
66c4ba164fd1fd0e3c30e568,,国台办：坚决支持,2024-03-15,‍,1,原創,10,环球网,1,0,66c4ba164fd1fd0e3c30e568_138,66c4ba164fd1fd0e3c30e568,1
66c4ba164fd1fd0e3c30e568,,国台办：坚决支持,2024-03-15,‍,1,原創,10,环球网,1,0,66c4ba164fd1fd0e3c30e568_139,66c4ba164fd1fd0e3c30e568,1
66c4ba164fd1fd0e3c30e568,,国台办：坚决支持,2024-03-15,‍,1,原創,10,环球网,1,0,66c4ba164fd1fd0e3c30e568_140,66c4ba164fd1fd0e3c30e568,1
66c4ba164fd1fd0e3c30e568,,国台办：坚决支持,2024-03-15,‍,1,原創,10,环球网,1,0,66c4ba164fd1fd0e3c30e568_141,66c4ba164fd1fd0e3c30e568,1
66c4ba164fd1fd0e3c30e568,,国台办：坚决支持,2024-03-15,‍,1,原創,10,环球网,1,0,66c4ba164fd1fd0e3c30e568_142,66c4ba164fd1fd0e3c30e568,1
66c4ba164fd1fd0e3c30e568,,国台办：坚决支持,2024-03-15,‍,1,原創,10,环球网,1,0,66c4ba164fd1fd0e3c30e568_143,66c4ba164fd1fd0e3c30e568,1
66c4ba164fd1fd0e3c30e568,,国台办：坚决支持,2024-03-15,‍,1,原創,10,环球网,1,0,66c4ba164fd1fd0e3c30e568_144,66c4ba164fd1fd0e3c30e568,1
66c4ba164fd1fd0e3c30e568,,国台办：坚决支持,2024-03-15,‍,1,原創,10,环球网,1,0,66c4ba164fd1fd0e3c30e568_145,66c4ba164fd1fd0e3c30e568,1
66c4ba164fd1fd0e3c30e568,,国台办：坚决支持,2024-03-15,‍,1,原創,10,环球网,1,0,66c4ba164fd1fd0e3c30e568_146,66c4ba164fd1fd0e3c30e568,1
66c4ba164fd1fd0e3c30e568,,国台办：坚决支持,2024-03-15,‍,1,原創,10,环球网,1,0,66c4ba164fd1fd0e3c30e568_147,66c4ba164fd1fd0e3c30e568,1
66c4ba164fd1fd0e3c30e568,,国台办：坚决支持,2024-03-15,‍,1,原創,10,环球网,1,0,66c4ba164fd1fd0e3c30e568_148,66c4ba164fd1fd0e3c30e568,1
66c4ba164fd1fd0e3c30e568,,国台办：坚决支持,2024-03-15,‍,1,原創,10,环球网,1,0,66c4ba164fd1fd0e3c30e568_149,66c4ba164fd1fd0e3c30e568,1
66c4ba164fd1fd0e3c30e568,,国台办：坚决支持,2024-03-15,‍,1,原創,10,环球网,1,0,66c4ba164fd1fd0e3c30e568_150,66c4ba164fd1fd0e3c30e568,1
66c4ba164fd1fd0e3c30e568,,国台办：坚决支持,2024-03-15,‍,1,原創,10,环球网,1,0,66c4ba164fd1fd0e3c30e568_151,66c4ba164fd1fd0e3c30e568,1
66c4ba164fd1fd0e3c30e56b,,台湾伪“海巡署”造成中国大陆渔民两人死亡！渔民到底越了什么“界”？,2024-02-16,‍,0,我是军武菌,29,军武次位面,0,1,66c4ba164fd1fd0e3c30e56b_88,66c4ba164fd1fd0e3c30e56b,1
66c4ba164fd1fd0e3c30e56c,,台媒炒作大陆“穿岛气球”？其实台湾才是始作俑者！,2024-02-13,‍,0,我是军武菌,33,军武次位面,0,1,66c4ba164fd1fd0e3c30e56c_2,66c4ba164fd1fd0e3c30e56c,1
66c4ba164fd1fd0e3c30e56e,,被谎言遮掩的真相：台方驱离福建渔船致死事件前后,2024-02-23,。,1,南都报道,10,南方都市报,0,1,66c4ba164fd1fd0e3c30e56e_23,66c4ba164fd1fd0e3c30e56e,1
66c4ba164fd1fd0e3c30e574,,来了！新闻早班车,2024-02-26,。,1,原創,11,人民日报,1,0,66c4ba164fd1fd0e3c30e574_27,66c4ba164fd1fd0e3c30e574,1
66c4ba164fd1fd0e3c30e578,,照片曝光！台最神秘导弹部队正瞄准解放军舰队？,2024-03-06,·,1,老司机马识途,8,枢密院十号,0,0,66c4ba164fd1fd0e3c30e578_2,66c4ba164fd1fd0e3c30e578,1
66c4ba164fd1fd0e3c30e57a,,【解局】民进党当局必须给大陆渔民一个交代,2024-02-23,‍,1,黑白自在,4,侠客岛,1,0,66c4ba164fd1fd0e3c30e57a_9,66c4ba164fd1fd0e3c30e57a,1
66c4ba164fd1fd0e3c30e57a,,【解局】民进党当局必须给大陆渔民一个交代,2024-02-23,‍,1,黑白自在,4,侠客岛,1,0,66c4ba164fd1fd0e3c30e57a_10,66c4ba164fd1fd0e3c30e57a,1
66c4ba164fd1fd0e3c30e57b,,【解局】民进党当局必须给大陆渔民一个交代,2024-02-23,‍,1,黑白自在,4,侠客岛,1,0,66c4ba164fd1fd0e3c30e57b_9,66c4ba164fd1fd0e3c30e57b,1
66c4ba164fd1fd0e3c30e57b,,【解局】民进党当局必须给大陆渔民一个交代,2024-02-23,‍,1,黑白自在,4,侠客岛,1,0,66c4ba164fd1fd0e3c30e57b_10,66c4ba164fd1fd0e3c30e57b,1
66c4ba164fd1fd0e3c30e57c,,【解局】民进党当局必须给大陆渔民一个交代,2024-02-23,‍,1,黑白自在,4,侠客岛,1,0,66c4ba164fd1fd0e3c30e57c_9,66c4ba164fd1fd0e3c30e57c,1
66c4ba164fd1fd0e3c30e57c,,【解局】民进党当局必须给大陆渔民一个交代,2024-02-23,‍,1,黑白自在,4,侠客岛,1,0,66c4ba164fd1fd0e3c30e57c_10,66c4ba164fd1fd0e3c30e57c,1
66c4ba164fd1fd0e3c30e57d,,【解局】民进党当局必须给大陆渔民一个交代,2024-02-23,‍,1,黑白自在,4,侠客岛,1,0,66c4ba164fd1fd0e3c30e57d_9,66c4ba164fd1fd0e3c30e57d,1
66c4ba164fd1fd0e3c30e57d,,【解局】民进党当局必须给大陆渔民一个交代,2024-02-23,‍,1,黑白自在,4,侠客岛,1,0,66c4ba164fd1fd0e3c30e57d_10,66c4ba164fd1fd0e3c30e57d,1
66c4ba164fd1fd0e3c30e581,,一天一个价！金价“狂飙”！还会再涨吗？,2024-03-31,‍,1,原創,23,央视网,1,0,66c4ba164fd1fd0e3c30e581_26,66c4ba164fd1fd0e3c30e581,1
66c4ba164fd1fd0e3c30e581,,一天一个价！金价“狂飙”！还会再涨吗？,2024-03-31,‍,1,原創,23,央视网,1,0,66c4ba164fd1fd0e3c30e581_27,66c4ba164fd1fd0e3c30e581,1
66c4ba164fd1fd0e3c30e582,,品牌金店关门，上亿黄金不知去向！深度调查→,2024-03-30,‍,1,原創,30,央视网,1,0,66c4ba164fd1fd0e3c30e582_49,66c4ba164fd1fd0e3c30e582,1
66c4ba164fd1fd0e3c30e582,,品牌金店关门，上亿黄金不知去向！深度调查→,2024-03-30,‍,1,原創,30,央视网,1,0,66c4ba164fd1fd0e3c30e582_50,66c4ba164fd1fd0e3c30e582,1
66c4ba164fd1fd0e3c30e583,,【8点见】要求无臂男子出示残疾证，武汉地铁道歉！,2024-03-23,》,1,原創,23,央视网,1,0,66c4ba164fd1fd0e3c30e583_28,66c4ba164fd1fd0e3c30e583,1
66c4ba164fd1fd0e3c30e585,,早啊！新闻来了〔2024.03.28〕,2024-03-28,‍,1,原創,14,央视新闻,0,0,66c4ba164fd1fd0e3c30e585_21,66c4ba164fd1fd0e3c30e585,1
66c4ba164fd1fd0e3c30e586,,台军要在金门等地实弹射击？国台办：胆敢轻举妄动，必遭失败,2024-03-27,▌,1,原創,2,央视新闻,0,0,66c4ba164fd1fd0e3c30e586_3,66c4ba164fd1fd0e3c30e586,1
66c4ba164fd1fd0e3c30e587,,早啊！新闻来了〔2024.03.23〕,2024-03-23,）,1,原創,23,央视新闻,0,0,66c4ba164fd1fd0e3c30e587_12,66c4ba164fd1fd0e3c30e587,1
66c4ba164fd1fd0e3c30e587,,早啊！新闻来了〔2024.03.23〕,2024-03-23,‍,1,原創,23,央视新闻,0,0,66c4ba164fd1fd0e3c30e587_45,66c4ba164fd1fd0e3c30e587,1
66c4ba164fd1fd0e3c30e587,,早啊！新闻来了〔2024.03.23〕,2024-03-23,/,1,原創,23,央视新闻,0,0,66c4ba164fd1fd0e3c30e587_55,66c4ba164fd1fd0e3c30e587,1
66c4ba164fd1fd0e3c30e588,,国台办：2名金门遇险人员中，1人已被送返,2024-03-22,▌,1,原創,1,央视新闻,0,0,66c4ba164fd1fd0e3c30e588_7,66c4ba164fd1fd0e3c30e588,1
66c4ba164fd1fd0e3c30e588,,国台办：2名金门遇险人员中，1人已被送返,2024-03-22,/,1,原創,1,央视新闻,0,0,66c4ba164fd1fd0e3c30e588_15,66c4ba164fd1fd0e3c30e588,1
66c4ba164fd1fd0e3c30e589,,早啊！新闻来了〔2024.03.16〕,2024-03-16,○,1,原創,15,央视新闻,0,0,66c4ba164fd1fd0e3c30e589_4,66c4ba164fd1fd0e3c30e589,1
66c4ba164fd1fd0e3c30e589,,早啊！新闻来了〔2024.03.16〕,2024-03-16,，,1,原創,15,央视新闻,0,0,66c4ba164fd1fd0e3c30e589_15,66c4ba164fd1fd0e3c30e589,1
66c4ba164fd1fd0e3c30e589,,早啊！新闻来了〔2024.03.16〕,2024-03-16,”,1,原創,15,央视新闻,0,0,66c4ba164fd1fd0e3c30e589_18,66c4ba164fd1fd0e3c30e589,1
66c4ba164fd1fd0e3c30e589,,早啊！新闻来了〔2024.03.16〕,2024-03-16,、,1,原創,15,央视新闻,0,0,66c4ba164fd1fd0e3c30e589_25,66c4ba164fd1fd0e3c30e589,1
66c4ba164fd1fd0e3c30e589,,早啊！新闻来了〔2024.03.16〕,2024-03-16,）,1,原創,15,央视新闻,0,0,66c4ba164fd1fd0e3c30e589_32,66c4ba164fd1fd0e3c30e589,1
66c4ba164fd1fd0e3c30e589,,早啊！新闻来了〔2024.03.16〕,2024-03-16,/,1,原創,15,央视新闻,0,0,66c4ba164fd1fd0e3c30e589_81,66c4ba164fd1fd0e3c30e589,1
66c4ba164fd1fd0e3c30e58a,,国台办：坚决支持,2024-03-15,▌,1,原創,2,央视新闻,0,0,66c4ba164fd1fd0e3c30e58a_6,66c4ba164fd1fd0e3c30e58a,1
66c4ba164fd1fd0e3c30e58a,,国台办：坚决支持,2024-03-15,/,1,原創,2,央视新闻,0,0,66c4ba164fd1fd0e3c30e58a_13,66c4ba164fd1fd0e3c30e58a,1
66c4ba164fd1fd0e3c30e58b,,原创丨做好应对突发准备，国防部释放3重大信号，与菲律宾和台湾都有关！,2024-03-29,：,0,占豪,7,占豪,0,1,66c4ba164fd1fd0e3c30e58b_36,66c4ba164fd1fd0e3c30e58b,1
66c4ba164fd1fd0e3c30e58d,,原创丨5艘航母，美国开始介入！中国发出最强信号！统一台湾进程大大加快！,2024-02-23,。,0,占豪,10,占豪,0,1,66c4ba164fd1fd0e3c30e58d_8,66c4ba164fd1fd0e3c30e58d,1
66c4ba164fd1fd0e3c30e58d,,原创丨5艘航母，美国开始介入！中国发出最强信号！统一台湾进程大大加快！,2024-02-23,《,0,占豪,10,占豪,0,1,66c4ba164fd1fd0e3c30e58d_13,66c4ba164fd1fd0e3c30e58d,1
66c4ba164fd1fd0e3c30e58d,,原创丨5艘航母，美国开始介入！中国发出最强信号！统一台湾进程大大加快！,2024-02-23,》,0,占豪,10,占豪,0,1,66c4ba164fd1fd0e3c30e58d_15,66c4ba164fd1fd0e3c30e58d,1
66c4ba164fd1fd0e3c30e58d,,原创丨5艘航母，美国开始介入！中国发出最强信号！统一台湾进程大大加快！,2024-02-23,！,0,占豪,10,占豪,0,1,66c4ba164fd1fd0e3c30e58d_34,66c4ba164fd1fd0e3c30e58d,1
66c4ba164fd1fd0e3c30e58e,,原创丨重大机会：台湾威胁开炮！福建海警强制登船检查！乌克兰和中东都有大消息！,2024-02-20,：,0,占豪,8,占豪,0,1,66c4ba164fd1fd0e3c30e58e_9,66c4ba164fd1fd0e3c30e58e,1
66c4ba164fd1fd0e3c30e58e,,原创丨重大机会：台湾威胁开炮！福建海警强制登船检查！乌克兰和中东都有大消息！,2024-02-20,：,0,占豪,8,占豪,0,1,66c4ba164fd1fd0e3c30e58e_11,66c4ba164fd1fd0e3c30e58e,1
66c4ba164fd1fd0e3c30e58f,,中国人口大迁移：3000县全景呈现,2024-02-10,、,0,任泽平,22,正商阅读,0,1,66c4ba164fd1fd0e3c30e58f_47,66c4ba164fd1fd0e3c30e58f,1
66c4ba164fd1fd0e3c30e58f,,中国人口大迁移：3000县全景呈现,2024-02-10,、,0,任泽平,22,正商阅读,0,1,66c4ba164fd1fd0e3c30e58f_61,66c4ba164fd1fd0e3c30e58f,1
66c4ba164fd1fd0e3c30e58f,,中国人口大迁移：3000县全景呈现,2024-02-10,、,0,任泽平,22,正商阅读,0,1,66c4ba164fd1fd0e3c30e58f_102,66c4ba164fd1fd0e3c30e58f,1
66c4ba164fd1fd0e3c30e5a1,,早安！新闻早餐来了|2024-3-28,2024-03-28,。,1,原創,8,中国新闻网,1,0,66c4ba164fd1fd0e3c30e5a1_6,66c4ba164fd1fd0e3c30e5a1,1
66c4ba164fd1fd0e3c30e5a1,,早安！新闻早餐来了|2024-3-28,2024-03-28,|,1,原創,8,中国新闻网,1,0,66c4ba164fd1fd0e3c30e5a1_54,66c4ba164fd1fd0e3c30e5a1,1
66c4ba164fd1fd0e3c30e5a1,,早安！新闻早餐来了|2024-3-28,2024-03-28,|,1,原創,8,中国新闻网,1,0,66c4ba164fd1fd0e3c30e5a1_58,66c4ba164fd1fd0e3c30e5a1,1
66c4ba164fd1fd0e3c30e5a1,,早安！新闻早餐来了|2024-3-28,2024-03-28,|,1,原創,8,中国新闻网,1,0,66c4ba164fd1fd0e3c30e5a1_62,66c4ba164fd1fd0e3c30e5a1,1
66c4ba164fd1fd0e3c30e5b6,,三分钟新闻早知道,2024-03-19,）,1,长安君,16,中央政法委长安剑,0,0,66c4ba164fd1fd0e3c30e5b6_74,66c4ba164fd1fd0e3c30e5b6,1
66c4ba164fd1fd0e3c30e5b8,,突然“跑路”！卷走价值5000万黄金！网友：金店也跑路？还能信什么？,2024-03-25,👇,0,原創,9,凤凰网财经,0,1,66c4ba164fd1fd0e3c30e5b8_44,66c4ba164fd1fd0e3c30e5b8,1
66c4ba164fd1fd0e3c30e5b8,,突然“跑路”！卷走价值5000万黄金！网友：金店也跑路？还能信什么？,2024-03-25,👇,0,原創,9,凤凰网财经,0,1,66c4ba164fd1fd0e3c30e5b8_45,66c4ba164fd1fd0e3c30e5b8,1
66c4ba164fd1fd0e3c30e5b8,,突然“跑路”！卷走价值5000万黄金！网友：金店也跑路？还能信什么？,2024-03-25,👇,0,原創,9,凤凰网财经,0,1,66c4ba164fd1fd0e3c30e5b8_48,66c4ba164fd1fd0e3c30e5b8,1
66c4ba164fd1fd0e3c30e5bb,,台媒：生还大陆船员启程返大陆,2024-02-20,‍,1,李律杉,9,环球网,1,0,66c4ba164fd1fd0e3c30e5bb_9,66c4ba164fd1fd0e3c30e5bb,1
66c4ba164fd1fd0e3c30e5bb,,台媒：生还大陆船员启程返大陆,2024-02-20,‍,1,李律杉,9,环球网,1,0,66c4ba164fd1fd0e3c30e5bb_10,66c4ba164fd1fd0e3c30e5bb,1
66c4ba164fd1fd0e3c30e5bb,,台媒：生还大陆船员启程返大陆,2024-02-20,‍,1,李律杉,9,环球网,1,0,66c4ba164fd1fd0e3c30e5bb_11,66c4ba164fd1fd0e3c30e5bb,1
66c4ba164fd1fd0e3c30e5bb,,台媒：生还大陆船员启程返大陆,2024-02-20,‍,1,李律杉,9,环球网,1,0,66c4ba164fd1fd0e3c30e5bb_12,66c4ba164fd1fd0e3c30e5bb,1
66c4ba164fd1fd0e3c30e5bb,,台媒：生还大陆船员启程返大陆,2024-02-20,‍,1,李律杉,9,环球网,1,0,66c4ba164fd1fd0e3c30e5bb_13,66c4ba164fd1fd0e3c30e5bb,1
66c4ba164fd1fd0e3c30e5bb,,台媒：生还大陆船员启程返大陆,2024-02-20,‍,1,李律杉,9,环球网,1,0,66c4ba164fd1fd0e3c30e5bb_14,66c4ba164fd1fd0e3c30e5bb,1
66c4ba164fd1fd0e3c30e5bb,,台媒：生还大陆船员启程返大陆,2024-02-20,‍,1,李律杉,9,环球网,1,0,66c4ba164fd1fd0e3c30e5bb_15,66c4ba164fd1fd0e3c30e5bb,1
66c4ba164fd1fd0e3c30e5bb,,台媒：生还大陆船员启程返大陆,2024-02-20,‍,1,李律杉,9,环球网,1,0,66c4ba164fd1fd0e3c30e5bb_16,66c4ba164fd1fd0e3c30e5bb,1
66c4ba164fd1fd0e3c30e5bb,,台媒：生还大陆船员启程返大陆,2024-02-20,‍,1,李律杉,9,环球网,1,0,66c4ba164fd1fd0e3c30e5bb_17,66c4ba164fd1fd0e3c30e5bb,1
66c4ba164fd1fd0e3c30e5bb,,台媒：生还大陆船员启程返大陆,2024-02-20,‍,1,李律杉,9,环球网,1,0,66c4ba164fd1fd0e3c30e5bb_18,66c4ba164fd1fd0e3c30e5bb,1
66c4ba164fd1fd0e3c30e5bb,,台媒：生还大陆船员启程返大陆,2024-02-20,‍,1,李律杉,9,环球网,1,0,66c4ba164fd1fd0e3c30e5bb_19,66c4ba164fd1fd0e3c30e5bb,1
66c4ba164fd1fd0e3c30e5bb,,台媒：生还大陆船员启程返大陆,2024-02-20,‍,1,李律杉,9,环球网,1,0,66c4ba164fd1fd0e3c30e5bb_20,66c4ba164fd1fd0e3c30e5bb,1
66c4ba164fd1fd0e3c30e5bb,,台媒：生还大陆船员启程返大陆,2024-02-20,‍,1,李律杉,9,环球网,1,0,66c4ba164fd1fd0e3c30e5bb_21,66c4ba164fd1fd0e3c30e5bb,1
66c4ba164fd1fd0e3c30e5bb,,台媒：生还大陆船员启程返大陆,2024-02-20,‍,1,李律杉,9,环球网,1,0,66c4ba164fd1fd0e3c30e5bb_22,66c4ba164fd1fd0e3c30e5bb,1
66c4ba164fd1fd0e3c30e5bb,,台媒：生还大陆船员启程返大陆,2024-02-20,‍,1,李律杉,9,环球网,1,0,66c4ba164fd1fd0e3c30e5bb_23,66c4ba164fd1fd0e3c30e5bb,1
66c4ba164fd1fd0e3c30e5bb,,台媒：生还大陆船员启程返大陆,2024-02-20,‍,1,李律杉,9,环球网,1,0,66c4ba164fd1fd0e3c30e5bb_24,66c4ba164fd1fd0e3c30e5bb,1
66c4ba164fd1fd0e3c30e5bb,,台媒：生还大陆船员启程返大陆,2024-02-20,‍,1,李律杉,9,环球网,1,0,66c4ba164fd1fd0e3c30e5bb_25,66c4ba164fd1fd0e3c30e5bb,1
66c4ba164fd1fd0e3c30e5bb,,台媒：生还大陆船员启程返大陆,2024-02-20,‍,1,李律杉,9,环球网,1,0,66c4ba164fd1fd0e3c30e5bb_26,66c4ba164fd1fd0e3c30e5bb,1
66c4ba164fd1fd0e3c30e5bb,,台媒：生还大陆船员启程返大陆,2024-02-20,‍,1,李律杉,9,环球网,1,0,66c4ba164fd1fd0e3c30e5bb_27,66c4ba164fd1fd0e3c30e5bb,1
66c4ba164fd1fd0e3c30e5bb,,台媒：生还大陆船员启程返大陆,2024-02-20,‍,1,李律杉,9,环球网,1,0,66c4ba164fd1fd0e3c30e5bb_28,66c4ba164fd1fd0e3c30e5bb,1
66c4ba164fd1fd0e3c30e5bb,,台媒：生还大陆船员启程返大陆,2024-02-20,‍,1,李律杉,9,环球网,1,0,66c4ba164fd1fd0e3c30e5bb_29,66c4ba164fd1fd0e3c30e5bb,1
66c4ba164fd1fd0e3c30e5bb,,台媒：生还大陆船员启程返大陆,2024-02-20,‍,1,李律杉,9,环球网,1,0,66c4ba164fd1fd0e3c30e5bb_30,66c4ba164fd1fd0e3c30e5bb,1
66c4ba164fd1fd0e3c30e5bb,,台媒：生还大陆船员启程返大陆,2024-02-20,‍,1,李律杉,9,环球网,1,0,66c4ba164fd1fd0e3c30e5bb_31,66c4ba164fd1fd0e3c30e5bb,1
66c4ba164fd1fd0e3c30e5bb,,台媒：生还大陆船员启程返大陆,2024-02-20,‍,1,李律杉,9,环球网,1,0,66c4ba164fd1fd0e3c30e5bb_32,66c4ba164fd1fd0e3c30e5bb,1
66c4ba164fd1fd0e3c30e5bb,,台媒：生还大陆船员启程返大陆,2024-02-20,‍,1,李律杉,9,环球网,1,0,66c4ba164fd1fd0e3c30e5bb_33,66c4ba164fd1fd0e3c30e5bb,1
66c4ba164fd1fd0e3c30e5bb,,台媒：生还大陆船员启程返大陆,2024-02-20,‍,1,李律杉,9,环球网,1,0,66c4ba164fd1fd0e3c30e5bb_34,66c4ba164fd1fd0e3c30e5bb,1
66c4ba164fd1fd0e3c30e5bb,,台媒：生还大陆船员启程返大陆,2024-02-20,‍,1,李律杉,9,环球网,1,0,66c4ba164fd1fd0e3c30e5bb_35,66c4ba164fd1fd0e3c30e5bb,1
66c4ba164fd1fd0e3c30e5bb,,台媒：生还大陆船员启程返大陆,2024-02-20,‍,1,李律杉,9,环球网,1,0,66c4ba164fd1fd0e3c30e5bb_36,66c4ba164fd1fd0e3c30e5bb,1
66c4ba164fd1fd0e3c30e5bb,,台媒：生还大陆船员启程返大陆,2024-02-20,‍,1,李律杉,9,环球网,1,0,66c4ba164fd1fd0e3c30e5bb_37,66c4ba164fd1fd0e3c30e5bb,1
66c4ba164fd1fd0e3c30e5bb,,台媒：生还大陆船员启程返大陆,2024-02-20,‍,1,李律杉,9,环球网,1,0,66c4ba164fd1fd0e3c30e5bb_38,66c4ba164fd1fd0e3c30e5bb,1
66c4ba164fd1fd0e3c30e5bb,,台媒：生还大陆船员启程返大陆,2024-02-20,‍,1,李律杉,9,环球网,1,0,66c4ba164fd1fd0e3c30e5bb_39,66c4ba164fd1fd0e3c30e5bb,1
66c4ba164fd1fd0e3c30e5bb,,台媒：生还大陆船员启程返大陆,2024-02-20,‍,1,李律杉,9,环球网,1,0,66c4ba164fd1fd0e3c30e5bb_40,66c4ba164fd1fd0e3c30e5bb,1
66c4ba164fd1fd0e3c30e5bb,,台媒：生还大陆船员启程返大陆,2024-02-20,‍,1,李律杉,9,环球网,1,0,66c4ba164fd1fd0e3c30e5bb_41,66c4ba164fd1fd0e3c30e5bb,1
66c4ba164fd1fd0e3c30e5bb,,台媒：生还大陆船员启程返大陆,2024-02-20,‍,1,李律杉,9,环球网,1,0,66c4ba164fd1fd0e3c30e5bb_42,66c4ba164fd1fd0e3c30e5bb,1
66c4ba164fd1fd0e3c30e5bb,,台媒：生还大陆船员启程返大陆,2024-02-20,‍,1,李律杉,9,环球网,1,0,66c4ba164fd1fd0e3c30e5bb_43,66c4ba164fd1fd0e3c30e5bb,1
66c4ba164fd1fd0e3c30e5bb,,台媒：生还大陆船员启程返大陆,2024-02-20,‍,1,李律杉,9,环球网,1,0,66c4ba164fd1fd0e3c30e5bb_44,66c4ba164fd1fd0e3c30e5bb,1
66c4ba164fd1fd0e3c30e5bb,,台媒：生还大陆船员启程返大陆,2024-02-20,‍,1,李律杉,9,环球网,1,0,66c4ba164fd1fd0e3c30e5bb_45,66c4ba164fd1fd0e3c30e5bb,1
66c4ba164fd1fd0e3c30e5bb,,台媒：生还大陆船员启程返大陆,2024-02-20,‍,1,李律杉,9,环球网,1,0,66c4ba164fd1fd0e3c30e5bb_46,66c4ba164fd1fd0e3c30e5bb,1
66c4ba164fd1fd0e3c30e5bb,,台媒：生还大陆船员启程返大陆,2024-02-20,‍,1,李律杉,9,环球网,1,0,66c4ba164fd1fd0e3c30e5bb_47,66c4ba164fd1fd0e3c30e5bb,1
66c4ba164fd1fd0e3c30e5bb,,台媒：生还大陆船员启程返大陆,2024-02-20,‍,1,李律杉,9,环球网,1,0,66c4ba164fd1fd0e3c30e5bb_48,66c4ba164fd1fd0e3c30e5bb,1
66c4ba164fd1fd0e3c30e5bb,,台媒：生还大陆船员启程返大陆,2024-02-20,‍,1,李律杉,9,环球网,1,0,66c4ba164fd1fd0e3c30e5bb_49,66c4ba164fd1fd0e3c30e5bb,1
66c4ba164fd1fd0e3c30e5bb,,台媒：生还大陆船员启程返大陆,2024-02-20,‍,1,李律杉,9,环球网,1,0,66c4ba164fd1fd0e3c30e5bb_50,66c4ba164fd1fd0e3c30e5bb,1
66c4ba164fd1fd0e3c30e5bb,,台媒：生还大陆船员启程返大陆,2024-02-20,‍,1,李律杉,9,环球网,1,0,66c4ba164fd1fd0e3c30e5bb_51,66c4ba164fd1fd0e3c30e5bb,1
66c4ba164fd1fd0e3c30e5bb,,台媒：生还大陆船员启程返大陆,2024-02-20,‍,1,李律杉,9,环球网,1,0,66c4ba164fd1fd0e3c30e5bb_52,66c4ba164fd1fd0e3c30e5bb,1
66c4ba164fd1fd0e3c30e5bb,,台媒：生还大陆船员启程返大陆,2024-02-20,‍,1,李律杉,9,环球网,1,0,66c4ba164fd1fd0e3c30e5bb_53,66c4ba164fd1fd0e3c30e5bb,1
66c4ba164fd1fd0e3c30e5bb,,台媒：生还大陆船员启程返大陆,2024-02-20,‍,1,李律杉,9,环球网,1,0,66c4ba164fd1fd0e3c30e5bb_54,66c4ba164fd1fd0e3c30e5bb,1
66c4ba164fd1fd0e3c30e5bb,,台媒：生还大陆船员启程返大陆,2024-02-20,‍,1,李律杉,9,环球网,1,0,66c4ba164fd1fd0e3c30e5bb_55,66c4ba164fd1fd0e3c30e5bb,1
66c4ba164fd1fd0e3c30e5bb,,台媒：生还大陆船员启程返大陆,2024-02-20,‍,1,李律杉,9,环球网,1,0,66c4ba164fd1fd0e3c30e5bb_56,66c4ba164fd1fd0e3c30e5bb,1
66c4ba164fd1fd0e3c30e5bb,,台媒：生还大陆船员启程返大陆,2024-02-20,‍,1,李律杉,9,环球网,1,0,66c4ba164fd1fd0e3c30e5bb_57,66c4ba164fd1fd0e3c30e5bb,1
66c4ba164fd1fd0e3c30e5bb,,台媒：生还大陆船员启程返大陆,2024-02-20,‍,1,李律杉,9,环球网,1,0,66c4ba164fd1fd0e3c30e5bb_58,66c4ba164fd1fd0e3c30e5bb,1
66c4ba164fd1fd0e3c30e5bb,,台媒：生还大陆船员启程返大陆,2024-02-20,‍,1,李律杉,9,环球网,1,0,66c4ba164fd1fd0e3c30e5bb_59,66c4ba164fd1fd0e3c30e5bb,1
66c4ba164fd1fd0e3c30e5bb,,台媒：生还大陆船员启程返大陆,2024-02-20,‍,1,李律杉,9,环球网,1,0,66c4ba164fd1fd0e3c30e5bb_60,66c4ba164fd1fd0e3c30e5bb,1
66c4ba164fd1fd0e3c30e5bb,,台媒：生还大陆船员启程返大陆,2024-02-20,‍,1,李律杉,9,环球网,1,0,66c4ba164fd1fd0e3c30e5bb_61,66c4ba164fd1fd0e3c30e5bb,1
66c4ba164fd1fd0e3c30e5bb,,台媒：生还大陆船员启程返大陆,2024-02-20,‍,1,李律杉,9,环球网,1,0,66c4ba164fd1fd0e3c30e5bb_62,66c4ba164fd1fd0e3c30e5bb,1
66c4ba164fd1fd0e3c30e5bb,,台媒：生还大陆船员启程返大陆,2024-02-20,‍,1,李律杉,9,环球网,1,0,66c4ba164fd1fd0e3c30e5bb_63,66c4ba164fd1fd0e3c30e5bb,1
66c4ba164fd1fd0e3c30e5bb,,台媒：生还大陆船员启程返大陆,2024-02-20,‍,1,李律杉,9,环球网,1,0,66c4ba164fd1fd0e3c30e5bb_64,66c4ba164fd1fd0e3c30e5bb,1
66c4ba164fd1fd0e3c30e5bb,,台媒：生还大陆船员启程返大陆,2024-02-20,‍,1,李律杉,9,环球网,1,0,66c4ba164fd1fd0e3c30e5bb_65,66c4ba164fd1fd0e3c30e5bb,1
66c4ba164fd1fd0e3c30e5bb,,台媒：生还大陆船员启程返大陆,2024-02-20,‍,1,李律杉,9,环球网,1,0,66c4ba164fd1fd0e3c30e5bb_66,66c4ba164fd1fd0e3c30e5bb,1
66c4ba164fd1fd0e3c30e5bb,,台媒：生还大陆船员启程返大陆,2024-02-20,‍,1,李律杉,9,环球网,1,0,66c4ba164fd1fd0e3c30e5bb_67,66c4ba164fd1fd0e3c30e5bb,1
66c4ba164fd1fd0e3c30e5bb,,台媒：生还大陆船员启程返大陆,2024-02-20,‍,1,李律杉,9,环球网,1,0,66c4ba164fd1fd0e3c30e5bb_68,66c4ba164fd1fd0e3c30e5bb,1
66c4ba164fd1fd0e3c30e5bb,,台媒：生还大陆船员启程返大陆,2024-02-20,‍,1,李律杉,9,环球网,1,0,66c4ba164fd1fd0e3c30e5bb_69,66c4ba164fd1fd0e3c30e5bb,1
66c4ba164fd1fd0e3c30e5bb,,台媒：生还大陆船员启程返大陆,2024-02-20,‍,1,李律杉,9,环球网,1,0,66c4ba164fd1fd0e3c30e5bb_70,66c4ba164fd1fd0e3c30e5bb,1
66c4ba164fd1fd0e3c30e5bb,,台媒：生还大陆船员启程返大陆,2024-02-20,‍,1,李律杉,9,环球网,1,0,66c4ba164fd1fd0e3c30e5bb_71,66c4ba164fd1fd0e3c30e5bb,1
66c4ba164fd1fd0e3c30e5bb,,台媒：生还大陆船员启程返大陆,2024-02-20,‍,1,李律杉,9,环球网,1,0,66c4ba164fd1fd0e3c30e5bb_72,66c4ba164fd1fd0e3c30e5bb,1
66c4ba164fd1fd0e3c30e5bb,,台媒：生还大陆船员启程返大陆,2024-02-20,‍,1,李律杉,9,环球网,1,0,66c4ba164fd1fd0e3c30e5bb_73,66c4ba164fd1fd0e3c30e5bb,1
66c4ba164fd1fd0e3c30e5bb,,台媒：生还大陆船员启程返大陆,2024-02-20,‍,1,李律杉,9,环球网,1,0,66c4ba164fd1fd0e3c30e5bb_74,66c4ba164fd1fd0e3c30e5bb,1
66c4ba164fd1fd0e3c30e5bb,,台媒：生还大陆船员启程返大陆,2024-02-20,‍,1,李律杉,9,环球网,1,0,66c4ba164fd1fd0e3c30e5bb_75,66c4ba164fd1fd0e3c30e5bb,1
66c4ba164fd1fd0e3c30e5bb,,台媒：生还大陆船员启程返大陆,2024-02-20,‍,1,李律杉,9,环球网,1,0,66c4ba164fd1fd0e3c30e5bb_76,66c4ba164fd1fd0e3c30e5bb,1
66c4ba164fd1fd0e3c30e5bb,,台媒：生还大陆船员启程返大陆,2024-02-20,‍,1,李律杉,9,环球网,1,0,66c4ba164fd1fd0e3c30e5bb_77,66c4ba164fd1fd0e3c30e5bb,1
66c4ba164fd1fd0e3c30e5bb,,台媒：生还大陆船员启程返大陆,2024-02-20,‍,1,李律杉,9,环球网,1,0,66c4ba164fd1fd0e3c30e5bb_78,66c4ba164fd1fd0e3c30e5bb,1
66c4ba164fd1fd0e3c30e5bb,,台媒：生还大陆船员启程返大陆,2024-02-20,‍,1,李律杉,9,环球网,1,0,66c4ba164fd1fd0e3c30e5bb_79,66c4ba164fd1fd0e3c30e5bb,1
66c4ba164fd1fd0e3c30e5bb,,台媒：生还大陆船员启程返大陆,2024-02-20,‍,1,李律杉,9,环球网,1,0,66c4ba164fd1fd0e3c30e5bb_80,66c4ba164fd1fd0e3c30e5bb,1
66c4ba164fd1fd0e3c30e5bb,,台媒：生还大陆船员启程返大陆,2024-02-20,‍,1,李律杉,9,环球网,1,0,66c4ba164fd1fd0e3c30e5bb_81,66c4ba164fd1fd0e3c30e5bb,1
66c4ba164fd1fd0e3c30e5bb,,台媒：生还大陆船员启程返大陆,2024-02-20,‍,1,李律杉,9,环球网,1,0,66c4ba164fd1fd0e3c30e5bb_82,66c4ba164fd1fd0e3c30e5bb,1
66c4ba164fd1fd0e3c30e5bb,,台媒：生还大陆船员启程返大陆,2024-02-20,‍,1,李律杉,9,环球网,1,0,66c4ba164fd1fd0e3c30e5bb_83,66c4ba164fd1fd0e3c30e5bb,1
66c4ba164fd1fd0e3c30e5bb,,台媒：生还大陆船员启程返大陆,2024-02-20,‍,1,李律杉,9,环球网,1,0,66c4ba164fd1fd0e3c30e5bb_84,66c4ba164fd1fd0e3c30e5bb,1
66c4ba164fd1fd0e3c30e5bb,,台媒：生还大陆船员启程返大陆,2024-02-20,‍,1,李律杉,9,环球网,1,0,66c4ba164fd1fd0e3c30e5bb_85,66c4ba164fd1fd0e3c30e5bb,1
66c4ba164fd1fd0e3c30e5bb,,台媒：生还大陆船员启程返大陆,2024-02-20,‍,1,李律杉,9,环球网,1,0,66c4ba164fd1fd0e3c30e5bb_86,66c4ba164fd1fd0e3c30e5bb,1
66c4ba164fd1fd0e3c30e5bb,,台媒：生还大陆船员启程返大陆,2024-02-20,‍,1,李律杉,9,环球网,1,0,66c4ba164fd1fd0e3c30e5bb_87,66c4ba164fd1fd0e3c30e5bb,1
66c4ba164fd1fd0e3c30e5bb,,台媒：生还大陆船员启程返大陆,2024-02-20,‍,1,李律杉,9,环球网,1,0,66c4ba164fd1fd0e3c30e5bb_88,66c4ba164fd1fd0e3c30e5bb,1
66c4ba164fd1fd0e3c30e5bb,,台媒：生还大陆船员启程返大陆,2024-02-20,‍,1,李律杉,9,环球网,1,0,66c4ba164fd1fd0e3c30e5bb_90,66c4ba164fd1fd0e3c30e5bb,1
66c4ba164fd1fd0e3c30e5bb,,台媒：生还大陆船员启程返大陆,2024-02-20,‍,1,李律杉,9,环球网,1,0,66c4ba164fd1fd0e3c30e5bb_91,66c4ba164fd1fd0e3c30e5bb,1
66c4ba164fd1fd0e3c30e5bb,,台媒：生还大陆船员启程返大陆,2024-02-20,‍,1,李律杉,9,环球网,1,0,66c4ba164fd1fd0e3c30e5bb_92,66c4ba164fd1fd0e3c30e5bb,1
66c4ba164fd1fd0e3c30e5bb,,台媒：生还大陆船员启程返大陆,2024-02-20,‍,1,李律杉,9,环球网,1,0,66c4ba164fd1fd0e3c30e5bb_93,66c4ba164fd1fd0e3c30e5bb,1
66c4ba164fd1fd0e3c30e5bb,,台媒：生还大陆船员启程返大陆,2024-02-20,‍,1,李律杉,9,环球网,1,0,66c4ba164fd1fd0e3c30e5bb_94,66c4ba164fd1fd0e3c30e5bb,1
66c4ba164fd1fd0e3c30e5bb,,台媒：生还大陆船员启程返大陆,2024-02-20,‍,1,李律杉,9,环球网,1,0,66c4ba164fd1fd0e3c30e5bb_95,66c4ba164fd1fd0e3c30e5bb,1
66c4ba164fd1fd0e3c30e5bb,,台媒：生还大陆船员启程返大陆,2024-02-20,‍,1,李律杉,9,环球网,1,0,66c4ba164fd1fd0e3c30e5bb_96,66c4ba164fd1fd0e3c30e5bb,1
66c4ba164fd1fd0e3c30e5bb,,台媒：生还大陆船员启程返大陆,2024-02-20,‍,1,李律杉,9,环球网,1,0,66c4ba164fd1fd0e3c30e5bb_97,66c4ba164fd1fd0e3c30e5bb,1
66c4ba164fd1fd0e3c30e5bb,,台媒：生还大陆船员启程返大陆,2024-02-20,‍,1,李律杉,9,环球网,1,0,66c4ba164fd1fd0e3c30e5bb_98,66c4ba164fd1fd0e3c30e5bb,1
66c4ba164fd1fd0e3c30e5bb,,台媒：生还大陆船员启程返大陆,2024-02-20,‍,1,李律杉,9,环球网,1,0,66c4ba164fd1fd0e3c30e5bb_99,66c4ba164fd1fd0e3c30e5bb,1
66c4ba164fd1fd0e3c30e5bb,,台媒：生还大陆船员启程返大陆,2024-02-20,‍,1,李律杉,9,环球网,1,0,66c4ba164fd1fd0e3c30e5bb_100,66c4ba164fd1fd0e3c30e5bb,1
66c4ba164fd1fd0e3c30e5bb,,台媒：生还大陆船员启程返大陆,2024-02-20,‍,1,李律杉,9,环球网,1,0,66c4ba164fd1fd0e3c30e5bb_101,66c4ba164fd1fd0e3c30e5bb,1
66c4ba164fd1fd0e3c30e5bb,,台媒：生还大陆船员启程返大陆,2024-02-20,‍,1,李律杉,9,环球网,1,0,66c4ba164fd1fd0e3c30e5bb_102,66c4ba164fd1fd0e3c30e5bb,1
66c4ba164fd1fd0e3c30e5bb,,台媒：生还大陆船员启程返大陆,2024-02-20,‍,1,李律杉,9,环球网,1,0,66c4ba164fd1fd0e3c30e5bb_103,66c4ba164fd1fd0e3c30e5bb,1
66c4ba164fd1fd0e3c30e5bb,,台媒：生还大陆船员启程返大陆,2024-02-20,‍,1,李律杉,9,环球网,1,0,66c4ba164fd1fd0e3c30e5bb_104,66c4ba164fd1fd0e3c30e5bb,1
66c4ba164fd1fd0e3c30e5bb,,台媒：生还大陆船员启程返大陆,2024-02-20,‍,1,李律杉,9,环球网,1,0,66c4ba164fd1fd0e3c30e5bb_105,66c4ba164fd1fd0e3c30e5bb,1
66c4ba164fd1fd0e3c30e5bb,,台媒：生还大陆船员启程返大陆,2024-02-20,‍,1,李律杉,9,环球网,1,0,66c4ba164fd1fd0e3c30e5bb_106,66c4ba164fd1fd0e3c30e5bb,1
66c4ba164fd1fd0e3c30e5bb,,台媒：生还大陆船员启程返大陆,2024-02-20,‍,1,李律杉,9,环球网,1,0,66c4ba164fd1fd0e3c30e5bb_107,66c4ba164fd1fd0e3c30e5bb,1
66c4ba164fd1fd0e3c30e5bb,,台媒：生还大陆船员启程返大陆,2024-02-20,‍,1,李律杉,9,环球网,1,0,66c4ba164fd1fd0e3c30e5bb_108,66c4ba164fd1fd0e3c30e5bb,1
66c4ba164fd1fd0e3c30e5bb,,台媒：生还大陆船员启程返大陆,2024-02-20,‍,1,李律杉,9,环球网,1,0,66c4ba164fd1fd0e3c30e5bb_109,66c4ba164fd1fd0e3c30e5bb,1
66c4ba164fd1fd0e3c30e5bb,,台媒：生还大陆船员启程返大陆,2024-02-20,‍,1,李律杉,9,环球网,1,0,66c4ba164fd1fd0e3c30e5bb_110,66c4ba164fd1fd0e3c30e5bb,1
66c4ba164fd1fd0e3c30e5bb,,台媒：生还大陆船员启程返大陆,2024-02-20,‍,1,李律杉,9,环球网,1,0,66c4ba164fd1fd0e3c30e5bb_111,66c4ba164fd1fd0e3c30e5bb,1
66c4ba164fd1fd0e3c30e5bb,,台媒：生还大陆船员启程返大陆,2024-02-20,‍,1,李律杉,9,环球网,1,0,66c4ba164fd1fd0e3c30e5bb_112,66c4ba164fd1fd0e3c30e5bb,1
66c4ba164fd1fd0e3c30e5bb,,台媒：生还大陆船员启程返大陆,2024-02-20,‍,1,李律杉,9,环球网,1,0,66c4ba164fd1fd0e3c30e5bb_113,66c4ba164fd1fd0e3c30e5bb,1
66c4ba164fd1fd0e3c30e5bb,,台媒：生还大陆船员启程返大陆,2024-02-20,‍,1,李律杉,9,环球网,1,0,66c4ba164fd1fd0e3c30e5bb_114,66c4ba164fd1fd0e3c30e5bb,1
66c4ba164fd1fd0e3c30e5bb,,台媒：生还大陆船员启程返大陆,2024-02-20,‍,1,李律杉,9,环球网,1,0,66c4ba164fd1fd0e3c30e5bb_115,66c4ba164fd1fd0e3c30e5bb,1
66c4ba164fd1fd0e3c30e5bb,,台媒：生还大陆船员启程返大陆,2024-02-20,‍,1,李律杉,9,环球网,1,0,66c4ba164fd1fd0e3c30e5bb_116,66c4ba164fd1fd0e3c30e5bb,1
66c4ba164fd1fd0e3c30e5bb,,台媒：生还大陆船员启程返大陆,2024-02-20,‍,1,李律杉,9,环球网,1,0,66c4ba164fd1fd0e3c30e5bb_117,66c4ba164fd1fd0e3c30e5bb,1
66c4ba164fd1fd0e3c30e5bb,,台媒：生还大陆船员启程返大陆,2024-02-20,‍,1,李律杉,9,环球网,1,0,66c4ba164fd1fd0e3c30e5bb_118,66c4ba164fd1fd0e3c30e5bb,1
66c4ba164fd1fd0e3c30e5bb,,台媒：生还大陆船员启程返大陆,2024-02-20,‍,1,李律杉,9,环球网,1,0,66c4ba164fd1fd0e3c30e5bb_119,66c4ba164fd1fd0e3c30e5bb,1
66c4ba164fd1fd0e3c30e5bb,,台媒：生还大陆船员启程返大陆,2024-02-20,‍,1,李律杉,9,环球网,1,0,66c4ba164fd1fd0e3c30e5bb_120,66c4ba164fd1fd0e3c30e5bb,1
66c4ba164fd1fd0e3c30e5bb,,台媒：生还大陆船员启程返大陆,2024-02-20,‍,1,李律杉,9,环球网,1,0,66c4ba164fd1fd0e3c30e5bb_121,66c4ba164fd1fd0e3c30e5bb,1
66c4ba164fd1fd0e3c30e5bb,,台媒：生还大陆船员启程返大陆,2024-02-20,‍,1,李律杉,9,环球网,1,0,66c4ba164fd1fd0e3c30e5bb_122,66c4ba164fd1fd0e3c30e5bb,1
66c4ba164fd1fd0e3c30e5bb,,台媒：生还大陆船员启程返大陆,2024-02-20,‍,1,李律杉,9,环球网,1,0,66c4ba164fd1fd0e3c30e5bb_123,66c4ba164fd1fd0e3c30e5bb,1
66c4ba164fd1fd0e3c30e5bb,,台媒：生还大陆船员启程返大陆,2024-02-20,‍,1,李律杉,9,环球网,1,0,66c4ba164fd1fd0e3c30e5bb_124,66c4ba164fd1fd0e3c30e5bb,1
66c4ba164fd1fd0e3c30e5bb,,台媒：生还大陆船员启程返大陆,2024-02-20,‍,1,李律杉,9,环球网,1,0,66c4ba164fd1fd0e3c30e5bb_125,66c4ba164fd1fd0e3c30e5bb,1
66c4ba164fd1fd0e3c30e5bb,,台媒：生还大陆船员启程返大陆,2024-02-20,‍,1,李律杉,9,环球网,1,0,66c4ba164fd1fd0e3c30e5bb_126,66c4ba164fd1fd0e3c30e5bb,1
66c4ba164fd1fd0e3c30e5bb,,台媒：生还大陆船员启程返大陆,2024-02-20,‍,1,李律杉,9,环球网,1,0,66c4ba164fd1fd0e3c30e5bb_127,66c4ba164fd1fd0e3c30e5bb,1
66c4ba164fd1fd0e3c30e5bb,,台媒：生还大陆船员启程返大陆,2024-02-20,‍,1,李律杉,9,环球网,1,0,66c4ba164fd1fd0e3c30e5bb_128,66c4ba164fd1fd0e3c30e5bb,1
66c4ba164fd1fd0e3c30e5bb,,台媒：生还大陆船员启程返大陆,2024-02-20,‍,1,李律杉,9,环球网,1,0,66c4ba164fd1fd0e3c30e5bb_129,66c4ba164fd1fd0e3c30e5bb,1
66c4ba164fd1fd0e3c30e5bb,,台媒：生还大陆船员启程返大陆,2024-02-20,‍,1,李律杉,9,环球网,1,0,66c4ba164fd1fd0e3c30e5bb_130,66c4ba164fd1fd0e3c30e5bb,1
66c4ba164fd1fd0e3c30e5bb,,台媒：生还大陆船员启程返大陆,2024-02-20,‍,1,李律杉,9,环球网,1,0,66c4ba164fd1fd0e3c30e5bb_131,66c4ba164fd1fd0e3c30e5bb,1
66c4ba164fd1fd0e3c30e5bc,,冲上热搜！多家“中国黄金”店突然关门，上亿黄金“消失”！,2024-03-31,，,0,原創,25,华人瞰世界,0,1,66c4ba164fd1fd0e3c30e5bc_3,66c4ba164fd1fd0e3c30e5bc,1
66c4ba164fd1fd0e3c30e5bc,,冲上热搜！多家“中国黄金”店突然关门，上亿黄金“消失”！,2024-03-31,……,0,原創,25,华人瞰世界,0,1,66c4ba164fd1fd0e3c30e5bc_8,66c4ba164fd1fd0e3c30e5bc,2
66c4ba164fd1fd0e3c30e5bc,,冲上热搜！多家“中国黄金”店突然关门，上亿黄金“消失”！,2024-03-31,——————————————————,0,原創,25,华人瞰世界,0,1,66c4ba164fd1fd0e3c30e5bc_74,66c4ba164fd1fd0e3c30e5bc,18
66c4ba164fd1fd0e3c30e5bc,,冲上热搜！多家“中国黄金”店突然关门，上亿黄金“消失”！,2024-03-31,--------------------------,0,原創,25,华人瞰世界,0,1,66c4ba164fd1fd0e3c30e5bc_81,66c4ba164fd1fd0e3c30e5bc,26
66c4ba164fd1fd0e3c30e5bc,,冲上热搜！多家“中国黄金”店突然关门，上亿黄金“消失”！,2024-03-31,“,0,原創,25,华人瞰世界,0,1,66c4ba164fd1fd0e3c30e5bc_85,66c4ba164fd1fd0e3c30e5bc,1
66c4ba164fd1fd0e3c30e5c0,,台湾伪“海巡署”造成中国大陆渔民两人死亡！渔民到底越了什么“界”？,2024-02-16,‍,0,我是军武菌,29,军武次位面,0,1,66c4ba164fd1fd0e3c30e5c0_88,66c4ba164fd1fd0e3c30e5c0,1
66c4ba164fd1fd0e3c30e5c1,,台媒炒作大陆“穿岛气球”？其实台湾才是始作俑者！,2024-02-13,‍,0,我是军武菌,33,军武次位面,0,1,66c4ba164fd1fd0e3c30e5c1_2,66c4ba164fd1fd0e3c30e5c1,1
66c4ba164fd1fd0e3c30e5c4,,突然“跑路”！卷走价值5000万黄金！网友：金店也跑路？还能信什么？,2024-03-25,👇,0,原創,9,凤凰网财经,0,1,66c4ba164fd1fd0e3c30e5c4_44,66c4ba164fd1fd0e3c30e5c4,1
66c4ba164fd1fd0e3c30e5c4,,突然“跑路”！卷走价值5000万黄金！网友：金店也跑路？还能信什么？,2024-03-25,👇,0,原創,9,凤凰网财经,0,1,66c4ba164fd1fd0e3c30e5c4_45,66c4ba164fd1fd0e3c30e5c4,1
66c4ba164fd1fd0e3c30e5c4,,突然“跑路”！卷走价值5000万黄金！网友：金店也跑路？还能信什么？,2024-03-25,👇,0,原創,9,凤凰网财经,0,1,66c4ba164fd1fd0e3c30e5c4_48,66c4ba164fd1fd0e3c30e5c4,1
66c4ba164fd1fd0e3c30e5c6,,冲上热搜！多家“中国黄金”店突然关门，上亿黄金“消失”！,2024-03-31,，,0,原創,25,华人瞰世界,0,1,66c4ba164fd1fd0e3c30e5c6_3,66c4ba164fd1fd0e3c30e5c6,1
66c4ba164fd1fd0e3c30e5c6,,冲上热搜！多家“中国黄金”店突然关门，上亿黄金“消失”！,2024-03-31,……,0,原創,25,华人瞰世界,0,1,66c4ba164fd1fd0e3c30e5c6_8,66c4ba164fd1fd0e3c30e5c6,2
66c4ba164fd1fd0e3c30e5c6,,冲上热搜！多家“中国黄金”店突然关门，上亿黄金“消失”！,2024-03-31,——————————————————,0,原創,25,华人瞰世界,0,1,66c4ba164fd1fd0e3c30e5c6_74,66c4ba164fd1fd0e3c30e5c6,18
66c4ba164fd1fd0e3c30e5c6,,冲上热搜！多家“中国黄金”店突然关门，上亿黄金“消失”！,2024-03-31,--------------------------,0,原創,25,华人瞰世界,0,1,66c4ba164fd1fd0e3c30e5c6_81,66c4ba164fd1fd0e3c30e5c6,26
66c4ba164fd1fd0e3c30e5c6,,冲上热搜！多家“中国黄金”店突然关门，上亿黄金“消失”！,2024-03-31,“,0,原創,25,华人瞰世界,0,1,66c4ba164fd1fd0e3c30e5c6_85,66c4ba164fd1fd0e3c30e5c6,1
66c4ba164fd1fd0e3c30e5ca,,照片曝光！台最神秘导弹部队正瞄准解放军舰队？,2024-03-06,·,1,老司机马识途,8,枢密院十号,0,0,66c4ba164fd1fd0e3c30e5ca_2,66c4ba164fd1fd0e3c30e5ca,1
66c4ba164fd1fd0e3c30e5cb,,【解局】民进党当局必须给大陆渔民一个交代,2024-02-23,‍,1,黑白自在,4,侠客岛,1,0,66c4ba164fd1fd0e3c30e5cb_9,66c4ba164fd1fd0e3c30e5cb,1
66c4ba164fd1fd0e3c30e5cb,,【解局】民进党当局必须给大陆渔民一个交代,2024-02-23,‍,1,黑白自在,4,侠客岛,1,0,66c4ba164fd1fd0e3c30e5cb_10,66c4ba164fd1fd0e3c30e5cb,1
66c4ba164fd1fd0e3c30e5cd,,原创丨做好应对突发准备，国防部释放3重大信号，与菲律宾和台湾都有关！,2024-03-29,：,0,占豪,7,占豪,0,1,66c4ba164fd1fd0e3c30e5cd_36,66c4ba164fd1fd0e3c30e5cd,1
66c4ba164fd1fd0e3c30e5d4,,一天一个价！金价“狂飙”！还会再涨吗？,2024-03-31,‍,1,原創,23,央视网,1,0,66c4ba164fd1fd0e3c30e5d4_26,66c4ba164fd1fd0e3c30e5d4,1
66c4ba164fd1fd0e3c30e5d4,,一天一个价！金价“狂飙”！还会再涨吗？,2024-03-31,‍,1,原創,23,央视网,1,0,66c4ba164fd1fd0e3c30e5d4_27,66c4ba164fd1fd0e3c30e5d4,1
66c4ba164fd1fd0e3c30e5d5,,品牌金店关门，上亿黄金不知去向！深度调查→,2024-03-30,‍,1,原創,30,央视网,1,0,66c4ba164fd1fd0e3c30e5d5_49,66c4ba164fd1fd0e3c30e5d5,1
66c4ba164fd1fd0e3c30e5d5,,品牌金店关门，上亿黄金不知去向！深度调查→,2024-03-30,‍,1,原創,30,央视网,1,0,66c4ba164fd1fd0e3c30e5d5_50,66c4ba164fd1fd0e3c30e5d5,1
66c4ba164fd1fd0e3c30e5d6,,【8点见】要求无臂男子出示残疾证，武汉地铁道歉！,2024-03-23,》,1,原創,23,央视网,1,0,66c4ba164fd1fd0e3c30e5d6_28,66c4ba164fd1fd0e3c30e5d6,1
66c4ba164fd1fd0e3c30e5d7,,早啊！新闻来了〔2024.03.28〕,2024-03-28,‍,1,原創,14,央视新闻,0,0,66c4ba164fd1fd0e3c30e5d7_21,66c4ba164fd1fd0e3c30e5d7,1
66c4ba164fd1fd0e3c30e5da,,三分钟新闻早知道,2024-03-19,）,1,长安君,16,中央政法委长安剑,0,0,66c4ba164fd1fd0e3c30e5da_74,66c4ba164fd1fd0e3c30e5da,1
66c4ba164fd1fd0e3c30e5db,,突然“跑路”！卷走价值5000万黄金！网友：金店也跑路？还能信什么？,2024-03-25,👇,0,原創,9,凤凰网财经,0,1,66c4ba164fd1fd0e3c30e5db_44,66c4ba164fd1fd0e3c30e5db,1
66c4ba164fd1fd0e3c30e5db,,突然“跑路”！卷走价值5000万黄金！网友：金店也跑路？还能信什么？,2024-03-25,👇,0,原創,9,凤凰网财经,0,1,66c4ba164fd1fd0e3c30e5db_45,66c4ba164fd1fd0e3c30e5db,1
66c4ba164fd1fd0e3c30e5db,,突然“跑路”！卷走价值5000万黄金！网友：金店也跑路？还能信什么？,2024-03-25,👇,0,原創,9,凤凰网财经,0,1,66c4ba164fd1fd0e3c30e5db_48,66c4ba164fd1fd0e3c30e5db,1
66c4ba164fd1fd0e3c30e5dd,,冲上热搜！多家“中国黄金”店突然关门，上亿黄金“消失”！,2024-03-31,，,0,原創,25,华人瞰世界,0,1,66c4ba164fd1fd0e3c30e5dd_3,66c4ba164fd1fd0e3c30e5dd,1
66c4ba164fd1fd0e3c30e5dd,,冲上热搜！多家“中国黄金”店突然关门，上亿黄金“消失”！,2024-03-31,……,0,原創,25,华人瞰世界,0,1,66c4ba164fd1fd0e3c30e5dd_8,66c4ba164fd1fd0e3c30e5dd,2
66c4ba164fd1fd0e3c30e5dd,,冲上热搜！多家“中国黄金”店突然关门，上亿黄金“消失”！,2024-03-31,——————————————————,0,原創,25,华人瞰世界,0,1,66c4ba164fd1fd0e3c30e5dd_74,66c4ba164fd1fd0e3c30e5dd,18
66c4ba164fd1fd0e3c30e5dd,,冲上热搜！多家“中国黄金”店突然关门，上亿黄金“消失”！,2024-03-31,--------------------------,0,原創,25,华人瞰世界,0,1,66c4ba164fd1fd0e3c30e5dd_81,66c4ba164fd1fd0e3c30e5dd,26
66c4ba164fd1fd0e3c30e5dd,,冲上热搜！多家“中国黄金”店突然关门，上亿黄金“消失”！,2024-03-31,“,0,原創,25,华人瞰世界,0,1,66c4ba164fd1fd0e3c30e5dd_85,66c4ba164fd1fd0e3c30e5dd,1
66c4ba164fd1fd0e3c30e5e0,,照片曝光！台最神秘导弹部队正瞄准解放军舰队？,2024-03-06,·,1,老司机马识途,8,枢密院十号,0,0,66c4ba164fd1fd0e3c30e5e0_2,66c4ba164fd1fd0e3c30e5e0,1
66c4ba164fd1fd0e3c30e5e2,,【解局】民进党当局必须给大陆渔民一个交代,2024-02-23,‍,1,黑白自在,4,侠客岛,1,0,66c4ba164fd1fd0e3c30e5e2_9,66c4ba164fd1fd0e3c30e5e2,1
66c4ba164fd1fd0e3c30e5e2,,【解局】民进党当局必须给大陆渔民一个交代,2024-02-23,‍,1,黑白自在,4,侠客岛,1,0,66c4ba164fd1fd0e3c30e5e2_10,66c4ba164fd1fd0e3c30e5e2,1
66c4ba164fd1fd0e3c30e5e6,,原创丨做好应对突发准备，国防部释放3重大信号，与菲律宾和台湾都有关！,2024-03-29,：,0,占豪,7,占豪,0,1,66c4ba164fd1fd0e3c30e5e6_36,66c4ba164fd1fd0e3c30e5e6,1
66c4ba164fd1fd0e3c30e5e8,,原创丨5艘航母，美国开始介入！中国发出最强信号！统一台湾进程大大加快！,2024-02-23,。,0,占豪,10,占豪,0,1,66c4ba164fd1fd0e3c30e5e8_8,66c4ba164fd1fd0e3c30e5e8,1
66c4ba164fd1fd0e3c30e5e8,,原创丨5艘航母，美国开始介入！中国发出最强信号！统一台湾进程大大加快！,2024-02-23,《,0,占豪,10,占豪,0,1,66c4ba164fd1fd0e3c30e5e8_13,66c4ba164fd1fd0e3c30e5e8,1
66c4ba164fd1fd0e3c30e5e8,,原创丨5艘航母，美国开始介入！中国发出最强信号！统一台湾进程大大加快！,2024-02-23,》,0,占豪,10,占豪,0,1,66c4ba164fd1fd0e3c30e5e8_15,66c4ba164fd1fd0e3c30e5e8,1
66c4ba164fd1fd0e3c30e5e8,,原创丨5艘航母，美国开始介入！中国发出最强信号！统一台湾进程大大加快！,2024-02-23,！,0,占豪,10,占豪,0,1,66c4ba164fd1fd0e3c30e5e8_34,66c4ba164fd1fd0e3c30e5e8,1
66c4ba164fd1fd0e3c30e5e9,,原创丨重大机会：台湾威胁开炮！福建海警强制登船检查！乌克兰和中东都有大消息！,2024-02-20,：,0,占豪,8,占豪,0,1,66c4ba164fd1fd0e3c30e5e9_9,66c4ba164fd1fd0e3c30e5e9,1
66c4ba164fd1fd0e3c30e5e9,,原创丨重大机会：台湾威胁开炮！福建海警强制登船检查！乌克兰和中东都有大消息！,2024-02-20,：,0,占豪,8,占豪,0,1,66c4ba164fd1fd0e3c30e5e9_11,66c4ba164fd1fd0e3c30e5e9,1
66c4ba164fd1fd0e3c30e5ea,,中国人口大迁移：3000县全景呈现,2024-02-10,、,0,任泽平,22,正商阅读,0,1,66c4ba164fd1fd0e3c30e5ea_47,66c4ba164fd1fd0e3c30e5ea,1
66c4ba164fd1fd0e3c30e5ea,,中国人口大迁移：3000县全景呈现,2024-02-10,、,0,任泽平,22,正商阅读,0,1,66c4ba164fd1fd0e3c30e5ea_61,66c4ba164fd1fd0e3c30e5ea,1
66c4ba164fd1fd0e3c30e5ea,,中国人口大迁移：3000县全景呈现,2024-02-10,、,0,任泽平,22,正商阅读,0,1,66c4ba164fd1fd0e3c30e5ea_102,66c4ba164fd1fd0e3c30e5ea,1
66c4ba164fd1fd0e3c30e5eb,,巨头宣布：裁员,2024-05-04,✦,1,原創,10,中国新闻网,1,0,66c4ba164fd1fd0e3c30e5eb_18,66c4ba164fd1fd0e3c30e5eb,1
66c4ba164fd1fd0e3c30e5eb,,巨头宣布：裁员,2024-05-04,✦,1,原創,10,中国新闻网,1,0,66c4ba164fd1fd0e3c30e5eb_20,66c4ba164fd1fd0e3c30e5eb,1
66c4ba164fd1fd0e3c30e5eb,,巨头宣布：裁员,2024-05-04,✦,1,原創,10,中国新闻网,1,0,66c4ba164fd1fd0e3c30e5eb_22,66c4ba164fd1fd0e3c30e5eb,1
66c4ba164fd1fd0e3c30e5eb,,巨头宣布：裁员,2024-05-04,✦,1,原創,10,中国新闻网,1,0,66c4ba164fd1fd0e3c30e5eb_24,66c4ba164fd1fd0e3c30e5eb,1
66c4ba164fd1fd0e3c30e5eb,,巨头宣布：裁员,2024-05-04,✦,1,原創,10,中国新闻网,1,0,66c4ba164fd1fd0e3c30e5eb_26,66c4ba164fd1fd0e3c30e5eb,1
66c4ba164fd1fd0e3c30e5eb,,巨头宣布：裁员,2024-05-04,✦,1,原創,10,中国新闻网,1,0,66c4ba164fd1fd0e3c30e5eb_28,66c4ba164fd1fd0e3c30e5eb,1
66c4ba164fd1fd0e3c30e5eb,,巨头宣布：裁员,2024-05-04,|,1,原創,10,中国新闻网,1,0,66c4ba164fd1fd0e3c30e5eb_32,66c4ba164fd1fd0e3c30e5eb,1
66c4ba164fd1fd0e3c30e5ed,,三分钟新闻早知道,2024-04-30,@,1,原創,17,中央政法委长安剑,0,0,66c4ba164fd1fd0e3c30e5ed_104,66c4ba164fd1fd0e3c30e5ed,1
66c4ba164fd1fd0e3c30e5ef,,福建海警位金门附近海域依法开展常态执法巡查,2024-05-03,▼,1,央视中文国际,4,CCTV4,0,0,66c4ba164fd1fd0e3c30e5ef_8,66c4ba164fd1fd0e3c30e5ef,1
66c4ba164fd1fd0e3c30e5f0,,福建海警位金门附近海域依法开展常态化执法巡查,2024-04-29,▼,1,央视中文国际,3,CCTV4,0,0,66c4ba164fd1fd0e3c30e5f0_7,66c4ba164fd1fd0e3c30e5f0,1
66c4ba164fd1fd0e3c30e5f2,,突然“跑路”！卷走价值5000万黄金！网友：金店也跑路？还能信什么？,2024-03-25,👇,0,原創,9,凤凰网财经,0,1,66c4ba164fd1fd0e3c30e5f2_44,66c4ba164fd1fd0e3c30e5f2,1
66c4ba164fd1fd0e3c30e5f2,,突然“跑路”！卷走价值5000万黄金！网友：金店也跑路？还能信什么？,2024-03-25,👇,0,原創,9,凤凰网财经,0,1,66c4ba164fd1fd0e3c30e5f2_45,66c4ba164fd1fd0e3c30e5f2,1
66c4ba164fd1fd0e3c30e5f2,,突然“跑路”！卷走价值5000万黄金！网友：金店也跑路？还能信什么？,2024-03-25,👇,0,原創,9,凤凰网财经,0,1,66c4ba164fd1fd0e3c30e5f2_48,66c4ba164fd1fd0e3c30e5f2,1
66c4ba164fd1fd0e3c30e5f5,,细节曝光！“五星红旗与金门岛同框”,2024-04-29,‍‍,1,@玉渊谭天,9,环球网,1,0,66c4ba164fd1fd0e3c30e5f5_12,66c4ba164fd1fd0e3c30e5f5,2
66c4ba164fd1fd0e3c30e5f5,,细节曝光！“五星红旗与金门岛同框”,2024-04-29,‍,1,@玉渊谭天,9,环球网,1,0,66c4ba164fd1fd0e3c30e5f5_13,66c4ba164fd1fd0e3c30e5f5,1
66c4ba164fd1fd0e3c30e5f5,,细节曝光！“五星红旗与金门岛同框”,2024-04-29,‍,1,@玉渊谭天,9,环球网,1,0,66c4ba164fd1fd0e3c30e5f5_14,66c4ba164fd1fd0e3c30e5f5,1
66c4ba164fd1fd0e3c30e5f6,,冲上热搜！多家“中国黄金”店突然关门，上亿黄金“消失”！,2024-03-31,，,0,原創,25,华人瞰世界,0,1,66c4ba164fd1fd0e3c30e5f6_3,66c4ba164fd1fd0e3c30e5f6,1
66c4ba164fd1fd0e3c30e5f6,,冲上热搜！多家“中国黄金”店突然关门，上亿黄金“消失”！,2024-03-31,……,0,原創,25,华人瞰世界,0,1,66c4ba164fd1fd0e3c30e5f6_8,66c4ba164fd1fd0e3c30e5f6,2
66c4ba164fd1fd0e3c30e5f6,,冲上热搜！多家“中国黄金”店突然关门，上亿黄金“消失”！,2024-03-31,——————————————————,0,原創,25,华人瞰世界,0,1,66c4ba164fd1fd0e3c30e5f6_74,66c4ba164fd1fd0e3c30e5f6,18
66c4ba164fd1fd0e3c30e5f6,,冲上热搜！多家“中国黄金”店突然关门，上亿黄金“消失”！,2024-03-31,--------------------------,0,原創,25,华人瞰世界,0,1,66c4ba164fd1fd0e3c30e5f6_81,66c4ba164fd1fd0e3c30e5f6,26
66c4ba164fd1fd0e3c30e5f6,,冲上热搜！多家“中国黄金”店突然关门，上亿黄金“消失”！,2024-03-31,“,0,原創,25,华人瞰世界,0,1,66c4ba164fd1fd0e3c30e5f6_85,66c4ba164fd1fd0e3c30e5f6,1
66c4ba164fd1fd0e3c30e5f8,,台军两米坑要爬梯，3公里跑18分种，搁在解放军要被班长“提干”！,2024-05-06,“,0,我是军武菌,37,军武次位面,0,1,66c4ba164fd1fd0e3c30e5f8_69,66c4ba164fd1fd0e3c30e5f8,1
66c4ba164fd1fd0e3c30e5fd,,照片曝光！台最神秘导弹部队正瞄准解放军舰队？,2024-03-06,·,1,老司机马识途,8,枢密院十号,0,0,66c4ba164fd1fd0e3c30e5fd_2,66c4ba164fd1fd0e3c30e5fd,1
66c4ba164fd1fd0e3c30e5ff,,三分钟新闻早知道,2024-04-30,@,1,原創,17,中央政法委长安剑,0,0,66c4ba164fd1fd0e3c30e5ff_104,66c4ba164fd1fd0e3c30e5ff,1
66c4ba164fd1fd0e3c30e602,,现场视频+多图！“位金门附近海域”,2024-05-08,‍‍,1,中国军号,24,环球网,1,0,66c4ba164fd1fd0e3c30e602_17,66c4ba164fd1fd0e3c30e602,2
66c4ba164fd1fd0e3c30e602,,现场视频+多图！“位金门附近海域”,2024-05-08,‍,1,中国军号,24,环球网,1,0,66c4ba164fd1fd0e3c30e602_18,66c4ba164fd1fd0e3c30e602,1
66c4ba164fd1fd0e3c30e602,,现场视频+多图！“位金门附近海域”,2024-05-08,‍,1,中国军号,24,环球网,1,0,66c4ba164fd1fd0e3c30e602_19,66c4ba164fd1fd0e3c30e602,1
66c4ba164fd1fd0e3c30e603,,这些华人PR稳了!澳洲总理亲自发话:还需要更多!,2024-05-10,“,0,Y,27,澳洲微报,0,1,66c4ba164fd1fd0e3c30e603_11,66c4ba164fd1fd0e3c30e603,1
66c4ba164fd1fd0e3c30e603,,这些华人PR稳了!澳洲总理亲自发话:还需要更多!,2024-05-10,”,0,Y,27,澳洲微报,0,1,66c4ba164fd1fd0e3c30e603_12,66c4ba164fd1fd0e3c30e603,1
66c4ba164fd1fd0e3c30e603,,这些华人PR稳了!澳洲总理亲自发话:还需要更多!,2024-05-10,“,0,Y,27,澳洲微报,0,1,66c4ba164fd1fd0e3c30e603_14,66c4ba164fd1fd0e3c30e603,1
66c4ba164fd1fd0e3c30e603,,这些华人PR稳了!澳洲总理亲自发话:还需要更多!,2024-05-10,”,0,Y,27,澳洲微报,0,1,66c4ba164fd1fd0e3c30e603_15,66c4ba164fd1fd0e3c30e603,1
66c4ba164fd1fd0e3c30e604,,台湾海峡，这个趋势值得注意,2024-05-12,‍‍,1,谭主,12,环球网,1,0,66c4ba164fd1fd0e3c30e604_6,66c4ba164fd1fd0e3c30e604,2
66c4ba164fd1fd0e3c30e604,,台湾海峡，这个趋势值得注意,2024-05-12,‍,1,谭主,12,环球网,1,0,66c4ba164fd1fd0e3c30e604_7,66c4ba164fd1fd0e3c30e604,1
66c4ba164fd1fd0e3c30e604,,台湾海峡，这个趋势值得注意,2024-05-12,‍,1,谭主,12,环球网,1,0,66c4ba164fd1fd0e3c30e604_8,66c4ba164fd1fd0e3c30e604,1
66c4ba164fd1fd0e3c30e604,,台湾海峡，这个趋势值得注意,2024-05-12,‍,1,谭主,12,环球网,1,0,66c4ba164fd1fd0e3c30e604_12,66c4ba164fd1fd0e3c30e604,1
66c4ba164fd1fd0e3c30e604,,台湾海峡，这个趋势值得注意,2024-05-12,‍,1,谭主,12,环球网,1,0,66c4ba164fd1fd0e3c30e604_13,66c4ba164fd1fd0e3c30e604,1
66c4ba164fd1fd0e3c30e604,,台湾海峡，这个趋势值得注意,2024-05-12,‍,1,谭主,12,环球网,1,0,66c4ba164fd1fd0e3c30e604_14,66c4ba164fd1fd0e3c30e604,1
66c4ba164fd1fd0e3c30e605,,台军两米坑要爬梯，3公里跑18分种，搁在解放军要被班长“提干”！,2024-05-06,“,0,我是军武菌,37,军武次位面,0,1,66c4ba164fd1fd0e3c30e605_69,66c4ba164fd1fd0e3c30e605,1
66c4ba164fd1fd0e3c30e606,,这些华人PR稳了!澳洲总理亲自发话:还需要更多!,2024-05-10,“,0,Y,27,澳洲微报,0,1,66c4ba164fd1fd0e3c30e606_11,66c4ba164fd1fd0e3c30e606,1
66c4ba164fd1fd0e3c30e606,,这些华人PR稳了!澳洲总理亲自发话:还需要更多!,2024-05-10,”,0,Y,27,澳洲微报,0,1,66c4ba164fd1fd0e3c30e606_12,66c4ba164fd1fd0e3c30e606,1
66c4ba164fd1fd0e3c30e606,,这些华人PR稳了!澳洲总理亲自发话:还需要更多!,2024-05-10,“,0,Y,27,澳洲微报,0,1,66c4ba164fd1fd0e3c30e606_14,66c4ba164fd1fd0e3c30e606,1
66c4ba164fd1fd0e3c30e606,,这些华人PR稳了!澳洲总理亲自发话:还需要更多!,2024-05-10,”,0,Y,27,澳洲微报,0,1,66c4ba164fd1fd0e3c30e606_15,66c4ba164fd1fd0e3c30e606,1
66c4ba164fd1fd0e3c30e608,,精打“台独”要害！解放军演习距台岛“一步之遥”,2024-05-26,▼,1,央视中文国际,10,CCTV4,0,0,66c4ba164fd1fd0e3c30e608_75,66c4ba164fd1fd0e3c30e608,1
66c4ba164fd1fd0e3c30e609,,“联合利剑-2024A”后，我们还将有何行动？,2024-05-25,▼,1,央视中文国际,20,CCTV4,0,0,66c4ba164fd1fd0e3c30e609_79,66c4ba164fd1fd0e3c30e609,1
66c4ba164fd1fd0e3c30e60a,,塑全向围岛进逼之势解放军剑指“台独”分裂势力！,2024-05-24,▼,1,央视中文国际,9,CCTV4,0,0,66c4ba164fd1fd0e3c30e60a_23,66c4ba164fd1fd0e3c30e60a,1
66c4ba164fd1fd0e3c30e60b,,进、围、锁！战巡演练模拟动画发布→,2024-05-24,▼,1,央视中文国际,3,CCTV4,0,0,66c4ba164fd1fd0e3c30e60b_8,66c4ba164fd1fd0e3c30e60b,1
66c4ba164fd1fd0e3c30e60d,,东部战区位台岛周边开展联合演训,2024-05-23,▼,1,央视中文国际,4,CCTV4,0,0,66c4ba164fd1fd0e3c30e60d_5,66c4ba164fd1fd0e3c30e60d,1
66c4ba164fd1fd0e3c30e613,,“亮剑”震撼画面公布！,2024-05-23,‍‍,1,央视新闻客户端,11,环球网,1,0,66c4ba164fd1fd0e3c30e613_8,66c4ba164fd1fd0e3c30e613,2
66c4ba164fd1fd0e3c30e613,,“亮剑”震撼画面公布！,2024-05-23,‍,1,央视新闻客户端,11,环球网,1,0,66c4ba164fd1fd0e3c30e613_9,66c4ba164fd1fd0e3c30e613,1
66c4ba164fd1fd0e3c30e613,,“亮剑”震撼画面公布！,2024-05-23,‍,1,央视新闻客户端,11,环球网,1,0,66c4ba164fd1fd0e3c30e613_10,66c4ba164fd1fd0e3c30e613,1
66c4ba164fd1fd0e3c30e613,,“亮剑”震撼画面公布！,2024-05-23,‍,1,央视新闻客户端,11,环球网,1,0,66c4ba164fd1fd0e3c30e613_12,66c4ba164fd1fd0e3c30e613,1
66c4ba164fd1fd0e3c30e613,,“亮剑”震撼画面公布！,2024-05-23,‍,1,央视新闻客户端,11,环球网,1,0,66c4ba164fd1fd0e3c30e613_13,66c4ba164fd1fd0e3c30e613,1
66c4ba164fd1fd0e3c30e618,,囤黄金自己打首饰，年轻人撤离珠宝店,2024-06-16,◎,0,凤凰网财经,20,凤凰网,0,1,66c4ba164fd1fd0e3c30e618_26,66c4ba164fd1fd0e3c30e618,1
66c4ba164fd1fd0e3c30e618,,囤黄金自己打首饰，年轻人撤离珠宝店,2024-06-16,◎,0,凤凰网财经,20,凤凰网,0,1,66c4ba164fd1fd0e3c30e618_27,66c4ba164fd1fd0e3c30e618,1
66c4ba164fd1fd0e3c30e618,,囤黄金自己打首饰，年轻人撤离珠宝店,2024-06-16,◎,0,凤凰网财经,20,凤凰网,0,1,66c4ba164fd1fd0e3c30e618_28,66c4ba164fd1fd0e3c30e618,1
66c4ba164fd1fd0e3c30e618,,囤黄金自己打首饰，年轻人撤离珠宝店,2024-06-16,◎,0,凤凰网财经,20,凤凰网,0,1,66c4ba164fd1fd0e3c30e618_29,66c4ba164fd1fd0e3c30e618,1
66c4ba164fd1fd0e3c30e618,,囤黄金自己打首饰，年轻人撤离珠宝店,2024-06-16,◎,0,凤凰网财经,20,凤凰网,0,1,66c4ba164fd1fd0e3c30e618_30,66c4ba164fd1fd0e3c30e618,1
66c4ba164fd1fd0e3c30e618,,囤黄金自己打首饰，年轻人撤离珠宝店,2024-06-16,◎,0,凤凰网财经,20,凤凰网,0,1,66c4ba164fd1fd0e3c30e618_31,66c4ba164fd1fd0e3c30e618,1
66c4ba164fd1fd0e3c30e618,,囤黄金自己打首饰，年轻人撤离珠宝店,2024-06-16,◎,0,凤凰网财经,20,凤凰网,0,1,66c4ba164fd1fd0e3c30e618_35,66c4ba164fd1fd0e3c30e618,1
66c4ba164fd1fd0e3c30e618,,囤黄金自己打首饰，年轻人撤离珠宝店,2024-06-16,◎,0,凤凰网财经,20,凤凰网,0,1,66c4ba164fd1fd0e3c30e618_36,66c4ba164fd1fd0e3c30e618,1
66c4ba164fd1fd0e3c30e618,,囤黄金自己打首饰，年轻人撤离珠宝店,2024-06-16,◎,0,凤凰网财经,20,凤凰网,0,1,66c4ba164fd1fd0e3c30e618_37,66c4ba164fd1fd0e3c30e618,1
66c4ba164fd1fd0e3c30e618,,囤黄金自己打首饰，年轻人撤离珠宝店,2024-06-16,◎,0,凤凰网财经,20,凤凰网,0,1,66c4ba164fd1fd0e3c30e618_38,66c4ba164fd1fd0e3c30e618,1
66c4ba164fd1fd0e3c30e618,,囤黄金自己打首饰，年轻人撤离珠宝店,2024-06-16,◎,0,凤凰网财经,20,凤凰网,0,1,66c4ba164fd1fd0e3c30e618_39,66c4ba164fd1fd0e3c30e618,1
66c4ba164fd1fd0e3c30e618,,囤黄金自己打首饰，年轻人撤离珠宝店,2024-06-16,◎,0,凤凰网财经,20,凤凰网,0,1,66c4ba164fd1fd0e3c30e618_40,66c4ba164fd1fd0e3c30e618,1
66c4ba164fd1fd0e3c30e618,,囤黄金自己打首饰，年轻人撤离珠宝店,2024-06-16,◎,0,凤凰网财经,20,凤凰网,0,1,66c4ba164fd1fd0e3c30e618_45,66c4ba164fd1fd0e3c30e618,1
66c4ba164fd1fd0e3c30e618,,囤黄金自己打首饰，年轻人撤离珠宝店,2024-06-16,◎,0,凤凰网财经,20,凤凰网,0,1,66c4ba164fd1fd0e3c30e618_46,66c4ba164fd1fd0e3c30e618,1
66c4ba164fd1fd0e3c30e618,,囤黄金自己打首饰，年轻人撤离珠宝店,2024-06-16,◎,0,凤凰网财经,20,凤凰网,0,1,66c4ba164fd1fd0e3c30e618_47,66c4ba164fd1fd0e3c30e618,1
66c4ba164fd1fd0e3c30e618,,囤黄金自己打首饰，年轻人撤离珠宝店,2024-06-16,◎,0,凤凰网财经,20,凤凰网,0,1,66c4ba164fd1fd0e3c30e618_48,66c4ba164fd1fd0e3c30e618,1
66c4ba164fd1fd0e3c30e618,,囤黄金自己打首饰，年轻人撤离珠宝店,2024-06-16,◎,0,凤凰网财经,20,凤凰网,0,1,66c4ba164fd1fd0e3c30e618_49,66c4ba164fd1fd0e3c30e618,1
66c4ba164fd1fd0e3c30e618,,囤黄金自己打首饰，年轻人撤离珠宝店,2024-06-16,◎,0,凤凰网财经,20,凤凰网,0,1,66c4ba164fd1fd0e3c30e618_50,66c4ba164fd1fd0e3c30e618,1
66c4ba164fd1fd0e3c30e618,,囤黄金自己打首饰，年轻人撤离珠宝店,2024-06-16,◎,0,凤凰网财经,20,凤凰网,0,1,66c4ba164fd1fd0e3c30e618_60,66c4ba164fd1fd0e3c30e618,1
66c4ba164fd1fd0e3c30e618,,囤黄金自己打首饰，年轻人撤离珠宝店,2024-06-16,◎,0,凤凰网财经,20,凤凰网,0,1,66c4ba164fd1fd0e3c30e618_61,66c4ba164fd1fd0e3c30e618,1
66c4ba164fd1fd0e3c30e618,,囤黄金自己打首饰，年轻人撤离珠宝店,2024-06-16,◎,0,凤凰网财经,20,凤凰网,0,1,66c4ba164fd1fd0e3c30e618_62,66c4ba164fd1fd0e3c30e618,1
66c4ba164fd1fd0e3c30e618,,囤黄金自己打首饰，年轻人撤离珠宝店,2024-06-16,◎,0,凤凰网财经,20,凤凰网,0,1,66c4ba164fd1fd0e3c30e618_63,66c4ba164fd1fd0e3c30e618,1
66c4ba164fd1fd0e3c30e618,,囤黄金自己打首饰，年轻人撤离珠宝店,2024-06-16,◎,0,凤凰网财经,20,凤凰网,0,1,66c4ba164fd1fd0e3c30e618_64,66c4ba164fd1fd0e3c30e618,1
66c4ba164fd1fd0e3c30e618,,囤黄金自己打首饰，年轻人撤离珠宝店,2024-06-16,◎,0,凤凰网财经,20,凤凰网,0,1,66c4ba164fd1fd0e3c30e618_74,66c4ba164fd1fd0e3c30e618,1
66c4ba164fd1fd0e3c30e618,,囤黄金自己打首饰，年轻人撤离珠宝店,2024-06-16,◎,0,凤凰网财经,20,凤凰网,0,1,66c4ba164fd1fd0e3c30e618_75,66c4ba164fd1fd0e3c30e618,1
66c4ba164fd1fd0e3c30e618,,囤黄金自己打首饰，年轻人撤离珠宝店,2024-06-16,◎,0,凤凰网财经,20,凤凰网,0,1,66c4ba164fd1fd0e3c30e618_76,66c4ba164fd1fd0e3c30e618,1
66c4ba164fd1fd0e3c30e618,,囤黄金自己打首饰，年轻人撤离珠宝店,2024-06-16,◎,0,凤凰网财经,20,凤凰网,0,1,66c4ba164fd1fd0e3c30e618_77,66c4ba164fd1fd0e3c30e618,1
66c4ba164fd1fd0e3c30e618,,囤黄金自己打首饰，年轻人撤离珠宝店,2024-06-16,◎,0,凤凰网财经,20,凤凰网,0,1,66c4ba164fd1fd0e3c30e618_78,66c4ba164fd1fd0e3c30e618,1
66c4ba164fd1fd0e3c30e618,,囤黄金自己打首饰，年轻人撤离珠宝店,2024-06-16,◎,0,凤凰网财经,20,凤凰网,0,1,66c4ba164fd1fd0e3c30e618_96,66c4ba164fd1fd0e3c30e618,1
66c4ba164fd1fd0e3c30e618,,囤黄金自己打首饰，年轻人撤离珠宝店,2024-06-16,◎,0,凤凰网财经,20,凤凰网,0,1,66c4ba164fd1fd0e3c30e618_97,66c4ba164fd1fd0e3c30e618,1
66c4ba164fd1fd0e3c30e618,,囤黄金自己打首饰，年轻人撤离珠宝店,2024-06-16,◎,0,凤凰网财经,20,凤凰网,0,1,66c4ba164fd1fd0e3c30e618_98,66c4ba164fd1fd0e3c30e618,1
66c4ba164fd1fd0e3c30e618,,囤黄金自己打首饰，年轻人撤离珠宝店,2024-06-16,◎,0,凤凰网财经,20,凤凰网,0,1,66c4ba164fd1fd0e3c30e618_99,66c4ba164fd1fd0e3c30e618,1
66c4ba164fd1fd0e3c30e618,,囤黄金自己打首饰，年轻人撤离珠宝店,2024-06-16,◎,0,凤凰网财经,20,凤凰网,0,1,66c4ba164fd1fd0e3c30e618_100,66c4ba164fd1fd0e3c30e618,1
66c4ba164fd1fd0e3c30e618,,囤黄金自己打首饰，年轻人撤离珠宝店,2024-06-16,｜,0,凤凰网财经,20,凤凰网,0,1,66c4ba164fd1fd0e3c30e618_109,66c4ba164fd1fd0e3c30e618,1
66c4ba164fd1fd0e3c30e618,,囤黄金自己打首饰，年轻人撤离珠宝店,2024-06-16,｜,0,凤凰网财经,20,凤凰网,0,1,66c4ba164fd1fd0e3c30e618_110,66c4ba164fd1fd0e3c30e618,1
66c4ba164fd1fd0e3c30e618,,囤黄金自己打首饰，年轻人撤离珠宝店,2024-06-16,｜,0,凤凰网财经,20,凤凰网,0,1,66c4ba164fd1fd0e3c30e618_111,66c4ba164fd1fd0e3c30e618,1
66c4ba164fd1fd0e3c30e618,,囤黄金自己打首饰，年轻人撤离珠宝店,2024-06-16,｜,0,凤凰网财经,20,凤凰网,0,1,66c4ba164fd1fd0e3c30e618_112,66c4ba164fd1fd0e3c30e618,1
66c4ba164fd1fd0e3c30e61b,,囤黄金自己打首饰，年轻人撤离珠宝店,2024-06-16,◎,0,凤凰网财经,20,凤凰网,0,1,66c4ba164fd1fd0e3c30e61b_26,66c4ba164fd1fd0e3c30e61b,1
66c4ba164fd1fd0e3c30e61b,,囤黄金自己打首饰，年轻人撤离珠宝店,2024-06-16,◎,0,凤凰网财经,20,凤凰网,0,1,66c4ba164fd1fd0e3c30e61b_27,66c4ba164fd1fd0e3c30e61b,1
66c4ba164fd1fd0e3c30e61b,,囤黄金自己打首饰，年轻人撤离珠宝店,2024-06-16,◎,0,凤凰网财经,20,凤凰网,0,1,66c4ba164fd1fd0e3c30e61b_28,66c4ba164fd1fd0e3c30e61b,1
66c4ba164fd1fd0e3c30e61b,,囤黄金自己打首饰，年轻人撤离珠宝店,2024-06-16,◎,0,凤凰网财经,20,凤凰网,0,1,66c4ba164fd1fd0e3c30e61b_29,66c4ba164fd1fd0e3c30e61b,1
66c4ba164fd1fd0e3c30e61b,,囤黄金自己打首饰，年轻人撤离珠宝店,2024-06-16,◎,0,凤凰网财经,20,凤凰网,0,1,66c4ba164fd1fd0e3c30e61b_30,66c4ba164fd1fd0e3c30e61b,1
66c4ba164fd1fd0e3c30e61b,,囤黄金自己打首饰，年轻人撤离珠宝店,2024-06-16,◎,0,凤凰网财经,20,凤凰网,0,1,66c4ba164fd1fd0e3c30e61b_31,66c4ba164fd1fd0e3c30e61b,1
66c4ba164fd1fd0e3c30e61b,,囤黄金自己打首饰，年轻人撤离珠宝店,2024-06-16,◎,0,凤凰网财经,20,凤凰网,0,1,66c4ba164fd1fd0e3c30e61b_35,66c4ba164fd1fd0e3c30e61b,1
66c4ba164fd1fd0e3c30e61b,,囤黄金自己打首饰，年轻人撤离珠宝店,2024-06-16,◎,0,凤凰网财经,20,凤凰网,0,1,66c4ba164fd1fd0e3c30e61b_36,66c4ba164fd1fd0e3c30e61b,1
66c4ba164fd1fd0e3c30e61b,,囤黄金自己打首饰，年轻人撤离珠宝店,2024-06-16,◎,0,凤凰网财经,20,凤凰网,0,1,66c4ba164fd1fd0e3c30e61b_37,66c4ba164fd1fd0e3c30e61b,1
66c4ba164fd1fd0e3c30e61b,,囤黄金自己打首饰，年轻人撤离珠宝店,2024-06-16,◎,0,凤凰网财经,20,凤凰网,0,1,66c4ba164fd1fd0e3c30e61b_38,66c4ba164fd1fd0e3c30e61b,1
66c4ba164fd1fd0e3c30e61b,,囤黄金自己打首饰，年轻人撤离珠宝店,2024-06-16,◎,0,凤凰网财经,20,凤凰网,0,1,66c4ba164fd1fd0e3c30e61b_39,66c4ba164fd1fd0e3c30e61b,1
66c4ba164fd1fd0e3c30e61b,,囤黄金自己打首饰，年轻人撤离珠宝店,2024-06-16,◎,0,凤凰网财经,20,凤凰网,0,1,66c4ba164fd1fd0e3c30e61b_40,66c4ba164fd1fd0e3c30e61b,1
66c4ba164fd1fd0e3c30e61b,,囤黄金自己打首饰，年轻人撤离珠宝店,2024-06-16,◎,0,凤凰网财经,20,凤凰网,0,1,66c4ba164fd1fd0e3c30e61b_45,66c4ba164fd1fd0e3c30e61b,1
66c4ba164fd1fd0e3c30e61b,,囤黄金自己打首饰，年轻人撤离珠宝店,2024-06-16,◎,0,凤凰网财经,20,凤凰网,0,1,66c4ba164fd1fd0e3c30e61b_46,66c4ba164fd1fd0e3c30e61b,1
66c4ba164fd1fd0e3c30e61b,,囤黄金自己打首饰，年轻人撤离珠宝店,2024-06-16,◎,0,凤凰网财经,20,凤凰网,0,1,66c4ba164fd1fd0e3c30e61b_47,66c4ba164fd1fd0e3c30e61b,1
66c4ba164fd1fd0e3c30e61b,,囤黄金自己打首饰，年轻人撤离珠宝店,2024-06-16,◎,0,凤凰网财经,20,凤凰网,0,1,66c4ba164fd1fd0e3c30e61b_48,66c4ba164fd1fd0e3c30e61b,1
66c4ba164fd1fd0e3c30e61b,,囤黄金自己打首饰，年轻人撤离珠宝店,2024-06-16,◎,0,凤凰网财经,20,凤凰网,0,1,66c4ba164fd1fd0e3c30e61b_49,66c4ba164fd1fd0e3c30e61b,1
66c4ba164fd1fd0e3c30e61b,,囤黄金自己打首饰，年轻人撤离珠宝店,2024-06-16,◎,0,凤凰网财经,20,凤凰网,0,1,66c4ba164fd1fd0e3c30e61b_50,66c4ba164fd1fd0e3c30e61b,1
66c4ba164fd1fd0e3c30e61b,,囤黄金自己打首饰，年轻人撤离珠宝店,2024-06-16,◎,0,凤凰网财经,20,凤凰网,0,1,66c4ba164fd1fd0e3c30e61b_60,66c4ba164fd1fd0e3c30e61b,1
66c4ba164fd1fd0e3c30e61b,,囤黄金自己打首饰，年轻人撤离珠宝店,2024-06-16,◎,0,凤凰网财经,20,凤凰网,0,1,66c4ba164fd1fd0e3c30e61b_61,66c4ba164fd1fd0e3c30e61b,1
66c4ba164fd1fd0e3c30e61b,,囤黄金自己打首饰，年轻人撤离珠宝店,2024-06-16,◎,0,凤凰网财经,20,凤凰网,0,1,66c4ba164fd1fd0e3c30e61b_62,66c4ba164fd1fd0e3c30e61b,1
66c4ba164fd1fd0e3c30e61b,,囤黄金自己打首饰，年轻人撤离珠宝店,2024-06-16,◎,0,凤凰网财经,20,凤凰网,0,1,66c4ba164fd1fd0e3c30e61b_63,66c4ba164fd1fd0e3c30e61b,1
66c4ba164fd1fd0e3c30e61b,,囤黄金自己打首饰，年轻人撤离珠宝店,2024-06-16,◎,0,凤凰网财经,20,凤凰网,0,1,66c4ba164fd1fd0e3c30e61b_64,66c4ba164fd1fd0e3c30e61b,1
66c4ba164fd1fd0e3c30e61b,,囤黄金自己打首饰，年轻人撤离珠宝店,2024-06-16,◎,0,凤凰网财经,20,凤凰网,0,1,66c4ba164fd1fd0e3c30e61b_74,66c4ba164fd1fd0e3c30e61b,1
66c4ba164fd1fd0e3c30e61b,,囤黄金自己打首饰，年轻人撤离珠宝店,2024-06-16,◎,0,凤凰网财经,20,凤凰网,0,1,66c4ba164fd1fd0e3c30e61b_75,66c4ba164fd1fd0e3c30e61b,1
66c4ba164fd1fd0e3c30e61b,,囤黄金自己打首饰，年轻人撤离珠宝店,2024-06-16,◎,0,凤凰网财经,20,凤凰网,0,1,66c4ba164fd1fd0e3c30e61b_76,66c4ba164fd1fd0e3c30e61b,1
66c4ba164fd1fd0e3c30e61b,,囤黄金自己打首饰，年轻人撤离珠宝店,2024-06-16,◎,0,凤凰网财经,20,凤凰网,0,1,66c4ba164fd1fd0e3c30e61b_77,66c4ba164fd1fd0e3c30e61b,1
66c4ba164fd1fd0e3c30e61b,,囤黄金自己打首饰，年轻人撤离珠宝店,2024-06-16,◎,0,凤凰网财经,20,凤凰网,0,1,66c4ba164fd1fd0e3c30e61b_78,66c4ba164fd1fd0e3c30e61b,1
66c4ba164fd1fd0e3c30e61b,,囤黄金自己打首饰，年轻人撤离珠宝店,2024-06-16,◎,0,凤凰网财经,20,凤凰网,0,1,66c4ba164fd1fd0e3c30e61b_96,66c4ba164fd1fd0e3c30e61b,1
66c4ba164fd1fd0e3c30e61b,,囤黄金自己打首饰，年轻人撤离珠宝店,2024-06-16,◎,0,凤凰网财经,20,凤凰网,0,1,66c4ba164fd1fd0e3c30e61b_97,66c4ba164fd1fd0e3c30e61b,1
66c4ba164fd1fd0e3c30e61b,,囤黄金自己打首饰，年轻人撤离珠宝店,2024-06-16,◎,0,凤凰网财经,20,凤凰网,0,1,66c4ba164fd1fd0e3c30e61b_98,66c4ba164fd1fd0e3c30e61b,1
66c4ba164fd1fd0e3c30e61b,,囤黄金自己打首饰，年轻人撤离珠宝店,2024-06-16,◎,0,凤凰网财经,20,凤凰网,0,1,66c4ba164fd1fd0e3c30e61b_99,66c4ba164fd1fd0e3c30e61b,1
66c4ba164fd1fd0e3c30e61b,,囤黄金自己打首饰，年轻人撤离珠宝店,2024-06-16,◎,0,凤凰网财经,20,凤凰网,0,1,66c4ba164fd1fd0e3c30e61b_100,66c4ba164fd1fd0e3c30e61b,1
66c4ba164fd1fd0e3c30e61b,,囤黄金自己打首饰，年轻人撤离珠宝店,2024-06-16,｜,0,凤凰网财经,20,凤凰网,0,1,66c4ba164fd1fd0e3c30e61b_109,66c4ba164fd1fd0e3c30e61b,1
66c4ba164fd1fd0e3c30e61b,,囤黄金自己打首饰，年轻人撤离珠宝店,2024-06-16,｜,0,凤凰网财经,20,凤凰网,0,1,66c4ba164fd1fd0e3c30e61b_110,66c4ba164fd1fd0e3c30e61b,1
66c4ba164fd1fd0e3c30e61b,,囤黄金自己打首饰，年轻人撤离珠宝店,2024-06-16,｜,0,凤凰网财经,20,凤凰网,0,1,66c4ba164fd1fd0e3c30e61b_111,66c4ba164fd1fd0e3c30e61b,1
66c4ba164fd1fd0e3c30e61b,,囤黄金自己打首饰，年轻人撤离珠宝店,2024-06-16,｜,0,凤凰网财经,20,凤凰网,0,1,66c4ba164fd1fd0e3c30e61b_112,66c4ba164fd1fd0e3c30e61b,1
66c4ba164fd1fd0e3c30e620,,囤黄金自己打首饰，年轻人撤离珠宝店,2024-06-16,◎,0,凤凰网财经,20,凤凰网,0,1,66c4ba164fd1fd0e3c30e620_26,66c4ba164fd1fd0e3c30e620,1
66c4ba164fd1fd0e3c30e620,,囤黄金自己打首饰，年轻人撤离珠宝店,2024-06-16,◎,0,凤凰网财经,20,凤凰网,0,1,66c4ba164fd1fd0e3c30e620_27,66c4ba164fd1fd0e3c30e620,1
66c4ba164fd1fd0e3c30e620,,囤黄金自己打首饰，年轻人撤离珠宝店,2024-06-16,◎,0,凤凰网财经,20,凤凰网,0,1,66c4ba164fd1fd0e3c30e620_28,66c4ba164fd1fd0e3c30e620,1
66c4ba164fd1fd0e3c30e620,,囤黄金自己打首饰，年轻人撤离珠宝店,2024-06-16,◎,0,凤凰网财经,20,凤凰网,0,1,66c4ba164fd1fd0e3c30e620_29,66c4ba164fd1fd0e3c30e620,1
66c4ba164fd1fd0e3c30e620,,囤黄金自己打首饰，年轻人撤离珠宝店,2024-06-16,◎,0,凤凰网财经,20,凤凰网,0,1,66c4ba164fd1fd0e3c30e620_30,66c4ba164fd1fd0e3c30e620,1
66c4ba164fd1fd0e3c30e620,,囤黄金自己打首饰，年轻人撤离珠宝店,2024-06-16,◎,0,凤凰网财经,20,凤凰网,0,1,66c4ba164fd1fd0e3c30e620_31,66c4ba164fd1fd0e3c30e620,1
66c4ba164fd1fd0e3c30e620,,囤黄金自己打首饰，年轻人撤离珠宝店,2024-06-16,◎,0,凤凰网财经,20,凤凰网,0,1,66c4ba164fd1fd0e3c30e620_35,66c4ba164fd1fd0e3c30e620,1
66c4ba164fd1fd0e3c30e620,,囤黄金自己打首饰，年轻人撤离珠宝店,2024-06-16,◎,0,凤凰网财经,20,凤凰网,0,1,66c4ba164fd1fd0e3c30e620_36,66c4ba164fd1fd0e3c30e620,1
66c4ba164fd1fd0e3c30e620,,囤黄金自己打首饰，年轻人撤离珠宝店,2024-06-16,◎,0,凤凰网财经,20,凤凰网,0,1,66c4ba164fd1fd0e3c30e620_37,66c4ba164fd1fd0e3c30e620,1
66c4ba164fd1fd0e3c30e620,,囤黄金自己打首饰，年轻人撤离珠宝店,2024-06-16,◎,0,凤凰网财经,20,凤凰网,0,1,66c4ba164fd1fd0e3c30e620_38,66c4ba164fd1fd0e3c30e620,1
66c4ba164fd1fd0e3c30e620,,囤黄金自己打首饰，年轻人撤离珠宝店,2024-06-16,◎,0,凤凰网财经,20,凤凰网,0,1,66c4ba164fd1fd0e3c30e620_39,66c4ba164fd1fd0e3c30e620,1
66c4ba164fd1fd0e3c30e620,,囤黄金自己打首饰，年轻人撤离珠宝店,2024-06-16,◎,0,凤凰网财经,20,凤凰网,0,1,66c4ba164fd1fd0e3c30e620_40,66c4ba164fd1fd0e3c30e620,1
66c4ba164fd1fd0e3c30e620,,囤黄金自己打首饰，年轻人撤离珠宝店,2024-06-16,◎,0,凤凰网财经,20,凤凰网,0,1,66c4ba164fd1fd0e3c30e620_45,66c4ba164fd1fd0e3c30e620,1
66c4ba164fd1fd0e3c30e620,,囤黄金自己打首饰，年轻人撤离珠宝店,2024-06-16,◎,0,凤凰网财经,20,凤凰网,0,1,66c4ba164fd1fd0e3c30e620_46,66c4ba164fd1fd0e3c30e620,1
66c4ba164fd1fd0e3c30e620,,囤黄金自己打首饰，年轻人撤离珠宝店,2024-06-16,◎,0,凤凰网财经,20,凤凰网,0,1,66c4ba164fd1fd0e3c30e620_47,66c4ba164fd1fd0e3c30e620,1
66c4ba164fd1fd0e3c30e620,,囤黄金自己打首饰，年轻人撤离珠宝店,2024-06-16,◎,0,凤凰网财经,20,凤凰网,0,1,66c4ba164fd1fd0e3c30e620_48,66c4ba164fd1fd0e3c30e620,1
66c4ba164fd1fd0e3c30e620,,囤黄金自己打首饰，年轻人撤离珠宝店,2024-06-16,◎,0,凤凰网财经,20,凤凰网,0,1,66c4ba164fd1fd0e3c30e620_49,66c4ba164fd1fd0e3c30e620,1
66c4ba164fd1fd0e3c30e620,,囤黄金自己打首饰，年轻人撤离珠宝店,2024-06-16,◎,0,凤凰网财经,20,凤凰网,0,1,66c4ba164fd1fd0e3c30e620_50,66c4ba164fd1fd0e3c30e620,1
66c4ba164fd1fd0e3c30e620,,囤黄金自己打首饰，年轻人撤离珠宝店,2024-06-16,◎,0,凤凰网财经,20,凤凰网,0,1,66c4ba164fd1fd0e3c30e620_60,66c4ba164fd1fd0e3c30e620,1
66c4ba164fd1fd0e3c30e620,,囤黄金自己打首饰，年轻人撤离珠宝店,2024-06-16,◎,0,凤凰网财经,20,凤凰网,0,1,66c4ba164fd1fd0e3c30e620_61,66c4ba164fd1fd0e3c30e620,1
66c4ba164fd1fd0e3c30e620,,囤黄金自己打首饰，年轻人撤离珠宝店,2024-06-16,◎,0,凤凰网财经,20,凤凰网,0,1,66c4ba164fd1fd0e3c30e620_62,66c4ba164fd1fd0e3c30e620,1
66c4ba164fd1fd0e3c30e620,,囤黄金自己打首饰，年轻人撤离珠宝店,2024-06-16,◎,0,凤凰网财经,20,凤凰网,0,1,66c4ba164fd1fd0e3c30e620_63,66c4ba164fd1fd0e3c30e620,1
66c4ba164fd1fd0e3c30e620,,囤黄金自己打首饰，年轻人撤离珠宝店,2024-06-16,◎,0,凤凰网财经,20,凤凰网,0,1,66c4ba164fd1fd0e3c30e620_64,66c4ba164fd1fd0e3c30e620,1
66c4ba164fd1fd0e3c30e620,,囤黄金自己打首饰，年轻人撤离珠宝店,2024-06-16,◎,0,凤凰网财经,20,凤凰网,0,1,66c4ba164fd1fd0e3c30e620_74,66c4ba164fd1fd0e3c30e620,1
66c4ba164fd1fd0e3c30e620,,囤黄金自己打首饰，年轻人撤离珠宝店,2024-06-16,◎,0,凤凰网财经,20,凤凰网,0,1,66c4ba164fd1fd0e3c30e620_75,66c4ba164fd1fd0e3c30e620,1
66c4ba164fd1fd0e3c30e620,,囤黄金自己打首饰，年轻人撤离珠宝店,2024-06-16,◎,0,凤凰网财经,20,凤凰网,0,1,66c4ba164fd1fd0e3c30e620_76,66c4ba164fd1fd0e3c30e620,1
66c4ba164fd1fd0e3c30e620,,囤黄金自己打首饰，年轻人撤离珠宝店,2024-06-16,◎,0,凤凰网财经,20,凤凰网,0,1,66c4ba164fd1fd0e3c30e620_77,66c4ba164fd1fd0e3c30e620,1
66c4ba164fd1fd0e3c30e620,,囤黄金自己打首饰，年轻人撤离珠宝店,2024-06-16,◎,0,凤凰网财经,20,凤凰网,0,1,66c4ba164fd1fd0e3c30e620_78,66c4ba164fd1fd0e3c30e620,1
66c4ba164fd1fd0e3c30e620,,囤黄金自己打首饰，年轻人撤离珠宝店,2024-06-16,◎,0,凤凰网财经,20,凤凰网,0,1,66c4ba164fd1fd0e3c30e620_96,66c4ba164fd1fd0e3c30e620,1
66c4ba164fd1fd0e3c30e620,,囤黄金自己打首饰，年轻人撤离珠宝店,2024-06-16,◎,0,凤凰网财经,20,凤凰网,0,1,66c4ba164fd1fd0e3c30e620_97,66c4ba164fd1fd0e3c30e620,1
66c4ba164fd1fd0e3c30e620,,囤黄金自己打首饰，年轻人撤离珠宝店,2024-06-16,◎,0,凤凰网财经,20,凤凰网,0,1,66c4ba164fd1fd0e3c30e620_98,66c4ba164fd1fd0e3c30e620,1
66c4ba164fd1fd0e3c30e620,,囤黄金自己打首饰，年轻人撤离珠宝店,2024-06-16,◎,0,凤凰网财经,20,凤凰网,0,1,66c4ba164fd1fd0e3c30e620_99,66c4ba164fd1fd0e3c30e620,1
66c4ba164fd1fd0e3c30e620,,囤黄金自己打首饰，年轻人撤离珠宝店,2024-06-16,◎,0,凤凰网财经,20,凤凰网,0,1,66c4ba164fd1fd0e3c30e620_100,66c4ba164fd1fd0e3c30e620,1
66c4ba164fd1fd0e3c30e620,,囤黄金自己打首饰，年轻人撤离珠宝店,2024-06-16,｜,0,凤凰网财经,20,凤凰网,0,1,66c4ba164fd1fd0e3c30e620_109,66c4ba164fd1fd0e3c30e620,1
66c4ba164fd1fd0e3c30e620,,囤黄金自己打首饰，年轻人撤离珠宝店,2024-06-16,｜,0,凤凰网财经,20,凤凰网,0,1,66c4ba164fd1fd0e3c30e620_110,66c4ba164fd1fd0e3c30e620,1
66c4ba164fd1fd0e3c30e620,,囤黄金自己打首饰，年轻人撤离珠宝店,2024-06-16,｜,0,凤凰网财经,20,凤凰网,0,1,66c4ba164fd1fd0e3c30e620_111,66c4ba164fd1fd0e3c30e620,1
66c4ba164fd1fd0e3c30e620,,囤黄金自己打首饰，年轻人撤离珠宝店,2024-06-16,｜,0,凤凰网财经,20,凤凰网,0,1,66c4ba164fd1fd0e3c30e620_112,66c4ba164fd1fd0e3c30e620,1
66c4ba164fd1fd0e3c30e621,,大陆老伯为躲债，划船闯过台军最强海上防线？全岛破防,2024-06-22,▲,0,我是军武菌,24,军武次位面,0,1,66c4ba164fd1fd0e3c30e621_0,66c4ba164fd1fd0e3c30e621,1
66c4ba164fd1fd0e3c30e626,,大陆老伯为躲债，划船闯过台军最强海上防线？全岛破防,2024-06-22,▲,0,我是军武菌,24,军武次位面,0,1,66c4ba164fd1fd0e3c30e626_0,66c4ba164fd1fd0e3c30e626,1
66c4ba164fd1fd0e3c30e629,,早啊！新闻来了〔2024.06.26〕,2024-06-26,○,1,原創,14,央视新闻,0,0,66c4ba164fd1fd0e3c30e629_3,66c4ba164fd1fd0e3c30e629,1
66c4ba164fd1fd0e3c30e629,,早啊！新闻来了〔2024.06.26〕,2024-06-26,○,1,原創,14,央视新闻,0,0,66c4ba164fd1fd0e3c30e629_5,66c4ba164fd1fd0e3c30e629,1
66c4ba164fd1fd0e3c30e629,,早啊！新闻来了〔2024.06.26〕,2024-06-26,。,1,原創,14,央视新闻,0,0,66c4ba164fd1fd0e3c30e629_19,66c4ba164fd1fd0e3c30e629,1
66c4ba164fd1fd0e3c30e62d,,大陆海警距金门史上最近！,2024-06-28,》,1,今日亚洲,10,CCTV4,0,0,66c4ba164fd1fd0e3c30e62d_40,66c4ba164fd1fd0e3c30e62d,1
66c4ba164fd1fd0e3c30e62d,,大陆海警距金门史上最近！,2024-06-28,/,1,今日亚洲,10,CCTV4,0,0,66c4ba164fd1fd0e3c30e62d_43,66c4ba164fd1fd0e3c30e62d,1
66c4ba164fd1fd0e3c30e62d,,大陆海警距金门史上最近！,2024-06-28,/,1,今日亚洲,10,CCTV4,0,0,66c4ba164fd1fd0e3c30e62d_46,66c4ba164fd1fd0e3c30e62d,1
66c4ba164fd1fd0e3c30e62d,,大陆海警距金门史上最近！,2024-06-28,▼,1,今日亚洲,10,CCTV4,0,0,66c4ba164fd1fd0e3c30e62d_49,66c4ba164fd1fd0e3c30e62d,1
66c4ba164fd1fd0e3c30e62f,,大陆老伯为躲债，划船闯过台军最强海上防线？全岛破防,2024-06-22,▲,0,我是军武菌,24,军武次位面,0,1,66c4ba164fd1fd0e3c30e62f_0,66c4ba164fd1fd0e3c30e62f,1
66c4ba164fd1fd0e3c30e635,,停工！停产！停课！休市！台风“格美”即将二次登陆！这些地方注意→,2024-07-25,。,1,原創,2,央视财经,0,0,66c4ba164fd1fd0e3c30e635_14,66c4ba164fd1fd0e3c30e635,1
66c4ba164fd1fd0e3c30e635,,停工！停产！停课！休市！台风“格美”即将二次登陆！这些地方注意→,2024-07-25,：,1,原創,2,央视财经,0,0,66c4ba164fd1fd0e3c30e635_23,66c4ba164fd1fd0e3c30e635,1
66c4ba164fd1fd0e3c30e635,,停工！停产！停课！休市！台风“格美”即将二次登陆！这些地方注意→,2024-07-25,。,1,原創,2,央视财经,0,0,66c4ba164fd1fd0e3c30e635_26,66c4ba164fd1fd0e3c30e635,1
66c4ba164fd1fd0e3c30e635,,停工！停产！停课！休市！台风“格美”即将二次登陆！这些地方注意→,2024-07-25,■,1,原創,2,央视财经,0,0,66c4ba164fd1fd0e3c30e635_29,66c4ba164fd1fd0e3c30e635,1
66c4ba164fd1fd0e3c30e635,,停工！停产！停课！休市！台风“格美”即将二次登陆！这些地方注意→,2024-07-25,。,1,原創,2,央视财经,0,0,66c4ba164fd1fd0e3c30e635_40,66c4ba164fd1fd0e3c30e635,1
66c4ba164fd1fd0e3c30e635,,停工！停产！停课！休市！台风“格美”即将二次登陆！这些地方注意→,2024-07-25,■,1,原創,2,央视财经,0,0,66c4ba164fd1fd0e3c30e635_47,66c4ba164fd1fd0e3c30e635,1
66c4ba164fd1fd0e3c30e635,,停工！停产！停课！休市！台风“格美”即将二次登陆！这些地方注意→,2024-07-25,■,1,原創,2,央视财经,0,0,66c4ba164fd1fd0e3c30e635_48,66c4ba164fd1fd0e3c30e635,1
66c4ba164fd1fd0e3c30e636,,预警！预警！预警！台风“格美”今天将在福建登陆,2024-07-25,。,1,原創,3,央视新闻,0,0,66c4ba164fd1fd0e3c30e636_3,66c4ba164fd1fd0e3c30e636,1
66c4ba164fd1fd0e3c30e636,,预警！预警！预警！台风“格美”今天将在福建登陆,2024-07-25,：,1,原創,3,央视新闻,0,0,66c4ba164fd1fd0e3c30e636_7,66c4ba164fd1fd0e3c30e636,1
66c4ba164fd1fd0e3c30e636,,预警！预警！预警！台风“格美”今天将在福建登陆,2024-07-25,。‍,1,原創,3,央视新闻,0,0,66c4ba164fd1fd0e3c30e636_10,66c4ba164fd1fd0e3c30e636,2
66c4ba164fd1fd0e3c30e636,,预警！预警！预警！台风“格美”今天将在福建登陆,2024-07-25,‍,1,原創,3,央视新闻,0,0,66c4ba164fd1fd0e3c30e636_11,66c4ba164fd1fd0e3c30e636,1
66c4ba164fd1fd0e3c30e636,,预警！预警！预警！台风“格美”今天将在福建登陆,2024-07-25,。,1,原創,3,央视新闻,0,0,66c4ba164fd1fd0e3c30e636_20,66c4ba164fd1fd0e3c30e636,1
66c4ba164fd1fd0e3c30e636,,预警！预警！预警！台风“格美”今天将在福建登陆,2024-07-25,。,1,原創,3,央视新闻,0,0,66c4ba164fd1fd0e3c30e636_26,66c4ba164fd1fd0e3c30e636,1
66c4ba164fd1fd0e3c30e636,,预警！预警！预警！台风“格美”今天将在福建登陆,2024-07-25,▌,1,原創,3,央视新闻,0,0,66c4ba164fd1fd0e3c30e636_31,66c4ba164fd1fd0e3c30e636,1
66c4ba164fd1fd0e3c30e638,,三分钟新闻早知道,2024-07-25,）,1,原創,14,中央政法委长安剑,0,0,66c4ba164fd1fd0e3c30e638_69,66c4ba164fd1fd0e3c30e638,1
66c4ba164fd1fd0e3c30e639,,《习近平与大学生朋友们》|习近平同志提倡年轻人要『自找苦吃』,2024-07-28,※,1,采访组,7,共青团中央,0,0,66c4ba164fd1fd0e3c30e639_26,66c4ba164fd1fd0e3c30e639,1
66c4ba164fd1fd0e3c30e639,,《习近平与大学生朋友们》|习近平同志提倡年轻人要『自找苦吃』,2024-07-28,《,1,采访组,7,共青团中央,0,0,66c4ba164fd1fd0e3c30e639_40,66c4ba164fd1fd0e3c30e639,1
66c4ba164fd1fd0e3c30e63b,,男主持人用语不当？官方：开展调查,2024-07-30,✦,1,原創,8,中国新闻网,1,0,66c4ba164fd1fd0e3c30e63b_26,66c4ba164fd1fd0e3c30e63b,1
66c4ba164fd1fd0e3c30e63b,,男主持人用语不当？官方：开展调查,2024-07-30,✦,1,原創,8,中国新闻网,1,0,66c4ba164fd1fd0e3c30e63b_28,66c4ba164fd1fd0e3c30e63b,1
66c4ba164fd1fd0e3c30e63b,,男主持人用语不当？官方：开展调查,2024-07-30,✦,1,原創,8,中国新闻网,1,0,66c4ba164fd1fd0e3c30e63b_30,66c4ba164fd1fd0e3c30e63b,1
66c4ba164fd1fd0e3c30e63b,,男主持人用语不当？官方：开展调查,2024-07-30,✦,1,原創,8,中国新闻网,1,0,66c4ba164fd1fd0e3c30e63b_32,66c4ba164fd1fd0e3c30e63b,1
66c4ba164fd1fd0e3c30e63b,,男主持人用语不当？官方：开展调查,2024-07-30,✦,1,原創,8,中国新闻网,1,0,66c4ba164fd1fd0e3c30e63b_34,66c4ba164fd1fd0e3c30e63b,1
66c4ba164fd1fd0e3c30e63b,,男主持人用语不当？官方：开展调查,2024-07-30,✦,1,原創,8,中国新闻网,1,0,66c4ba164fd1fd0e3c30e63b_36,66c4ba164fd1fd0e3c30e63b,1
66c4ba164fd1fd0e3c30e63c,,获救金门士兵胡钧翔返乡,2024-08-07,。,1,央视中文国际,2,CCTV4,0,0,66c4ba164fd1fd0e3c30e63c_7,66c4ba164fd1fd0e3c30e63c,1
66c4ba164fd1fd0e3c30e63c,,获救金门士兵胡钧翔返乡,2024-08-07,▼,1,央视中文国际,2,CCTV4,0,0,66c4ba164fd1fd0e3c30e63c_14,66c4ba164fd1fd0e3c30e63c,1
66c4ba164fd1fd0e3c30e63f,,台湾海峡管控能力，正在发生变化,2024-08-18,｜,1,谭主,11,玉渊谭天,1,0,66c4ba164fd1fd0e3c30e63f_0,66c4ba164fd1fd0e3c30e63f,1
66c4ba164fd1fd0e3c30e63f,,台湾海峡管控能力，正在发生变化,2024-08-18,｜,1,谭主,11,玉渊谭天,1,0,66c4ba164fd1fd0e3c30e63f_1,66c4ba164fd1fd0e3c30e63f,1
66c4ba164fd1fd0e3c30e63f,,台湾海峡管控能力，正在发生变化,2024-08-18,｜,1,谭主,11,玉渊谭天,1,0,66c4ba164fd1fd0e3c30e63f_2,66c4ba164fd1fd0e3c30e63f,1
66c4ba164fd1fd0e3c30e63f,,台湾海峡管控能力，正在发生变化,2024-08-18,｜,1,谭主,11,玉渊谭天,1,0,66c4ba164fd1fd0e3c30e63f_3,66c4ba164fd1fd0e3c30e63f,1
66c4ba164fd1fd0e3c30e63f,,台湾海峡管控能力，正在发生变化,2024-08-18,｜,1,谭主,11,玉渊谭天,1,0,66c4ba164fd1fd0e3c30e63f_4,66c4ba164fd1fd0e3c30e63f,1
66c4ba164fd1fd0e3c30e63f,,台湾海峡管控能力，正在发生变化,2024-08-18,｜,1,谭主,11,玉渊谭天,1,0,66c4ba164fd1fd0e3c30e63f_5,66c4ba164fd1fd0e3c30e63f,1
66c4ba164fd1fd0e3c30e63f,,台湾海峡管控能力，正在发生变化,2024-08-18,｜,1,谭主,11,玉渊谭天,1,0,66c4ba164fd1fd0e3c30e63f_6,66c4ba164fd1fd0e3c30e63f,1
66c4ba164fd1fd0e3c30e63f,,台湾海峡管控能力，正在发生变化,2024-08-18,｜,1,谭主,11,玉渊谭天,1,0,66c4ba164fd1fd0e3c30e63f_7,66c4ba164fd1fd0e3c30e63f,1
66c4ba164fd1fd0e3c30e63f,,台湾海峡管控能力，正在发生变化,2024-08-18,‍,1,谭主,11,玉渊谭天,1,0,66c4ba164fd1fd0e3c30e63f_19,66c4ba164fd1fd0e3c30e63f,1
66c4ba164fd1fd0e3c30e63f,,台湾海峡管控能力，正在发生变化,2024-08-18,‍,1,谭主,11,玉渊谭天,1,0,66c4ba164fd1fd0e3c30e63f_20,66c4ba164fd1fd0e3c30e63f,1
66c4ba164fd1fd0e3c30e63f,,台湾海峡管控能力，正在发生变化,2024-08-18,｜,1,谭主,11,玉渊谭天,1,0,66c4ba164fd1fd0e3c30e63f_25,66c4ba164fd1fd0e3c30e63f,1
66c4ba164fd1fd0e3c30e63f,,台湾海峡管控能力，正在发生变化,2024-08-18,｜,1,谭主,11,玉渊谭天,1,0,66c4ba164fd1fd0e3c30e63f_26,66c4ba164fd1fd0e3c30e63f,1
66c4ba164fd1fd0e3c30e63f,,台湾海峡管控能力，正在发生变化,2024-08-18,｜,1,谭主,11,玉渊谭天,1,0,66c4ba164fd1fd0e3c30e63f_27,66c4ba164fd1fd0e3c30e63f,1
66c4ba164fd1fd0e3c30e63f,,台湾海峡管控能力，正在发生变化,2024-08-18,｜,1,谭主,11,玉渊谭天,1,0,66c4ba164fd1fd0e3c30e63f_28,66c4ba164fd1fd0e3c30e63f,1
66c4ba164fd1fd0e3c30e63f,,台湾海峡管控能力，正在发生变化,2024-08-18,｜“,1,谭主,11,玉渊谭天,1,0,66c4ba164fd1fd0e3c30e63f_29,66c4ba164fd1fd0e3c30e63f,2
66c4ba164fd1fd0e3c30e63f,,台湾海峡管控能力，正在发生变化,2024-08-18,｜“,1,谭主,11,玉渊谭天,1,0,66c4ba164fd1fd0e3c30e63f_30,66c4ba164fd1fd0e3c30e63f,2
66c4ba164fd1fd0e3c30e63f,,台湾海峡管控能力，正在发生变化,2024-08-18,｜“,1,谭主,11,玉渊谭天,1,0,66c4ba164fd1fd0e3c30e63f_31,66c4ba164fd1fd0e3c30e63f,2
66c4ba164fd1fd0e3c30e63f,,台湾海峡管控能力，正在发生变化,2024-08-18,｜“,1,谭主,11,玉渊谭天,1,0,66c4ba164fd1fd0e3c30e63f_32,66c4ba164fd1fd0e3c30e63f,2
66c4ba164fd1fd0e3c30e63f,,台湾海峡管控能力，正在发生变化,2024-08-18,“,1,谭主,11,玉渊谭天,1,0,66c4ba164fd1fd0e3c30e63f_33,66c4ba164fd1fd0e3c30e63f,1
66c4ba164fd1fd0e3c30e63f,,台湾海峡管控能力，正在发生变化,2024-08-18,“,1,谭主,11,玉渊谭天,1,0,66c4ba164fd1fd0e3c30e63f_34,66c4ba164fd1fd0e3c30e63f,1
66c4ba164fd1fd0e3c30e63f,,台湾海峡管控能力，正在发生变化,2024-08-18,“,1,谭主,11,玉渊谭天,1,0,66c4ba164fd1fd0e3c30e63f_35,66c4ba164fd1fd0e3c30e63f,1
66c4ba164fd1fd0e3c30e63f,,台湾海峡管控能力，正在发生变化,2024-08-18,“,1,谭主,11,玉渊谭天,1,0,66c4ba164fd1fd0e3c30e63f_36,66c4ba164fd1fd0e3c30e63f,1
66c4ba164fd1fd0e3c30e63f,,台湾海峡管控能力，正在发生变化,2024-08-18,‍‍,1,谭主,11,玉渊谭天,1,0,66c4ba164fd1fd0e3c30e63f_41,66c4ba164fd1fd0e3c30e63f,2
66c4ba164fd1fd0e3c30e63f,,台湾海峡管控能力，正在发生变化,2024-08-18,‍‍,1,谭主,11,玉渊谭天,1,0,66c4ba164fd1fd0e3c30e63f_42,66c4ba164fd1fd0e3c30e63f,2
66c4ba164fd1fd0e3c30e63f,,台湾海峡管控能力，正在发生变化,2024-08-18,‍‍,1,谭主,11,玉渊谭天,1,0,66c4ba164fd1fd0e3c30e63f_43,66c4ba164fd1fd0e3c30e63f,2
66c4ba164fd1fd0e3c30e63f,,台湾海峡管控能力，正在发生变化,2024-08-18,‍‍,1,谭主,11,玉渊谭天,1,0,66c4ba164fd1fd0e3c30e63f_44,66c4ba164fd1fd0e3c30e63f,2
66c4ba164fd1fd0e3c30e63f,,台湾海峡管控能力，正在发生变化,2024-08-18,‍,1,谭主,11,玉渊谭天,1,0,66c4ba164fd1fd0e3c30e63f_45,66c4ba164fd1fd0e3c30e63f,1
66c4ba164fd1fd0e3c30e63f,,台湾海峡管控能力，正在发生变化,2024-08-18,‍,1,谭主,11,玉渊谭天,1,0,66c4ba164fd1fd0e3c30e63f_46,66c4ba164fd1fd0e3c30e63f,1
66c4ba164fd1fd0e3c30e63f,,台湾海峡管控能力，正在发生变化,2024-08-18,｜,1,谭主,11,玉渊谭天,1,0,66c4ba164fd1fd0e3c30e63f_50,66c4ba164fd1fd0e3c30e63f,1
66c4ba164fd1fd0e3c30e63f,,台湾海峡管控能力，正在发生变化,2024-08-18,｜,1,谭主,11,玉渊谭天,1,0,66c4ba164fd1fd0e3c30e63f_51,66c4ba164fd1fd0e3c30e63f,1
66c4ba164fd1fd0e3c30e63f,,台湾海峡管控能力，正在发生变化,2024-08-18,｜,1,谭主,11,玉渊谭天,1,0,66c4ba164fd1fd0e3c30e63f_52,66c4ba164fd1fd0e3c30e63f,1
66c4ba164fd1fd0e3c30e63f,,台湾海峡管控能力，正在发生变化,2024-08-18,｜,1,谭主,11,玉渊谭天,1,0,66c4ba164fd1fd0e3c30e63f_53,66c4ba164fd1fd0e3c30e63f,1
66c4ba164fd1fd0e3c30e63f,,台湾海峡管控能力，正在发生变化,2024-08-18,｜“,1,谭主,11,玉渊谭天,1,0,66c4ba164fd1fd0e3c30e63f_54,66c4ba164fd1fd0e3c30e63f,2
66c4ba164fd1fd0e3c30e63f,,台湾海峡管控能力，正在发生变化,2024-08-18,｜“,1,谭主,11,玉渊谭天,1,0,66c4ba164fd1fd0e3c30e63f_55,66c4ba164fd1fd0e3c30e63f,2
66c4ba164fd1fd0e3c30e63f,,台湾海峡管控能力，正在发生变化,2024-08-18,｜“,1,谭主,11,玉渊谭天,1,0,66c4ba164fd1fd0e3c30e63f_56,66c4ba164fd1fd0e3c30e63f,2
66c4ba164fd1fd0e3c30e63f,,台湾海峡管控能力，正在发生变化,2024-08-18,｜“,1,谭主,11,玉渊谭天,1,0,66c4ba164fd1fd0e3c30e63f_57,66c4ba164fd1fd0e3c30e63f,2
66c4ba164fd1fd0e3c30e63f,,台湾海峡管控能力，正在发生变化,2024-08-18,“,1,谭主,11,玉渊谭天,1,0,66c4ba164fd1fd0e3c30e63f_58,66c4ba164fd1fd0e3c30e63f,1
66c4ba164fd1fd0e3c30e63f,,台湾海峡管控能力，正在发生变化,2024-08-18,“,1,谭主,11,玉渊谭天,1,0,66c4ba164fd1fd0e3c30e63f_59,66c4ba164fd1fd0e3c30e63f,1
66c4ba164fd1fd0e3c30e63f,,台湾海峡管控能力，正在发生变化,2024-08-18,“,1,谭主,11,玉渊谭天,1,0,66c4ba164fd1fd0e3c30e63f_60,66c4ba164fd1fd0e3c30e63f,1
66c4ba164fd1fd0e3c30e63f,,台湾海峡管控能力，正在发生变化,2024-08-18,“,1,谭主,11,玉渊谭天,1,0,66c4ba164fd1fd0e3c30e63f_61,66c4ba164fd1fd0e3c30e63f,1
66c4ba164fd1fd0e3c30e63f,,台湾海峡管控能力，正在发生变化,2024-08-18,｜｜,1,谭主,11,玉渊谭天,1,0,66c4ba164fd1fd0e3c30e63f_69,66c4ba164fd1fd0e3c30e63f,2
66c4ba164fd1fd0e3c30e63f,,台湾海峡管控能力，正在发生变化,2024-08-18,｜,1,谭主,11,玉渊谭天,1,0,66c4ba164fd1fd0e3c30e63f_70,66c4ba164fd1fd0e3c30e63f,1
66c4ba164fd1fd0e3c30e63f,,台湾海峡管控能力，正在发生变化,2024-08-18,｜,1,谭主,11,玉渊谭天,1,0,66c4ba164fd1fd0e3c30e63f_71,66c4ba164fd1fd0e3c30e63f,1
66c4ba164fd1fd0e3c30e63f,,台湾海峡管控能力，正在发生变化,2024-08-18,｜,1,谭主,11,玉渊谭天,1,0,66c4ba164fd1fd0e3c30e63f_72,66c4ba164fd1fd0e3c30e63f,1
66c4ba164fd1fd0e3c30e63f,,台湾海峡管控能力，正在发生变化,2024-08-18,｜,1,谭主,11,玉渊谭天,1,0,66c4ba164fd1fd0e3c30e63f_73,66c4ba164fd1fd0e3c30e63f,1
66c4ba164fd1fd0e3c30e63f,,台湾海峡管控能力，正在发生变化,2024-08-18,｜,1,谭主,11,玉渊谭天,1,0,66c4ba164fd1fd0e3c30e63f_74,66c4ba164fd1fd0e3c30e63f,1
66c4ba164fd1fd0e3c30e63f,,台湾海峡管控能力，正在发生变化,2024-08-18,｜,1,谭主,11,玉渊谭天,1,0,66c4ba164fd1fd0e3c30e63f_75,66c4ba164fd1fd0e3c30e63f,1
66c4ba164fd1fd0e3c30e63f,,台湾海峡管控能力，正在发生变化,2024-08-18,｜,1,谭主,11,玉渊谭天,1,0,66c4ba164fd1fd0e3c30e63f_76,66c4ba164fd1fd0e3c30e63f,1
66c4ba164fd1fd0e3c30e63f,,台湾海峡管控能力，正在发生变化,2024-08-18,｜,1,谭主,11,玉渊谭天,1,0,66c4ba164fd1fd0e3c30e63f_77,66c4ba164fd1fd0e3c30e63f,1
66c4ba164fd1fd0e3c30e63f,,台湾海峡管控能力，正在发生变化,2024-08-18,‍,1,谭主,11,玉渊谭天,1,0,66c4ba164fd1fd0e3c30e63f_83,66c4ba164fd1fd0e3c30e63f,1
66c4ba164fd1fd0e3c30e63f,,台湾海峡管控能力，正在发生变化,2024-08-18,‍,1,谭主,11,玉渊谭天,1,0,66c4ba164fd1fd0e3c30e63f_84,66c4ba164fd1fd0e3c30e63f,1
66c4ba164fd1fd0e3c30e63f,,台湾海峡管控能力，正在发生变化,2024-08-18,‍,1,谭主,11,玉渊谭天,1,0,66c4ba164fd1fd0e3c30e63f_85,66c4ba164fd1fd0e3c30e63f,1
66c4ba164fd1fd0e3c30e63f,,台湾海峡管控能力，正在发生变化,2024-08-18,‍,1,谭主,11,玉渊谭天,1,0,66c4ba164fd1fd0e3c30e63f_86,66c4ba164fd1fd0e3c30e63f,1
66c4ba164fd1fd0e3c30e63f,,台湾海峡管控能力，正在发生变化,2024-08-18,‍,1,谭主,11,玉渊谭天,1,0,66c4ba164fd1fd0e3c30e63f_87,66c4ba164fd1fd0e3c30e63f,1
66c4ba164fd1fd0e3c30e63f,,台湾海峡管控能力，正在发生变化,2024-08-18,‍,1,谭主,11,玉渊谭天,1,0,66c4ba164fd1fd0e3c30e63f_88,66c4ba164fd1fd0e3c30e63f,1
66c4ba164fd1fd0e3c30e63f,,台湾海峡管控能力，正在发生变化,2024-08-18,‍,1,谭主,11,玉渊谭天,1,0,66c4ba164fd1fd0e3c30e63f_89,66c4ba164fd1fd0e3c30e63f,1
66c4ba164fd1fd0e3c30e63f,,台湾海峡管控能力，正在发生变化,2024-08-18,｜,1,谭主,11,玉渊谭天,1,0,66c4ba164fd1fd0e3c30e63f_97,66c4ba164fd1fd0e3c30e63f,1
66c4ba164fd1fd0e3c30e63f,,台湾海峡管控能力，正在发生变化,2024-08-18,｜,1,谭主,11,玉渊谭天,1,0,66c4ba164fd1fd0e3c30e63f_98,66c4ba164fd1fd0e3c30e63f,1
66c4ba164fd1fd0e3c30e63f,,台湾海峡管控能力，正在发生变化,2024-08-18,｜,1,谭主,11,玉渊谭天,1,0,66c4ba164fd1fd0e3c30e63f_99,66c4ba164fd1fd0e3c30e63f,1
66c4ba164fd1fd0e3c30e63f,,台湾海峡管控能力，正在发生变化,2024-08-18,｜,1,谭主,11,玉渊谭天,1,0,66c4ba164fd1fd0e3c30e63f_100,66c4ba164fd1fd0e3c30e63f,1
66c4ba164fd1fd0e3c30e63f,,台湾海峡管控能力，正在发生变化,2024-08-18,｜,1,谭主,11,玉渊谭天,1,0,66c4ba164fd1fd0e3c30e63f_101,66c4ba164fd1fd0e3c30e63f,1
66c4ba164fd1fd0e3c30e63f,,台湾海峡管控能力，正在发生变化,2024-08-18,｜,1,谭主,11,玉渊谭天,1,0,66c4ba164fd1fd0e3c30e63f_102,66c4ba164fd1fd0e3c30e63f,1
66c4ba164fd1fd0e3c30e63f,,台湾海峡管控能力，正在发生变化,2024-08-18,｜,1,谭主,11,玉渊谭天,1,0,66c4ba164fd1fd0e3c30e63f_103,66c4ba164fd1fd0e3c30e63f,1
66c4ba164fd1fd0e3c30e63f,,台湾海峡管控能力，正在发生变化,2024-08-18,｜,1,谭主,11,玉渊谭天,1,0,66c4ba164fd1fd0e3c30e63f_104,66c4ba164fd1fd0e3c30e63f,1
66c4ba164fd1fd0e3c30e640,,国台办：台方应严惩“2·14”恶性撞船事件责任人,2024-08-16,▼,1,央视中文国际,2,CCTV4,0,0,66c4ba164fd1fd0e3c30e640_9,66c4ba164fd1fd0e3c30e640,1
66c4ba164fd1fd0e3c30e641,,中国人下一个造富神话：俄罗斯电商？,2024-08-19,◎,0,凤凰网财经,17,凤凰网,0,1,66c4ba164fd1fd0e3c30e641_52,66c4ba164fd1fd0e3c30e641,1
66c4ba164fd1fd0e3c30e641,,中国人下一个造富神话：俄罗斯电商？,2024-08-19,◎,0,凤凰网财经,17,凤凰网,0,1,66c4ba164fd1fd0e3c30e641_53,66c4ba164fd1fd0e3c30e641,1
66c4ba164fd1fd0e3c30e641,,中国人下一个造富神话：俄罗斯电商？,2024-08-19,◎,0,凤凰网财经,17,凤凰网,0,1,66c4ba164fd1fd0e3c30e641_54,66c4ba164fd1fd0e3c30e641,1
66c4ba164fd1fd0e3c30e641,,中国人下一个造富神话：俄罗斯电商？,2024-08-19,◎,0,凤凰网财经,17,凤凰网,0,1,66c4ba164fd1fd0e3c30e641_55,66c4ba164fd1fd0e3c30e641,1
66c4ba164fd1fd0e3c30e641,,中国人下一个造富神话：俄罗斯电商？,2024-08-19,◎,0,凤凰网财经,17,凤凰网,0,1,66c4ba164fd1fd0e3c30e641_56,66c4ba164fd1fd0e3c30e641,1
66c4ba164fd1fd0e3c30e641,,中国人下一个造富神话：俄罗斯电商？,2024-08-19,｜,0,凤凰网财经,17,凤凰网,0,1,66c4ba164fd1fd0e3c30e641_84,66c4ba164fd1fd0e3c30e641,1
66c4ba164fd1fd0e3c30e641,,中国人下一个造富神话：俄罗斯电商？,2024-08-19,｜,0,凤凰网财经,17,凤凰网,0,1,66c4ba164fd1fd0e3c30e641_85,66c4ba164fd1fd0e3c30e641,1
66c4ba164fd1fd0e3c30e641,,中国人下一个造富神话：俄罗斯电商？,2024-08-19,｜,0,凤凰网财经,17,凤凰网,0,1,66c4ba164fd1fd0e3c30e641_86,66c4ba164fd1fd0e3c30e641,1
66c4ba164fd1fd0e3c30e641,,中国人下一个造富神话：俄罗斯电商？,2024-08-19,｜,0,凤凰网财经,17,凤凰网,0,1,66c4ba164fd1fd0e3c30e641_87,66c4ba164fd1fd0e3c30e641,1
